model,term,coef,std_err,p_value,ci_low,ci_high,nobs,rsquared,dep_mean,note,error,odds_ratio,pseudo_rsquared
m1_lpm_baseline,Intercept,0.6765916134831361,0.046172916686797086,1.280826617451067e-48,0.5860943597158453,0.7670888672504269,5709,0.17213164100393596,0.47398843930635837,"Baseline LPM: 2021 policy period, master amount, amount-quality flags, court level, cause group.",,,
m1_lpm_baseline,C(court_level_group)[T.基层法院],0.018812666471036257,0.013854952430598389,0.17451771541788774,-0.008342541300452266,0.045967874242524784,5709,0.17213164100393596,0.47398843930635837,"Baseline LPM: 2021 policy period, master amount, amount-quality flags, court level, cause group.",,,
m1_lpm_baseline,C(court_level_group)[T.最高人民法院],-0.11183388951307731,0.11806382451606257,0.3435203271234828,-0.34323473344161703,0.1195669544154624,5709,0.17213164100393596,0.47398843930635837,"Baseline LPM: 2021 policy period, master amount, amount-quality flags, court level, cause group.",,,
m1_lpm_baseline,C(court_level_group)[T.未分类],-8.578856076176116e-18,8.973834062336917e-17,0.9238394094853288,-1.8446277173036737e-16,1.6730505957801513e-16,5709,0.17213164100393596,0.47398843930635837,"Baseline LPM: 2021 policy period, master amount, amount-quality flags, court level, cause group.",,,
m1_lpm_baseline,C(court_level_group)[T.高级法院],0.09281961952563136,0.10679107369083035,0.3847540410242378,-0.11648703877875902,0.30212627783002177,5709,0.17213164100393596,0.47398843930635837,"Baseline LPM: 2021 policy period, master amount, amount-quality flags, court level, cause group.",,,
m1_lpm_baseline,C(cause_group)[T.买卖合同纠纷],-0.26680925916840603,0.035314150352266246,4.1787195732814204e-14,-0.33602372200348035,-0.1975947963333317,5709,0.17213164100393596,0.47398843930635837,"Baseline LPM: 2021 policy period, master amount, amount-quality flags, court level, cause group.",,,
m1_lpm_baseline,C(cause_group)[T.侵害作品信息网络传播权纠纷],-0.2500803149999853,0.1992403786723772,0.20941747452359194,-0.6405842814639668,0.14042365146399632,5709,0.17213164100393596,0.47398843930635837,"Baseline LPM: 2021 policy period, master amount, amount-quality flags, court level, cause group.",,,
m1_lpm_baseline,C(cause_group)[T.其他],-0.4178988588205461,0.030954368956059904,1.5535927190070332e-41,-0.4785683071385882,-0.357229410502504,5709,0.17213164100393596,0.47398843930635837,"Baseline LPM: 2021 policy period, master amount, amount-quality flags, court level, cause group.",,,
m1_lpm_baseline,C(cause_group)[T.合同纠纷],-0.2739837286899897,0.03104847016380015,1.1006061554525445e-18,-0.33483761198610446,-0.21312984539387497,5709,0.17213164100393596,0.47398843930635837,"Baseline LPM: 2021 policy period, master amount, amount-quality flags, court level, cause group.",,,
m1_lpm_baseline,C(cause_group)[T.委托合同纠纷],-0.2961436954442323,0.036089390752099465,2.289879361725393e-16,-0.36687760154234017,-0.22540978934612446,5709,0.17213164100393596,0.47398843930635837,"Baseline LPM: 2021 policy period, master amount, amount-quality flags, court level, cause group.",,,
m1_lpm_baseline,C(cause_group)[T.委托理财合同纠纷],-0.1308188239656964,0.04596114284404355,0.004423164280538826,-0.2209010086283226,-0.04073663930307023,5709,0.17213164100393596,0.47398843930635837,"Baseline LPM: 2021 policy period, master amount, amount-quality flags, court level, cause group.",,,
m1_lpm_baseline,C(cause_group)[T.帮助信息网络犯罪活动罪],0.21236961970411505,0.029143880843486687,3.1708140206157526e-13,0.15524866288115433,0.26949057652707575,5709,0.17213164100393596,0.47398843930635837,"Baseline LPM: 2021 policy period, master amount, amount-quality flags, court level, cause group.",,,
m1_lpm_baseline,C(cause_group)[T.开设赌场罪],0.21203541714468552,0.048424206914964546,1.1938547351736262e-05,0.11712571561143957,0.30694511867793145,5709,0.17213164100393596,0.47398843930635837,"Baseline LPM: 2021 policy period, master amount, amount-quality flags, court level, cause group.",,,
m1_lpm_baseline,C(cause_group)[T.掩饰、隐瞒犯罪所得、犯罪所得收益罪],0.2165460791921315,0.028631242739979534,3.9303308532708377e-14,0.16042987458914773,0.2726622837951153,5709,0.17213164100393596,0.47398843930635837,"Baseline LPM: 2021 policy period, master amount, amount-quality flags, court level, cause group.",,,
m1_lpm_baseline,C(cause_group)[T.民间借贷纠纷],-0.414045443507735,0.028950234077276392,2.126952696600568e-46,-0.4707868596432009,-0.3573040273722691,5709,0.17213164100393596,0.47398843930635837,"Baseline LPM: 2021 policy period, master amount, amount-quality flags, court level, cause group.",,,
m1_lpm_baseline,C(cause_group)[T.民间委托理财合同纠纷],-0.01673880051349026,0.04814217902745715,0.7280691650827888,-0.1110957375445858,0.07761813651760527,5709,0.17213164100393596,0.47398843930635837,"Baseline LPM: 2021 policy period, master amount, amount-quality flags, court level, cause group.",,,
m1_lpm_baseline,C(cause_group)[T.盗窃罪],0.2809386728103676,0.029383470818096554,1.1649748955051133e-21,0.2233481282661147,0.33852921735462055,5709,0.17213164100393596,0.47398843930635837,"Baseline LPM: 2021 policy period, master amount, amount-quality flags, court level, cause group.",,,
m1_lpm_baseline,C(cause_group)[T.组织、领导传销活动罪],0.2337304286956989,0.030511639927139463,1.853992345597322e-14,0.17392871332925125,0.29353214406214656,5709,0.17213164100393596,0.47398843930635837,"Baseline LPM: 2021 policy period, master amount, amount-quality flags, court level, cause group.",,,
m1_lpm_baseline,C(cause_group)[T.网络服务合同纠纷],-0.6862772050312295,0.03384046876532775,1.9400359085155214e-91,-0.7526033050312245,-0.6199511050312344,5709,0.17213164100393596,0.47398843930635837,"Baseline LPM: 2021 policy period, master amount, amount-quality flags, court level, cause group.",,,
m1_lpm_baseline,C(cause_group)[T.诈骗罪],0.24148729147526962,0.02864645874624001,3.459082169947445e-17,0.18534126404802675,0.2976333189025125,5709,0.17213164100393596,0.47398843930635837,"Baseline LPM: 2021 policy period, master amount, amount-quality flags, court level, cause group.",,,
m1_lpm_baseline,C(cause_group)[T.赌博罪],0.2960714570942722,0.03452933584053107,9.952652587144639e-18,0.22839520243674322,0.36374771175180115,5709,0.17213164100393596,0.47398843930635837,"Baseline LPM: 2021 policy period, master amount, amount-quality flags, court level, cause group.",,,
m1_lpm_baseline,C(cause_group)[T.走私、贩卖、运输、制造毒品罪],0.2402112317364929,0.06659797743608499,0.00030989517361172225,0.10968159451855514,0.37074086895443065,5709,0.17213164100393596,0.47398843930635837,"Baseline LPM: 2021 policy period, master amount, amount-quality flags, court level, cause group.",,,
m1_lpm_baseline,C(cause_group)[T.非法吸收公众存款罪],0.25833652077874486,0.0329751613907282,4.715513267114367e-15,0.19370639206852186,0.32296664948896786,5709,0.17213164100393596,0.47398843930635837,"Baseline LPM: 2021 policy period, master amount, amount-quality flags, court level, cause group.",,,
m1_lpm_baseline,post2021,0.0766915737405968,0.01250996584481816,8.763730006740989e-10,0.05217249123692702,0.10121065624426659,5709,0.17213164100393596,0.47398843930635837,"Baseline LPM: 2021 policy period, master amount, amount-quality flags, court level, cause group.",,,
m1_lpm_baseline,log_amount_master,0.0025108619455579506,0.003175200160335375,0.4290765806209532,-0.00371241601240519,0.008734139903521091,5709,0.17213164100393596,0.47398843930635837,"Baseline LPM: 2021 policy period, master amount, amount-quality flags, court level, cause group.",,,
m1_lpm_baseline,amount_llm_regex_conflict_flag,-0.055038092383940806,0.0237160179239437,0.020302290175657496,-0.10152063337157684,-0.008555551396304775,5709,0.17213164100393596,0.47398843930635837,"Baseline LPM: 2021 policy period, master amount, amount-quality flags, court level, cause group.",,,
m1_lpm_baseline,amount_regex_fallback_flag,0.18090666833421845,0.03807427879340669,2.019988856121453e-06,0.1062824531618042,0.2555308835066327,5709,0.17213164100393596,0.47398843930635837,"Baseline LPM: 2021 policy period, master amount, amount-quality flags, court level, cause group.",,,
m2_lpm_amount_interaction,Intercept,0.6921148268388808,0.055222625127906835,4.915466665154326e-36,0.5838804704564269,0.8003491832213347,5709,0.17216231256555004,0.47398843930635837,LPM with post-2021 by high-amount interaction.,,,
m2_lpm_amount_interaction,C(court_level_group)[T.基层法院],0.018851609151808592,0.013858418447095762,0.17373495045011045,-0.008310391887184607,0.04601361019080179,5709,0.17216231256555004,0.47398843930635837,LPM with post-2021 by high-amount interaction.,,,
m2_lpm_amount_interaction,C(court_level_group)[T.最高人民法院],-0.11142800110097398,0.11813688631500395,0.34557302949843627,-0.3429720435240845,0.12011604132213655,5709,0.17216231256555004,0.47398843930635837,LPM with post-2021 by high-amount interaction.,,,
m2_lpm_amount_interaction,C(court_level_group)[T.未分类],1.1036406038459077e-15,2.853562994118675e-16,0.00010991716102516979,5.443525342370193e-16,1.6629286734547962e-15,5709,0.17216231256555004,0.47398843930635837,LPM with post-2021 by high-amount interaction.,,,
m2_lpm_amount_interaction,C(court_level_group)[T.高级法院],0.09471292819494907,0.10685264794258893,0.3754083659308515,-0.11471441342526313,0.3041402698151613,5709,0.17216231256555004,0.47398843930635837,LPM with post-2021 by high-amount interaction.,,,
m2_lpm_amount_interaction,C(cause_group)[T.买卖合同纠纷],-0.26745182867855505,0.035359675977431254,3.916052904639292e-14,-0.3367555200993264,-0.19814813725778366,5709,0.17216231256555004,0.47398843930635837,LPM with post-2021 by high-amount interaction.,,,
m2_lpm_amount_interaction,C(cause_group)[T.侵害作品信息网络传播权纠纷],-0.25178687095166674,0.19907864007825507,0.20595706785271617,-0.6419738355962589,0.13840009369292539,5709,0.17216231256555004,0.47398843930635837,LPM with post-2021 by high-amount interaction.,,,
m2_lpm_amount_interaction,C(cause_group)[T.其他],-0.4185379671417232,0.031035400489468203,1.895345218229341e-41,-0.47936623434685766,-0.35770969993658874,5709,0.17216231256555004,0.47398843930635837,LPM with post-2021 by high-amount interaction.,,,
m2_lpm_amount_interaction,C(cause_group)[T.合同纠纷],-0.2744034491813844,0.031085724141019407,1.0721943433333566e-18,-0.33533034893112973,-0.21347654943163902,5709,0.17216231256555004,0.47398843930635837,LPM with post-2021 by high-amount interaction.,,,
m2_lpm_amount_interaction,C(cause_group)[T.委托合同纠纷],-0.2964086159186036,0.036103878846903636,2.2140440025340234e-16,-0.3671709181607322,-0.225646313676475,5709,0.17216231256555004,0.47398843930635837,LPM with post-2021 by high-amount interaction.,,,
m2_lpm_amount_interaction,C(cause_group)[T.委托理财合同纠纷],-0.13133434333937785,0.045994949962246685,0.0042981587489730015,-0.22148278873610328,-0.04118589794265243,5709,0.17216231256555004,0.47398843930635837,LPM with post-2021 by high-amount interaction.,,,
m2_lpm_amount_interaction,C(cause_group)[T.帮助信息网络犯罪活动罪],0.21207828023303688,0.029427254813352215,5.725432288822527e-13,0.1544019206349836,0.26975463983109016,5709,0.17216231256555004,0.47398843930635837,LPM with post-2021 by high-amount interaction.,,,
m2_lpm_amount_interaction,C(cause_group)[T.开设赌场罪],0.21267063884289097,0.04818078706579156,1.0147168251205204e-05,0.11823803144714624,0.3071032462386357,5709,0.17216231256555004,0.47398843930635837,LPM with post-2021 by high-amount interaction.,,,
m2_lpm_amount_interaction,C(cause_group)[T.掩饰、隐瞒犯罪所得、犯罪所得收益罪],0.2164002577771159,0.028702725097758678,4.722733943477241e-14,0.160143950327355,0.2726565652268768,5709,0.17216231256555004,0.47398843930635837,LPM with post-2021 by high-amount interaction.,,,
m2_lpm_amount_interaction,C(cause_group)[T.民间借贷纠纷],-0.4144502839571619,0.028979609185019146,2.143132173631823e-46,-0.47124927424584556,-0.3576512936684782,5709,0.17216231256555004,0.47398843930635837,LPM with post-2021 by high-amount interaction.,,,
m2_lpm_amount_interaction,C(cause_group)[T.民间委托理财合同纠纷],-0.017490792860134427,0.04819461006742444,0.716664568941487,-0.11195049284123784,0.07696890712096899,5709,0.17216231256555004,0.47398843930635837,LPM with post-2021 by high-amount interaction.,,,
m2_lpm_amount_interaction,C(cause_group)[T.盗窃罪],0.27991887229132545,0.0298930342811225,7.67616901865098e-21,0.22132960171170418,0.3385081428709467,5709,0.17216231256555004,0.47398843930635837,LPM with post-2021 by high-amount interaction.,,,
m2_lpm_amount_interaction,C(cause_group)[T.组织、领导传销活动罪],0.2350412953729439,0.0305578154009248,1.4520215638902054e-14,0.1751490777409079,0.2949335130049799,5709,0.17216231256555004,0.47398843930635837,LPM with post-2021 by high-amount interaction.,,,
m2_lpm_amount_interaction,C(cause_group)[T.网络服务合同纠纷],-0.6878743327770506,0.0340074780068346,5.647505114383255e-91,-0.7545277648754843,-0.6212209006786168,5709,0.17216231256555004,0.47398843930635837,LPM with post-2021 by high-amount interaction.,,,
m2_lpm_amount_interaction,C(cause_group)[T.诈骗罪],0.24123926161188677,0.02869134980192519,4.1676482018181076e-17,0.18500524933227297,0.2974732738915006,5709,0.17216231256555004,0.47398843930635837,LPM with post-2021 by high-amount interaction.,,,
m2_lpm_amount_interaction,C(cause_group)[T.赌博罪],0.29462989144408697,0.035730982880334036,1.6408372870538177e-16,0.22459845186641503,0.3646613310217589,5709,0.17216231256555004,0.47398843930635837,LPM with post-2021 by high-amount interaction.,,,
m2_lpm_amount_interaction,C(cause_group)[T.走私、贩卖、运输、制造毒品罪],0.24052800782535533,0.0655296609131217,0.0002420564173190188,0.11209223251651468,0.368963783134196,5709,0.17216231256555004,0.47398843930635837,LPM with post-2021 by high-amount interaction.,,,
m2_lpm_amount_interaction,C(cause_group)[T.非法吸收公众存款罪],0.26001486115245365,0.03309365028701925,3.936278271688957e-15,0.1951524984729323,0.324877223831975,5709,0.17216231256555004,0.47398843930635837,LPM with post-2021 by high-amount interaction.,,,
m2_lpm_amount_interaction,post2021,0.07700697913241437,0.016557237928887823,3.30400399071669e-06,0.04455538910833368,0.10945856915649507,5709,0.17216231256555004,0.47398843930635837,LPM with post-2021 by high-amount interaction.,,,
m2_lpm_amount_interaction,high_amount,0.008915790946519897,0.024029485486654574,0.7106111284353982,-0.038181135174351004,0.0560127170673908,5709,0.17216231256555004,0.47398843930635837,LPM with post-2021 by high-amount interaction.,,,
m2_lpm_amount_interaction,post2021:high_amount,-0.000729963575334469,0.02490070048831937,0.9766133784905915,-0.04953443972225937,0.048074512571590435,5709,0.17216231256555004,0.47398843930635837,LPM with post-2021 by high-amount interaction.,,,
m2_lpm_amount_interaction,log_amount_master,0.0009001767520591989,0.004475210057404823,0.8405833396701619,-0.007871073783705683,0.00967142728782408,5709,0.17216231256555004,0.47398843930635837,LPM with post-2021 by high-amount interaction.,,,
m2_lpm_amount_interaction,amount_llm_regex_conflict_flag,-0.054868229512326824,0.02373832909390376,0.02081203644969969,-0.10139449958953753,-0.00834195943511612,5709,0.17216231256555004,0.47398843930635837,LPM with post-2021 by high-amount interaction.,,,
m2_lpm_amount_interaction,amount_regex_fallback_flag,0.17945361982826769,0.03819465745375138,2.6221285251578224e-06,0.10459346681707066,0.2543137728394647,5709,0.17216231256555004,0.47398843930635837,LPM with post-2021 by high-amount interaction.,,,
m3_lpm_activity_year,Intercept,0.5864365769694784,0.06871777695054875,1.4138941552959094e-17,0.45175220904874613,0.7211209448902106,5710,0.27332847701754204,0.4740805604203152,LPM with activity group and year fixed effects.,,,
m3_lpm_activity_year,C(activity_group)[T.交易所炒币],0.04246210691245004,0.07254700910160798,0.558342841117544,-0.09972741811280111,0.18465163193770118,5710,0.27332847701754204,0.4740805604203152,LPM with activity group and year fixed effects.,,,
m3_lpm_activity_year,C(activity_group)[T.其他],-0.01684359076961763,0.05925493131543796,0.7762139310256961,-0.13298112205427065,0.09929394051503539,5710,0.27332847701754204,0.4740805604203152,LPM with activity group and year fixed effects.,,,
m3_lpm_activity_year,C(activity_group)[T.发币/ICO],0.3434237021616285,0.05717655869344798,1.897201946520135e-09,0.2313597063625299,0.4554876979607271,5710,0.27332847701754204,0.4740805604203152,LPM with activity group and year fixed effects.,,,
m3_lpm_activity_year,C(activity_group)[T.场外交易(OTC)],0.10390437723848296,0.06144959351856663,0.09085820507961657,-0.016534612922533568,0.2243433673994995,5710,0.27332847701754204,0.4740805604203152,LPM with activity group and year fixed effects.,,,
m3_lpm_activity_year,C(activity_group)[T.委托理财/代投],0.07447942456311386,0.05773699460908988,0.19705846670715155,-0.03868300544628556,0.18764185457251328,5710,0.27332847701754204,0.4740805604203152,LPM with activity group and year fixed effects.,,,
m3_lpm_activity_year,C(activity_group)[T.技术服务],-0.16042284484867617,0.06637582543308525,0.01565389194892104,-0.290517072141641,-0.03032861755571134,5710,0.27332847701754204,0.4740805604203152,LPM with activity group and year fixed effects.,,,
m3_lpm_activity_year,C(activity_group)[T.挖矿],-0.03533689020255817,0.05796818900234808,0.5421327303841634,-0.14895245289617126,0.07827867249105491,5710,0.27332847701754204,0.4740805604203152,LPM with activity group and year fixed effects.,,,
m3_lpm_activity_year,C(activity_group)[T.未分类],-0.228524929999528,0.05640952969773884,5.096086724468872e-05,-0.3390855765919387,-0.11796428340711727,5710,0.27332847701754204,0.4740805604203152,LPM with activity group and year fixed effects.,,,
m3_lpm_activity_year,C(activity_group)[T.虚拟货币交易],0.15164071431551682,0.07414875610628335,0.04084620574100614,0.006311822848757032,0.2969696057822766,5710,0.27332847701754204,0.4740805604203152,LPM with activity group and year fixed effects.,,,
m3_lpm_activity_year,C(activity_group)[T.虚拟货币借贷],-0.10099269677099147,0.058445764514461915,0.08399308441004802,-0.21554429026824595,0.013558896726262995,5710,0.27332847701754204,0.4740805604203152,LPM with activity group and year fixed effects.,,,
m3_lpm_activity_year,C(activity_group)[T.虚拟货币投资],0.047011929818948237,0.06534231675731739,0.47185050179100085,-0.08105665769180188,0.17508051732969837,5710,0.27332847701754204,0.4740805604203152,LPM with activity group and year fixed effects.,,,
m3_lpm_activity_year,C(court_level_group)[T.基层法院],0.019065187236428718,0.013274844740800732,0.15094854160175417,-0.006953030355901668,0.045083404828759104,5710,0.27332847701754204,0.4740805604203152,LPM with activity group and year fixed effects.,,,
m3_lpm_activity_year,C(court_level_group)[T.最高人民法院],-0.04305759182292545,0.10048006144135349,0.6682734747374147,-0.23999489341235009,0.15387970976649917,5710,0.27332847701754204,0.4740805604203152,LPM with activity group and year fixed effects.,,,
m3_lpm_activity_year,C(court_level_group)[T.未分类],-1.8471087278481664e-16,1.0345537882569675e-16,0.07419389013610565,-3.8747968929013e-16,1.8057943720496718e-17,5710,0.27332847701754204,0.4740805604203152,LPM with activity group and year fixed effects.,,,
m3_lpm_activity_year,C(court_level_group)[T.高级法院],0.11599553226241267,0.09174887390269552,0.20613241606522292,-0.06382895620897742,0.29582002073380276,5710,0.27332847701754204,0.4740805604203152,LPM with activity group and year fixed effects.,,,
m3_lpm_activity_year,C(cause_group)[T.买卖合同纠纷],-0.19785912658816152,0.0366852388973608,6.91267461953156e-08,-0.26976087359123657,-0.12595737958508646,5710,0.27332847701754204,0.4740805604203152,LPM with activity group and year fixed effects.,,,
m3_lpm_activity_year,C(cause_group)[T.侵害作品信息网络传播权纠纷],0.055192607170540565,0.19478731764035312,0.7769100450442671,-0.3265835200497151,0.43696873439079625,5710,0.27332847701754204,0.4740805604203152,LPM with activity group and year fixed effects.,,,
m3_lpm_activity_year,C(cause_group)[T.其他],-0.2583111032649623,0.03224673521792287,1.1428246794236936e-15,-0.3215135429110905,-0.1951086636188341,5710,0.27332847701754204,0.4740805604203152,LPM with activity group and year fixed effects.,,,
m3_lpm_activity_year,C(cause_group)[T.合同纠纷],-0.24806477237454375,0.031131575717155358,1.60912194615045e-15,-0.30908153956214995,-0.18704800518693754,5710,0.27332847701754204,0.4740805604203152,LPM with activity group and year fixed effects.,,,
m3_lpm_activity_year,C(cause_group)[T.委托合同纠纷],-0.27312934167552555,0.036719322527705024,1.0198913390625e-13,-0.3450978913665377,-0.20116079198451342,5710,0.27332847701754204,0.4740805604203152,LPM with activity group and year fixed effects.,,,
m3_lpm_activity_year,C(cause_group)[T.委托理财合同纠纷],-0.1352228218594023,0.047646215032181506,0.004538863532037952,-0.228607687322129,-0.041837956396675605,5710,0.27332847701754204,0.4740805604203152,LPM with activity group and year fixed effects.,,,
m3_lpm_activity_year,C(cause_group)[T.帮助信息网络犯罪活动罪],0.27693658222691553,0.04110695496611144,1.6171652224846045e-11,0.19636843097922718,0.3575047334746039,5710,0.27332847701754204,0.4740805604203152,LPM with activity group and year fixed effects.,,,
m3_lpm_activity_year,C(cause_group)[T.开设赌场罪],0.37095609522823114,0.056815601037221185,6.615553602158895e-11,0.25959956343528107,0.4823126270211812,5710,0.27332847701754204,0.4740805604203152,LPM with activity group and year fixed effects.,,,
m3_lpm_activity_year,C(cause_group)[T.掩饰、隐瞒犯罪所得、犯罪所得收益罪],0.26596583439009014,0.045149312096409294,3.84316731467663e-09,0.17747480875436933,0.35445686002581095,5710,0.27332847701754204,0.4740805604203152,LPM with activity group and year fixed effects.,,,
m3_lpm_activity_year,C(cause_group)[T.民间借贷纠纷],-0.3127156133729455,0.030113138845471836,2.9111334940692066e-25,-0.3717362809715244,-0.25369494577436663,5710,0.27332847701754204,0.4740805604203152,LPM with activity group and year fixed effects.,,,
m3_lpm_activity_year,C(cause_group)[T.民间委托理财合同纠纷],-0.03519768770673515,0.04967616510433672,0.4786082607875566,-0.13256118220130053,0.062165806787830236,5710,0.27332847701754204,0.4740805604203152,LPM with activity group and year fixed effects.,,,
m3_lpm_activity_year,C(cause_group)[T.盗窃罪],0.4227100577124041,0.04933820879401913,1.0566371898966335e-17,0.3260089454144092,0.5194111700103989,5710,0.27332847701754204,0.4740805604203152,LPM with activity group and year fixed effects.,,,
m3_lpm_activity_year,C(cause_group)[T.组织、领导传销活动罪],0.07418827969276533,0.03685547679239769,0.044119753580580276,0.0019528725466140678,0.1464236868389166,5710,0.27332847701754204,0.4740805604203152,LPM with activity group and year fixed effects.,,,
m3_lpm_activity_year,C(cause_group)[T.网络服务合同纠纷],-0.4756649289279446,0.0378518242541909,3.226984160533225e-36,-0.5498531412152985,-0.40147671664059076,5710,0.27332847701754204,0.4740805604203152,LPM with activity group and year fixed effects.,,,
m3_lpm_activity_year,C(cause_group)[T.诈骗罪],0.27919463238395553,0.033382887693156484,6.093324597455948e-17,0.2137653748054234,0.34462388996248766,5710,0.27332847701754204,0.4740805604203152,LPM with activity group and year fixed effects.,,,
m3_lpm_activity_year,C(cause_group)[T.赌博罪],0.3673790944431638,0.09796793181404134,0.00017683924826907845,0.175365476447767,0.5593927124385606,5710,0.27332847701754204,0.4740805604203152,LPM with activity group and year fixed effects.,,,
m3_lpm_activity_year,C(cause_group)[T.走私、贩卖、运输、制造毒品罪],0.270712403525439,0.09912190636728742,0.006312222318533374,0.0764370369666042,0.46498777008427383,5710,0.27332847701754204,0.4740805604203152,LPM with activity group and year fixed effects.,,,
m3_lpm_activity_year,C(cause_group)[T.非法吸收公众存款罪],0.2029772112023984,0.04122399204462721,8.489517863892509e-07,0.12217967149596336,0.2837747509088334,5710,0.27332847701754204,0.4740805604203152,LPM with activity group and year fixed effects.,,,
m3_lpm_activity_year,C(year_group)[T.2011],0.4565276669692998,0.049988731528656134,6.686643099708714e-20,0.3585515535402919,0.5545037803983077,5710,0.27332847701754204,0.4740805604203152,LPM with activity group and year fixed effects.,,,
m3_lpm_activity_year,C(year_group)[T.2012],-0.2550515575729582,0.039885701524012225,1.6100910119379607e-10,-0.3332260960581365,-0.17687701908777992,5710,0.27332847701754204,0.4740805604203152,LPM with activity group and year fixed effects.,,,
m3_lpm_activity_year,C(year_group)[T.2013],-0.0511163008341013,0.10174725406914518,0.6153966827393158,-0.2505372543354723,0.14830465266726972,5710,0.27332847701754204,0.4740805604203152,LPM with activity group and year fixed effects.,,,
m3_lpm_activity_year,C(year_group)[T.2014],-0.07639423621925304,0.05266051003556937,0.14686535000873988,-0.17960693929647908,0.02681846685797301,5710,0.27332847701754204,0.4740805604203152,LPM with activity group and year fixed effects.,,,
m3_lpm_activity_year,C(year_group)[T.2015],-0.2091138869038352,0.04874483775930154,1.7869733383152792e-05,-0.30465201334431435,-0.11357576046335607,5710,0.27332847701754204,0.4740805604203152,LPM with activity group and year fixed effects.,,,
m3_lpm_activity_year,C(year_group)[T.2016],-0.10519170926416693,0.054717169593385295,0.05454758180368889,-0.21243539100317227,0.002051972474838404,5710,0.27332847701754204,0.4740805604203152,LPM with activity group and year fixed effects.,,,
m3_lpm_activity_year,C(year_group)[T.2017],-0.07142996210689447,0.0318787309311839,0.02504695837843299,-0.13391112660485793,-0.008948797608930997,5710,0.27332847701754204,0.4740805604203152,LPM with activity group and year fixed effects.,,,
m3_lpm_activity_year,C(year_group)[T.2018],-0.04742413680603758,0.024899866225017216,0.056832861946527,-0.09622697782693665,0.0013787042148614773,5710,0.27332847701754204,0.4740805604203152,LPM with activity group and year fixed effects.,,,
m3_lpm_activity_year,C(year_group)[T.2019],0.036541626602897115,0.01994880773193966,0.06698570159140857,-0.002557318086218778,0.07564057129201301,5710,0.27332847701754204,0.4740805604203152,LPM with activity group and year fixed effects.,,,
m3_lpm_activity_year,C(year_group)[T.2020],-0.000988779309259126,0.0182706630585526,0.956840821416607,-0.036798620877688655,0.0348210622591704,5710,0.27332847701754204,0.4740805604203152,LPM with activity group and year fixed effects.,,,
m3_lpm_activity_year,C(year_group)[T.2021],0.0328810260144502,0.018172996290701043,0.07039907912630206,-0.00273739220650384,0.06849944423540424,5710,0.27332847701754204,0.4740805604203152,LPM with activity group and year fixed effects.,,,
m3_lpm_activity_year,C(year_group)[T.2022],0.10211189780965088,0.020212389544765633,4.3733166119430174e-07,0.0624963422604163,0.14172745335888545,5710,0.27332847701754204,0.4740805604203152,LPM with activity group and year fixed effects.,,,
m3_lpm_activity_year,C(year_group)[T.2023],0.11810740633408559,0.020875646132356124,1.5344653530945247e-08,0.07719189176066471,0.15902292090750647,5710,0.27332847701754204,0.4740805604203152,LPM with activity group and year fixed effects.,,,
m3_lpm_activity_year,C(year_group)[T.2024],0.16245912474964924,0.020286555944747257,1.1638422844870093e-15,0.12269820572758769,0.2022200437717108,5710,0.27332847701754204,0.4740805604203152,LPM with activity group and year fixed effects.,,,
m3_lpm_activity_year,C(year_group)[T.2025],-0.1299833513320347,0.11166441224030954,0.2444023260976662,-0.34884157767787494,0.08887487501380556,5710,0.27332847701754204,0.4740805604203152,LPM with activity group and year fixed effects.,,,
m3_lpm_activity_year,C(year_group)[T.missing],0.624501748837988,0.034997202843918836,3.1989871648062565e-71,0.5559084917042644,0.6930950059717117,5710,0.27332847701754204,0.4740805604203152,LPM with activity group and year fixed effects.,,,
m3_lpm_activity_year,log_amount_master,0.003302245620367042,0.0030088651441620294,0.27242053937271105,-0.0025950216965284533,0.009199512937262538,5710,0.27332847701754204,0.4740805604203152,LPM with activity group and year fixed effects.,,,
m3_lpm_activity_year,amount_llm_regex_conflict_flag,-0.04956095032611982,0.021437876603992195,0.02078647731077134,-0.09157841637495837,-0.007543484277281277,5710,0.27332847701754204,0.4740805604203152,LPM with activity group and year fixed effects.,,,
m3_lpm_activity_year,amount_regex_fallback_flag,0.1851860331187604,0.03816884936580279,1.223716778207413e-06,0.11037646303045244,0.2599956032070683,5710,0.27332847701754204,0.4740805604203152,LPM with activity group and year fixed effects.,,,
m4_lpm_region_big4,Intercept,0.7111065852980629,0.04555932081012786,6.385072714163711e-55,0.6218119573501061,0.8004012132460198,5696,0.17160820112019415,0.4743679775280899,LPM on mapped-region sample: Beijing/Shanghai/Guangdong/Zhejiang indicator.,,,
m4_lpm_region_big4,C(court_level_group)[T.基层法院],0.025798530272571906,0.013824614094902508,0.06202314755604866,-0.0012972154536018063,0.05289427599874562,5696,0.17160820112019415,0.4743679775280899,LPM on mapped-region sample: Beijing/Shanghai/Guangdong/Zhejiang indicator.,,,
m4_lpm_region_big4,C(court_level_group)[T.最高人民法院],2.127734348438314e-15,5.782085012587244e-16,0.0002333493533338253,9.944665104163318e-16,3.2610021864602963e-15,5696,0.17160820112019415,0.4743679775280899,LPM on mapped-region sample: Beijing/Shanghai/Guangdong/Zhejiang indicator.,,,
m4_lpm_region_big4,C(court_level_group)[T.未分类],-1.315265551537965e-16,4.2461011796708926e-17,0.0019510502608549396,-2.1474860902247635e-16,-4.830450128511662e-17,5696,0.17160820112019415,0.4743679775280899,LPM on mapped-region sample: Beijing/Shanghai/Guangdong/Zhejiang indicator.,,,
m4_lpm_region_big4,C(court_level_group)[T.高级法院],0.1016809895811463,0.10880905015141937,0.3500510957252543,-0.11158082990764817,0.31494280906994077,5696,0.17160820112019415,0.4743679775280899,LPM on mapped-region sample: Beijing/Shanghai/Guangdong/Zhejiang indicator.,,,
m4_lpm_region_big4,C(cause_group)[T.买卖合同纠纷],-0.26307633863150914,0.0355390740557099,1.3369114330529022e-13,-0.3327316438246024,-0.1934210334384159,5696,0.17160820112019415,0.4743679775280899,LPM on mapped-region sample: Beijing/Shanghai/Guangdong/Zhejiang indicator.,,,
m4_lpm_region_big4,C(cause_group)[T.侵害作品信息网络传播权纠纷],-0.19541097687360015,0.20455199533032642,0.33941993808845794,-0.5963255206868452,0.20550356693964494,5696,0.17160820112019415,0.4743679775280899,LPM on mapped-region sample: Beijing/Shanghai/Guangdong/Zhejiang indicator.,,,
m4_lpm_region_big4,C(cause_group)[T.其他],-0.4102123390846972,0.031113523106690643,1.0794565769456152e-39,-0.4711937238059656,-0.34923095436342877,5696,0.17160820112019415,0.4743679775280899,LPM on mapped-region sample: Beijing/Shanghai/Guangdong/Zhejiang indicator.,,,
m4_lpm_region_big4,C(cause_group)[T.合同纠纷],-0.2684879922559322,0.03105802805378048,5.393685044597363e-18,-0.32936060867217654,-0.2076153758396878,5696,0.17160820112019415,0.4743679775280899,LPM on mapped-region sample: Beijing/Shanghai/Guangdong/Zhejiang indicator.,,,
m4_lpm_region_big4,C(cause_group)[T.委托合同纠纷],-0.29254202920238115,0.03628902339223435,7.539674464472313e-16,-0.363667208085292,-0.22141685031947028,5696,0.17160820112019415,0.4743679775280899,LPM on mapped-region sample: Beijing/Shanghai/Guangdong/Zhejiang indicator.,,,
m4_lpm_region_big4,C(cause_group)[T.委托理财合同纠纷],-0.11871702971334935,0.046501470723197706,0.01068075744453772,-0.2098582375589606,-0.027575821867738104,5696,0.17160820112019415,0.4743679775280899,LPM on mapped-region sample: Beijing/Shanghai/Guangdong/Zhejiang indicator.,,,
m4_lpm_region_big4,C(cause_group)[T.帮助信息网络犯罪活动罪],0.22107910758661659,0.029239556105763006,4.001059710895223e-14,0.16377063069538286,0.27838758447785034,5696,0.17160820112019415,0.4743679775280899,LPM on mapped-region sample: Beijing/Shanghai/Guangdong/Zhejiang indicator.,,,
m4_lpm_region_big4,C(cause_group)[T.开设赌场罪],0.20302118054253543,0.05120413277246633,7.341521427968113e-05,0.10266292444889435,0.3033794366361765,5696,0.17160820112019415,0.4743679775280899,LPM on mapped-region sample: Beijing/Shanghai/Guangdong/Zhejiang indicator.,,,
m4_lpm_region_big4,C(cause_group)[T.掩饰、隐瞒犯罪所得、犯罪所得收益罪],0.23004633050089196,0.029183970118244307,3.205707091701449e-15,0.17284680014323997,0.2872458608585439,5696,0.17160820112019415,0.4743679775280899,LPM on mapped-region sample: Beijing/Shanghai/Guangdong/Zhejiang indicator.,,,
m4_lpm_region_big4,C(cause_group)[T.民间借贷纠纷],-0.4060291926945787,0.029049251276709275,2.1456541997846757e-44,-0.46296467897478305,-0.34909370641437437,5696,0.17160820112019415,0.4743679775280899,LPM on mapped-region sample: Beijing/Shanghai/Guangdong/Zhejiang indicator.,,,
m4_lpm_region_big4,C(cause_group)[T.民间委托理财合同纠纷],0.0021195343802745334,0.048349383228451843,0.9650336335361897,-0.092643515422216,0.09688258418276507,5696,0.17160820112019415,0.4743679775280899,LPM on mapped-region sample: Beijing/Shanghai/Guangdong/Zhejiang indicator.,,,
m4_lpm_region_big4,C(cause_group)[T.盗窃罪],0.21517844201686182,0.029092178189891016,1.3988789063960492e-13,0.15815882053285377,0.2721980635008699,5696,0.17160820112019415,0.4743679775280899,LPM on mapped-region sample: Beijing/Shanghai/Guangdong/Zhejiang indicator.,,,
m4_lpm_region_big4,C(cause_group)[T.组织、领导传销活动罪],0.19287437459877388,0.03023564892601227,1.7820300604752743e-10,0.13361359165459266,0.2521351575429551,5696,0.17160820112019415,0.4743679775280899,LPM on mapped-region sample: Beijing/Shanghai/Guangdong/Zhejiang indicator.,,,
m4_lpm_region_big4,C(cause_group)[T.网络服务合同纠纷],-0.6388257738070242,0.03511765860923441,6.080621224867412e-74,-0.7076551199024966,-0.5699964277115518,5696,0.17160820112019415,0.4743679775280899,LPM on mapped-region sample: Beijing/Shanghai/Guangdong/Zhejiang indicator.,,,
m4_lpm_region_big4,C(cause_group)[T.诈骗罪],0.22493289739177375,0.02856307266835969,3.4086690683235436e-15,0.1689503036739884,0.2809154911095591,5696,0.17160820112019415,0.4743679775280899,LPM on mapped-region sample: Beijing/Shanghai/Guangdong/Zhejiang indicator.,,,
m4_lpm_region_big4,C(cause_group)[T.赌博罪],0.28095625219874587,0.04010494982790369,2.4606035823523988e-12,0.2023519949342688,0.35956050946322293,5696,0.17160820112019415,0.4743679775280899,LPM on mapped-region sample: Beijing/Shanghai/Guangdong/Zhejiang indicator.,,,
m4_lpm_region_big4,C(cause_group)[T.走私、贩卖、运输、制造毒品罪],0.2264309350709539,0.060004019864368846,0.00016091119840674865,0.10882521720916499,0.3440366529327428,5696,0.17160820112019415,0.4743679775280899,LPM on mapped-region sample: Beijing/Shanghai/Guangdong/Zhejiang indicator.,,,
m4_lpm_region_big4,C(cause_group)[T.非法吸收公众存款罪],0.23872392570888806,0.032798035317189306,3.372910432376155e-13,0.1744409577235243,0.3030068936942518,5696,0.17160820112019415,0.4743679775280899,LPM on mapped-region sample: Beijing/Shanghai/Guangdong/Zhejiang indicator.,,,
m4_lpm_region_big4,region_big4,-0.08242498577224944,0.013633044733385117,1.4851330532050078e-09,-0.10914526244930772,-0.055704709095191145,5696,0.17160820112019415,0.4743679775280899,LPM on mapped-region sample: Beijing/Shanghai/Guangdong/Zhejiang indicator.,,,
m4_lpm_region_big4,log_amount_master,0.004618397864988017,0.003163742191180821,0.14434791488662502,-0.0015824228860962268,0.010819218616072261,5696,0.17160820112019415,0.4743679775280899,LPM on mapped-region sample: Beijing/Shanghai/Guangdong/Zhejiang indicator.,,,
m4_lpm_region_big4,amount_llm_regex_conflict_flag,-0.044679039895825216,0.02421172568334341,0.06498705034221457,-0.09213315023874173,0.002775070447091299,5696,0.17160820112019415,0.4743679775280899,LPM on mapped-region sample: Beijing/Shanghai/Guangdong/Zhejiang indicator.,,,
m4_lpm_region_big4,amount_regex_fallback_flag,0.18695434428306712,0.03857180258851082,1.2539455268670193e-06,0.11135500039079708,0.26255368817533714,5696,0.17160820112019415,0.4743679775280899,LPM on mapped-region sample: Beijing/Shanghai/Guangdong/Zhejiang indicator.,,,
m5_lpm_region_macro,Intercept,0.6244501456445042,0.05018657943056418,1.5348023405177803e-35,0.5260862574533397,0.7228140338356687,5696,0.1694173733151354,0.4743679775280899,LPM on mapped-region sample: macro-region categories.,,,
m5_lpm_region_macro,C(region_macro)[T.东部],0.08078200117040762,0.023925660748328206,0.0007344775599375642,0.0338885677973607,0.12767543454345454,5696,0.1694173733151354,0.4743679775280899,LPM on mapped-region sample: macro-region categories.,,,
m5_lpm_region_macro,C(region_macro)[T.中部],0.11315288316593189,0.025936880684892073,1.2851113652978358e-05,0.062317531152230855,0.16398823517963293,5696,0.1694173733151354,0.4743679775280899,LPM on mapped-region sample: macro-region categories.,,,
m5_lpm_region_macro,C(region_macro)[T.未映射],-4.697446985806488e-15,1.281251375221427e-15,0.00024608891710851174,-7.2086535363829e-15,-2.1862404352300765e-15,5696,0.1694173733151354,0.4743679775280899,LPM on mapped-region sample: macro-region categories.,,,
m5_lpm_region_macro,C(region_macro)[T.西部],0.11440101789820628,0.026285920902686687,1.3479149171099031e-05,0.06288155962847178,0.16592047616794078,5696,0.1694173733151354,0.4743679775280899,LPM on mapped-region sample: macro-region categories.,,,
m5_lpm_region_macro,C(court_level_group)[T.基层法院],0.0235376309099746,0.013855841556600761,0.08936602516593756,-0.0036193195164562937,0.05069458133640549,5696,0.1694173733151354,0.4743679775280899,LPM on mapped-region sample: macro-region categories.,,,
m5_lpm_region_macro,C(court_level_group)[T.最高人民法院],7.605801425380541e-16,1.0199424433949335e-16,8.845505590693615e-14,5.606750970022688e-16,9.604851880738393e-16,5696,0.1694173733151354,0.4743679775280899,LPM on mapped-region sample: macro-region categories.,,,
m5_lpm_region_macro,C(court_level_group)[T.未分类],7.387471077022145e-16,1.318999223950638e-16,2.1334592512804322e-08,4.802280102442614e-16,9.972662051601676e-16,5696,0.1694173733151354,0.4743679775280899,LPM on mapped-region sample: macro-region categories.,,,
m5_lpm_region_macro,C(court_level_group)[T.高级法院],0.08756977528834717,0.1090879311798651,0.42212222245797504,-0.1262386409721724,0.30137819154886675,5696,0.1694173733151354,0.4743679775280899,LPM on mapped-region sample: macro-region categories.,,,
m5_lpm_region_macro,C(cause_group)[T.买卖合同纠纷],-0.26852510210425284,0.03565395260137293,5.018919046253968e-14,-0.338405565109442,-0.1986446390990637,5696,0.1694173733151354,0.4743679775280899,LPM on mapped-region sample: macro-region categories.,,,
m5_lpm_region_macro,C(cause_group)[T.侵害作品信息网络传播权纠纷],-0.24851884594940493,0.20424961136057054,0.22370283100905364,-0.6488407280724262,0.1518030361736164,5696,0.1694173733151354,0.4743679775280899,LPM on mapped-region sample: macro-region categories.,,,
m5_lpm_region_macro,C(cause_group)[T.其他],-0.4207780656611244,0.03128406531311172,3.068907141796071e-41,-0.4820937069648221,-0.3594624243574267,5696,0.1694173733151354,0.4743679775280899,LPM on mapped-region sample: macro-region categories.,,,
m5_lpm_region_macro,C(cause_group)[T.合同纠纷],-0.2718454531250068,0.03135212471348457,4.294014531874135e-18,-0.33329448840224474,-0.21039641784776889,5696,0.1694173733151354,0.4743679775280899,LPM on mapped-region sample: macro-region categories.,,,
m5_lpm_region_macro,C(cause_group)[T.委托合同纠纷],-0.29061740384257106,0.03654664751034409,1.835865888225032e-15,-0.3622475167185259,-0.21898729096661623,5696,0.1694173733151354,0.4743679775280899,LPM on mapped-region sample: macro-region categories.,,,
m5_lpm_region_macro,C(cause_group)[T.委托理财合同纠纷],-0.1270939738179548,0.04649342411641034,0.006264793985947669,-0.21821941060406502,-0.035968537031844536,5696,0.1694173733151354,0.4743679775280899,LPM on mapped-region sample: macro-region categories.,,,
m5_lpm_region_macro,C(cause_group)[T.帮助信息网络犯罪活动罪],0.22924739129757732,0.029881886273127,1.6961978792409702e-14,0.17067997041212657,0.28781481218302807,5696,0.1694173733151354,0.4743679775280899,LPM on mapped-region sample: macro-region categories.,,,
m5_lpm_region_macro,C(cause_group)[T.开设赌场罪],0.19970876366522605,0.049185607688861946,4.9007822089491296e-05,0.10330674403734028,0.2961107832931118,5696,0.1694173733151354,0.4743679775280899,LPM on mapped-region sample: macro-region categories.,,,
m5_lpm_region_macro,C(cause_group)[T.掩饰、隐瞒犯罪所得、犯罪所得收益罪],0.23765724746580263,0.029342061600641314,5.51666773990128e-16,0.18014786349638998,0.2951666314352153,5696,0.1694173733151354,0.4743679775280899,LPM on mapped-region sample: macro-region categories.,,,
m5_lpm_region_macro,C(cause_group)[T.民间借贷纠纷],-0.4084460757387082,0.02927236632481591,3.0038364836186735e-44,-0.46581885947761054,-0.3510732919998059,5696,0.1694173733151354,0.4743679775280899,LPM on mapped-region sample: macro-region categories.,,,
m5_lpm_region_macro,C(cause_group)[T.民间委托理财合同纠纷],-0.008085859411804598,0.048734124210680387,0.8682216273607332,-0.10360298768283965,0.08743126885923044,5696,0.1694173733151354,0.4743679775280899,LPM on mapped-region sample: macro-region categories.,,,
m5_lpm_region_macro,C(cause_group)[T.盗窃罪],0.24168325255303122,0.036733645212898285,4.725314719742205e-11,0.1696866309148784,0.31367987419118404,5696,0.1694173733151354,0.4743679775280899,LPM on mapped-region sample: macro-region categories.,,,
m5_lpm_region_macro,C(cause_group)[T.组织、领导传销活动罪],0.20481735225158362,0.030560648643231964,2.0559133088240214e-11,0.14491958156666612,0.2647151229365011,5696,0.1694173733151354,0.4743679775280899,LPM on mapped-region sample: macro-region categories.,,,
m5_lpm_region_macro,C(cause_group)[T.网络服务合同纠纷],-0.6797899754453819,0.03459795762062024,5.9818379299673216e-86,-0.7476007263204407,-0.611979224570323,5696,0.1694173733151354,0.4743679775280899,LPM on mapped-region sample: macro-region categories.,,,
m5_lpm_region_macro,C(cause_group)[T.诈骗罪],0.2318390927400229,0.028881871704269667,9.976374631954348e-16,0.17523166439354787,0.28844652108649793,5696,0.1694173733151354,0.4743679775280899,LPM on mapped-region sample: macro-region categories.,,,
m5_lpm_region_macro,C(cause_group)[T.赌博罪],0.24797190535017685,0.03581988752372176,4.4297840577634076e-12,0.17776621587340657,0.31817759482694713,5696,0.1694173733151354,0.4743679775280899,LPM on mapped-region sample: macro-region categories.,,,
m5_lpm_region_macro,C(cause_group)[T.走私、贩卖、运输、制造毒品罪],0.1935139499961356,0.06285778290301937,0.0020797594424240722,0.07031495935818008,0.31671294063409117,5696,0.1694173733151354,0.4743679775280899,LPM on mapped-region sample: macro-region categories.,,,
m5_lpm_region_macro,C(cause_group)[T.非法吸收公众存款罪],0.24485280454495134,0.032940423981365166,1.0600034345957394e-13,0.18029075990599613,0.30941484918390655,5696,0.1694173733151354,0.4743679775280899,LPM on mapped-region sample: macro-region categories.,,,
m5_lpm_region_macro,log_amount_master,0.0028275159032868117,0.00317044665713248,0.3724812757620508,-0.0033864453595982584,0.009041477166171881,5696,0.1694173733151354,0.4743679775280899,LPM on mapped-region sample: macro-region categories.,,,
m5_lpm_region_macro,amount_llm_regex_conflict_flag,-0.05147059915212023,0.023966562384800535,0.03174551300313216,-0.09844419825956166,-0.004497000044678796,5696,0.1694173733151354,0.4743679775280899,LPM on mapped-region sample: macro-region categories.,,,
m5_lpm_region_macro,amount_regex_fallback_flag,0.17883053271665225,0.03852066983822285,3.442911981013927e-06,0.1033314071733771,0.25432965825992737,5696,0.1694173733151354,0.4743679775280899,LPM on mapped-region sample: macro-region categories.,,,
m6_lpm_llm_amount,Intercept,0.6610838548067755,0.047801351937654675,1.684531440242142e-43,0.5673949265966484,0.7547727830169025,5581,0.16827256136150126,0.46927074001075075,LPM using LLM top-level amount instead of master amount.,,,
m6_lpm_llm_amount,C(court_level_group)[T.基层法院],0.02176312732016518,0.014076382512958955,0.12208672630714743,-0.0058260754378437925,0.04935233007817415,5581,0.16827256136150126,0.46927074001075075,LPM using LLM top-level amount instead of master amount.,,,
m6_lpm_llm_amount,C(court_level_group)[T.最高人民法院],-0.17000453510878025,0.11608931393557875,0.1430768228970774,-0.3975354094124784,0.0575263391949179,5581,0.16827256136150126,0.46927074001075075,LPM using LLM top-level amount instead of master amount.,,,
m6_lpm_llm_amount,C(court_level_group)[T.未分类],3.341730526600103e-16,1.0843440264906974e-16,0.0020575359922445943,1.2164552878271897e-16,5.467005765373016e-16,5581,0.16827256136150126,0.46927074001075075,LPM using LLM top-level amount instead of master amount.,,,
m6_lpm_llm_amount,C(court_level_group)[T.高级法院],0.08749476414855376,0.1064443466118173,0.41109020398760154,-0.12113232156850628,0.2961218498656138,5581,0.16827256136150126,0.46927074001075075,LPM using LLM top-level amount instead of master amount.,,,
m6_lpm_llm_amount,C(cause_group)[T.买卖合同纠纷],-0.26907711342721763,0.03598155167957663,7.534948343614995e-14,-0.3395996588270545,-0.19855456802738075,5581,0.16827256136150126,0.46927074001075075,LPM using LLM top-level amount instead of master amount.,,,
m6_lpm_llm_amount,C(cause_group)[T.侵害作品信息网络传播权纠纷],-0.24806660143814516,0.19914576139715426,0.21289165635649765,-0.6383851214503745,0.14225191857408417,5581,0.16827256136150126,0.46927074001075075,LPM using LLM top-level amount instead of master amount.,,,
m6_lpm_llm_amount,C(cause_group)[T.其他],-0.40875716112346877,0.03167460275666245,4.2243614281930805e-38,-0.4708382417511403,-0.34667608049579723,5581,0.16827256136150126,0.46927074001075075,LPM using LLM top-level amount instead of master amount.,,,
m6_lpm_llm_amount,C(cause_group)[T.合同纠纷],-0.2731668574778954,0.031739081433551836,7.523305109931603e-18,-0.33537431399004086,-0.21095940096574986,5581,0.16827256136150126,0.46927074001075075,LPM using LLM top-level amount instead of master amount.,,,
m6_lpm_llm_amount,C(cause_group)[T.委托合同纠纷],-0.2950959410552253,0.036805923394341675,1.0781293796316143e-15,-0.3672342253258752,-0.2229576567845754,5581,0.16827256136150126,0.46927074001075075,LPM using LLM top-level amount instead of master amount.,,,
m6_lpm_llm_amount,C(cause_group)[T.委托理财合同纠纷],-0.12793390236471597,0.04697337121168627,0.006458619861238314,-0.22000001817205167,-0.03586778655738028,5581,0.16827256136150126,0.46927074001075075,LPM using LLM top-level amount instead of master amount.,,,
m6_lpm_llm_amount,C(cause_group)[T.帮助信息网络犯罪活动罪],0.21246640369004594,0.0298820629249744,1.159041428438938e-12,0.1538986365733365,0.2710341708067554,5581,0.16827256136150126,0.46927074001075075,LPM using LLM top-level amount instead of master amount.,,,
m6_lpm_llm_amount,C(cause_group)[T.开设赌场罪],0.2164483817401105,0.05010160952428466,1.558961950850753e-05,0.11825103150502361,0.3146457319751974,5581,0.16827256136150126,0.46927074001075075,LPM using LLM top-level amount instead of master amount.,,,
m6_lpm_llm_amount,C(cause_group)[T.掩饰、隐瞒犯罪所得、犯罪所得收益罪],0.2179614180364569,0.029311670350148852,1.0378419549181115e-13,0.16051159982345461,0.27541123624945923,5581,0.16827256136150126,0.46927074001075075,LPM using LLM top-level amount instead of master amount.,,,
m6_lpm_llm_amount,C(cause_group)[T.民间借贷纠纷],-0.4149821882006428,0.029546061210416488,8.236253314933812e-45,-0.47289140405807506,-0.35707297234321056,5581,0.16827256136150126,0.46927074001075075,LPM using LLM top-level amount instead of master amount.,,,
m6_lpm_llm_amount,C(cause_group)[T.民间委托理财合同纠纷],-0.015275410699348435,0.04880616064910389,0.7542949457848404,-0.11093372779526808,0.08038290639657122,5581,0.16827256136150126,0.46927074001075075,LPM using LLM top-level amount instead of master amount.,,,
m6_lpm_llm_amount,C(cause_group)[T.盗窃罪],0.28028990806879933,0.030404222843353902,3.004935015449233e-20,0.2206987263178957,0.339881089819703,5581,0.16827256136150126,0.46927074001075075,LPM using LLM top-level amount instead of master amount.,,,
m6_lpm_llm_amount,C(cause_group)[T.组织、领导传销活动罪],0.24969654027831256,0.03129445729197938,1.475974644370258e-15,0.1883605310703061,0.31103254948631903,5581,0.16827256136150126,0.46927074001075075,LPM using LLM top-level amount instead of master amount.,,,
m6_lpm_llm_amount,C(cause_group)[T.网络服务合同纠纷],-0.6817901798266196,0.03434803667247839,1.113786940269117e-87,-0.7491110946443382,-0.614469265008901,5581,0.16827256136150126,0.46927074001075075,LPM using LLM top-level amount instead of master amount.,,,
m6_lpm_llm_amount,C(cause_group)[T.诈骗罪],0.2419934574874402,0.029407720141507387,1.889259872077734e-16,0.18435538514265257,0.2996315298322278,5581,0.16827256136150126,0.46927074001075075,LPM using LLM top-level amount instead of master amount.,,,
m6_lpm_llm_amount,C(cause_group)[T.赌博罪],0.29472456726435314,0.03546618717719368,9.568952558215511e-17,0.22521211772809724,0.36423701680060905,5581,0.16827256136150126,0.46927074001075075,LPM using LLM top-level amount instead of master amount.,,,
m6_lpm_llm_amount,C(cause_group)[T.走私、贩卖、运输、制造毒品罪],0.31510505177395937,0.03172235838464051,2.984693107482431e-23,0.25293037183539174,0.377279731712527,5581,0.16827256136150126,0.46927074001075075,LPM using LLM top-level amount instead of master amount.,,,
m6_lpm_llm_amount,C(cause_group)[T.非法吸收公众存款罪],0.25511840818694087,0.03392907237522127,5.512575250803453e-14,0.18861864830265432,0.32161816807122745,5581,0.16827256136150126,0.46927074001075075,LPM using LLM top-level amount instead of master amount.,,,
m6_lpm_llm_amount,post2021,0.07472925908297431,0.01266255497278261,3.6000610191560794e-09,0.049911107384061834,0.0995474107818868,5581,0.16827256136150126,0.46927074001075075,LPM using LLM top-level amount instead of master amount.,,,
m6_lpm_llm_amount,log_llm_case_amount,0.0036257721381491746,0.0033089159510194454,0.273184559010234,-0.00285958395371904,0.01011112823001739,5581,0.16827256136150126,0.46927074001075075,LPM using LLM top-level amount instead of master amount.,,,
m6_lpm_llm_amount,amount_llm_regex_conflict_flag,-0.05923868738352885,0.023721656142957327,0.012516393353711821,-0.10573227907736854,-0.012745095689689158,5581,0.16827256136150126,0.46927074001075075,LPM using LLM top-level amount instead of master amount.,,,
m7_lpm_regex_amount,Intercept,0.8566947789138635,0.04271863657944917,1.8491969594433463e-89,0.7729677897494878,0.9404217680782392,5709,0.17211470396897366,0.47398843930635837,LPM using regex full-text maximum amount instead of master amount.,,,
m7_lpm_regex_amount,C(court_level_group)[T.基层法院],0.011641594505605922,0.013886510466102587,0.40184069371530773,-0.015575465878893668,0.03885865489010551,5709,0.17211470396897366,0.47398843930635837,LPM using regex full-text maximum amount instead of master amount.,,,
m7_lpm_regex_amount,C(court_level_group)[T.最高人民法院],-0.09764120750071438,0.11830270374613165,0.4091725723404728,-0.32951024611684415,0.13422783111541536,5709,0.17211470396897366,0.47398843930635837,LPM using regex full-text maximum amount instead of master amount.,,,
m7_lpm_regex_amount,C(court_level_group)[T.未分类],-1.5589028564190973e-15,2.9561711038251455e-16,1.339301385474455e-07,-2.1383017459826274e-15,-9.795039668555672e-16,5709,0.17211470396897366,0.47398843930635837,LPM using regex full-text maximum amount instead of master amount.,,,
m7_lpm_regex_amount,C(court_level_group)[T.高级法院],0.1236396619434319,0.10665233778731101,0.24634306549082963,-0.08539507898669796,0.33267440287356176,5709,0.17211470396897366,0.47398843930635837,LPM using regex full-text maximum amount instead of master amount.,,,
m7_lpm_regex_amount,C(cause_group)[T.买卖合同纠纷],-0.26217790917890527,0.03531388353433479,1.1344964540176346e-13,-0.3313918490604435,-0.19296396929736703,5709,0.17211470396897366,0.47398843930635837,LPM using regex full-text maximum amount instead of master amount.,,,
m7_lpm_regex_amount,C(cause_group)[T.侵害作品信息网络传播权纠纷],-0.23860833526354672,0.20375455811723803,0.24157560267043132,-0.6379599308592065,0.16074326033211314,5709,0.17211470396897366,0.47398843930635837,LPM using regex full-text maximum amount instead of master amount.,,,
m7_lpm_regex_amount,C(cause_group)[T.其他],-0.39665583271317106,0.031243303827513075,6.246327018929008e-37,-0.4578915829731391,-0.33542008245320304,5709,0.17211470396897366,0.47398843930635837,LPM using regex full-text maximum amount instead of master amount.,,,
m7_lpm_regex_amount,C(cause_group)[T.合同纠纷],-0.265436683261989,0.030976701909810354,1.0446584606527262e-17,-0.3261499033650504,-0.2047234631589276,5709,0.17211470396897366,0.47398843930635837,LPM using regex full-text maximum amount instead of master amount.,,,
m7_lpm_regex_amount,C(cause_group)[T.委托合同纠纷],-0.2906871603457254,0.03610675784877908,8.2275548695530575e-16,-0.3614551053278413,-0.21991921536360948,5709,0.17211470396897366,0.47398843930635837,LPM using regex full-text maximum amount instead of master amount.,,,
m7_lpm_regex_amount,C(cause_group)[T.委托理财合同纠纷],-0.1249232142552486,0.046407121303953684,0.007104677497902867,-0.2158795006371793,-0.03396692787331791,5709,0.17211470396897366,0.47398843930635837,LPM using regex full-text maximum amount instead of master amount.,,,
m7_lpm_regex_amount,C(cause_group)[T.帮助信息网络犯罪活动罪],0.24290674304126839,0.029182334094049488,8.521611551372761e-17,0.1857104192321161,0.3001030668504207,5709,0.17211470396897366,0.47398843930635837,LPM using regex full-text maximum amount instead of master amount.,,,
m7_lpm_regex_amount,C(cause_group)[T.开设赌场罪],0.26647862299807107,0.04751296162441214,2.0403366714419654e-08,0.17335492941538957,0.3596023165807526,5709,0.17211470396897366,0.47398843930635837,LPM using regex full-text maximum amount instead of master amount.,,,
m7_lpm_regex_amount,C(cause_group)[T.掩饰、隐瞒犯罪所得、犯罪所得收益罪],0.2340715692175281,0.029353857753559743,1.5345407494659299e-15,0.1765390652132392,0.29160407322181703,5709,0.17211470396897366,0.47398843930635837,LPM using regex full-text maximum amount instead of master amount.,,,
m7_lpm_regex_amount,C(cause_group)[T.民间借贷纠纷],-0.4110547095372698,0.028889248614373888,6.085400386213021e-46,-0.46767659636186626,-0.35443282271267335,5709,0.17211470396897366,0.47398843930635837,LPM using regex full-text maximum amount instead of master amount.,,,
m7_lpm_regex_amount,C(cause_group)[T.民间委托理财合同纠纷],-0.010270314567506541,0.04791499695765754,0.8302784427215129,-0.10418198292386158,0.08364135378884849,5709,0.17211470396897366,0.47398843930635837,LPM using regex full-text maximum amount instead of master amount.,,,
m7_lpm_regex_amount,C(cause_group)[T.盗窃罪],0.295086238512564,0.028907029304077,1.823759729258012e-24,0.23842950217652914,0.35174297484859884,5709,0.17211470396897366,0.47398843930635837,LPM using regex full-text maximum amount instead of master amount.,,,
m7_lpm_regex_amount,C(cause_group)[T.组织、领导传销活动罪],0.3015584943429422,0.029506848579230367,1.6142540751523063e-24,0.2437261338303738,0.3593908548555106,5709,0.17211470396897366,0.47398843930635837,LPM using regex full-text maximum amount instead of master amount.,,,
m7_lpm_regex_amount,C(cause_group)[T.网络服务合同纠纷],-0.6988363528115213,0.03369381109533455,1.4845874238285123e-95,-0.7648750090602732,-0.6327976965627695,5709,0.17211470396897366,0.47398843930635837,LPM using regex full-text maximum amount instead of master amount.,,,
m7_lpm_regex_amount,C(cause_group)[T.诈骗罪],0.2724728073350712,0.02832242302597225,6.558085934581985e-22,0.2169618782492576,0.32798373642088474,5709,0.17211470396897366,0.47398843930635837,LPM using regex full-text maximum amount instead of master amount.,,,
m7_lpm_regex_amount,C(cause_group)[T.赌博罪],0.34021920124123634,0.03675492760805433,2.1139315457100838e-20,0.2681808668750729,0.41225753560739975,5709,0.17211470396897366,0.47398843930635837,LPM using regex full-text maximum amount instead of master amount.,,,
m7_lpm_regex_amount,C(cause_group)[T.走私、贩卖、运输、制造毒品罪],0.28045057951096447,0.03399680062143839,1.592947346709191e-16,0.2138180747033563,0.34708308431857265,5709,0.17211470396897366,0.47398843930635837,LPM using regex full-text maximum amount instead of master amount.,,,
m7_lpm_regex_amount,C(cause_group)[T.非法吸收公众存款罪],0.32726946856888256,0.03192284623820084,1.1605326296973149e-24,0.264701839657999,0.38983709747976614,5709,0.17211470396897366,0.47398843930635837,LPM using regex full-text maximum amount instead of master amount.,,,
m7_lpm_regex_amount,post2021,0.07539930140398793,0.012494957704071706,1.5957585623792366e-09,0.0509096343156561,0.09988896849231976,5709,0.17211470396897366,0.47398843930635837,LPM using regex full-text maximum amount instead of master amount.,,,
m7_lpm_regex_amount,log_regex_text_max,-0.01196841924183483,0.0025888772341609847,3.782016898076029e-06,-0.017042525381186027,-0.006894313102483631,5709,0.17211470396897366,0.47398843930635837,LPM using regex full-text maximum amount instead of master amount.,,,
m7_lpm_regex_amount,amount_llm_regex_conflict_flag,-0.06282265239037779,0.02361309922401489,0.007802470856650809,-0.10910347643281768,-0.016541828347937916,5709,0.17211470396897366,0.47398843930635837,LPM using regex full-text maximum amount instead of master amount.,,,
m8_lpm_civil_only,Intercept,0.7611779367574049,0.0506855923103191,5.627660519511761e-51,0.6618360012940991,0.8605198722207106,5175,0.09454907320538919,0.42028985507246375,Civil/commercial subsample LPM.,,,
m8_lpm_civil_only,C(court_level_group)[T.基层法院],0.009238043688234703,0.014232147684575187,0.5162757115897705,-0.018656453196187785,0.03713254057265719,5175,0.09454907320538919,0.42028985507246375,Civil/commercial subsample LPM.,,,
m8_lpm_civil_only,C(court_level_group)[T.最高人民法院],-0.11747561780807333,0.11459494711450884,0.3052981479497343,-0.34207758696278284,0.10712635134663617,5175,0.09454907320538919,0.42028985507246375,Civil/commercial subsample LPM.,,,
m8_lpm_civil_only,C(court_level_group)[T.未分类],-2.6345660727861646e-16,7.79170554962346e-17,0.0007215833174573592,-4.1617122983264493e-16,-1.1074198472458799e-16,5175,0.09454907320538919,0.42028985507246375,Civil/commercial subsample LPM.,,,
m8_lpm_civil_only,C(court_level_group)[T.高级法院],0.07170043064641615,0.12186835708904747,0.5563018914307913,-0.1671571601031835,0.3105580213960158,5175,0.09454907320538919,0.42028985507246375,Civil/commercial subsample LPM.,,,
m8_lpm_civil_only,C(cause_group)[T.买卖合同纠纷],-0.26267080241997603,0.03521754563916246,8.749910014520232e-14,-0.33169592349663013,-0.19364568134332197,5175,0.09454907320538919,0.42028985507246375,Civil/commercial subsample LPM.,,,
m8_lpm_civil_only,C(cause_group)[T.侵害作品信息网络传播权纠纷],-0.23650928730569173,0.19658446935712412,0.22894055374307876,-0.6218077671655728,0.1487891925541894,5175,0.09454907320538919,0.42028985507246375,Civil/commercial subsample LPM.,,,
m8_lpm_civil_only,C(cause_group)[T.其他],-0.4626759502462088,0.03088359664913216,9.731770570050611e-51,-0.5232066873915697,-0.40214521310084783,5175,0.09454907320538919,0.42028985507246375,Civil/commercial subsample LPM.,,,
m8_lpm_civil_only,C(cause_group)[T.合同纠纷],-0.2692003250914933,0.030949354307027766,3.37511442283682e-18,-0.32985994487803727,-0.20854070530494925,5175,0.09454907320538919,0.42028985507246375,Civil/commercial subsample LPM.,,,
m8_lpm_civil_only,C(cause_group)[T.委托合同纠纷],-0.2933205893434422,0.035957101146002576,3.4198781262665163e-16,-0.3637952125780711,-0.22284596610881324,5175,0.09454907320538919,0.42028985507246375,Civil/commercial subsample LPM.,,,
m8_lpm_civil_only,C(cause_group)[T.委托理财合同纠纷],-0.1294867169821735,0.04603549215157401,0.004911854174648265,-0.2197146236098349,-0.03925881035451213,5175,0.09454907320538919,0.42028985507246375,Civil/commercial subsample LPM.,,,
m8_lpm_civil_only,C(cause_group)[T.帮助信息网络犯罪活动罪],-1.7475778481476097e-17,3.339122857206926e-17,0.6007207311509226,-8.292138388227666e-17,4.796982691932447e-17,5175,0.09454907320538919,0.42028985507246375,Civil/commercial subsample LPM.,,,
m8_lpm_civil_only,C(cause_group)[T.开设赌场罪],9.683358892729022e-17,2.1949909769057795e-17,1.0262321473453578e-05,5.3812556316033046e-17,1.398546215385474e-16,5175,0.09454907320538919,0.42028985507246375,Civil/commercial subsample LPM.,,,
m8_lpm_civil_only,C(cause_group)[T.掩饰、隐瞒犯罪所得、犯罪所得收益罪],3.120571931472711e-17,5.869947766933202e-17,0.5949903547042524,-8.38431428284768e-17,1.4625458145793101e-16,5175,0.09454907320538919,0.42028985507246375,Civil/commercial subsample LPM.,,,
m8_lpm_civil_only,C(cause_group)[T.民间借贷纠纷],-0.41041730404552046,0.028874606840648954,7.525164764174836e-46,-0.46701049352094626,-0.35382411457009466,5175,0.09454907320538919,0.42028985507246375,Civil/commercial subsample LPM.,,,
m8_lpm_civil_only,C(cause_group)[T.民间委托理财合同纠纷],-0.015865017768266463,0.04801933322744663,0.7411067084190097,-0.10998118145568937,0.07825114591915645,5175,0.09454907320538919,0.42028985507246375,Civil/commercial subsample LPM.,,,
m8_lpm_civil_only,C(cause_group)[T.盗窃罪],2.976694421908285e-17,2.6255148879331646e-17,0.2568967261065841,-2.1692201993144332e-17,8.122609043131004e-17,5175,0.09454907320538919,0.42028985507246375,Civil/commercial subsample LPM.,,,
m8_lpm_civil_only,C(cause_group)[T.组织、领导传销活动罪],0.0,0.0,,0.0,0.0,5175,0.09454907320538919,0.42028985507246375,Civil/commercial subsample LPM.,,,
m8_lpm_civil_only,C(cause_group)[T.网络服务合同纠纷],-0.696192496580167,0.03373508677459001,1.2763143434022098e-94,-0.762312051673697,-0.6300729414866371,5175,0.09454907320538919,0.42028985507246375,Civil/commercial subsample LPM.,,,
m8_lpm_civil_only,C(cause_group)[T.诈骗罪],0.0,0.0,,0.0,0.0,5175,0.09454907320538919,0.42028985507246375,Civil/commercial subsample LPM.,,,
m8_lpm_civil_only,C(cause_group)[T.赌博罪],0.0,0.0,,0.0,0.0,5175,0.09454907320538919,0.42028985507246375,Civil/commercial subsample LPM.,,,
m8_lpm_civil_only,C(cause_group)[T.走私、贩卖、运输、制造毒品罪],0.0,0.0,,0.0,0.0,5175,0.09454907320538919,0.42028985507246375,Civil/commercial subsample LPM.,,,
m8_lpm_civil_only,C(cause_group)[T.非法吸收公众存款罪],0.0,0.0,,0.0,0.0,5175,0.09454907320538919,0.42028985507246375,Civil/commercial subsample LPM.,,,
m8_lpm_civil_only,post2021,0.09452733793335212,0.013408128212616766,1.789145273612047e-12,0.06824788953652786,0.12080678633017639,5175,0.09454907320538919,0.42028985507246375,Civil/commercial subsample LPM.,,,
m8_lpm_civil_only,log_amount_master,-0.005414730137586044,0.0036717304922532106,0.140291078509987,-0.01261118966333986,0.0017817293881677732,5175,0.09454907320538919,0.42028985507246375,Civil/commercial subsample LPM.,,,
m8_lpm_civil_only,amount_llm_regex_conflict_flag,-0.10722402985763009,0.03356920559865885,0.0014025839752148043,-0.17301846382062178,-0.041429595894638405,5175,0.09454907320538919,0.42028985507246375,Civil/commercial subsample LPM.,,,
m8_lpm_civil_only,amount_regex_fallback_flag,0.2063478561030125,0.04298591892485201,1.5838120899088703e-06,0.12209700316794385,0.29059870903808116,5175,0.09454907320538919,0.42028985507246375,Civil/commercial subsample LPM.,,,
m9_lpm_strict_dv,Intercept,0.6581719705246932,0.046235084138900456,5.529629539423697e-46,0.5675528707902693,0.7487910702591172,5661,0.17574488958164625,0.46952835188129305,"Robustness LPM: strict invalid/unformed DV, excluding partial/other validity labels.",,,
m9_lpm_strict_dv,C(court_level_group)[T.基层法院],0.022718551139303662,0.013910299598678635,0.10242316388476443,-0.0045451350882684295,0.04998223736687575,5661,0.17574488958164625,0.46952835188129305,"Robustness LPM: strict invalid/unformed DV, excluding partial/other validity labels.",,,
m9_lpm_strict_dv,C(court_level_group)[T.最高人民法院],-0.1544395908053628,0.11619607604610423,0.18380536744553866,-0.3821797150006043,0.07330053338987877,5661,0.17574488958164625,0.46952835188129305,"Robustness LPM: strict invalid/unformed DV, excluding partial/other validity labels.",,,
m9_lpm_strict_dv,C(court_level_group)[T.未分类],-6.847512548570942e-16,1.1069682673473759e-16,6.177831283327178e-10,-9.017130484600505e-16,-4.677894612541379e-16,5661,0.17574488958164625,0.46952835188129305,"Robustness LPM: strict invalid/unformed DV, excluding partial/other validity labels.",,,
m9_lpm_strict_dv,C(court_level_group)[T.高级法院],-0.005301481910020715,0.10646101545089659,0.9602838375718814,-0.21396123795134026,0.2033582741312988,5661,0.17574488958164625,0.46952835188129305,"Robustness LPM: strict invalid/unformed DV, excluding partial/other validity labels.",,,
m9_lpm_strict_dv,C(cause_group)[T.买卖合同纠纷],-0.2673993434657859,0.03539626423139593,4.206303030960361e-14,-0.3367747465465853,-0.19802394038498655,5661,0.17574488958164625,0.46952835188129305,"Robustness LPM: strict invalid/unformed DV, excluding partial/other validity labels.",,,
m9_lpm_strict_dv,C(cause_group)[T.侵害作品信息网络传播权纠纷],-0.35721187315440334,0.2057334679581329,0.08251350677417911,-0.760442060766869,0.04601831445806237,5661,0.17574488958164625,0.46952835188129305,"Robustness LPM: strict invalid/unformed DV, excluding partial/other validity labels.",,,
m9_lpm_strict_dv,C(cause_group)[T.其他],-0.4267399726370559,0.031034245331373923,5.049812594460789e-43,-0.4875659757739291,-0.3659139695001827,5661,0.17574488958164625,0.46952835188129305,"Robustness LPM: strict invalid/unformed DV, excluding partial/other validity labels.",,,
m9_lpm_strict_dv,C(cause_group)[T.合同纠纷],-0.2749315730702418,0.031151750503998807,1.0891562379992891e-18,-0.3359878821134569,-0.21387526402702667,5661,0.17574488958164625,0.46952835188129305,"Robustness LPM: strict invalid/unformed DV, excluding partial/other validity labels.",,,
m9_lpm_strict_dv,C(cause_group)[T.委托合同纠纷],-0.2965227471734823,0.036196475135005304,2.5684851151093364e-16,-0.3674665348053923,-0.2255789595415723,5661,0.17574488958164625,0.46952835188129305,"Robustness LPM: strict invalid/unformed DV, excluding partial/other validity labels.",,,
m9_lpm_strict_dv,C(cause_group)[T.委托理财合同纠纷],-0.13462810396027436,0.04625580211345459,0.003608361904900448,-0.22528781017865707,-0.04396839774189164,5661,0.17574488958164625,0.46952835188129305,"Robustness LPM: strict invalid/unformed DV, excluding partial/other validity labels.",,,
m9_lpm_strict_dv,C(cause_group)[T.帮助信息网络犯罪活动罪],0.21008566185007932,0.02935908151623935,8.322878459972022e-13,0.1525429194590746,0.26762840424108403,5661,0.17574488958164625,0.46952835188129305,"Robustness LPM: strict invalid/unformed DV, excluding partial/other validity labels.",,,
m9_lpm_strict_dv,C(cause_group)[T.开设赌场罪],0.19447509820298267,0.0562932140891414,0.0005509442293798696,0.08414242601426279,0.30480777039170254,5661,0.17574488958164625,0.46952835188129305,"Robustness LPM: strict invalid/unformed DV, excluding partial/other validity labels.",,,
m9_lpm_strict_dv,C(cause_group)[T.掩饰、隐瞒犯罪所得、犯罪所得收益罪],0.21590617495178616,0.028893530021706578,7.870044461544387e-14,0.15927589672301445,0.27253645318055786,5661,0.17574488958164625,0.46952835188129305,"Robustness LPM: strict invalid/unformed DV, excluding partial/other validity labels.",,,
m9_lpm_strict_dv,C(cause_group)[T.民间借贷纠纷],-0.4200737201317084,0.029053611205406032,2.213434662360882e-47,-0.47701775171513355,-0.36312968854828326,5661,0.17574488958164625,0.46952835188129305,"Robustness LPM: strict invalid/unformed DV, excluding partial/other validity labels.",,,
m9_lpm_strict_dv,C(cause_group)[T.民间委托理财合同纠纷],-0.016890351846818766,0.04823211713896881,0.7261969396251262,-0.1114235643373147,0.07764286064367718,5661,0.17574488958164625,0.46952835188129305,"Robustness LPM: strict invalid/unformed DV, excluding partial/other validity labels.",,,
m9_lpm_strict_dv,C(cause_group)[T.盗窃罪],0.26548247918840284,0.030291190686012433,1.8786385120949605e-18,0.20611283639498335,0.32485212198182234,5661,0.17574488958164625,0.46952835188129305,"Robustness LPM: strict invalid/unformed DV, excluding partial/other validity labels.",,,
m9_lpm_strict_dv,C(cause_group)[T.组织、领导传销活动罪],0.23259553462595123,0.030621244277841252,3.0568940413331804e-14,0.17257899867957915,0.2926120705723233,5661,0.17574488958164625,0.46952835188129305,"Robustness LPM: strict invalid/unformed DV, excluding partial/other validity labels.",,,
m9_lpm_strict_dv,C(cause_group)[T.网络服务合同纠纷],-0.6839715370356027,0.03396257635723443,3.3621015323719827e-90,-0.7505369635179737,-0.6174061105532316,5661,0.17574488958164625,0.46952835188129305,"Robustness LPM: strict invalid/unformed DV, excluding partial/other validity labels.",,,
m9_lpm_strict_dv,C(cause_group)[T.诈骗罪],0.23991585597924703,0.028791180455443148,7.884347204161092e-17,0.18348617921418495,0.2963455327443091,5661,0.17574488958164625,0.46952835188129305,"Robustness LPM: strict invalid/unformed DV, excluding partial/other validity labels.",,,
m9_lpm_strict_dv,C(cause_group)[T.赌博罪],0.29708872842652534,0.03530539657291591,3.9348238888408534e-17,0.2278914226837063,0.36628603416934435,5661,0.17574488958164625,0.46952835188129305,"Robustness LPM: strict invalid/unformed DV, excluding partial/other validity labels.",,,
m9_lpm_strict_dv,C(cause_group)[T.走私、贩卖、运输、制造毒品罪],0.24441855397292295,0.06815717764399938,0.0003356584133517733,0.11083294050278564,0.37800416744306026,5661,0.17574488958164625,0.46952835188129305,"Robustness LPM: strict invalid/unformed DV, excluding partial/other validity labels.",,,
m9_lpm_strict_dv,C(cause_group)[T.非法吸收公众存款罪],0.2562887311962647,0.033146988223782176,1.0596489293959059e-14,0.19132182808167836,0.3212556343108511,5661,0.17574488958164625,0.46952835188129305,"Robustness LPM: strict invalid/unformed DV, excluding partial/other validity labels.",,,
m9_lpm_strict_dv,post2021,0.07836013917161971,0.012517743155962895,3.8516151174607637e-10,0.05382581341820969,0.10289446492502974,5661,0.17574488958164625,0.46952835188129305,"Robustness LPM: strict invalid/unformed DV, excluding partial/other validity labels.",,,
m9_lpm_strict_dv,log_amount_master,0.003790951318271198,0.003174131104361055,0.23234997663261936,-0.0024302313284848176,0.010012133965027214,5661,0.17574488958164625,0.46952835188129305,"Robustness LPM: strict invalid/unformed DV, excluding partial/other validity labels.",,,
m9_lpm_strict_dv,amount_llm_regex_conflict_flag,-0.06479636803293654,0.023422457699782875,0.005667539525994812,-0.11070354155392384,-0.018889194511949224,5661,0.17574488958164625,0.46952835188129305,"Robustness LPM: strict invalid/unformed DV, excluding partial/other validity labels.",,,
m9_lpm_strict_dv,amount_regex_fallback_flag,0.18159582157904383,0.03834786102697745,2.185290329447741e-06,0.10643539508202085,0.2567562480760668,5661,0.17574488958164625,0.46952835188129305,"Robustness LPM: strict invalid/unformed DV, excluding partial/other validity labels.",,,
m10_amount_alignment_ols,Intercept,1.3920661469521622,0.13998445504810847,2.666862316277487e-23,1.1177016566624034,1.666430637241921,11680,0.5675370118496202,12.201673984300825,OLS: LLM amount alignment with regex full-text maximum amount.,,,
m10_amount_alignment_ols,C(court_level_group)[T.基层法院],-0.003181340137700616,0.03831285861018676,0.933823047196791,-0.07827316315844197,0.07191048288304074,11680,0.5675370118496202,12.201673984300825,OLS: LLM amount alignment with regex full-text maximum amount.,,,
m10_amount_alignment_ols,C(court_level_group)[T.最高人民法院],-0.38587951113635033,0.4336529580734557,0.373554575337263,-1.2358236907495816,0.464064668476881,11680,0.5675370118496202,12.201673984300825,OLS: LLM amount alignment with regex full-text maximum amount.,,,
m10_amount_alignment_ols,C(court_level_group)[T.未分类],-2.6576219672649293,0.10757076431281762,9.264673817018555e-135,-2.8684567911074983,-2.4467871434223603,11680,0.5675370118496202,12.201673984300825,OLS: LLM amount alignment with regex full-text maximum amount.,,,
m10_amount_alignment_ols,C(court_level_group)[T.高级法院],-0.31418017655340613,0.2983524664986461,0.2923179052795789,-0.8989402655894455,0.27057991248263324,11680,0.5675370118496202,12.201673984300825,OLS: LLM amount alignment with regex full-text maximum amount.,,,
m10_amount_alignment_ols,C(cause_group)[T.买卖合同纠纷],0.07520834998090341,0.06846390147214727,0.2719814099503106,-0.05897843114560404,0.20939513110741087,11680,0.5675370118496202,12.201673984300825,OLS: LLM amount alignment with regex full-text maximum amount.,,,
m10_amount_alignment_ols,C(cause_group)[T.侵害作品信息网络传播权纠纷],-2.887584547764768,0.16734225798722097,1.0162975086790469e-66,-3.2155693465113315,-2.5595997490182048,11680,0.5675370118496202,12.201673984300825,OLS: LLM amount alignment with regex full-text maximum amount.,,,
m10_amount_alignment_ols,C(cause_group)[T.其他],-0.30346775934071873,0.06074561682033063,5.861832502457184e-07,-0.4225269805272373,-0.18440853815420016,11680,0.5675370118496202,12.201673984300825,OLS: LLM amount alignment with regex full-text maximum amount.,,,
m10_amount_alignment_ols,C(cause_group)[T.合同纠纷],-0.0681473569252288,0.057185263549705545,0.23338110432311054,-0.1802284139290828,0.043933700078625196,11680,0.5675370118496202,12.201673984300825,OLS: LLM amount alignment with regex full-text maximum amount.,,,
m10_amount_alignment_ols,C(cause_group)[T.委托合同纠纷],0.022231163299196888,0.07120259855557276,0.7548702599872464,-0.11732336547538941,0.16178569207378318,11680,0.5675370118496202,12.201673984300825,OLS: LLM amount alignment with regex full-text maximum amount.,,,
m10_amount_alignment_ols,C(cause_group)[T.委托理财合同纠纷],-0.016350675393011882,0.09706370613981585,0.8662268922650544,-0.20659204363303027,0.1738906928470065,11680,0.5675370118496202,12.201673984300825,OLS: LLM amount alignment with regex full-text maximum amount.,,,
m10_amount_alignment_ols,C(cause_group)[T.帮助信息网络犯罪活动罪],1.2372101642953577,0.08232099656413303,4.7342200940733096e-51,1.0758639758582114,1.398556352732504,11680,0.5675370118496202,12.201673984300825,OLS: LLM amount alignment with regex full-text maximum amount.,,,
m10_amount_alignment_ols,C(cause_group)[T.开设赌场罪],1.3804724442283371,0.09781095217488663,3.1282012267342694e-45,1.1887665006719896,1.5721783877846847,11680,0.5675370118496202,12.201673984300825,OLS: LLM amount alignment with regex full-text maximum amount.,,,
m10_amount_alignment_ols,C(cause_group)[T.掩饰、隐瞒犯罪所得、犯罪所得收益罪],0.8426971753170105,0.0702714930566603,3.912444488620946e-33,0.7049675797860998,0.9804267708479212,11680,0.5675370118496202,12.201673984300825,OLS: LLM amount alignment with regex full-text maximum amount.,,,
m10_amount_alignment_ols,C(cause_group)[T.民间借贷纠纷],0.10972264919124586,0.04808037000648352,0.02248535613801086,0.015486855615178319,0.2039584427673134,11680,0.5675370118496202,12.201673984300825,OLS: LLM amount alignment with regex full-text maximum amount.,,,
m10_amount_alignment_ols,C(cause_group)[T.民间委托理财合同纠纷],0.02521988697478872,0.1258891159758977,0.8412192688761969,-0.2215182463835567,0.2719580203331341,11680,0.5675370118496202,12.201673984300825,OLS: LLM amount alignment with regex full-text maximum amount.,,,
m10_amount_alignment_ols,C(cause_group)[T.盗窃罪],0.012449454874183197,0.0783104819770721,0.8736881076145107,-0.14103626941285113,0.16593517916121753,11680,0.5675370118496202,12.201673984300825,OLS: LLM amount alignment with regex full-text maximum amount.,,,
m10_amount_alignment_ols,C(cause_group)[T.组织、领导传销活动罪],1.3184812448470904,0.10616749060807193,2.0643312208030915e-35,1.110396786926275,1.5265657027679058,11680,0.5675370118496202,12.201673984300825,OLS: LLM amount alignment with regex full-text maximum amount.,,,
m10_amount_alignment_ols,C(cause_group)[T.网络服务合同纠纷],-0.7770871796184622,0.13872120138223087,2.1214824102157023e-08,-1.0489757382197626,-0.5051986210171617,11680,0.5675370118496202,12.201673984300825,OLS: LLM amount alignment with regex full-text maximum amount.,,,
m10_amount_alignment_ols,C(cause_group)[T.诈骗罪],0.8144685360218618,0.06600139231644883,5.503815482336147e-35,0.6851081841521234,0.9438288878916001,11680,0.5675370118496202,12.201673984300825,OLS: LLM amount alignment with regex full-text maximum amount.,,,
m10_amount_alignment_ols,C(cause_group)[T.赌博罪],1.8431653807617772,0.17563514784372217,9.176938566759317e-26,1.498926816568714,2.1874039449548404,11680,0.5675370118496202,12.201673984300825,OLS: LLM amount alignment with regex full-text maximum amount.,,,
m10_amount_alignment_ols,C(cause_group)[T.走私、贩卖、运输、制造毒品罪],-1.1138843250347437,0.1747614004938957,1.844691217260875e-10,-1.4564103758905595,-0.7713582741789277,11680,0.5675370118496202,12.201673984300825,OLS: LLM amount alignment with regex full-text maximum amount.,,,
m10_amount_alignment_ols,C(cause_group)[T.非法吸收公众存款罪],2.2298343857060634,0.12507507375411447,4.287235904209241e-71,1.984691745784308,2.474977025627819,11680,0.5675370118496202,12.201673984300825,OLS: LLM amount alignment with regex full-text maximum amount.,,,
m10_amount_alignment_ols,C(year_group)[T.2011],3.1148712634091913,0.5004588516363653,4.84542161200745e-10,2.133989938457641,4.0957525883607415,11680,0.5675370118496202,12.201673984300825,OLS: LLM amount alignment with regex full-text maximum amount.,,,
m10_amount_alignment_ols,C(year_group)[T.2012],2.2757938254464256,0.5666029141016349,5.9054176600682436e-05,1.1652725202717793,3.386315130621072,11680,0.5675370118496202,12.201673984300825,OLS: LLM amount alignment with regex full-text maximum amount.,,,
m10_amount_alignment_ols,C(year_group)[T.2013],2.8718291848113133,0.25504696293452794,2.067552000282128e-29,2.3719463230933164,3.3717120465293102,11680,0.5675370118496202,12.201673984300825,OLS: LLM amount alignment with regex full-text maximum amount.,,,
m10_amount_alignment_ols,C(year_group)[T.2014],3.092500157245063,0.1636482369818035,1.2017481416539898e-79,2.7717555066272523,3.4132448078628737,11680,0.5675370118496202,12.201673984300825,OLS: LLM amount alignment with regex full-text maximum amount.,,,
m10_amount_alignment_ols,C(year_group)[T.2015],2.9179882873407825,0.18138308813530143,3.1252904942209466e-58,2.5624839671909374,3.2734926074906276,11680,0.5675370118496202,12.201673984300825,OLS: LLM amount alignment with regex full-text maximum amount.,,,
m10_amount_alignment_ols,C(year_group)[T.2016],2.7135589879146016,0.13215688737539513,1.0953226173928206e-93,2.454536248349911,2.9725817274792923,11680,0.5675370118496202,12.201673984300825,OLS: LLM amount alignment with regex full-text maximum amount.,,,
m10_amount_alignment_ols,C(year_group)[T.2017],2.677392717309552,0.10655824579709747,2.579771493054586e-139,2.4685423932914743,2.8862430413276297,11680,0.5675370118496202,12.201673984300825,OLS: LLM amount alignment with regex full-text maximum amount.,,,
m10_amount_alignment_ols,C(year_group)[T.2018],3.0598847255755643,0.08565923859577182,1.8270398894753906e-279,2.8919957029847283,3.2277737481664004,11680,0.5675370118496202,12.201673984300825,OLS: LLM amount alignment with regex full-text maximum amount.,,,
m10_amount_alignment_ols,C(year_group)[T.2019],3.138308707713397,0.07307209996860804,0.0,2.995090023500215,3.2815273919265793,11680,0.5675370118496202,12.201673984300825,OLS: LLM amount alignment with regex full-text maximum amount.,,,
m10_amount_alignment_ols,C(year_group)[T.2020],3.2047713121820545,0.0732280444293212,0.0,3.061246982442286,3.348295641921823,11680,0.5675370118496202,12.201673984300825,OLS: LLM amount alignment with regex full-text maximum amount.,,,
m10_amount_alignment_ols,C(year_group)[T.2021],3.227577928619166,0.06967961433134506,0.0,3.091008394073089,3.3641474631652435,11680,0.5675370118496202,12.201673984300825,OLS: LLM amount alignment with regex full-text maximum amount.,,,
m10_amount_alignment_ols,C(year_group)[T.2022],3.0450807246339435,0.0766890373582777,0.0,2.8947729734026724,3.1953884758652147,11680,0.5675370118496202,12.201673984300825,OLS: LLM amount alignment with regex full-text maximum amount.,,,
m10_amount_alignment_ols,C(year_group)[T.2023],3.1371576267567938,0.07323355613262995,0.0,2.9936224942770466,3.280692759236541,11680,0.5675370118496202,12.201673984300825,OLS: LLM amount alignment with regex full-text maximum amount.,,,
m10_amount_alignment_ols,C(year_group)[T.2024],3.1644246231235114,0.07356673599999893,0.0,3.020236470103347,3.3086127761436757,11680,0.5675370118496202,12.201673984300825,OLS: LLM amount alignment with regex full-text maximum amount.,,,
m10_amount_alignment_ols,C(year_group)[T.2025],3.6943899731811523,0.3359701978280233,3.986487454457112e-28,3.0359004855594294,4.352879460802875,11680,0.5675370118496202,12.201673984300825,OLS: LLM amount alignment with regex full-text maximum amount.,,,
m10_amount_alignment_ols,C(year_group)[T.missing],3.1041718580081197,0.06533569694085573,0.0,2.9761162450992185,3.232227470917021,11680,0.5675370118496202,12.201673984300825,OLS: LLM amount alignment with regex full-text maximum amount.,,,
m10_amount_alignment_ols,log_regex_text_max,0.566401215887438,0.010527328539878974,0.0,0.5457680310958546,0.5870344006790214,11680,0.5675370118496202,12.201673984300825,OLS: LLM amount alignment with regex full-text maximum amount.,,,
m12_lpm_amount_quartile,Intercept,0.7685390367275542,0.030325947383410785,1.0837316285609621e-141,0.7091012720590124,0.827976801396096,5708,0.16750265217895377,0.4742466713384723,LPM using master-amount quartiles instead of a linear log amount.,,,
m12_lpm_amount_quartile,C(amount_quartile)[T.Q2],-0.03759586112526056,0.016444703598799203,0.02224263275479582,-0.06982688791534322,-0.005364834335177905,5708,0.16750265217895377,0.4742466713384723,LPM using master-amount quartiles instead of a linear log amount.,,,
m12_lpm_amount_quartile,C(amount_quartile)[T.Q3],-0.0030752523198312367,0.01726181387999401,0.8586024379570785,-0.036907785832453105,0.030757281192790628,5708,0.16750265217895377,0.4742466713384723,LPM using master-amount quartiles instead of a linear log amount.,,,
m12_lpm_amount_quartile,C(amount_quartile)[T.Q4最高],-0.02556954509675832,0.02118777833951672,0.22750673630281337,-0.06709682755462897,0.015957737361112324,5708,0.16750265217895377,0.4742466713384723,LPM using master-amount quartiles instead of a linear log amount.,,,
m12_lpm_amount_quartile,C(court_level_group)[T.基层法院],0.02139002900185124,0.013893732810112086,0.12367126357699033,-0.005841186916790926,0.048621244920493405,5708,0.16750265217895377,0.4742466713384723,LPM using master-amount quartiles instead of a linear log amount.,,,
m12_lpm_amount_quartile,C(court_level_group)[T.最高人民法院],-0.09247629536015045,0.12232479045462882,0.44965530393998365,-0.3322284790676319,0.14727588834733102,5708,0.16750265217895377,0.4742466713384723,LPM using master-amount quartiles instead of a linear log amount.,,,
m12_lpm_amount_quartile,C(court_level_group)[T.未分类],2.00705007893526e-16,4.393164265583064e-16,0.6477734675549573,-6.603393659775902e-16,1.061749381764642e-15,5708,0.16750265217895377,0.4742466713384723,LPM using master-amount quartiles instead of a linear log amount.,,,
m12_lpm_amount_quartile,C(court_level_group)[T.高级法院],0.08940908436475918,0.1068631643693688,0.40277871464118964,-0.12003886907318763,0.298857037802706,5708,0.16750265217895377,0.4742466713384723,LPM using master-amount quartiles instead of a linear log amount.,,,
m12_lpm_amount_quartile,C(cause_group)[T.买卖合同纠纷],-0.2714973118158143,0.035619366612117356,2.4942210683440312e-14,-0.3413099875276928,-0.20168463610393583,5708,0.16750265217895377,0.4742466713384723,LPM using master-amount quartiles instead of a linear log amount.,,,
m12_lpm_amount_quartile,C(cause_group)[T.侵害作品信息网络传播权纠纷],-0.2700460198004467,0.2024947556495759,0.18233658015561094,-0.666928447931854,0.12683640833096071,5708,0.16750265217895377,0.4742466713384723,LPM using master-amount quartiles instead of a linear log amount.,,,
m12_lpm_amount_quartile,C(cause_group)[T.其他],-0.4243696454574012,0.031154633323736112,2.987946757582225e-42,-0.48543160472347535,-0.36330768619132703,5708,0.16750265217895377,0.4742466713384723,LPM using master-amount quartiles instead of a linear log amount.,,,
m12_lpm_amount_quartile,C(cause_group)[T.合同纠纷],-0.2803250454925109,0.0311208292734975,2.1054935785325485e-19,-0.34132075003758583,-0.219329340947436,5708,0.16750265217895377,0.4742466713384723,LPM using master-amount quartiles instead of a linear log amount.,,,
m12_lpm_amount_quartile,C(cause_group)[T.委托合同纠纷],-0.2978800264660769,0.036394571665134136,2.7289715786173643e-16,-0.3692120761625018,-0.22654797676965205,5708,0.16750265217895377,0.4742466713384723,LPM using master-amount quartiles instead of a linear log amount.,,,
m12_lpm_amount_quartile,C(cause_group)[T.委托理财合同纠纷],-0.12810374567049798,0.046607317278231766,0.00598547884652747,-0.21945240895186363,-0.036755082389132346,5708,0.16750265217895377,0.4742466713384723,LPM using master-amount quartiles instead of a linear log amount.,,,
m12_lpm_amount_quartile,C(cause_group)[T.帮助信息网络犯罪活动罪],0.241788933445422,0.02953782456834046,2.7063687699012983e-16,0.18389586110981232,0.29968200578103166,5708,0.16750265217895377,0.4742466713384723,LPM using master-amount quartiles instead of a linear log amount.,,,
m12_lpm_amount_quartile,C(cause_group)[T.开设赌场罪],0.20639045273135492,0.04873973544109873,2.2901806585129324e-05,0.11086232665079096,0.30191857881191886,5708,0.16750265217895377,0.4742466713384723,LPM using master-amount quartiles instead of a linear log amount.,,,
m12_lpm_amount_quartile,C(cause_group)[T.掩饰、隐瞒犯罪所得、犯罪所得收益罪],0.2420346479537632,0.028654188553250918,2.995348549875399e-17,0.18587347038317154,0.29819582552435486,5708,0.16750265217895377,0.4742466713384723,LPM using master-amount quartiles instead of a linear log amount.,,,
m12_lpm_amount_quartile,C(cause_group)[T.民间借贷纠纷],-0.4114744850708968,0.029117495860264075,2.4284425538184582e-45,-0.4685437282770085,-0.35440524186478506,5708,0.16750265217895377,0.4742466713384723,LPM using master-amount quartiles instead of a linear log amount.,,,
m12_lpm_amount_quartile,C(cause_group)[T.民间委托理财合同纠纷],-0.007177849311214107,0.048466295075692015,0.8822639958226859,-0.10217004212366143,0.08781434350123321,5708,0.16750265217895377,0.4742466713384723,LPM using master-amount quartiles instead of a linear log amount.,,,
m12_lpm_amount_quartile,C(cause_group)[T.盗窃罪],0.2380949264869363,0.02949038208318676,6.822910366380206e-16,0.18029483971356497,0.29589501326030765,5708,0.16750265217895377,0.4742466713384723,LPM using master-amount quartiles instead of a linear log amount.,,,
m12_lpm_amount_quartile,C(cause_group)[T.组织、领导传销活动罪],0.22515950809370167,0.03028974314833259,1.0574264385590821e-13,0.16579270242200092,0.2845263137654024,5708,0.16750265217895377,0.4742466713384723,LPM using master-amount quartiles instead of a linear log amount.,,,
m12_lpm_amount_quartile,C(cause_group)[T.网络服务合同纠纷],-0.7010340426334507,0.033742866390412726,7.170462040454775e-96,-0.7671688454938067,-0.6348992397730947,5708,0.16750265217895377,0.4742466713384723,LPM using master-amount quartiles instead of a linear log amount.,,,
m12_lpm_amount_quartile,C(cause_group)[T.诈骗罪],0.23899854959496028,0.028803605652113727,1.0630548008465038e-16,0.18254451989192305,0.2954525792979975,5708,0.16750265217895377,0.4742466713384723,LPM using master-amount quartiles instead of a linear log amount.,,,
m12_lpm_amount_quartile,C(cause_group)[T.赌博罪],0.2555602204167028,0.03618982047611403,1.6452473770481476e-12,0.18462947567654908,0.3264909651568565,5708,0.16750265217895377,0.4742466713384723,LPM using master-amount quartiles instead of a linear log amount.,,,
m12_lpm_amount_quartile,C(cause_group)[T.走私、贩卖、运输、制造毒品罪],0.19772999167199728,0.060108464195344075,0.0010034657940978207,0.07991956668310754,0.31554041666088706,5708,0.16750265217895377,0.4742466713384723,LPM using master-amount quartiles instead of a linear log amount.,,,
m12_lpm_amount_quartile,C(cause_group)[T.非法吸收公众存款罪],0.2530117616496513,0.033108568418049454,2.140698981086241e-14,0.18812015997059406,0.3179033633287085,5708,0.16750265217895377,0.4742466713384723,LPM using master-amount quartiles instead of a linear log amount.,,,
m12_lpm_amount_quartile,amount_llm_regex_conflict_flag,-0.05108662848717037,0.02396558467818844,0.03303429161851486,-0.09805831132486464,-0.004114945649476086,5708,0.16750265217895377,0.4742466713384723,LPM using master-amount quartiles instead of a linear log amount.,,,
m12_lpm_amount_quartile,amount_regex_fallback_flag,0.1726648915068224,0.03835342140489308,6.733525302258305e-06,0.09749356686934436,0.24783621614430046,5708,0.16750265217895377,0.4742466713384723,LPM using master-amount quartiles instead of a linear log amount.,,,
m13_lpm_civil_amount_quartile,Intercept,0.7782127850585583,0.030444538090442345,4.0744509575380985e-144,0.7185425868753335,0.8378829832417831,5174,0.0875394238102305,0.4205643602628527,Civil/commercial LPM using master-amount quartiles.,,,
m13_lpm_civil_amount_quartile,C(amount_quartile)[T.Q2],-0.03839541155250657,0.01685562940549806,0.022732630582869083,-0.07143183812403706,-0.005358984980976096,5174,0.0875394238102305,0.4205643602628527,Civil/commercial LPM using master-amount quartiles.,,,
m13_lpm_civil_amount_quartile,C(amount_quartile)[T.Q3],-0.011350213420508317,0.017872312463762245,0.5253811584591246,-0.04637930216992864,0.023678875328912,5174,0.0875394238102305,0.4205643602628527,Civil/commercial LPM using master-amount quartiles.,,,
m13_lpm_civil_amount_quartile,C(amount_quartile)[T.Q4最高],-0.06890019655442232,0.02400744183407454,0.004105346087195235,-0.11595391791014864,-0.021846475198696008,5174,0.0875394238102305,0.4205643602628527,Civil/commercial LPM using master-amount quartiles.,,,
m13_lpm_civil_amount_quartile,C(court_level_group)[T.基层法院],0.013861500370598934,0.014285394806848617,0.3318836596940762,-0.014137358955759878,0.04186035969695775,5174,0.0875394238102305,0.4205643602628527,Civil/commercial LPM using master-amount quartiles.,,,
m13_lpm_civil_amount_quartile,C(court_level_group)[T.最高人民法院],-0.1001808558720137,0.12047002175242967,0.40564420271964263,-0.3362977597235327,0.13593604797950534,5174,0.0875394238102305,0.4205643602628527,Civil/commercial LPM using master-amount quartiles.,,,
m13_lpm_civil_amount_quartile,C(court_level_group)[T.未分类],-8.427199893448186e-16,1.2025371355364777e-16,2.4200801228216562e-12,-1.0784129369171643e-15,-6.070270417724728e-16,5174,0.0875394238102305,0.4205643602628527,Civil/commercial LPM using master-amount quartiles.,,,
m13_lpm_civil_amount_quartile,C(court_level_group)[T.高级法院],0.06146632891697403,0.12071439489631096,0.6106204093752597,-0.17512953749534116,0.29806219532928924,5174,0.0875394238102305,0.4205643602628527,Civil/commercial LPM using master-amount quartiles.,,,
m13_lpm_civil_amount_quartile,C(cause_group)[T.买卖合同纠纷],-0.2678618836092989,0.035521957002738955,4.6730780957586646e-14,-0.3374836399950476,-0.1982401272235502,5174,0.0875394238102305,0.4205643602628527,Civil/commercial LPM using master-amount quartiles.,,,
m13_lpm_civil_amount_quartile,C(cause_group)[T.侵害作品信息网络传播权纠纷],-0.2607927800636844,0.19952708727431387,0.19119419791558878,-0.6518586850615198,0.13027312493415094,5174,0.0875394238102305,0.4205643602628527,Civil/commercial LPM using master-amount quartiles.,,,
m13_lpm_civil_amount_quartile,C(cause_group)[T.其他],-0.4678539582010915,0.031128958962580344,4.7025441121149254e-51,-0.5288655966439743,-0.40684231975820867,5174,0.0875394238102305,0.4205643602628527,Civil/commercial LPM using master-amount quartiles.,,,
m13_lpm_civil_amount_quartile,C(cause_group)[T.合同纠纷],-0.2762066563474641,0.031020833751903683,5.391403920670469e-19,-0.3370063732715998,-0.21540693942332836,5174,0.0875394238102305,0.4205643602628527,Civil/commercial LPM using master-amount quartiles.,,,
m13_lpm_civil_amount_quartile,C(cause_group)[T.委托合同纠纷],-0.29572022866249564,0.036314785882900456,3.8481984140270975e-16,-0.3668959010992641,-0.22454455622572717,5174,0.0875394238102305,0.4205643602628527,Civil/commercial LPM using master-amount quartiles.,,,
m13_lpm_civil_amount_quartile,C(cause_group)[T.委托理财合同纠纷],-0.12785431001852438,0.04663058462847228,0.006109327052457692,-0.2192485764683771,-0.03646004356867165,5174,0.0875394238102305,0.4205643602628527,Civil/commercial LPM using master-amount quartiles.,,,
m13_lpm_civil_amount_quartile,C(cause_group)[T.帮助信息网络犯罪活动罪],-3.526935672568436e-17,1.650122709550595e-17,0.032567274291222546,-6.761116753359251e-17,-2.9275459177762127e-18,5174,0.0875394238102305,0.4205643602628527,Civil/commercial LPM using master-amount quartiles.,,,
m13_lpm_civil_amount_quartile,C(cause_group)[T.开设赌场罪],-5.662637093688891e-17,4.5286624593134316e-17,0.211153661752167,-1.4538652412081804e-16,3.2133782247040227e-17,5174,0.0875394238102305,0.4205643602628527,Civil/commercial LPM using master-amount quartiles.,,,
m13_lpm_civil_amount_quartile,C(cause_group)[T.掩饰、隐瞒犯罪所得、犯罪所得收益罪],-2.0311812429614013e-17,1.9112935739467223e-17,0.28790625772320155,-5.777247811779819e-17,1.714885325857017e-17,5174,0.0875394238102305,0.4205643602628527,Civil/commercial LPM using master-amount quartiles.,,,
m13_lpm_civil_amount_quartile,C(cause_group)[T.民间借贷纠纷],-0.4078735784056429,0.0290430178117237,8.411140082139742e-45,-0.46479684731897664,-0.3509503094923092,5174,0.0875394238102305,0.4205643602628527,Civil/commercial LPM using master-amount quartiles.,,,
m13_lpm_civil_amount_quartile,C(cause_group)[T.民间委托理财合同纠纷],-0.0049830873812230034,0.04845394637604467,0.9180885898227686,-0.09995107718710564,0.08998490242465962,5174,0.0875394238102305,0.4205643602628527,Civil/commercial LPM using master-amount quartiles.,,,
m13_lpm_civil_amount_quartile,C(cause_group)[T.盗窃罪],0.0,0.0,,0.0,0.0,5174,0.0875394238102305,0.4205643602628527,Civil/commercial LPM using master-amount quartiles.,,,
m13_lpm_civil_amount_quartile,C(cause_group)[T.组织、领导传销活动罪],0.0,0.0,,0.0,0.0,5174,0.0875394238102305,0.4205643602628527,Civil/commercial LPM using master-amount quartiles.,,,
m13_lpm_civil_amount_quartile,C(cause_group)[T.网络服务合同纠纷],-0.7014045910798964,0.03363605468257896,1.43877955803744e-96,-0.767330046839771,-0.6354791353200218,5174,0.0875394238102305,0.4205643602628527,Civil/commercial LPM using master-amount quartiles.,,,
m13_lpm_civil_amount_quartile,C(cause_group)[T.诈骗罪],0.0,0.0,,0.0,0.0,5174,0.0875394238102305,0.4205643602628527,Civil/commercial LPM using master-amount quartiles.,,,
m13_lpm_civil_amount_quartile,C(cause_group)[T.赌博罪],0.0,0.0,,0.0,0.0,5174,0.0875394238102305,0.4205643602628527,Civil/commercial LPM using master-amount quartiles.,,,
m13_lpm_civil_amount_quartile,C(cause_group)[T.走私、贩卖、运输、制造毒品罪],0.0,0.0,,0.0,0.0,5174,0.0875394238102305,0.4205643602628527,Civil/commercial LPM using master-amount quartiles.,,,
m13_lpm_civil_amount_quartile,C(cause_group)[T.非法吸收公众存款罪],0.0,0.0,,0.0,0.0,5174,0.0875394238102305,0.4205643602628527,Civil/commercial LPM using master-amount quartiles.,,,
m13_lpm_civil_amount_quartile,amount_llm_regex_conflict_flag,-0.10138148000822536,0.03407149973712581,0.002924628588410124,-0.16816039239225788,-0.03460256762419285,5174,0.0875394238102305,0.4205643602628527,Civil/commercial LPM using master-amount quartiles.,,,
m13_lpm_civil_amount_quartile,amount_regex_fallback_flag,0.21220144704012447,0.04374582237063898,1.2297566185089616e-06,0.12646121071958547,0.2979416833606635,5174,0.0875394238102305,0.4205643602628527,Civil/commercial LPM using master-amount quartiles.,,,
m14_lpm_policy_q4,Intercept,0.7040827591104559,0.02960923528520492,5.487852953283849e-125,0.6460497243416817,0.7621157938792301,5707,0.1721615713296718,0.47415454704748555,LPM interaction between post-2021 period and top master-amount quartile.,,,
m14_lpm_policy_q4,I(amount_quartile == 'Q4最高')[T.True],0.004429765642139502,0.024741441869529004,0.8579044564500455,-0.04406256934772869,0.052922100632007696,5707,0.1721615713296718,0.47415454704748555,LPM interaction between post-2021 period and top master-amount quartile.,,,
m14_lpm_policy_q4,C(court_level_group)[T.基层法院],0.017541919858459352,0.013842016190621996,0.2050497773317439,-0.009587933348580074,0.04467177306549878,5707,0.1721615713296718,0.47415454704748555,LPM interaction between post-2021 period and top master-amount quartile.,,,
m14_lpm_policy_q4,C(court_level_group)[T.最高人民法院],-0.11320449683444976,0.11686738611876207,0.3327159897654841,-0.34226036459455966,0.11585137092566015,5707,0.1721615713296718,0.47415454704748555,LPM interaction between post-2021 period and top master-amount quartile.,,,
m14_lpm_policy_q4,C(court_level_group)[T.未分类],-6.021742587286233e-17,4.724973154995913e-17,0.20250394070773514,-1.5282519798996813e-16,3.2390346244243467e-17,5707,0.1721615713296718,0.47415454704748555,LPM interaction between post-2021 period and top master-amount quartile.,,,
m14_lpm_policy_q4,C(court_level_group)[T.高级法院],0.09780525007491758,0.10697710359061624,0.36057845917048537,-0.11186602013310074,0.30747652028293593,5707,0.1721615713296718,0.47415454704748555,LPM interaction between post-2021 period and top master-amount quartile.,,,
m14_lpm_policy_q4,C(cause_group)[T.买卖合同纠纷],-0.2658279944516566,0.03529365233253006,5.0010133624471924e-14,-0.3350022819062936,-0.19665370699701962,5707,0.1721615713296718,0.47415454704748555,LPM interaction between post-2021 period and top master-amount quartile.,,,
m14_lpm_policy_q4,C(cause_group)[T.侵害作品信息网络传播权纠纷],-0.25014107918330025,0.19979852452468724,0.21058203514548035,-0.6417389914159299,0.1414568330493295,5707,0.1721615713296718,0.47415454704748555,LPM interaction between post-2021 period and top master-amount quartile.,,,
m14_lpm_policy_q4,C(cause_group)[T.其他],-0.41581103094954375,0.030992984674475726,4.853784519362527e-41,-0.476556164684918,-0.3550658972141695,5707,0.1721615713296718,0.47415454704748555,LPM interaction between post-2021 period and top master-amount quartile.,,,
m14_lpm_policy_q4,C(cause_group)[T.合同纠纷],-0.2727221422723786,0.03102162490696438,1.4776578550311119e-18,-0.3335234098319395,-0.21192087471281773,5707,0.1721615713296718,0.47415454704748555,LPM interaction between post-2021 period and top master-amount quartile.,,,
m14_lpm_policy_q4,C(cause_group)[T.委托合同纠纷],-0.29524212545259904,0.036062904699427155,2.6811905803337275e-16,-0.3659241198413765,-0.22456013106382156,5707,0.1721615713296718,0.47415454704748555,LPM interaction between post-2021 period and top master-amount quartile.,,,
m14_lpm_policy_q4,C(cause_group)[T.委托理财合同纠纷],-0.12698591211648252,0.04603002424669002,0.005802065720155731,-0.2172031018475004,-0.03676872238546465,5707,0.1721615713296718,0.47415454704748555,LPM interaction between post-2021 period and top master-amount quartile.,,,
m14_lpm_policy_q4,C(cause_group)[T.帮助信息网络犯罪活动罪],0.22484157465715082,0.029934433668036053,5.861687166417232e-14,0.16617116277019695,0.2835119865441047,5707,0.1721615713296718,0.47415454704748555,LPM interaction between post-2021 period and top master-amount quartile.,,,
m14_lpm_policy_q4,C(cause_group)[T.开设赌场罪],0.21916782352424669,0.04807463352738374,5.142032917349713e-06,0.12494327324061277,0.3133923738078806,5707,0.1721615713296718,0.47415454704748555,LPM interaction between post-2021 period and top master-amount quartile.,,,
m14_lpm_policy_q4,C(cause_group)[T.掩饰、隐瞒犯罪所得、犯罪所得收益罪],0.22188186592775652,0.028638151646336808,9.351895047265247e-15,0.1657521201171399,0.27801161173837313,5707,0.1721615713296718,0.47415454704748555,LPM interaction between post-2021 period and top master-amount quartile.,,,
m14_lpm_policy_q4,C(cause_group)[T.民间借贷纠纷],-0.4129293840338474,0.028904071568262944,2.6676937681304568e-46,-0.4695803233142109,-0.35627844475348386,5707,0.1721615713296718,0.47415454704748555,LPM interaction between post-2021 period and top master-amount quartile.,,,
m14_lpm_policy_q4,C(cause_group)[T.民间委托理财合同纠纷],-0.01631924752128099,0.04808278143795397,0.7343091783306818,-0.1105597674161818,0.07792127237361983,5707,0.1721615713296718,0.47415454704748555,LPM interaction between post-2021 period and top master-amount quartile.,,,
m14_lpm_policy_q4,C(cause_group)[T.盗窃罪],0.2860388395497762,0.028626196630374266,1.6487189934059538e-23,0.2299325251398808,0.3421451539596716,5707,0.1721615713296718,0.47415454704748555,LPM interaction between post-2021 period and top master-amount quartile.,,,
m14_lpm_policy_q4,C(cause_group)[T.组织、领导传销活动罪],0.24443125313813477,0.03033969510786981,7.852058633579391e-16,0.18496654342478386,0.3038959628514857,5707,0.1721615713296718,0.47415454704748555,LPM interaction between post-2021 period and top master-amount quartile.,,,
m14_lpm_policy_q4,C(cause_group)[T.网络服务合同纠纷],-0.6897724326023263,0.03367289987651257,2.9602281570650994e-93,-0.7557701036153142,-0.6237747615893385,5707,0.1721615713296718,0.47415454704748555,LPM interaction between post-2021 period and top master-amount quartile.,,,
m14_lpm_policy_q4,C(cause_group)[T.诈骗罪],0.2500980044294061,0.028628180734996553,2.41344515559429e-18,0.19398780124590945,0.3062082076129028,5707,0.1721615713296718,0.47415454704748555,LPM interaction between post-2021 period and top master-amount quartile.,,,
m14_lpm_policy_q4,C(cause_group)[T.赌博罪],0.3006680028305257,0.03590137056422401,5.5301975827284756e-17,0.2303026095290202,0.3710333961320312,5707,0.1721615713296718,0.47415454704748555,LPM interaction between post-2021 period and top master-amount quartile.,,,
m14_lpm_policy_q4,C(cause_group)[T.走私、贩卖、运输、制造毒品罪],0.2398361519786181,0.06604474755944624,0.00028186711359581216,0.11039082539406384,0.3692814785631724,5707,0.1721615713296718,0.47415454704748555,LPM interaction between post-2021 period and top master-amount quartile.,,,
m14_lpm_policy_q4,C(cause_group)[T.非法吸收公众存款罪],0.2726741036538442,0.03350555830718943,4.012798890855013e-16,0.2070044160898461,0.3383437912178423,5707,0.1721615713296718,0.47415454704748555,LPM interaction between post-2021 period and top master-amount quartile.,,,
m14_lpm_policy_q4,post2021,0.07995677773562113,0.013808133293405269,7.015354113347112e-09,0.052893333786818354,0.1070202216844239,5707,0.1721615713296718,0.47415454704748555,LPM interaction between post-2021 period and top master-amount quartile.,,,
m14_lpm_policy_q4,post2021:I(amount_quartile == 'Q4最高')[T.True],-0.0211390791377086,0.030972346010293257,0.4949135979261712,-0.08184376183459621,0.03956560355917902,5707,0.1721615713296718,0.47415454704748555,LPM interaction between post-2021 period and top master-amount quartile.,,,
m14_lpm_policy_q4,amount_llm_regex_conflict_flag,-0.05123001206208695,0.02389300667513724,0.03202146728197676,-0.09805944462773104,-0.004400579496442861,5707,0.1721615713296718,0.47415454704748555,LPM interaction between post-2021 period and top master-amount quartile.,,,
m14_lpm_policy_q4,amount_regex_fallback_flag,0.1799596734358015,0.0377416004434355,1.8587495008404084e-06,0.10598749584776698,0.253931851023836,5707,0.1721615713296718,0.47415454704748555,LPM interaction between post-2021 period and top master-amount quartile.,,,
m11_logit_simple,Intercept,-1.9354222200034068,0.16209907262764606,7.34446005846392e-33,,,5709,,0.47398843930635837,Low-dimensional logit; high-dimensional categorical controls caused singularity.,,0.14436330287969348,0.0203455221111265
m11_logit_simple,post2021,0.2617254906350933,0.05490370151996539,1.8699699013164554e-06,,,5709,,0.47398843930635837,Low-dimensional logit; high-dimensional categorical controls caused singularity.,,1.2991698591822258,0.0203455221111265
m11_logit_simple,log_amount_master,0.13945674040287,0.013059893919392832,1.2868202597174048e-26,,,5709,,0.47398843930635837,Low-dimensional logit; high-dimensional categorical controls caused singularity.,,1.1496490712866598,0.0203455221111265
m11_logit_simple,amount_llm_regex_conflict_flag,0.23296666324332052,0.11520157366039709,0.04315027942273618,,,5709,,0.47398843930635837,Low-dimensional logit; high-dimensional categorical controls caused singularity.,,1.2623393963245075,0.0203455221111265
m11_logit_simple,amount_regex_fallback_flag,1.0724947376756406,0.20723415326171446,2.2756962097360928e-07,,,5709,,0.47398843930635837,Low-dimensional logit; high-dimensional categorical controls caused singularity.,,2.922661686850502,0.0203455221111265
