model,term,coef,std_err,p_value,ci_low,ci_high,nobs,rsquared,dep_mean,note,error
m1_policy_baseline,Intercept,0.8138903195818625,0.05238542108947698,1.9617492599272138e-54,0.7112167809315226,0.9165638582322024,5150,0.13872939886933133,0.42135922330097086,"Civil main sample; 2021 post indicator, master amount, amount-quality flags, court level and cause controls.",
m1_policy_baseline,C(court_level_group)[T.基层法院],0.00756944411709593,0.014564890126441977,0.6032693022433209,-0.02097721596951338,0.036116104203705236,5150,0.13872939886933133,0.42135922330097086,"Civil main sample; 2021 post indicator, master amount, amount-quality flags, court level and cause controls.",
m1_policy_baseline,C(court_level_group)[T.最高人民法院],-0.07468166501870205,0.1161169762233121,0.5201210083717553,-0.30226675641008754,0.15290342637268345,5150,0.13872939886933133,0.42135922330097086,"Civil main sample; 2021 post indicator, master amount, amount-quality flags, court level and cause controls.",
m1_policy_baseline,C(court_level_group)[T.高级法院],-0.03924206133676257,0.11039559987848818,0.722239297240289,-0.25561346115029376,0.17712933847676865,5150,0.13872939886933133,0.42135922330097086,"Civil main sample; 2021 post indicator, master amount, amount-quality flags, court level and cause controls.",
m1_policy_baseline,C(index_case_cause)[T.不正当竞争纠纷],-0.08936601890787096,0.18054176619329368,0.6206085475776408,-0.4432213783519777,0.26448934053623574,5150,0.13872939886933133,0.42135922330097086,"Civil main sample; 2021 post indicator, master amount, amount-quality flags, court level and cause controls.",
m1_policy_baseline,C(index_case_cause)[T.与公司有关的纠纷],-0.5186805300094184,0.2387818810675072,0.029841045490658306,-0.9866844170624591,-0.05067664295637769,5150,0.13872939886933133,0.42135922330097086,"Civil main sample; 2021 post indicator, master amount, amount-quality flags, court level and cause controls.",
m1_policy_baseline,C(index_case_cause)[T.业主撤销权纠纷],-0.24968843906554886,0.23985480361947953,0.2978763444786642,-0.7197952156786561,0.22041833754755843,5150,0.13872939886933133,0.42135922330097086,"Civil main sample; 2021 post indicator, master amount, amount-quality flags, court level and cause controls.",
m1_policy_baseline,C(index_case_cause)[T.中介合同纠纷],-0.7919032688580226,0.027852487066272972,8.124694777402807e-178,-0.8464931403877853,-0.73731339732826,5150,0.13872939886933133,0.42135922330097086,"Civil main sample; 2021 post indicator, master amount, amount-quality flags, court level and cause controls.",
m1_policy_baseline,C(index_case_cause)[T.买卖合同纠纷],-0.2619354255398718,0.035636210527662936,1.978211474112887e-13,-0.3317811147195783,-0.19208973636016535,5150,0.13872939886933133,0.42135922330097086,"Civil main sample; 2021 post indicator, master amount, amount-quality flags, court level and cause controls.",
m1_policy_baseline,C(index_case_cause)[T.互易纠纷],-0.7436079545609461,0.03658567770673538,7.711467999935121e-92,-0.8153145652161374,-0.6719013439057547,5150,0.13872939886933133,0.42135922330097086,"Civil main sample; 2021 post indicator, master amount, amount-quality flags, court level and cause controls.",
m1_policy_baseline,C(index_case_cause)[T.人身保险合同纠纷],-0.7801708700850297,0.02896381047000662,8.309354253705095e-160,-0.8369388954612869,-0.7234028447087726,5150,0.13872939886933133,0.42135922330097086,"Civil main sample; 2021 post indicator, master amount, amount-quality flags, court level and cause controls.",
m1_policy_baseline,C(index_case_cause)[T.仓储合同纠纷],0.1834014798647224,0.028061373480081343,6.330123691794936e-11,0.12840219848703557,0.23840076124240925,5150,0.13872939886933133,0.42135922330097086,"Civil main sample; 2021 post indicator, master amount, amount-quality flags, court level and cause controls.",
m1_policy_baseline,C(index_case_cause)[T.企业承包经营合同纠纷],-0.6977082572042436,0.030151835886706894,1.8405151713298923e-118,-0.7568047696099514,-0.6386117447985358,5150,0.13872939886933133,0.42135922330097086,"Civil main sample; 2021 post indicator, master amount, amount-quality flags, court level and cause controls.",
m1_policy_baseline,C(index_case_cause)[T.供用电合同纠纷],-0.6459295839013841,0.09581773394339496,1.5704909312399794e-11,-0.8337288915106793,-0.4581302762920889,5150,0.13872939886933133,0.42135922330097086,"Civil main sample; 2021 post indicator, master amount, amount-quality flags, court level and cause controls.",
m1_policy_baseline,C(index_case_cause)[T.侵害作品信息网络传播权纠纷],-0.2398160352256968,0.20102118978854194,0.2328737453147539,-0.6338103273406299,0.15417825688923628,5150,0.13872939886933133,0.42135922330097086,"Civil main sample; 2021 post indicator, master amount, amount-quality flags, court level and cause controls.",
m1_policy_baseline,C(index_case_cause)[T.侵害作品改编权纠纷],-0.6165681712135963,0.11389434395614997,6.180113744538973e-08,-0.8397969834104675,-0.3933393590167252,5150,0.13872939886933133,0.42135922330097086,"Civil main sample; 2021 post indicator, master amount, amount-quality flags, court level and cause controls.",
m1_policy_baseline,C(index_case_cause)[T.侵害发明专利权纠纷],0.28760958939801845,0.1192790850631842,0.01589871599961763,0.053826878565287894,0.521392300230749,5150,0.13872939886933133,0.42135922330097086,"Civil main sample; 2021 post indicator, master amount, amount-quality flags, court level and cause controls.",
m1_policy_baseline,C(index_case_cause)[T.侵害商标权纠纷],-0.2162751504564251,0.17337599552338065,0.2122383241679071,-0.5560858574660288,0.1235355565531786,5150,0.13872939886933133,0.42135922330097086,"Civil main sample; 2021 post indicator, master amount, amount-quality flags, court level and cause controls.",
m1_policy_baseline,C(index_case_cause)[T.侵害外观设计专利权纠纷],-0.02792708448734739,0.31994635365317614,0.9304435681440066,-0.6550104146324878,0.599156245657793,5150,0.13872939886933133,0.42135922330097086,"Civil main sample; 2021 post indicator, master amount, amount-quality flags, court level and cause controls.",
m1_policy_baseline,C(index_case_cause)[T.侵权责任纠纷],-0.21074597212377186,0.16130973253187555,0.1913935207327624,-0.526907238242037,0.10541529399449331,5150,0.13872939886933133,0.42135922330097086,"Civil main sample; 2021 post indicator, master amount, amount-quality flags, court level and cause controls.",
m1_policy_baseline,C(index_case_cause)[T.保管合同纠纷],-0.47877993285621684,0.21199969195966728,0.023920783111763995,-0.8942916938307504,-0.06326817188168332,5150,0.13872939886933133,0.42135922330097086,"Civil main sample; 2021 post indicator, master amount, amount-quality flags, court level and cause controls.",
m1_policy_baseline,C(index_case_cause)[T.保证合同纠纷],-0.07346167993568382,0.10373576683533728,0.47884494954235945,-0.27678004684158947,0.12985668697022185,5150,0.13872939886933133,0.42135922330097086,"Civil main sample; 2021 post indicator, master amount, amount-quality flags, court level and cause controls.",
m1_policy_baseline,C(index_case_cause)[T.保险代理合同纠纷],0.21149720288599475,0.028098184799680303,5.1888740821209434e-14,0.15642577264767055,0.26656863312431894,5150,0.13872939886933133,0.42135922330097086,"Civil main sample; 2021 post indicator, master amount, amount-quality flags, court level and cause controls.",
m1_policy_baseline,C(index_case_cause)[T.信息网络买卖合同纠纷],-0.5490013442443055,0.09835516881829111,2.3800774103621408e-08,-0.7417739328215129,-0.35622875566709794,5150,0.13872939886933133,0.42135922330097086,"Civil main sample; 2021 post indicator, master amount, amount-quality flags, court level and cause controls.",
m1_policy_baseline,C(index_case_cause)[T.信用卡纠纷],-0.7651596210806989,0.03508590125109352,1.9404640080338066e-105,-0.8339267238979711,-0.6963925182634267,5150,0.13872939886933133,0.42135922330097086,"Civil main sample; 2021 post indicator, master amount, amount-quality flags, court level and cause controls.",
m1_policy_baseline,C(index_case_cause)[T.修理合同纠纷],-0.8207954879204592,0.028441427402940454,3.889644324722845e-183,-0.8765396612991331,-0.7650513145417853,5150,0.13872939886933133,0.42135922330097086,"Civil main sample; 2021 post indicator, master amount, amount-quality flags, court level and cause controls.",
m1_policy_baseline,C(index_case_cause)[T.借款合同纠纷],-0.333357922591451,0.11830263853596225,0.004834787596767415,-0.5652268333979973,-0.10148901178490466,5150,0.13872939886933133,0.42135922330097086,"Civil main sample; 2021 post indicator, master amount, amount-quality flags, court level and cause controls.",
m1_policy_baseline,C(index_case_cause)[T.借用合同纠纷],-0.25925475224313066,0.215126483099752,0.22815424388583339,-0.6808949112394092,0.16238540675314783,5150,0.13872939886933133,0.42135922330097086,"Civil main sample; 2021 post indicator, master amount, amount-quality flags, court level and cause controls.",
m1_policy_baseline,C(index_case_cause)[T.债券质权纠纷],-0.22011054855753184,0.34975930065743155,0.5291395326962569,-0.9056261811040142,0.4654050839889504,5150,0.13872939886933133,0.42135922330097086,"Civil main sample; 2021 post indicator, master amount, amount-quality flags, court level and cause controls.",
m1_policy_baseline,C(index_case_cause)[T.债务加入纠纷],-0.7914130674174755,0.027883928422648505,3.3340446301940213e-177,-0.8460645628733594,-0.7367615719615916,5150,0.13872939886933133,0.42135922330097086,"Civil main sample; 2021 post indicator, master amount, amount-quality flags, court level and cause controls.",
m1_policy_baseline,C(index_case_cause)[T.债务转移合同纠纷],-0.6995183620020287,0.029607905397272868,2.0803074087927353e-123,-0.7575487902383525,-0.6414879337657048,5150,0.13872939886933133,0.42135922330097086,"Civil main sample; 2021 post indicator, master amount, amount-quality flags, court level and cause controls.",
m1_policy_baseline,C(index_case_cause)[T.债权人撤销权纠纷],-0.27418884973698976,0.2961439929417365,0.35451703440371185,-0.8546204101406772,0.3062427106666977,5150,0.13872939886933133,0.42135922330097086,"Civil main sample; 2021 post indicator, master amount, amount-quality flags, court level and cause controls.",
m1_policy_baseline,C(index_case_cause)[T.债权转让合同纠纷],-0.3157966493444899,0.17036354870023832,0.06378735252173064,-0.6497030690753925,0.018109770386412705,5150,0.13872939886933133,0.42135922330097086,"Civil main sample; 2021 post indicator, master amount, amount-quality flags, court level and cause controls.",
m1_policy_baseline,C(index_case_cause)[T.储蓄存款合同纠纷],-0.7184728324605653,0.028832508090239715,4.64918494850494e-137,-0.7749835099013949,-0.6619621550197357,5150,0.13872939886933133,0.42135922330097086,"Civil main sample; 2021 post indicator, master amount, amount-quality flags, court level and cause controls.",
m1_policy_baseline,C(index_case_cause)[T.公益事业捐赠合同纠纷],-0.6847300003734569,0.03172110164873358,2.434532435606982e-103,-0.7469022171549088,-0.622557783592005,5150,0.13872939886933133,0.42135922330097086,"Civil main sample; 2021 post indicator, master amount, amount-quality flags, court level and cause controls.",
m1_policy_baseline,C(index_case_cause)[T.共有纠纷],-0.7159755941166921,0.028821491503222222,3.1770970576918856e-136,-0.7724646794437349,-0.6594865087896493,5150,0.13872939886933133,0.42135922330097086,"Civil main sample; 2021 post indicator, master amount, amount-quality flags, court level and cause controls.",
m1_policy_baseline,C(index_case_cause)[T.再保险合同纠纷],-0.7943698216971798,0.027714896099673335,1.1297022492170846e-180,-0.8486900198878092,-0.7400496235065505,5150,0.13872939886933133,0.42135922330097086,"Civil main sample; 2021 post indicator, master amount, amount-quality flags, court level and cause controls.",
m1_policy_baseline,C(index_case_cause)[T.分期付款买卖合同纠纷],-0.7966323543487294,0.027619232065956307,6.1321926841896e-183,-0.8507650544786575,-0.7424996542188013,5150,0.13872939886933133,0.42135922330097086,"Civil main sample; 2021 post indicator, master amount, amount-quality flags, court level and cause controls.",
m1_policy_baseline,C(index_case_cause)[T.劳务合同纠纷],-0.6764230626253246,0.08833219475574208,1.892654896338121e-14,-0.849550983021957,-0.5032951422286922,5150,0.13872939886933133,0.42135922330097086,"Civil main sample; 2021 post indicator, master amount, amount-quality flags, court level and cause controls.",
m1_policy_baseline,C(index_case_cause)[T.劳动争议],-0.6588386922844837,0.06621311740367886,2.51488610283627e-23,-0.7886140176998164,-0.5290633668691509,5150,0.13872939886933133,0.42135922330097086,"Civil main sample; 2021 post indicator, master amount, amount-quality flags, court level and cause controls.",
m1_policy_baseline,C(index_case_cause)[T.劳动合同纠纷],-0.6237233255495764,0.10555181787077837,3.438418595399162e-09,-0.8306010870790332,-0.4168455640201196,5150,0.13872939886933133,0.42135922330097086,"Civil main sample; 2021 post indicator, master amount, amount-quality flags, court level and cause controls.",
m1_policy_baseline,C(index_case_cause)[T.占有物返还纠纷],-0.8950992318964978,0.05391851520820256,6.858267481590258e-62,-1.00077757980445,-0.7894208839885456,5150,0.13872939886933133,0.42135922330097086,"Civil main sample; 2021 post indicator, master amount, amount-quality flags, court level and cause controls.",
m1_policy_baseline,C(index_case_cause)[T.发起人责任纠纷],-0.7073201332607562,0.029136200200107296,3.4864292999883268e-130,-0.7644260362993152,-0.6502142302221972,5150,0.13872939886933133,0.42135922330097086,"Civil main sample; 2021 post indicator, master amount, amount-quality flags, court level and cause controls.",
m1_policy_baseline,C(index_case_cause)[T.合伙企业纠纷],-0.6166202210647215,0.12911816048114796,1.7914785729680252e-06,-0.8696871653578344,-0.3635532767716086,5150,0.13872939886933133,0.42135922330097086,"Civil main sample; 2021 post indicator, master amount, amount-quality flags, court level and cause controls.",
m1_policy_baseline,C(index_case_cause)[T.合伙协议纠纷],-0.55770457483748,0.06916738144249984,7.437428528822001e-16,-0.6932701513697238,-0.42213899830523627,5150,0.13872939886933133,0.42135922330097086,"Civil main sample; 2021 post indicator, master amount, amount-quality flags, court level and cause controls.",
m1_policy_baseline,C(index_case_cause)[T.合伙合同纠纷],-0.2927754585078945,0.09685530684495224,0.002504371352437898,-0.4826083716355767,-0.10294254538021233,5150,0.13872939886933133,0.42135922330097086,"Civil main sample; 2021 post indicator, master amount, amount-quality flags, court level and cause controls.",
m1_policy_baseline,C(index_case_cause)[T.合作创作合同纠纷],-0.7145638434082626,0.02883064785384682,1.3053412773048987e-135,-0.7710708748527594,-0.6580568119637659,5150,0.13872939886933133,0.42135922330097086,"Civil main sample; 2021 post indicator, master amount, amount-quality flags, court level and cause controls.",
m1_policy_baseline,C(index_case_cause)[T.合同、准合同纠纷],0.23873516267246694,0.032151970534937506,1.1260033758379724e-13,0.1757184583919964,0.3017518669529375,5150,0.13872939886933133,0.42135922330097086,"Civil main sample; 2021 post indicator, master amount, amount-quality flags, court level and cause controls.",
m1_policy_baseline,C(index_case_cause)[T.合同、无因管理、不当得利],-0.7152417357142348,0.02960365389033002,5.778876787918238e-129,-0.7732638311500707,-0.6572196402783989,5150,0.13872939886933133,0.42135922330097086,"Civil main sample; 2021 post indicator, master amount, amount-quality flags, court level and cause controls.",
m1_policy_baseline,C(index_case_cause)[T.合同纠纷],-0.26834394622001334,0.031301642184646546,1.0096440327234894e-17,-0.3296940375588802,-0.20699385488114647,5150,0.13872939886933133,0.42135922330097086,"Civil main sample; 2021 post indicator, master amount, amount-quality flags, court level and cause controls.",
m1_policy_baseline,C(index_case_cause)[T.名誉权纠纷],0.32868499872575985,0.034026698945538586,4.475186721493362e-22,0.2619938942797172,0.3953761031718025,5150,0.13872939886933133,0.42135922330097086,"Civil main sample; 2021 post indicator, master amount, amount-quality flags, court level and cause controls.",
m1_policy_baseline,C(index_case_cause)[T.商品房销售合同纠纷],-0.8207559556110082,0.02843740683288612,3.5987575699783207e-183,-0.8764922488171782,-0.7650196624048382,5150,0.13872939886933133,0.42135922330097086,"Civil main sample; 2021 post indicator, master amount, amount-quality flags, court level and cause controls.",
m1_policy_baseline,C(index_case_cause)[T.商品房预售合同纠纷],-0.7780329668105765,0.02923506707990863,4.800290509798144e-156,-0.83533264537281,-0.720733288248343,5150,0.13872939886933133,0.42135922330097086,"Civil main sample; 2021 post indicator, master amount, amount-quality flags, court level and cause controls.",
m1_policy_baseline,C(index_case_cause)[T.土地租赁合同纠纷],-0.8158441460990689,0.02800323539822997,1.3353311417068659e-186,-0.8707294789301968,-0.7609588132679409,5150,0.13872939886933133,0.42135922330097086,"Civil main sample; 2021 post indicator, master amount, amount-quality flags, court level and cause controls.",
m1_policy_baseline,C(index_case_cause)[T.委托合同纠纷],-0.2932000336746951,0.0364205978700989,8.253031139360921e-16,-0.36458309379550513,-0.22181697355388505,5150,0.13872939886933133,0.42135922330097086,"Civil main sample; 2021 post indicator, master amount, amount-quality flags, court level and cause controls.",
m1_policy_baseline,C(index_case_cause)[T.委托理财合同纠纷],-0.12969911716780708,0.046774234866918944,0.005556342038825309,-0.22137493291138585,-0.0380233014242283,5150,0.13872939886933133,0.42135922330097086,"Civil main sample; 2021 post indicator, master amount, amount-quality flags, court level and cause controls.",
m1_policy_baseline,C(index_case_cause)[T.娱乐服务合同纠纷],-0.7215548256102977,0.030527009370639634,1.621054829417475e-123,-0.7813866645324682,-0.6617229866881272,5150,0.13872939886933133,0.42135922330097086,"Civil main sample; 2021 post indicator, master amount, amount-quality flags, court level and cause controls.",
m1_policy_baseline,C(index_case_cause)[T.婚约财产纠纷],-0.047334074715361635,0.22392300945830484,0.8325864794979396,-0.48621510856346106,0.39154695913273774,5150,0.13872939886933133,0.42135922330097086,"Civil main sample; 2021 post indicator, master amount, amount-quality flags, court level and cause controls.",
m1_policy_baseline,C(index_case_cause)[T.定作合同纠纷],-0.804331488884342,0.028224392813546648,1.2493564464863053e-178,-0.8596502822844045,-0.7490126954842795,5150,0.13872939886933133,0.42135922330097086,"Civil main sample; 2021 post indicator, master amount, amount-quality flags, court level and cause controls.",
m1_policy_baseline,C(index_case_cause)[T.定金合同纠纷],-0.3124103612567573,0.35508133995524377,0.37895271340522574,-1.0083569991512584,0.38353627663774376,5150,0.13872939886933133,0.42135922330097086,"Civil main sample; 2021 post indicator, master amount, amount-quality flags, court level and cause controls.",
m1_policy_baseline,C(index_case_cause)[T.广告合同纠纷],-0.5660907980642089,0.14875403287303832,0.00014148985605125952,-0.8576433450504513,-0.27453825107796653,5150,0.13872939886933133,0.42135922330097086,"Civil main sample; 2021 post indicator, master amount, amount-quality flags, court level and cause controls.",
m1_policy_baseline,C(index_case_cause)[T.建设工程合同纠纷],-0.7595505988098111,0.032492256717785155,7.436649724838535e-121,-0.8232342517530996,-0.6958669458665226,5150,0.13872939886933133,0.42135922330097086,"Civil main sample; 2021 post indicator, master amount, amount-quality flags, court level and cause controls.",
m1_policy_baseline,C(index_case_cause)[T.建设工程施工合同纠纷],-0.05989598946970344,0.1255539630798319,0.6333238443300218,-0.30597723522244563,0.18618525628303872,5150,0.13872939886933133,0.42135922330097086,"Civil main sample; 2021 post indicator, master amount, amount-quality flags, court level and cause controls.",
m1_policy_baseline,C(index_case_cause)[T.悬赏广告纠纷],0.1510866762501815,0.03314842128285074,5.167143273367813e-06,0.08611696439143303,0.21605638810892996,5150,0.13872939886933133,0.42135922330097086,"Civil main sample; 2021 post indicator, master amount, amount-quality flags, court level and cause controls.",
m1_policy_baseline,C(index_case_cause)[T.房屋买卖合同纠纷],-0.6016264903610502,0.07586400021941277,2.1856585709232354e-15,-0.750317198514238,-0.45293578220786246,5150,0.13872939886933133,0.42135922330097086,"Civil main sample; 2021 post indicator, master amount, amount-quality flags, court level and cause controls.",
m1_policy_baseline,C(index_case_cause)[T.房屋拆迁安置补偿合同纠纷],0.3135715936483792,0.03101687382488577,5.003224889237828e-24,0.25277963803858,0.37436354925817844,5150,0.13872939886933133,0.42135922330097086,"Civil main sample; 2021 post indicator, master amount, amount-quality flags, court level and cause controls.",
m1_policy_baseline,C(index_case_cause)[T.房屋租赁合同纠纷],-0.4855707030713722,0.1108229869917925,1.1786609085441897e-05,-0.7027797662344364,-0.26836163990830797,5150,0.13872939886933133,0.42135922330097086,"Civil main sample; 2021 post indicator, master amount, amount-quality flags, court level and cause controls.",
m1_policy_baseline,C(index_case_cause)[T.所有权确认纠纷],-0.7976937804702668,0.027584518985261357,7.056545802897888e-184,-0.8517584442122405,-0.7436291167282932,5150,0.13872939886933133,0.42135922330097086,"Civil main sample; 2021 post indicator, master amount, amount-quality flags, court level and cause controls.",
m1_policy_baseline,C(index_case_cause)[T.所有权纠纷],-0.21721308781530335,0.34283795014380664,0.526359108601995,-0.889163122630703,0.45473694700009626,5150,0.13872939886933133,0.42135922330097086,"Civil main sample; 2021 post indicator, master amount, amount-quality flags, court level and cause controls.",
m1_policy_baseline,C(index_case_cause)[T.执行异议之诉],-0.4691656179831714,0.2791069763043172,0.09277210754658889,-1.0162052393735075,0.0778740034071646,5150,0.13872939886933133,0.42135922330097086,"Civil main sample; 2021 post indicator, master amount, amount-quality flags, court level and cause controls.",
m1_policy_baseline,C(index_case_cause)[T.技术合同纠纷],-0.6990686463485464,0.029649717059535848,6.546251239246416e-123,-0.7571810239370395,-0.6409562687600533,5150,0.13872939886933133,0.42135922330097086,"Civil main sample; 2021 post indicator, master amount, amount-quality flags, court level and cause controls.",
m1_policy_baseline,C(index_case_cause)[T.技术委托开发合同纠纷],-0.7207647916768428,0.02887318227775496,1.5382127028877165e-137,-0.7773551890603027,-0.664174394293383,5150,0.13872939886933133,0.42135922330097086,"Civil main sample; 2021 post indicator, master amount, amount-quality flags, court level and cause controls.",
m1_policy_baseline,C(index_case_cause)[T.技术服务合同纠纷],-0.7033142746883168,0.030181828372452507,4.1747581718316486e-120,-0.7624695712858929,-0.6441589780907406,5150,0.13872939886933133,0.42135922330097086,"Civil main sample; 2021 post indicator, master amount, amount-quality flags, court level and cause controls.",
m1_policy_baseline,C(index_case_cause)[T.抵押合同纠纷],-0.17193205325330474,0.3680856084963277,0.6404297617393075,-0.8933665891336176,0.5495024826270081,5150,0.13872939886933133,0.42135922330097086,"Civil main sample; 2021 post indicator, master amount, amount-quality flags, court level and cause controls.",
m1_policy_baseline,C(index_case_cause)[T.担保物权确认纠纷],-0.6920824631020306,0.030429338429380014,1.6482611196957536e-114,-0.751722870496996,-0.6324420557070651,5150,0.13872939886933133,0.42135922330097086,"Civil main sample; 2021 post indicator, master amount, amount-quality flags, court level and cause controls.",
m1_policy_baseline,C(index_case_cause)[T.损害公司债权人利益责任纠纷],-0.7317195021330202,0.047661143763636914,3.4059833341206906e-53,-0.8251336273717343,-0.638305376894306,5150,0.13872939886933133,0.42135922330097086,"Civil main sample; 2021 post indicator, master amount, amount-quality flags, court level and cause controls.",
m1_policy_baseline,C(index_case_cause)[T.损害公司利益责任纠纷],-0.6849505719276827,0.03117706101335616,5.614225047802656e-107,-0.7460564886576686,-0.6238446551976968,5150,0.13872939886933133,0.42135922330097086,"Civil main sample; 2021 post indicator, master amount, amount-quality flags, court level and cause controls.",
m1_policy_baseline,C(index_case_cause)[T.排除妨害纠纷],0.25846270207192523,0.033041447197252334,5.183452702820329e-15,0.19370265556822874,0.3232227485756217,5150,0.13872939886933133,0.42135922330097086,"Civil main sample; 2021 post indicator, master amount, amount-quality flags, court level and cause controls.",
m1_policy_baseline,C(index_case_cause)[T.教育培训合同纠纷],-0.7733449035028331,0.04539200204523894,4.36333982108032e-65,-0.8623115926976699,-0.6843782143079964,5150,0.13872939886933133,0.42135922330097086,"Civil main sample; 2021 post indicator, master amount, amount-quality flags, court level and cause controls.",
m1_policy_baseline,C(index_case_cause)[T.旅游合同纠纷],-0.7227206547739168,0.028930933398636324,9.861589860755112e-138,-0.7794242422743709,-0.6660170672734627,5150,0.13872939886933133,0.42135922330097086,"Civil main sample; 2021 post indicator, master amount, amount-quality flags, court level and cause controls.",
m1_policy_baseline,C(index_case_cause)[T.服务合同纠纷],-0.5725047477247138,0.05743546164682482,2.108638709775111e-23,-0.685076183987922,-0.4599333114615056,5150,0.13872939886933133,0.42135922330097086,"Civil main sample; 2021 post indicator, master amount, amount-quality flags, court level and cause controls.",
m1_policy_baseline,C(index_case_cause)[T.机动车交通事故责任纠纷],0.29955349191602726,0.030040931106753693,2.0311377393865682e-23,0.24067434888474104,0.3584326349473135,5150,0.13872939886933133,0.42135922330097086,"Civil main sample; 2021 post indicator, master amount, amount-quality flags, court level and cause controls.",
m1_policy_baseline,C(index_case_cause)[T.案外人执行异议之诉],-0.7365321756993881,0.04469199840187077,5.093304060145855e-61,-0.8241268829641765,-0.6489374684345998,5150,0.13872939886933133,0.42135922330097086,"Civil main sample; 2021 post indicator, master amount, amount-quality flags, court level and cause controls.",
m1_policy_baseline,C(index_case_cause)[T.民间借贷纠纷],-0.4089648557115997,0.029224085300420196,1.6935324271530538e-44,-0.4662430103815497,-0.3516867010416497,5150,0.13872939886933133,0.42135922330097086,"Civil main sample; 2021 post indicator, master amount, amount-quality flags, court level and cause controls.",
m1_policy_baseline,C(index_case_cause)[T.民间委托理财合同纠纷],-0.013900744206392621,0.04852864845569199,0.7745380151215917,-0.10901514739795423,0.081213658985169,5150,0.13872939886933133,0.42135922330097086,"Civil main sample; 2021 post indicator, master amount, amount-quality flags, court level and cause controls.",
m1_policy_baseline,C(index_case_cause)[T.法律服务合同纠纷],-0.7985008582230622,0.027562492054041453,1.5460362537915197e-184,-0.8525223499731548,-0.7444793664729695,5150,0.13872939886933133,0.42135922330097086,"Civil main sample; 2021 post indicator, master amount, amount-quality flags, court level and cause controls.",
m1_policy_baseline,C(index_case_cause)[T.消费者权益保护民事公益诉讼],0.18055588167359782,0.03108471753273869,6.303139831249964e-09,0.11963095483982922,0.24148080850736642,5150,0.13872939886933133,0.42135922330097086,"Civil main sample; 2021 post indicator, master amount, amount-quality flags, court level and cause controls.",
m1_policy_baseline,C(index_case_cause)[T.清算责任纠纷],-0.03516899020324539,0.22951271023198616,0.8782142973935966,-0.4850056362521158,0.41466765584562504,5150,0.13872939886933133,0.42135922330097086,"Civil main sample; 2021 post indicator, master amount, amount-quality flags, court level and cause controls.",
m1_policy_baseline,C(index_case_cause)[T.演出合同纠纷],-0.775873786271548,0.03741325222592947,1.5752822263006854e-95,-0.8492024131788828,-0.7025451593642132,5150,0.13872939886933133,0.42135922330097086,"Civil main sample; 2021 post indicator, master amount, amount-quality flags, court level and cause controls.",
m1_policy_baseline,C(index_case_cause)[T.物业服务合同纠纷],-0.8437371479659522,0.03203691879885283,7.347235421207427e-153,-0.906528354987338,-0.7809459409445665,5150,0.13872939886933133,0.42135922330097086,"Civil main sample; 2021 post indicator, master amount, amount-quality flags, court level and cause controls.",
m1_policy_baseline,C(index_case_cause)[T.物权保护纠纷],0.17518825170750818,0.07265045641921322,0.015892044232290247,0.032795973665453476,0.31758052974956286,5150,0.13872939886933133,0.42135922330097086,"Civil main sample; 2021 post indicator, master amount, amount-quality flags, court level and cause controls.",
m1_policy_baseline,C(index_case_cause)[T.物权纠纷],0.30207346263233187,0.04469426952586722,1.3927183584923782e-11,0.21447430404630605,0.38967262121835766,5150,0.13872939886933133,0.42135922330097086,"Civil main sample; 2021 post indicator, master amount, amount-quality flags, court level and cause controls.",
m1_policy_baseline,C(index_case_cause)[T.特许经营合同纠纷],-0.8119615941204229,0.029349788554867983,1.8426603926898003e-168,-0.86948612264183,-0.7544370655990158,5150,0.13872939886933133,0.42135922330097086,"Civil main sample; 2021 post indicator, master amount, amount-quality flags, court level and cause controls.",
m1_policy_baseline,C(index_case_cause)[T.确认合同效力纠纷],-0.40267515560475564,0.1575483909082727,0.010591891621300255,-0.7114643276072078,-0.09388598360230349,5150,0.13872939886933133,0.42135922330097086,"Civil main sample; 2021 post indicator, master amount, amount-quality flags, court level and cause controls.",
m1_policy_baseline,C(index_case_cause)[T.确认合同无效纠纷],0.13460225577058013,0.08360833290029474,0.10741655356456038,-0.029267065521432822,0.2984715770625931,5150,0.13872939886933133,0.42135922330097086,"Civil main sample; 2021 post indicator, master amount, amount-quality flags, court level and cause controls.",
m1_policy_baseline,C(index_case_cause)[T.确认合同有效纠纷],0.288984184810271,0.055243098163283835,1.6847108583068856e-07,0.18070970201582387,0.3972586676047181,5150,0.13872939886933133,0.42135922330097086,"Civil main sample; 2021 post indicator, master amount, amount-quality flags, court level and cause controls.",
m1_policy_baseline,C(index_case_cause)[T.离婚后财产纠纷],-0.8245831413551907,0.05253272584225463,1.5966592000208135e-55,-0.9275453920157264,-0.7216208906946551,5150,0.13872939886933133,0.42135922330097086,"Civil main sample; 2021 post indicator, master amount, amount-quality flags, court level and cause controls.",
m1_policy_baseline,C(index_case_cause)[T.离婚纠纷],-0.21716699796177275,0.3632828811234966,0.549979835360636,-0.9291883611637719,0.4948543652402264,5150,0.13872939886933133,0.42135922330097086,"Civil main sample; 2021 post indicator, master amount, amount-quality flags, court level and cause controls.",
m1_policy_baseline,C(index_case_cause)[T.种植、养殖回收合同纠纷],-0.7717456664152824,0.030191733393609626,4.09180410454492e-144,-0.8309203764975925,-0.7125709563329723,5150,0.13872939886933133,0.42135922330097086,"Civil main sample; 2021 post indicator, master amount, amount-quality flags, court level and cause controls.",
m1_policy_baseline,C(index_case_cause)[T.租赁合同纠纷],-0.6701985230494316,0.06499447405223291,6.243775634762209e-25,-0.7975853513859312,-0.542811694712932,5150,0.13872939886933133,0.42135922330097086,"Civil main sample; 2021 post indicator, master amount, amount-quality flags, court level and cause controls.",
m1_policy_baseline,C(index_case_cause)[T.竞业限制纠纷],-0.7012298587000368,0.029458330800945374,3.0267490283119314e-125,-0.7589671261145567,-0.643492591285517,5150,0.13872939886933133,0.42135922330097086,"Civil main sample; 2021 post indicator, master amount, amount-quality flags, court level and cause controls.",
m1_policy_baseline,C(index_case_cause)[T.缔约过失责任纠纷],-0.09790818348494698,0.2918624017966396,0.7372780563954308,-0.669947979447719,0.474131612477825,5150,0.13872939886933133,0.42135922330097086,"Civil main sample; 2021 post indicator, master amount, amount-quality flags, court level and cause controls.",
m1_policy_baseline,C(index_case_cause)[T.网络侵害虚拟财产纠纷],-0.6345901515368019,0.24838322201642096,0.010622339789752024,-1.1214123210530031,-0.14776798202060054,5150,0.13872939886933133,0.42135922330097086,"Civil main sample; 2021 post indicator, master amount, amount-quality flags, court level and cause controls.",
m1_policy_baseline,C(index_case_cause)[T.网络侵权责任纠纷],-0.5269742074956135,0.10479814343951385,4.944116199304927e-07,-0.7323747942837232,-0.32157362070750384,5150,0.13872939886933133,0.42135922330097086,"Civil main sample; 2021 post indicator, master amount, amount-quality flags, court level and cause controls.",
m1_policy_baseline,C(index_case_cause)[T.网络域名合同纠纷],-0.6201628337029734,0.05036498943249179,7.674860664214807e-35,-0.7188763990723978,-0.5214492683335491,5150,0.13872939886933133,0.42135922330097086,"Civil main sample; 2021 post indicator, master amount, amount-quality flags, court level and cause controls.",
m1_policy_baseline,C(index_case_cause)[T.网络服务合同纠纷],-0.7036423784861641,0.03409737747205758,1.2971771521025553e-94,-0.7704720102986643,-0.6368127466736638,5150,0.13872939886933133,0.42135922330097086,"Civil main sample; 2021 post indicator, master amount, amount-quality flags, court level and cause controls.",
m1_policy_baseline,C(index_case_cause)[T.联营合同纠纷],-0.7080943317383267,0.033579840143181466,1.0494171344291482e-98,-0.7739096090255747,-0.6422790544510787,5150,0.13872939886933133,0.42135922330097086,"Civil main sample; 2021 post indicator, master amount, amount-quality flags, court level and cause controls.",
m1_policy_baseline,C(index_case_cause)[T.肖像权纠纷],0.3673100054923637,0.11318981341112798,0.001174176106339317,0.14546204778974406,0.5891579631949834,5150,0.13872939886933133,0.42135922330097086,"Civil main sample; 2021 post indicator, master amount, amount-quality flags, court level and cause controls.",
m1_policy_baseline,C(index_case_cause)[T.股东出资纠纷],-0.7895096379014951,0.027789737288645797,1.5165935351323552e-177,-0.8439765221270706,-0.7350427536759195,5150,0.13872939886933133,0.42135922330097086,"Civil main sample; 2021 post indicator, master amount, amount-quality flags, court level and cause controls.",
m1_policy_baseline,C(index_case_cause)[T.股东损害公司债权人利益责任纠纷],-0.5601582589711739,0.1768720620427822,0.0015400702809426753,-0.9068211304463609,-0.21349538749598684,5150,0.13872939886933133,0.42135922330097086,"Civil main sample; 2021 post indicator, master amount, amount-quality flags, court level and cause controls.",
m1_policy_baseline,C(index_case_cause)[T.股东资格确认纠纷],-0.7805390965285658,0.02891795364892327,1.8594052891213715e-160,-0.837217244187054,-0.7238609488700776,5150,0.13872939886933133,0.42135922330097086,"Civil main sample; 2021 post indicator, master amount, amount-quality flags, court level and cause controls.",
m1_policy_baseline,C(index_case_cause)[T.股权转让纠纷],-0.6026090022384117,0.1332954655343912,6.1591390970780014e-06,-0.8638633139883185,-0.3413546904885049,5150,0.13872939886933133,0.42135922330097086,"Civil main sample; 2021 post indicator, master amount, amount-quality flags, court level and cause controls.",
m1_policy_baseline,C(index_case_cause)[T.著作权合同纠纷],-0.6986294684695392,0.03167713866163668,8.611993658275907e-108,-0.7607155193796284,-0.63654341755945,5150,0.13872939886933133,0.42135922330097086,"Civil main sample; 2021 post indicator, master amount, amount-quality flags, court level and cause controls.",
m1_policy_baseline,C(index_case_cause)[T.著作权权属纠纷],-0.6918686184637959,0.059029845131976476,9.989323643724804e-32,-0.8075649889354468,-0.576172247992145,5150,0.13872939886933133,0.42135922330097086,"Civil main sample; 2021 post indicator, master amount, amount-quality flags, court level and cause controls.",
m1_policy_baseline,C(index_case_cause)[T.著作权许可使用合同纠纷],-0.7297694728344691,0.06499379968546104,2.961421055970093e-29,-0.8571549794363835,-0.6023839662325547,5150,0.13872939886933133,0.42135922330097086,"Civil main sample; 2021 post indicator, master amount, amount-quality flags, court level and cause controls.",
m1_policy_baseline,C(index_case_cause)[T.融资租赁合同纠纷],-0.6382510409253476,0.0454242757256819,7.608285393735497e-45,-0.7272809853715011,-0.549221096479194,5150,0.13872939886933133,0.42135922330097086,"Civil main sample; 2021 post indicator, master amount, amount-quality flags, court level and cause controls.",
m1_policy_baseline,C(index_case_cause)[T.行纪合同纠纷],-0.28763261942344726,0.35722696090220524,0.4207148225795724,-0.9877845970984676,0.412519358251573,5150,0.13872939886933133,0.42135922330097086,"Civil main sample; 2021 post indicator, master amount, amount-quality flags, court level and cause controls.",
m1_policy_baseline,C(index_case_cause)[T.被继承人债务清偿纠纷],-0.6449539288052922,0.1036952416555008,4.980869172916031e-10,-0.8481928678182513,-0.4417149897923331,5150,0.13872939886933133,0.42135922330097086,"Civil main sample; 2021 post indicator, master amount, amount-quality flags, court level and cause controls.",
m1_policy_baseline,C(index_case_cause)[T.装饰装修合同纠纷],-0.7370241337242224,0.03074138648427456,5.073005820977479e-127,-0.7972761440682269,-0.6767721233802179,5150,0.13872939886933133,0.42135922330097086,"Civil main sample; 2021 post indicator, master amount, amount-quality flags, court level and cause controls.",
m1_policy_baseline,C(index_case_cause)[T.计算机软件开发合同纠纷],-0.5754977832926151,0.08931931590645416,1.1701865230004353e-10,-0.7505604255930208,-0.40043514099220945,5150,0.13872939886933133,0.42135922330097086,"Civil main sample; 2021 post indicator, master amount, amount-quality flags, court level and cause controls.",
m1_policy_baseline,C(index_case_cause)[T.计算机软件著作权许可使用合同纠纷],-0.7627097814744835,0.0324469269697627,3.509859615659467e-122,-0.8263045897442198,-0.6991149732047472,5150,0.13872939886933133,0.42135922330097086,"Civil main sample; 2021 post indicator, master amount, amount-quality flags, court level and cause controls.",
m1_policy_baseline,C(index_case_cause)[T.财产保险合同纠纷],-0.7109033883434724,0.0299856774754152,2.9748998316130283e-124,-0.7696742362473201,-0.6521325404396248,5150,0.13872939886933133,0.42135922330097086,"Civil main sample; 2021 post indicator, master amount, amount-quality flags, court level and cause controls.",
m1_policy_baseline,C(index_case_cause)[T.财产损失保险合同纠纷],-0.7976405097719866,0.027586105753151655,7.830437512730622e-184,-0.8517082835218771,-0.7435727360220962,5150,0.13872939886933133,0.42135922330097086,"Civil main sample; 2021 post indicator, master amount, amount-quality flags, court level and cause controls.",
m1_policy_baseline,C(index_case_cause)[T.财产损害赔偿纠纷],-0.20855951080898708,0.12040493204791991,0.08324669943180334,-0.44454884118390264,0.027429819565928493,5150,0.13872939886933133,0.42135922330097086,"Civil main sample; 2021 post indicator, master amount, amount-quality flags, court level and cause controls.",
m1_policy_baseline,C(index_case_cause)[T.赠与合同纠纷],-0.12853028921492632,0.07495422955485927,0.0863848956670231,-0.2754378796313982,0.018377301201545543,5150,0.13872939886933133,0.42135922330097086,"Civil main sample; 2021 post indicator, master amount, amount-quality flags, court level and cause controls.",
m1_policy_baseline,C(index_case_cause)[T.车辆租赁合同纠纷],-0.7881416696255028,0.029531470639049175,6.45303923202154e-157,-0.8460222884885412,-0.7302610507624644,5150,0.13872939886933133,0.42135922330097086,"Civil main sample; 2021 post indicator, master amount, amount-quality flags, court level and cause controls.",
m1_policy_baseline,C(index_case_cause)[T.运输合同纠纷],-0.4420902177894221,0.26540583201059714,0.09577038637436674,-0.9622760898170803,0.07809565423823611,5150,0.13872939886933133,0.42135922330097086,"Civil main sample; 2021 post indicator, master amount, amount-quality flags, court level and cause controls.",
m1_policy_baseline,C(index_case_cause)[T.返还原物纠纷],-0.2506497358389225,0.10382336729326791,0.01577006923809416,-0.45413979648740144,-0.04715967519044362,5150,0.13872939886933133,0.42135922330097086,"Civil main sample; 2021 post indicator, master amount, amount-quality flags, court level and cause controls.",
m1_policy_baseline,C(index_case_cause)[T.追偿权纠纷],-0.6184618669740175,0.14162476658275575,1.2601964534038824e-05,-0.8960413087951106,-0.34088242515292444,5150,0.13872939886933133,0.42135922330097086,"Civil main sample; 2021 post indicator, master amount, amount-quality flags, court level and cause controls.",
m1_policy_baseline,C(index_case_cause)[T.追加、变更被执行人异议之诉],-0.7756595804449727,0.029579703424287923,1.4645996612326704e-151,-0.8336347338299532,-0.7176844270599922,5150,0.13872939886933133,0.42135922330097086,"Civil main sample; 2021 post indicator, master amount, amount-quality flags, court level and cause controls.",
m1_policy_baseline,C(index_case_cause)[T.金融借款合同纠纷],-0.7821920452281786,0.028540690306227388,2.313084326278394e-165,-0.8381307703222958,-0.7262533201340615,5150,0.13872939886933133,0.42135922330097086,"Civil main sample; 2021 post indicator, master amount, amount-quality flags, court level and cause controls.",
m1_policy_baseline,C(index_case_cause)[T.铁路运输财产损害责任纠纷],0.22266701653428594,0.029339749512601293,3.2173513377963475e-14,0.1651621641741608,0.2801718688944111,5150,0.13872939886933133,0.42135922330097086,"Civil main sample; 2021 post indicator, master amount, amount-quality flags, court level and cause controls.",
m1_policy_baseline,C(index_case_cause)[T.银行卡纠纷],-0.7289598150295463,0.031243582225145956,2.1238037718685297e-120,-0.7901961109388482,-0.6677235191202444,5150,0.13872939886933133,0.42135922330097086,"Civil main sample; 2021 post indicator, master amount, amount-quality flags, court level and cause controls.",
m1_policy_baseline,C(index_case_cause)[T.餐饮服务合同纠纷],0.2929964075168404,0.044435156697739335,4.287175237578543e-11,0.20590510074187757,0.38008771429180327,5150,0.13872939886933133,0.42135922330097086,"Civil main sample; 2021 post indicator, master amount, amount-quality flags, court level and cause controls.",
m1_policy_baseline,post2021,0.08662556753669794,0.013932954166847169,5.057332683679421e-10,0.05931747917143021,0.11393365590196566,5150,0.13872939886933133,0.42135922330097086,"Civil main sample; 2021 post indicator, master amount, amount-quality flags, court level and cause controls.",
m1_policy_baseline,log_amount_master,-0.009518378118812326,0.0038159365292716675,0.012617902616048712,-0.016997476283475567,-0.0020392799541490833,5150,0.13872939886933133,0.42135922330097086,"Civil main sample; 2021 post indicator, master amount, amount-quality flags, court level and cause controls.",
m1_policy_baseline,amount_llm_regex_conflict_flag,-0.09077407511335508,0.03507409470469888,0.009651646086578404,-0.15951803752491192,-0.02203011270179825,5150,0.13872939886933133,0.42135922330097086,"Civil main sample; 2021 post indicator, master amount, amount-quality flags, court level and cause controls.",
m1_policy_baseline,amount_regex_fallback_flag,0.20174576820842563,0.045998489456261435,1.1549572155740515e-05,0.1115903855309078,0.2919011508859435,5150,0.13872939886933133,0.42135922330097086,"Civil main sample; 2021 post indicator, master amount, amount-quality flags, court level and cause controls.",
m2_transaction_types,Intercept,0.5470962559657595,0.05550561763500623,6.419090020997908e-23,0.438307244461496,0.655885267470023,5150,0.23010758517908259,0.42135922330097086,Adds compressed transaction types.,
m2_transaction_types,"C(transaction_type, Treatment(reference='借贷'))[T.投资/理财]",0.21407554769014875,0.020174602011450715,2.6449894979104507e-26,0.17453405434527602,0.2536170410350215,5150,0.23010758517908259,0.42135922330097086,Adds compressed transaction types.,
m2_transaction_types,"C(transaction_type, Treatment(reference='借贷'))[T.交易/买卖]",0.18425865762292512,0.032200193486471566,1.051013157954252e-08,0.12114743809421961,0.2473698771516306,5150,0.23010758517908259,0.42135922330097086,Adds compressed transaction types.,
m2_transaction_types,"C(transaction_type, Treatment(reference='借贷'))[T.ICO/发币]",0.5501555952447331,0.02715862755136199,3.074230953985769e-91,0.49692566337452637,0.6033855271149399,5150,0.23010758517908259,0.42135922330097086,Adds compressed transaction types.,
m2_transaction_types,"C(transaction_type, Treatment(reference='借贷'))[T.挖矿]",0.1280358991417233,0.03641510960666892,0.00043808404788943947,0.0566635958195737,0.19940820246387292,5150,0.23010758517908259,0.42135922330097086,Adds compressed transaction types.,
m2_transaction_types,"C(transaction_type, Treatment(reference='借贷'))[T.技术服务]",-0.09433366154843069,0.04179045720991617,0.02398924200106576,-0.17624145257732862,-0.012425870519532756,5150,0.23010758517908259,0.42135922330097086,Adds compressed transaction types.,
m2_transaction_types,"C(transaction_type, Treatment(reference='借贷'))[T.其他民商事]",-0.09739455499383953,0.03005464771072168,0.0011928589437832948,-0.15630058207489322,-0.038488527912785855,5150,0.23010758517908259,0.42135922330097086,Adds compressed transaction types.,
m2_transaction_types,"C(transaction_type, Treatment(reference='借贷'))[T.其他/未分类]",-0.07680256994261855,0.05741261369086302,0.18098450058097326,-0.1893292250350213,0.03572408514978419,5150,0.23010758517908259,0.42135922330097086,Adds compressed transaction types.,
m2_transaction_types,"C(transaction_type, Treatment(reference='借贷'))[T.未分类]",0.19785481044744943,0.11917392708087153,0.09687041653090642,-0.035721794527261375,0.43143141542216024,5150,0.23010758517908259,0.42135922330097086,Adds compressed transaction types.,
m2_transaction_types,C(court_level_group)[T.基层法院],0.007512902600097974,0.014078829678189487,0.5935967263802422,-0.02008109651362706,0.03510690171382301,5150,0.23010758517908259,0.42135922330097086,Adds compressed transaction types.,
m2_transaction_types,C(court_level_group)[T.最高人民法院],-0.044971711905706195,0.1073460291734261,0.6752588496062084,-0.2553660629690073,0.16542263915759492,5150,0.23010758517908259,0.42135922330097086,Adds compressed transaction types.,
m2_transaction_types,C(court_level_group)[T.高级法院],-0.015511019575686782,0.09055502456978978,0.8639970505766279,-0.19299560635161447,0.1619735672002409,5150,0.23010758517908259,0.42135922330097086,Adds compressed transaction types.,
m2_transaction_types,C(index_case_cause)[T.不正当竞争纠纷],0.06944052939314001,0.1711440020789314,0.6849312354720323,-0.2659955508516137,0.4048766096378937,5150,0.23010758517908259,0.42135922330097086,Adds compressed transaction types.,
m2_transaction_types,C(index_case_cause)[T.与公司有关的纠纷],-0.31556636736244564,0.186886047635855,0.09130576958710084,-0.6818562899417584,0.05072355521686711,5150,0.23010758517908259,0.42135922330097086,Adds compressed transaction types.,
m2_transaction_types,C(index_case_cause)[T.业主撤销权纠纷],-0.03846939371518506,0.26908147394752185,0.8863173512115309,-0.5658593915592808,0.48892060412891064,5150,0.23010758517908259,0.42135922330097086,Adds compressed transaction types.,
m2_transaction_types,C(index_case_cause)[T.中介合同纠纷],-0.5068976581288829,0.03786063717501305,7.057905010996286e-41,-0.5811031434236468,-0.432692172834119,5150,0.23010758517908259,0.42135922330097086,Adds compressed transaction types.,
m2_transaction_types,C(index_case_cause)[T.买卖合同纠纷],-0.2945913815672735,0.03868288608737391,2.625747340356375e-14,-0.3704084451165919,-0.2187743180179551,5150,0.23010758517908259,0.42135922330097086,Adds compressed transaction types.,
m2_transaction_types,C(index_case_cause)[T.互易纠纷],-0.5075135695233125,0.039172868976198746,2.1801878699580675e-38,-0.5842909818877685,-0.43073615715885655,5150,0.23010758517908259,0.42135922330097086,Adds compressed transaction types.,
m2_transaction_types,C(index_case_cause)[T.人身保险合同纠纷],-0.500738774761956,0.038404712985825415,7.392372421391288e-39,-0.5760106290507716,-0.4254669204731405,5150,0.23010758517908259,0.42135922330097086,Adds compressed transaction types.,
m2_transaction_types,C(index_case_cause)[T.仓储合同纠纷],0.2547081984443166,0.043796820682223805,6.0388680441661975e-09,0.16886800726979895,0.3405483896188342,5150,0.23010758517908259,0.42135922330097086,Adds compressed transaction types.,
m2_transaction_types,C(index_case_cause)[T.企业承包经营合同纠纷],-0.3887123171843905,0.03966939564943662,1.1393552228543e-22,-0.4664629039457562,-0.3109617304230248,5150,0.23010758517908259,0.42135922330097086,Adds compressed transaction types.,
m2_transaction_types,C(index_case_cause)[T.供用电合同纠纷],-0.5507985588362001,0.10050403381260521,4.2445477958635153e-08,-0.7477828454099021,-0.35381427226249806,5150,0.23010758517908259,0.42135922330097086,Adds compressed transaction types.,
m2_transaction_types,C(index_case_cause)[T.侵害作品信息网络传播权纠纷],0.0013503479836198852,0.18760899086483782,0.9942571382104793,-0.36635651728736623,0.369057213254606,5150,0.23010758517908259,0.42135922330097086,Adds compressed transaction types.,
m2_transaction_types,C(index_case_cause)[T.侵害作品改编权纠纷],-0.3717990552098162,0.10985754941644837,0.0007134070395556775,-0.5871158954958843,-0.15648221492374817,5150,0.23010758517908259,0.42135922330097086,Adds compressed transaction types.,
m2_transaction_types,C(index_case_cause)[T.侵害发明专利权纠纷],0.24890015532469972,0.16154130220831628,0.12336951317023018,-0.0677149790193009,0.5655152896687003,5150,0.23010758517908259,0.42135922330097086,Adds compressed transaction types.,
m2_transaction_types,C(index_case_cause)[T.侵害商标权纠纷],-0.08390566381090972,0.16061552792572986,0.6013913704980586,-0.3987063139032275,0.23089498628140812,5150,0.23010758517908259,0.42135922330097086,Adds compressed transaction types.,
m2_transaction_types,C(index_case_cause)[T.侵害外观设计专利权纠纷],0.07249974777553936,0.25378427367145356,0.7751272793592667,-0.4249082884631663,0.569907784014245,5150,0.23010758517908259,0.42135922330097086,Adds compressed transaction types.,
m2_transaction_types,C(index_case_cause)[T.侵权责任纠纷],-0.09059963219020531,0.14251611834354508,0.5249622068757918,-0.36992609136000176,0.18872682697959117,5150,0.23010758517908259,0.42135922330097086,Adds compressed transaction types.,
m2_transaction_types,C(index_case_cause)[T.保管合同纠纷],-0.3790901975433053,0.264283328364259,0.15145578285200803,-0.8970760028516258,0.1388956077650152,5150,0.23010758517908259,0.42135922330097086,Adds compressed transaction types.,
m2_transaction_types,C(index_case_cause)[T.保证合同纠纷],-0.040799676278367336,0.09156677759142695,0.6559057768308441,-0.22026726253795342,0.13866790998121875,5150,0.23010758517908259,0.42135922330097086,Adds compressed transaction types.,
m2_transaction_types,C(index_case_cause)[T.保险代理合同纠纷],-0.15266274213597153,0.03575703799396658,1.9595910034529017e-05,-0.22274524879797636,-0.08258023547396669,5150,0.23010758517908259,0.42135922330097086,Adds compressed transaction types.,
m2_transaction_types,C(index_case_cause)[T.信息网络买卖合同纠纷],-0.5364978193347615,0.10017610693853583,8.529810964663268e-08,-0.7328393810457248,-0.3401562576237982,5150,0.23010758517908259,0.42135922330097086,Adds compressed transaction types.,
m2_transaction_types,C(index_case_cause)[T.信用卡纠纷],-0.5010412279662336,0.06626441477202755,3.99240893527188e-14,-0.6309170943760316,-0.3711653615564357,5150,0.23010758517908259,0.42135922330097086,Adds compressed transaction types.,
m2_transaction_types,C(index_case_cause)[T.修理合同纠纷],-0.5220645315757018,0.038756904665185665,2.3412639947583937e-41,-0.5980266688717181,-0.44610239427968545,5150,0.23010758517908259,0.42135922330097086,Adds compressed transaction types.,
m2_transaction_types,C(index_case_cause)[T.借款合同纠纷],-0.22089311645960114,0.12073780597051026,0.06732064811896747,-0.4575348677341864,0.01574863481498409,5150,0.23010758517908259,0.42135922330097086,Adds compressed transaction types.,
m2_transaction_types,C(index_case_cause)[T.借用合同纠纷],-0.22803430717443152,0.15687818452383323,0.14606399521747251,-0.5355098988011735,0.07944128445231052,5150,0.23010758517908259,0.42135922330097086,Adds compressed transaction types.,
m2_transaction_types,C(index_case_cause)[T.债券质权纠纷],-0.19069328804210073,0.3632616836788992,0.5996197348583774,-0.9026731050161247,0.5212865289319233,5150,0.23010758517908259,0.42135922330097086,Adds compressed transaction types.,
m2_transaction_types,C(index_case_cause)[T.债务加入纠纷],-0.8181104312115752,0.03085091706304713,5.980427112221818e-155,-0.8785771175451799,-0.7576437448779706,5150,0.23010758517908259,0.42135922330097086,Adds compressed transaction types.,
m2_transaction_types,C(index_case_cause)[T.债务转移合同纠纷],-0.39320187393469885,0.03899455420229209,6.535084461997822e-24,-0.46962979576438635,-0.31677395210501136,5150,0.23010758517908259,0.42135922330097086,Adds compressed transaction types.,
m2_transaction_types,C(index_case_cause)[T.债权人撤销权纠纷],-0.08971284121857125,0.2805637204888047,0.7491508505676298,-0.6396076287451908,0.4601819463080483,5150,0.23010758517908259,0.42135922330097086,Adds compressed transaction types.,
m2_transaction_types,C(index_case_cause)[T.债权转让合同纠纷],-0.28955179631344236,0.13922776040715662,0.03755317478485309,-0.5624331923596411,-0.0166704002672437,5150,0.23010758517908259,0.42135922330097086,Adds compressed transaction types.,
m2_transaction_types,C(index_case_cause)[T.储蓄存款合同纠纷],-0.6848051722155379,0.03621912817551999,9.93521892469477e-80,-0.7557933589909971,-0.6138169854400788,5150,0.23010758517908259,0.42135922330097086,Adds compressed transaction types.,
m2_transaction_types,C(index_case_cause)[T.公益事业捐赠合同纠纷],-1.0329889233598097,0.0374900605111933,3.9987503142431135e-167,-1.1064680917399758,-0.9595097549796436,5150,0.23010758517908259,0.42135922330097086,Adds compressed transaction types.,
m2_transaction_types,C(index_case_cause)[T.共有纠纷],-0.42243302776105207,0.06404947350526066,4.2406038152166846e-11,-0.5479676890601154,-0.29689836646198875,5150,0.23010758517908259,0.42135922330097086,Adds compressed transaction types.,
m2_transaction_types,C(index_case_cause)[T.再保险合同纠纷],-0.5081924667651101,0.03781272745703602,3.537730413330251e-41,-0.5823040507381295,-0.43408088279209067,5150,0.23010758517908259,0.42135922330097086,Adds compressed transaction types.,
m2_transaction_types,C(index_case_cause)[T.分期付款买卖合同纠纷],-0.791033388305215,0.03537709148753225,9.641362834611395e-111,-0.8603712134985567,-0.7216955631118732,5150,0.23010758517908259,0.42135922330097086,Adds compressed transaction types.,
m2_transaction_types,C(index_case_cause)[T.劳务合同纠纷],-0.4103280936689717,0.09459268742872802,1.4388879834201504e-05,-0.5957263542301334,-0.22492983310781006,5150,0.23010758517908259,0.42135922330097086,Adds compressed transaction types.,
m2_transaction_types,C(index_case_cause)[T.劳动争议],-0.4529077429087729,0.07841599981306337,7.663118223501619e-09,-0.6066002783540767,-0.2992152074634691,5150,0.23010758517908259,0.42135922330097086,Adds compressed transaction types.,
m2_transaction_types,C(index_case_cause)[T.劳动合同纠纷],-0.3793304726630591,0.09857431436204821,0.00011900467899450874,-0.572532578613403,-0.1861283667127152,5150,0.23010758517908259,0.42135922330097086,Adds compressed transaction types.,
m2_transaction_types,C(index_case_cause)[T.占有物返还纠纷],-0.9400286433172506,0.05515564306771731,3.926488977448829e-65,-1.0481317172741227,-0.8319255693603783,5150,0.23010758517908259,0.42135922330097086,Adds compressed transaction types.,
m2_transaction_types,C(index_case_cause)[T.发起人责任纠纷],-0.4906089020369649,0.08375384095685669,4.6918560761889836e-09,-0.6547634138792997,-0.3264543901946301,5150,0.23010758517908259,0.42135922330097086,Adds compressed transaction types.,
m2_transaction_types,C(index_case_cause)[T.合伙企业纠纷],-0.5025423569984012,0.14823453742363774,0.0006984572675270954,-0.793076711613686,-0.21200800238311646,5150,0.23010758517908259,0.42135922330097086,Adds compressed transaction types.,
m2_transaction_types,C(index_case_cause)[T.合伙协议纠纷],-0.47105755911180835,0.0690889899201082,9.22346112163831e-12,-0.6064694910834713,-0.33564562714014545,5150,0.23010758517908259,0.42135922330097086,Adds compressed transaction types.,
m2_transaction_types,C(index_case_cause)[T.合伙合同纠纷],-0.19534369973289945,0.08840087474052084,0.027122622206496694,-0.3686062304261569,-0.022081169039641996,5150,0.23010758517908259,0.42135922330097086,Adds compressed transaction types.,
m2_transaction_types,C(index_case_cause)[T.合作创作合同纠纷],-0.40109994891267065,0.03873122618936236,3.931242166529204e-25,-0.4770117573208954,-0.3251881405044459,5150,0.23010758517908259,0.42135922330097086,Adds compressed transaction types.,
m2_transaction_types,C(index_case_cause)[T.合同、准合同纠纷],0.28375542955793037,0.044605501726584694,1.9986495446574813e-10,0.19633025266148518,0.37118060645437556,5150,0.23010758517908259,0.42135922330097086,Adds compressed transaction types.,
m2_transaction_types,C(index_case_cause)[T.合同、无因管理、不当得利],-0.5554211833906455,0.11361271183049729,1.0149170406035618e-06,-0.7780980067643479,-0.3327443600169431,5150,0.23010758517908259,0.42135922330097086,Adds compressed transaction types.,
m2_transaction_types,C(index_case_cause)[T.合同纠纷],-0.2567053467287761,0.03274820143933516,4.550111596274848e-15,-0.3208906421083358,-0.1925200513492164,5150,0.23010758517908259,0.42135922330097086,Adds compressed transaction types.,
m2_transaction_types,C(index_case_cause)[T.名誉权纠纷],-0.02594676459770362,0.03964021651428247,0.512753286640466,-0.10364016130506715,0.05174663210965991,5150,0.23010758517908259,0.42135922330097086,Adds compressed transaction types.,
m2_transaction_types,C(index_case_cause)[T.商品房销售合同纠纷],-0.6194383342163707,0.03498856462999971,3.9040018643952905e-70,-0.6880146607619222,-0.5508620076708193,5150,0.23010758517908259,0.42135922330097086,Adds compressed transaction types.,
m2_transaction_types,C(index_case_cause)[T.商品房预售合同纠纷],-0.6840829917646837,0.14057100286287338,1.1361560358808148e-06,-0.9595970946465924,-0.40856888888277504,5150,0.23010758517908259,0.42135922330097086,Adds compressed transaction types.,
m2_transaction_types,C(index_case_cause)[T.土地租赁合同纠纷],-0.5194653413011862,0.03838065228377972,9.776260307634871e-42,-0.5946900374805494,-0.44424064512182293,5150,0.23010758517908259,0.42135922330097086,Adds compressed transaction types.,
m2_transaction_types,C(index_case_cause)[T.委托合同纠纷],-0.28794800846148455,0.03787328255606163,2.894946469922903e-14,-0.36217827824767446,-0.21371773867529467,5150,0.23010758517908259,0.42135922330097086,Adds compressed transaction types.,
m2_transaction_types,C(index_case_cause)[T.委托理财合同纠纷],-0.14581773471262227,0.04862335152230161,0.0027093490153369524,-0.24111775250396422,-0.050517716921280306,5150,0.23010758517908259,0.42135922330097086,Adds compressed transaction types.,
m2_transaction_types,C(index_case_cause)[T.娱乐服务合同纠纷],-0.40429138669562037,0.050337139953177325,9.615331931669137e-16,-0.5029503680886002,-0.3056324053026406,5150,0.23010758517908259,0.42135922330097086,Adds compressed transaction types.,
m2_transaction_types,C(index_case_cause)[T.婚约财产纠纷],0.10497448252577317,0.20691292434801004,0.6119187198895576,-0.30056739713218733,0.5105163621837336,5150,0.23010758517908259,0.42135922330097086,Adds compressed transaction types.,
m2_transaction_types,C(index_case_cause)[T.定作合同纠纷],-0.5116521363725578,0.03830046099909198,1.0510188203615642e-40,-0.586719660522059,-0.43658461222305656,5150,0.23010758517908259,0.42135922330097086,Adds compressed transaction types.,
m2_transaction_types,C(index_case_cause)[T.定金合同纠纷],-0.22032544215411579,0.28008488449364044,0.4314937475837175,-0.7692817283757121,0.32863084406748055,5150,0.23010758517908259,0.42135922330097086,Adds compressed transaction types.,
m2_transaction_types,C(index_case_cause)[T.广告合同纠纷],-0.2633572762836725,0.14782427534039447,0.07482160810820958,-0.5530875319915781,0.02637297942423311,5150,0.23010758517908259,0.42135922330097086,Adds compressed transaction types.,
m2_transaction_types,C(index_case_cause)[T.建设工程合同纠纷],-0.48814455839354565,0.0403001154165393,9.04294288850304e-34,-0.5671313331827701,-0.4091577836043212,5150,0.23010758517908259,0.42135922330097086,Adds compressed transaction types.,
m2_transaction_types,C(index_case_cause)[T.建设工程施工合同纠纷],0.16864687728304775,0.12769509786857805,0.18660151458589702,-0.08163091554168264,0.4189246701077781,5150,0.23010758517908259,0.42135922330097086,Adds compressed transaction types.,
m2_transaction_types,C(index_case_cause)[T.悬赏广告纠纷],0.44258311980594545,0.06569660106739002,1.619423423572227e-11,0.31382014780716533,0.5713460918047255,5150,0.23010758517908259,0.42135922330097086,Adds compressed transaction types.,
m2_transaction_types,C(index_case_cause)[T.房屋买卖合同纠纷],-0.5972057537699502,0.07842550846066305,2.6380845812524804e-14,-0.7509169258220911,-0.4434945817178093,5150,0.23010758517908259,0.42135922330097086,Adds compressed transaction types.,
m2_transaction_types,C(index_case_cause)[T.房屋拆迁安置补偿合同纠纷],0.6172090026703145,0.04006469073344386,1.5076311050291502e-53,0.538683651781029,0.6957343535596001,5150,0.23010758517908259,0.42135922330097086,Adds compressed transaction types.,
m2_transaction_types,C(index_case_cause)[T.房屋租赁合同纠纷],-0.29682820412759875,0.1144299054092798,0.00948736499523146,-0.5211066974841123,-0.07254971077108521,5150,0.23010758517908259,0.42135922330097086,Adds compressed transaction types.,
m2_transaction_types,C(index_case_cause)[T.所有权确认纠纷],-0.8214074704532329,0.03064272957545798,2.7543197881953372e-158,-0.8814661168091309,-0.761348824097335,5150,0.23010758517908259,0.42135922330097086,Adds compressed transaction types.,
m2_transaction_types,C(index_case_cause)[T.所有权纠纷],-0.46590668958104214,0.2578882567058442,0.07082118153533544,-0.9713583847603169,0.03954500559823254,5150,0.23010758517908259,0.42135922330097086,Adds compressed transaction types.,
m2_transaction_types,C(index_case_cause)[T.执行异议之诉],-0.2229597689058533,0.2907280439155375,0.44314009008320343,-0.792776264276086,0.3468567264643794,5150,0.23010758517908259,0.42135922330097086,Adds compressed transaction types.,
m2_transaction_types,C(index_case_cause)[T.技术合同纠纷],-0.3929657972114698,0.039015399355550894,7.341707819482661e-24,-0.46943457479079675,-0.31649701963214283,5150,0.23010758517908259,0.42135922330097086,Adds compressed transaction types.,
m2_transaction_types,C(index_case_cause)[T.技术委托开发合同纠纷],-0.40435511589852086,0.03886965462581781,2.4063114025804266e-25,-0.4805382390566345,-0.3281719927404072,5150,0.23010758517908259,0.42135922330097086,Adds compressed transaction types.,
m2_transaction_types,C(index_case_cause)[T.技术服务合同纠纷],-0.39644696022863335,0.049586191556554415,1.2946026231239348e-15,-0.4936341098099841,-0.2992598106472826,5150,0.23010758517908259,0.42135922330097086,Adds compressed transaction types.,
m2_transaction_types,C(index_case_cause)[T.抵押合同纠纷],0.0761215370887601,0.33013942304761207,0.8176458395353496,-0.5709398419613921,0.7231829161389124,5150,0.23010758517908259,0.42135922330097086,Adds compressed transaction types.,
m2_transaction_types,C(index_case_cause)[T.担保物权确认纠纷],-0.40989040881008415,0.06464641327845785,2.2902468814785493e-10,-0.5365950505655535,-0.28318576705461485,5150,0.23010758517908259,0.42135922330097086,Adds compressed transaction types.,
m2_transaction_types,C(index_case_cause)[T.损害公司债权人利益责任纠纷],-0.46152738396132675,0.07795116133190357,3.205255853673862e-09,-0.6143088527249291,-0.30874591519772443,5150,0.23010758517908259,0.42135922330097086,Adds compressed transaction types.,
m2_transaction_types,C(index_case_cause)[T.损害公司利益责任纠纷],-0.38507610655323754,0.0509028586649592,3.881002758451602e-14,-0.4848438762466902,-0.2853083368597849,5150,0.23010758517908259,0.42135922330097086,Adds compressed transaction types.,
m2_transaction_types,C(index_case_cause)[T.排除妨害纠纷],0.2768096722752812,0.03588083930856158,1.2127346064928517e-14,0.20648451949543145,0.34713482505513094,5150,0.23010758517908259,0.42135922330097086,Adds compressed transaction types.,
m2_transaction_types,C(index_case_cause)[T.教育培训合同纠纷],-0.46455618783738895,0.0570135625335636,3.694733560708501e-16,-0.5763007170334958,-0.3528116586412821,5150,0.23010758517908259,0.42135922330097086,Adds compressed transaction types.,
m2_transaction_types,C(index_case_cause)[T.旅游合同纠纷],-0.4053818396682824,0.038943042291077985,2.2414057414067854e-25,-0.48170880000721544,-0.32905487932934935,5150,0.23010758517908259,0.42135922330097086,Adds compressed transaction types.,
m2_transaction_types,C(index_case_cause)[T.服务合同纠纷],-0.3694145900057232,0.06317737883706698,4.997346721810031e-09,-0.49323997716401746,-0.2455892028474289,5150,0.23010758517908259,0.42135922330097086,Adds compressed transaction types.,
m2_transaction_types,C(index_case_cause)[T.机动车交通事故责任纠纷],-0.037699903033860484,0.036775516712030804,0.30529906049789024,-0.10977859130229173,0.034378785234570754,5150,0.23010758517908259,0.42135922330097086,Adds compressed transaction types.,
m2_transaction_types,C(index_case_cause)[T.案外人执行异议之诉],-0.4658234549560328,0.07601755420603272,8.907976127674145e-10,-0.6148151233926782,-0.31683178651938737,5150,0.23010758517908259,0.42135922330097086,Adds compressed transaction types.,
m2_transaction_types,C(index_case_cause)[T.民间借贷纠纷],-0.33362579173859774,0.03243661126775632,8.194132165768044e-25,-0.39720038160392623,-0.27005120187326925,5150,0.23010758517908259,0.42135922330097086,Adds compressed transaction types.,
m2_transaction_types,C(index_case_cause)[T.民间委托理财合同纠纷],-0.036394074129701394,0.05032729198876497,0.4695890404508728,-0.13503375386711192,0.062245605607709135,5150,0.23010758517908259,0.42135922330097086,Adds compressed transaction types.,
m2_transaction_types,C(index_case_cause)[T.法律服务合同纠纷],-0.5134219339727767,0.048668618744836904,5.115373704811691e-26,-0.608810673889968,-0.41803319405558537,5150,0.23010758517908259,0.42135922330097086,Adds compressed transaction types.,
m2_transaction_types,C(index_case_cause)[T.消费者权益保护民事公益诉讼],0.461592228617508,0.06509105618748684,1.3268075657711565e-12,0.3340161027743607,0.5891683544606552,5150,0.23010758517908259,0.42135922330097086,Adds compressed transaction types.,
m2_transaction_types,C(index_case_cause)[T.清算责任纠纷],0.12599288608977752,0.1972702122385921,0.5230299817717989,-0.26064962512043555,0.5126353972999906,5150,0.23010758517908259,0.42135922330097086,Adds compressed transaction types.,
m2_transaction_types,C(index_case_cause)[T.演出合同纠纷],-0.47557037314817213,0.04872697279853626,1.6732041741383773e-22,-0.571073484908966,-0.3800672613873782,5150,0.23010758517908259,0.42135922330097086,Adds compressed transaction types.,
m2_transaction_types,C(index_case_cause)[T.物业服务合同纠纷],-0.5371685724795515,0.0507837305641527,3.7864271187641804e-26,-0.6367028553858768,-0.43763428957322625,5150,0.23010758517908259,0.42135922330097086,Adds compressed transaction types.,
m2_transaction_types,C(index_case_cause)[T.物权保护纠纷],0.21321938990186629,0.04601718717223214,3.5958184222705026e-06,0.12302736037445272,0.30341141942927985,5150,0.23010758517908259,0.42135922330097086,Adds compressed transaction types.,
m2_transaction_types,C(index_case_cause)[T.物权纠纷],0.5186916245926688,0.06888160480173783,5.0666244616247235e-14,0.3836861599839414,0.6536970892013962,5150,0.23010758517908259,0.42135922330097086,Adds compressed transaction types.,
m2_transaction_types,C(index_case_cause)[T.特许经营合同纠纷],-0.5174272086681846,0.03847669766243349,3.1713839515092414e-41,-0.5928401503305907,-0.44201426700577845,5150,0.23010758517908259,0.42135922330097086,Adds compressed transaction types.,
m2_transaction_types,C(index_case_cause)[T.确认合同效力纠纷],-0.3593188917390625,0.1455076052439772,0.013533357147897123,-0.6445085574939293,-0.07412922598419569,5150,0.23010758517908259,0.42135922330097086,Adds compressed transaction types.,
m2_transaction_types,C(index_case_cause)[T.确认合同无效纠纷],0.1091331332043839,0.09841466692561819,0.2674684618811001,-0.083756069520333,0.3020223359291008,5150,0.23010758517908259,0.42135922330097086,Adds compressed transaction types.,
m2_transaction_types,C(index_case_cause)[T.确认合同有效纠纷],0.4725383770841649,0.059219191705328994,1.469506260185937e-15,0.356470894148147,0.5886058600201829,5150,0.23010758517908259,0.42135922330097086,Adds compressed transaction types.,
m2_transaction_types,C(index_case_cause)[T.离婚后财产纠纷],-0.6444685036363326,0.0788479664321219,2.994228957960543e-16,-0.7990076780975146,-0.48992932917515053,5150,0.23010758517908259,0.42135922330097086,Adds compressed transaction types.,
m2_transaction_types,C(index_case_cause)[T.离婚纠纷],-0.2121668946891116,0.36332848931076817,0.559251686712273,-0.9242776482955632,0.49994385891734,5150,0.23010758517908259,0.42135922330097086,Adds compressed transaction types.,
m2_transaction_types,C(index_case_cause)[T.种植、养殖回收合同纠纷],-0.4963159923669214,0.039108066664171014,6.6430520826992745e-37,-0.5729663945336881,-0.41966559020015476,5150,0.23010758517908259,0.42135922330097086,Adds compressed transaction types.,
m2_transaction_types,C(index_case_cause)[T.租赁合同纠纷],-0.5058730311867974,0.06453471076697571,4.549655190997938e-15,-0.632358740042779,-0.37938732233081573,5150,0.23010758517908259,0.42135922330097086,Adds compressed transaction types.,
m2_transaction_types,C(index_case_cause)[T.竞业限制纠纷],-0.4146923034344935,0.06426595296537187,1.0983649566101974e-10,-0.5406512566787675,-0.2887333501902195,5150,0.23010758517908259,0.42135922330097086,Adds compressed transaction types.,
m2_transaction_types,C(index_case_cause)[T.缔约过失责任纠纷],-0.007544134663760721,0.3408877738788018,0.9823435813296757,-0.6756718942362461,0.6605836249087247,5150,0.23010758517908259,0.42135922330097086,Adds compressed transaction types.,
m2_transaction_types,C(index_case_cause)[T.网络侵害虚拟财产纠纷],-0.4422167114105723,0.21674411418061793,0.04132335035017469,-0.8670273690656206,-0.017406053755523954,5150,0.23010758517908259,0.42135922330097086,Adds compressed transaction types.,
m2_transaction_types,C(index_case_cause)[T.网络侵权责任纠纷],-0.32146001732730867,0.1061995333275526,0.002470398963130559,-0.5296072778242729,-0.11331275683034442,5150,0.23010758517908259,0.42135922330097086,Adds compressed transaction types.,
m2_transaction_types,C(index_case_cause)[T.网络域名合同纠纷],-0.41647933991845376,0.05232666717349024,1.7313027563014324e-15,-0.5190377230095089,-0.31392095682739857,5150,0.23010758517908259,0.42135922330097086,Adds compressed transaction types.,
m2_transaction_types,C(index_case_cause)[T.网络服务合同纠纷],-0.4492437347190766,0.04770046624620645,4.596934527084318e-21,-0.5427349306074097,-0.3557525388307434,5150,0.23010758517908259,0.42135922330097086,Adds compressed transaction types.,
m2_transaction_types,C(index_case_cause)[T.联营合同纠纷],-0.4060066491452182,0.04236319824365115,9.340549066765442e-22,-0.48903699197270495,-0.3229763063177315,5150,0.23010758517908259,0.42135922330097086,Adds compressed transaction types.,
m2_transaction_types,C(index_case_cause)[T.肖像权纠纷],0.3450804673598933,0.14979290372940615,0.021238531705710554,0.05149177091058166,0.6386691638092049,5150,0.23010758517908259,0.42135922330097086,Adds compressed transaction types.,
m2_transaction_types,C(index_case_cause)[T.股东出资纠纷],-0.734039386933724,0.1795055566231313,4.3280878643727836e-05,-1.0858638129398765,-0.38221496092757123,5150,0.23010758517908259,0.42135922330097086,Adds compressed transaction types.,
m2_transaction_types,C(index_case_cause)[T.股东损害公司债权人利益责任纠纷],-0.43323660368133304,0.17596095729850178,0.01381192968943245,-0.778113742671587,-0.08835946469107919,5150,0.23010758517908259,0.42135922330097086,Adds compressed transaction types.,
m2_transaction_types,C(index_case_cause)[T.股东资格确认纠纷],-0.7263625281334419,0.04316919690431982,1.575283437447469e-63,-0.8109725993074268,-0.641752456959457,5150,0.23010758517908259,0.42135922330097086,Adds compressed transaction types.,
m2_transaction_types,C(index_case_cause)[T.股权转让纠纷],-0.4798290522650093,0.16944617425545713,0.00462941579072066,-0.8119374511238033,-0.14772065340621526,5150,0.23010758517908259,0.42135922330097086,Adds compressed transaction types.,
m2_transaction_types,C(index_case_cause)[T.著作权合同纠纷],-0.39096557810224797,0.03949557293113206,4.205749883350943e-23,-0.4683754785960419,-0.31355567760845404,5150,0.23010758517908259,0.42135922330097086,Adds compressed transaction types.,
m2_transaction_types,C(index_case_cause)[T.著作权权属纠纷],-0.5222709663592117,0.10878266324439403,1.578361332225179e-06,-0.735481068460573,-0.3090608642578503,5150,0.23010758517908259,0.42135922330097086,Adds compressed transaction types.,
m2_transaction_types,C(index_case_cause)[T.著作权许可使用合同纠纷],-0.4535983519784527,0.06118523650248922,1.2298476108661644e-13,-0.5735192119088971,-0.3336774920480084,5150,0.23010758517908259,0.42135922330097086,Adds compressed transaction types.,
m2_transaction_types,C(index_case_cause)[T.融资租赁合同纠纷],-0.5896217555352726,0.05444052590160461,2.4662380897001613e-27,-0.6963232256018376,-0.48292028546870763,5150,0.23010758517908259,0.42135922330097086,Adds compressed transaction types.,
m2_transaction_types,C(index_case_cause)[T.行纪合同纠纷],-0.15685149807003118,0.2479369002681946,0.5269774600479653,-0.6427988930341919,0.3290958968941295,5150,0.23010758517908259,0.42135922330097086,Adds compressed transaction types.,
m2_transaction_types,C(index_case_cause)[T.被继承人债务清偿纠纷],-0.3978458462336866,0.12134314025109398,0.0010429224611024999,-0.6356740308968234,-0.1600176615705498,5150,0.23010758517908259,0.42135922330097086,Adds compressed transaction types.,
m2_transaction_types,C(index_case_cause)[T.装饰装修合同纠纷],-0.4399892683365912,0.04086865753553518,4.9853473490612715e-27,-0.5200903652027417,-0.3598881714704407,5150,0.23010758517908259,0.42135922330097086,Adds compressed transaction types.,
m2_transaction_types,C(index_case_cause)[T.计算机软件开发合同纠纷],-0.2908670588244518,0.08986528623252746,0.0012092004982527257,-0.4669997833005888,-0.11473433434831481,5150,0.23010758517908259,0.42135922330097086,Adds compressed transaction types.,
m2_transaction_types,C(index_case_cause)[T.计算机软件著作权许可使用合同纠纷],-0.4789556134342883,0.04135998066768686,5.194285611323336e-31,-0.5600196859442275,-0.39789154092434914,5150,0.23010758517908259,0.42135922330097086,Adds compressed transaction types.,
m2_transaction_types,C(index_case_cause)[T.财产保险合同纠纷],-0.7071091596826612,0.03314367685957267,5.4133762557814624e-101,-0.7720695726426572,-0.6421487467226652,5150,0.23010758517908259,0.42135922330097086,Adds compressed transaction types.,
m2_transaction_types,C(index_case_cause)[T.财产损失保险合同纠纷],-0.5099094034949356,0.03778526650562481,1.6752158947723145e-41,-0.5839671649922079,-0.43585164199766335,5150,0.23010758517908259,0.42135922330097086,Adds compressed transaction types.,
m2_transaction_types,C(index_case_cause)[T.财产损害赔偿纠纷],-0.10307102248849802,0.11765876281374499,0.3810210412717393,-0.33367796006897876,0.12753591509198275,5150,0.23010758517908259,0.42135922330097086,Adds compressed transaction types.,
m2_transaction_types,C(index_case_cause)[T.赠与合同纠纷],0.10200971807632511,0.08426244802558656,0.2260414702909791,-0.06314164530300273,0.267161081455653,5150,0.23010758517908259,0.42135922330097086,Adds compressed transaction types.,
m2_transaction_types,C(index_case_cause)[T.车辆租赁合同纠纷],-0.5031533450787786,0.03806706154195806,6.9489397818585514e-40,-0.5777634146982862,-0.42854327545927107,5150,0.23010758517908259,0.42135922330097086,Adds compressed transaction types.,
m2_transaction_types,C(index_case_cause)[T.运输合同纠纷],-0.14318047315449758,0.26444794792453286,0.5882101376570241,-0.6614889268721057,0.3751279805631106,5150,0.23010758517908259,0.42135922330097086,Adds compressed transaction types.,
m2_transaction_types,C(index_case_cause)[T.返还原物纠纷],-0.2785865306809506,0.0970543696996384,0.004099305603097443,-0.46880959983447734,-0.0883634615274238,5150,0.23010758517908259,0.42135922330097086,Adds compressed transaction types.,
m2_transaction_types,C(index_case_cause)[T.追偿权纠纷],-0.43288974849714507,0.12458999499083646,0.0005117786366405791,-0.6770816515132103,-0.18869784548107985,5150,0.23010758517908259,0.42135922330097086,Adds compressed transaction types.,
m2_transaction_types,C(index_case_cause)[T.追加、变更被执行人异议之诉],-0.7238010425389371,0.04341971599359243,2.170643190523807e-62,-0.808902122105336,-0.6386999629725382,5150,0.23010758517908259,0.42135922330097086,Adds compressed transaction types.,
m2_transaction_types,C(index_case_cause)[T.金融借款合同纠纷],-0.6050866139711103,0.03529211151414268,6.838670960081912e-66,-0.6742578814772013,-0.5359153464650193,5150,0.23010758517908259,0.42135922330097086,Adds compressed transaction types.,
m2_transaction_types,C(index_case_cause)[T.铁路运输财产损害责任纠纷],0.18928086161213376,0.031972011209683134,3.215405056232787e-09,0.12661687112784392,0.2519448520964236,5150,0.23010758517908259,0.42135922330097086,Adds compressed transaction types.,
m2_transaction_types,C(index_case_cause)[T.银行卡纠纷],-0.6867709302146146,0.038136232168302885,1.675239667098491e-72,-0.7615165717705461,-0.612025288658683,5150,0.23010758517908259,0.42135922330097086,Adds compressed transaction types.,
m2_transaction_types,C(index_case_cause)[T.餐饮服务合同纠纷],0.5314577465743314,0.057943521659193656,4.643404207628731e-20,0.4178905309848953,0.6450249621637676,5150,0.23010758517908259,0.42135922330097086,Adds compressed transaction types.,
m2_transaction_types,post2021,0.11067243834441536,0.013313906333146861,9.367153819050724e-17,0.08457766143790778,0.13676721525092295,5150,0.23010758517908259,0.42135922330097086,Adds compressed transaction types.,
m2_transaction_types,log_amount_master,-0.004996640653840724,0.0036315293549386263,0.1688509398824034,-0.012114307398320406,0.002121026090638959,5150,0.23010758517908259,0.42135922330097086,Adds compressed transaction types.,
m2_transaction_types,amount_llm_regex_conflict_flag,-0.04450004405442688,0.03203918977290057,0.16485543983145812,-0.10729570210315603,0.018295613994302268,5150,0.23010758517908259,0.42135922330097086,Adds compressed transaction types.,
m2_transaction_types,amount_regex_fallback_flag,0.2385929093817126,0.045524266106555016,1.5970432863284112e-07,0.14936698739024729,0.3278188313731779,5150,0.23010758517908259,0.42135922330097086,Adds compressed transaction types.,
m3_policy_by_transaction,Intercept,0.6026123811821916,0.05696579752703958,3.749337545668722e-26,0.49096146967859317,0.71426329268579,5150,0.2420728509231871,0.42135922330097086,Policy effect heterogeneity by transaction type.,
m3_policy_by_transaction,"C(transaction_type, Treatment(reference='借贷'))[T.投资/理财]",0.1190299547575234,0.029747604156723503,6.298767495886073e-05,0.06072572198399133,0.17733418753105545,5150,0.2420728509231871,0.42135922330097086,Policy effect heterogeneity by transaction type.,
m3_policy_by_transaction,"C(transaction_type, Treatment(reference='借贷'))[T.交易/买卖]",0.10963473222716133,0.04315822253415683,0.011075815694014479,0.02504617042344895,0.1942232940308737,5150,0.2420728509231871,0.42135922330097086,Policy effect heterogeneity by transaction type.,
m3_policy_by_transaction,"C(transaction_type, Treatment(reference='借贷'))[T.ICO/发币]",0.5807341846461859,0.033969201339478165,1.5920963346091812e-65,0.5141557734372189,0.6473125958551529,5150,0.2420728509231871,0.42135922330097086,Policy effect heterogeneity by transaction type.,
m3_policy_by_transaction,"C(transaction_type, Treatment(reference='借贷'))[T.挖矿]",-0.1442452946862044,0.041158348780019255,0.0004572209570109235,-0.2249141759581802,-0.06357641341422858,5150,0.2420728509231871,0.42135922330097086,Policy effect heterogeneity by transaction type.,
m3_policy_by_transaction,"C(transaction_type, Treatment(reference='借贷'))[T.技术服务]",-0.1163001858162605,0.04709479579416255,0.013530533011273039,-0.20860428943208753,-0.02399608220043349,5150,0.2420728509231871,0.42135922330097086,Policy effect heterogeneity by transaction type.,
m3_policy_by_transaction,"C(transaction_type, Treatment(reference='借贷'))[T.其他民商事]",-0.07909097538344413,0.03756467989719026,0.03525118279850398,-0.15271639507271284,-0.005465555694175436,5150,0.2420728509231871,0.42135922330097086,Policy effect heterogeneity by transaction type.,
m3_policy_by_transaction,"C(transaction_type, Treatment(reference='借贷'))[T.其他/未分类]",-0.12696091411301055,0.07702754061708972,0.09930066060463537,-0.2779321195402026,0.024010291314181476,5150,0.2420728509231871,0.42135922330097086,Policy effect heterogeneity by transaction type.,
m3_policy_by_transaction,"C(transaction_type, Treatment(reference='借贷'))[T.未分类]",0.15419403888267563,0.1279689511204131,0.22822908733092828,-0.09662049645270065,0.4050085742180519,5150,0.2420728509231871,0.42135922330097086,Policy effect heterogeneity by transaction type.,
m3_policy_by_transaction,C(court_level_group)[T.基层法院],0.007322596241265345,0.014016394145543667,0.6013704042217587,-0.020149031477118308,0.034794223959649,5150,0.2420728509231871,0.42135922330097086,Policy effect heterogeneity by transaction type.,
m3_policy_by_transaction,C(court_level_group)[T.最高人民法院],-0.020448572443950753,0.11023774501534,0.8528406456034535,-0.23651058241092704,0.1956134375230255,5150,0.2420728509231871,0.42135922330097086,Policy effect heterogeneity by transaction type.,
m3_policy_by_transaction,C(court_level_group)[T.高级法院],-0.01859259960896404,0.09430289893434184,0.8437036587799336,-0.20342288515799467,0.1662376859400666,5150,0.2420728509231871,0.42135922330097086,Policy effect heterogeneity by transaction type.,
m3_policy_by_transaction,C(index_case_cause)[T.不正当竞争纠纷],0.09562114973579855,0.1766496450757003,0.5882981018911889,-0.2506057924943573,0.4418480919659544,5150,0.2420728509231871,0.42135922330097086,Policy effect heterogeneity by transaction type.,
m3_policy_by_transaction,C(index_case_cause)[T.与公司有关的纠纷],-0.2828591500605316,0.19146875216035747,0.13959193200499245,-0.6581310084596579,0.09241270833859472,5150,0.2420728509231871,0.42135922330097086,Policy effect heterogeneity by transaction type.,
m3_policy_by_transaction,C(index_case_cause)[T.业主撤销权纠纷],0.04560158475508587,0.2469330226865666,0.8534864057653534,-0.4383782463041968,0.5295814158143686,5150,0.2420728509231871,0.42135922330097086,Policy effect heterogeneity by transaction type.,
m3_policy_by_transaction,C(index_case_cause)[T.中介合同纠纷],-0.47327679760070723,0.04130727297892348,2.157271977479569e-30,-0.5542375649389618,-0.39231603026245265,5150,0.2420728509231871,0.42135922330097086,Policy effect heterogeneity by transaction type.,
m3_policy_by_transaction,C(index_case_cause)[T.买卖合同纠纷],-0.2933131517065028,0.03852392719454512,2.6616992932655815e-14,-0.3688186615508544,-0.21780764186215118,5150,0.2420728509231871,0.42135922330097086,Policy effect heterogeneity by transaction type.,
m3_policy_by_transaction,C(index_case_cause)[T.互易纠纷],-0.5310160293663083,0.043656768203090564,4.867151379425588e-34,-0.6165817227257793,-0.44545033600683737,5150,0.2420728509231871,0.42135922330097086,Policy effect heterogeneity by transaction type.,
m3_policy_by_transaction,C(index_case_cause)[T.人身保险合同纠纷],-0.4670608149637432,0.04195029879926402,8.601869252336791e-29,-0.5492818897509946,-0.3848397401764918,5150,0.2420728509231871,0.42135922330097086,Policy effect heterogeneity by transaction type.,
m3_policy_by_transaction,C(index_case_cause)[T.仓储合同纠纷],0.13501711171876757,0.04915395734431966,0.006017600642249108,0.03867712562628295,0.2313570978112522,5150,0.2420728509231871,0.42135922330097086,Policy effect heterogeneity by transaction type.,
m3_policy_by_transaction,C(index_case_cause)[T.企业承包经营合同纠纷],-0.4619665868365456,0.04251362034949249,1.6679415488928603e-27,-0.54529175157396,-0.3786414220991312,5150,0.2420728509231871,0.42135922330097086,Policy effect heterogeneity by transaction type.,
m3_policy_by_transaction,C(index_case_cause)[T.供用电合同纠纷],-0.4824045622215787,0.1345623548665241,0.0003370924106326652,-0.746141931434864,-0.2186671930082934,5150,0.2420728509231871,0.42135922330097086,Policy effect heterogeneity by transaction type.,
m3_policy_by_transaction,C(index_case_cause)[T.侵害作品信息网络传播权纠纷],-0.0070667866037528474,0.19271231919196194,0.9707480220882327,-0.38477599159718534,0.3706424183896796,5150,0.2420728509231871,0.42135922330097086,Policy effect heterogeneity by transaction type.,
m3_policy_by_transaction,C(index_case_cause)[T.侵害作品改编权纠纷],-0.37330591162848514,0.12435795177095717,0.002683302312509056,-0.6170430182907303,-0.12956880496624007,5150,0.2420728509231871,0.42135922330097086,Policy effect heterogeneity by transaction type.,
m3_policy_by_transaction,C(index_case_cause)[T.侵害发明专利权纠纷],0.3524568047237533,0.24248087918076205,0.14607256909320274,-0.12279698541014855,0.8277105948576551,5150,0.2420728509231871,0.42135922330097086,Policy effect heterogeneity by transaction type.,
m3_policy_by_transaction,C(index_case_cause)[T.侵害商标权纠纷],-0.0889294311687498,0.16723409986210389,0.5948879793495971,-0.41670224388544824,0.23884338154794865,5150,0.2420728509231871,0.42135922330097086,Policy effect heterogeneity by transaction type.,
m3_policy_by_transaction,C(index_case_cause)[T.侵害外观设计专利权纠纷],0.06531790896238837,0.2597608488794359,0.8014631091894887,-0.44380399943485765,0.5744398173596343,5150,0.2420728509231871,0.42135922330097086,Policy effect heterogeneity by transaction type.,
m3_policy_by_transaction,C(index_case_cause)[T.侵权责任纠纷],-0.09009573410578577,0.13704307549391054,0.5109067889158145,-0.35869522640445406,0.17850375819288256,5150,0.2420728509231871,0.42135922330097086,Policy effect heterogeneity by transaction type.,
m3_policy_by_transaction,C(index_case_cause)[T.保管合同纠纷],-0.33620014747843785,0.27287872076375125,0.21793051730194712,-0.8710326123227525,0.19863231736587683,5150,0.2420728509231871,0.42135922330097086,Policy effect heterogeneity by transaction type.,
m3_policy_by_transaction,C(index_case_cause)[T.保证合同纠纷],-0.028329258768345304,0.09065854487640557,0.7546734414270734,-0.20601674161690844,0.14935822408021784,5150,0.2420728509231871,0.42135922330097086,Policy effect heterogeneity by transaction type.,
m3_policy_by_transaction,C(index_case_cause)[T.保险代理合同纠纷],-0.0525818686706306,0.042334670221707026,0.21421731715252956,-0.13555629760255666,0.030392560261295484,5150,0.2420728509231871,0.42135922330097086,Policy effect heterogeneity by transaction type.,
m3_policy_by_transaction,C(index_case_cause)[T.信息网络买卖合同纠纷],-0.5515736444563827,0.10107404190902247,4.839066893448346e-08,-0.7496751263699588,-0.35347216254280656,5150,0.2420728509231871,0.42135922330097086,Policy effect heterogeneity by transaction type.,
m3_policy_by_transaction,C(index_case_cause)[T.信用卡纠纷],-0.47205373047515237,0.06717721671840148,2.110342262799303e-12,-0.6037186558248613,-0.34038880512544345,5150,0.2420728509231871,0.42135922330097086,Policy effect heterogeneity by transaction type.,
m3_policy_by_transaction,C(index_case_cause)[T.修理合同纠纷],-0.4885842837771903,0.041780539227039615,1.3668649709411897e-31,-0.5704726359168509,-0.4066959316375297,5150,0.2420728509231871,0.42135922330097086,Policy effect heterogeneity by transaction type.,
m3_policy_by_transaction,C(index_case_cause)[T.借款合同纠纷],-0.20831359450456813,0.11815221308558718,0.07788444216841757,-0.4398876768460211,0.023260487836884836,5150,0.2420728509231871,0.42135922330097086,Policy effect heterogeneity by transaction type.,
m3_policy_by_transaction,C(index_case_cause)[T.借用合同纠纷],-0.23152388264250046,0.14390763873751947,0.10765206579912039,-0.5135776716682398,0.05052990638323884,5150,0.2420728509231871,0.42135922330097086,Policy effect heterogeneity by transaction type.,
m3_policy_by_transaction,C(index_case_cause)[T.债券质权纠纷],-0.18649708446065758,0.37531639791443944,0.6192551251857707,-0.9221037071802628,0.5491095382589476,5150,0.2420728509231871,0.42135922330097086,Policy effect heterogeneity by transaction type.,
m3_policy_by_transaction,C(index_case_cause)[T.债务加入纠纷],-0.8485561556139073,0.031075250598145875,3.5515537915611035e-164,-0.90946252759683,-0.7876497836309846,5150,0.2420728509231871,0.42135922330097086,Policy effect heterogeneity by transaction type.,
m3_policy_by_transaction,C(index_case_cause)[T.债务转移合同纠纷],-0.466237807659891,0.041872946789544806,8.514241075980318e-29,-0.5483072752939608,-0.38416834002582106,5150,0.2420728509231871,0.42135922330097086,Policy effect heterogeneity by transaction type.,
m3_policy_by_transaction,C(index_case_cause)[T.债权人撤销权纠纷],-0.060299398689250217,0.27444847726749394,0.8260960973189915,-0.5982085297453981,0.4776097323668977,5150,0.2420728509231871,0.42135922330097086,Policy effect heterogeneity by transaction type.,
m3_policy_by_transaction,C(index_case_cause)[T.债权转让合同纠纷],-0.3269156454567706,0.13761225229374274,0.017519071555403568,-0.5966307037839458,-0.05720058712959536,5150,0.2420728509231871,0.42135922330097086,Policy effect heterogeneity by transaction type.,
m3_policy_by_transaction,C(index_case_cause)[T.储蓄存款合同纠纷],-0.6650058486025434,0.043090231664262776,9.839889779497752e-54,-0.7494611507499859,-0.580550546455101,5150,0.2420728509231871,0.42135922330097086,Policy effect heterogeneity by transaction type.,
m3_policy_by_transaction,C(index_case_cause)[T.公益事业捐赠合同纠纷],-1.1182278948377808,0.03909222905075062,5.845127502775367e-180,-1.1948472558526424,-1.0416085338229193,5150,0.2420728509231871,0.42135922330097086,Policy effect heterogeneity by transaction type.,
m3_policy_by_transaction,C(index_case_cause)[T.共有纠纷],-0.42708713180711866,0.07972253957472798,8.453595879103662e-08,-0.5833404381296546,-0.2708338254845827,5150,0.2420728509231871,0.42135922330097086,Policy effect heterogeneity by transaction type.,
m3_policy_by_transaction,C(index_case_cause)[T.再保险合同纠纷],-0.47458361046292014,0.04123278741180177,1.1766927032031756e-30,-0.5553983887722481,-0.39376883215359215,5150,0.2420728509231871,0.42135922330097086,Policy effect heterogeneity by transaction type.,
m3_policy_by_transaction,C(index_case_cause)[T.分期付款买卖合同纠纷],-0.8060052804519803,0.03766431090954214,1.3444546175240302e-101,-0.8798259733372019,-0.7321845875667586,5150,0.2420728509231871,0.42135922330097086,Policy effect heterogeneity by transaction type.,
m3_policy_by_transaction,C(index_case_cause)[T.劳务合同纠纷],-0.4301104567006659,0.10229435550812331,2.6150348750045053e-05,-0.6306037093183241,-0.2296172040830077,5150,0.2420728509231871,0.42135922330097086,Policy effect heterogeneity by transaction type.,
m3_policy_by_transaction,C(index_case_cause)[T.劳动争议],-0.4112710628353961,0.07971452531317813,2.4787630882398674e-07,-0.5675086614939318,-0.25503346417686046,5150,0.2420728509231871,0.42135922330097086,Policy effect heterogeneity by transaction type.,
m3_policy_by_transaction,C(index_case_cause)[T.劳动合同纠纷],-0.3814699155299214,0.10395645202046845,0.00024300965731379387,-0.5852208174506057,-0.1777190136092371,5150,0.2420728509231871,0.42135922330097086,Policy effect heterogeneity by transaction type.,
m3_policy_by_transaction,C(index_case_cause)[T.占有物返还纠纷],-0.8969554908252997,0.05688637061929922,5.207562206175882e-56,-1.0084507284503237,-0.7854602532002757,5150,0.2420728509231871,0.42135922330097086,Policy effect heterogeneity by transaction type.,
m3_policy_by_transaction,C(index_case_cause)[T.发起人责任纠纷],-0.48399906947222143,0.08463444294099758,1.0734151817650963e-08,-0.649879529488187,-0.318118609456256,5150,0.2420728509231871,0.42135922330097086,Policy effect heterogeneity by transaction type.,
m3_policy_by_transaction,C(index_case_cause)[T.合伙企业纠纷],-0.48695434343541183,0.15527908266958876,0.0017127243740315695,-0.7912957530202235,-0.18261293385060018,5150,0.2420728509231871,0.42135922330097086,Policy effect heterogeneity by transaction type.,
m3_policy_by_transaction,C(index_case_cause)[T.合伙协议纠纷],-0.42428475134437854,0.06963199032443919,1.106447780041193e-09,-0.5607609445521209,-0.2878085581366362,5150,0.2420728509231871,0.42135922330097086,Policy effect heterogeneity by transaction type.,
m3_policy_by_transaction,C(index_case_cause)[T.合伙合同纠纷],-0.22164136548027374,0.09027024001168425,0.014076339152004012,-0.39856778477896143,-0.04471494618158606,5150,0.2420728509231871,0.42135922330097086,Policy effect heterogeneity by transaction type.,
m3_policy_by_transaction,C(index_case_cause)[T.合作创作合同纠纷],-0.47420910602736566,0.04182129702857101,8.415927221346742e-30,-0.5561773419901168,-0.3922408700646145,5150,0.2420728509231871,0.42135922330097086,Policy effect heterogeneity by transaction type.,
m3_policy_by_transaction,C(index_case_cause)[T.合同、准合同纠纷],0.1643336409491669,0.04987211165367295,0.00098386339681301,0.06658609827500758,0.2620811836233262,5150,0.2420728509231871,0.42135922330097086,Policy effect heterogeneity by transaction type.,
m3_policy_by_transaction,C(index_case_cause)[T.合同、无因管理、不当得利],-0.5719726260768717,0.07590377837281163,4.8648172357870985e-14,-0.7207412979780927,-0.42320395417565065,5150,0.2420728509231871,0.42135922330097086,Policy effect heterogeneity by transaction type.,
m3_policy_by_transaction,C(index_case_cause)[T.合同纠纷],-0.27755380228450743,0.032314260862207726,8.757335167632878e-18,-0.3408885897614668,-0.21421901480754807,5150,0.2420728509231871,0.42135922330097086,Policy effect heterogeneity by transaction type.,
m3_policy_by_transaction,C(index_case_cause)[T.名誉权纠纷],-0.1111204479218603,0.04131744026531957,0.007157371765218611,-0.1921011427752717,-0.030139753068448877,5150,0.2420728509231871,0.42135922330097086,Policy effect heterogeneity by transaction type.,
m3_policy_by_transaction,C(index_case_cause)[T.商品房销售合同纠纷],-0.5898901635437114,0.03604401086826209,3.3542201257317593e-60,-0.6605351267038754,-0.5192452003835474,5150,0.2420728509231871,0.42135922330097086,Policy effect heterogeneity by transaction type.,
m3_policy_by_transaction,C(index_case_cause)[T.商品房预售合同纠纷],-0.6348804013904299,0.12690336398480764,5.648449019146557e-07,-0.8836064243176303,-0.38615437846322953,5150,0.2420728509231871,0.42135922330097086,Policy effect heterogeneity by transaction type.,
m3_policy_by_transaction,C(index_case_cause)[T.土地租赁合同纠纷],-0.48596099629893635,0.04149202768640292,1.1043846226288165e-31,-0.5672838762098249,-0.40463811638804786,5150,0.2420728509231871,0.42135922330097086,Policy effect heterogeneity by transaction type.,
m3_policy_by_transaction,C(index_case_cause)[T.委托合同纠纷],-0.29139000320695657,0.03745022085138234,7.210805925353745e-15,-0.3647910872887369,-0.21798891912517623,5150,0.2420728509231871,0.42135922330097086,Policy effect heterogeneity by transaction type.,
m3_policy_by_transaction,C(index_case_cause)[T.委托理财合同纠纷],-0.15008787064332696,0.04824939306831135,0.0018666431790352418,-0.24465494333313376,-0.055520797953520176,5150,0.2420728509231871,0.42135922330097086,Policy effect heterogeneity by transaction type.,
m3_policy_by_transaction,C(index_case_cause)[T.娱乐服务合同纠纷],-0.4373916090130165,0.051267339255111136,1.4435739395913584e-17,-0.5378737475362309,-0.33690947048980213,5150,0.2420728509231871,0.42135922330097086,Policy effect heterogeneity by transaction type.,
m3_policy_by_transaction,C(index_case_cause)[T.婚约财产纠纷],0.10361837632740924,0.21740071953418416,0.6336299695219091,-0.3224792041726851,0.5297159568275036,5150,0.2420728509231871,0.42135922330097086,Policy effect heterogeneity by transaction type.,
m3_policy_by_transaction,C(index_case_cause)[T.定作合同纠纷],-0.4782053342140512,0.041569443220985824,1.2627603271319157e-30,-0.5596799457845661,-0.39673072264353626,5150,0.2420728509231871,0.42135922330097086,Policy effect heterogeneity by transaction type.,
m3_policy_by_transaction,C(index_case_cause)[T.定金合同纠纷],-0.2209185783564833,0.2589277231897596,0.3935453092864508,-0.7284075904073687,0.28657043369440205,5150,0.2420728509231871,0.42135922330097086,Policy effect heterogeneity by transaction type.,
m3_policy_by_transaction,C(index_case_cause)[T.广告合同纠纷],-0.3010042706078536,0.16083716037820228,0.06127794085920544,-0.6162393123248227,0.014230771109115414,5150,0.2420728509231871,0.42135922330097086,Policy effect heterogeneity by transaction type.,
m3_policy_by_transaction,C(index_case_cause)[T.建设工程合同纠纷],-0.4544798164784036,0.04396143651946855,4.736038046008317e-25,-0.5406426487652058,-0.36831698419160136,5150,0.2420728509231871,0.42135922330097086,Policy effect heterogeneity by transaction type.,
m3_policy_by_transaction,C(index_case_cause)[T.建设工程施工合同纠纷],0.15840909530474595,0.1165332344765898,0.17403667730195282,-0.06999184727133137,0.38681003788082324,5150,0.2420728509231871,0.42135922330097086,Policy effect heterogeneity by transaction type.,
m3_policy_by_transaction,C(index_case_cause)[T.悬赏广告纠纷],0.4819113894474774,0.07608264106235553,2.388052828671505e-10,0.33279215311657234,0.6310306257783824,5150,0.2420728509231871,0.42135922330097086,Policy effect heterogeneity by transaction type.,
m3_policy_by_transaction,C(index_case_cause)[T.房屋买卖合同纠纷],-0.6026126436654591,0.07862801675310538,1.8009559987535935e-14,-0.7567207246773576,-0.44850456265356053,5150,0.2420728509231871,0.42135922330097086,Policy effect heterogeneity by transaction type.,
m3_policy_by_transaction,C(index_case_cause)[T.房屋拆迁安置补偿合同纠纷],0.5440096298267127,0.04275026514921681,4.278693451877955e-37,0.46022064980470995,0.6277986098487155,5150,0.2420728509231871,0.42135922330097086,Policy effect heterogeneity by transaction type.,
m3_policy_by_transaction,C(index_case_cause)[T.房屋租赁合同纠纷],-0.3367306694111144,0.11366446679467496,0.0030515454306785077,-0.5595089306506262,-0.1139524081716026,5150,0.2420728509231871,0.42135922330097086,Policy effect heterogeneity by transaction type.,
m3_policy_by_transaction,C(index_case_cause)[T.所有权确认纠纷],-0.851883761846799,0.030869061906985056,1.2194713294751106e-167,-0.912386011421027,-0.791381512272571,5150,0.2420728509231871,0.42135922330097086,Policy effect heterogeneity by transaction type.,
m3_policy_by_transaction,C(index_case_cause)[T.所有权纠纷],-0.4087083161747134,0.2938998211248215,0.16433516858878405,-0.9847413806421277,0.1673247482927009,5150,0.2420728509231871,0.42135922330097086,Policy effect heterogeneity by transaction type.,
m3_policy_by_transaction,C(index_case_cause)[T.执行异议之诉],-0.1868627516792829,0.29292495801217716,0.5235256190726196,-0.7609851195560576,0.38725961619749183,5150,0.2420728509231871,0.42135922330097086,Policy effect heterogeneity by transaction type.,
m3_policy_by_transaction,C(index_case_cause)[T.技术合同纠纷],-0.46599954225930595,0.04188662159613355,9.453020865677331e-29,-0.5480958120217854,-0.38390327249682654,5150,0.2420728509231871,0.42135922330097086,Policy effect heterogeneity by transaction type.,
m3_policy_by_transaction,C(index_case_cause)[T.技术委托开发合同纠纷],-0.47749445180498157,0.04202917660000215,6.53743945283381e-30,-0.5598701242408594,-0.3951187793691038,5150,0.2420728509231871,0.42135922330097086,Policy effect heterogeneity by transaction type.,
m3_policy_by_transaction,C(index_case_cause)[T.技术服务合同纠纷],-0.43027880815303643,0.05062075527073434,1.8951365321143255e-17,-0.5294936653538919,-0.331063950952181,5150,0.2420728509231871,0.42135922330097086,Policy effect heterogeneity by transaction type.,
m3_policy_by_transaction,C(index_case_cause)[T.抵押合同纠纷],0.012144504940734827,0.3370045253927631,0.9712531571907856,-0.648372227456095,0.6726612373375647,5150,0.2420728509231871,0.42135922330097086,Policy effect heterogeneity by transaction type.,
m3_policy_by_transaction,C(index_case_cause)[T.担保物权确认纠纷],-0.41442822970165993,0.08036826707917924,2.514537703426937e-07,-0.5719471386767473,-0.2569093207265726,5150,0.2420728509231871,0.42135922330097086,Policy effect heterogeneity by transaction type.,
m3_policy_by_transaction,C(index_case_cause)[T.损害公司债权人利益责任纠纷],-0.44405700548191307,0.06992354820019067,2.1446635903084573e-10,-0.5811046416255373,-0.3070093693382888,5150,0.2420728509231871,0.42135922330097086,Policy effect heterogeneity by transaction type.,
m3_policy_by_transaction,C(index_case_cause)[T.损害公司利益责任纠纷],-0.4179981831900464,0.05256278081937338,1.8299080073758875e-15,-0.521019340523291,-0.3149770258568018,5150,0.2420728509231871,0.42135922330097086,Policy effect heterogeneity by transaction type.,
m3_policy_by_transaction,C(index_case_cause)[T.排除妨害纠纷],0.3166912678724813,0.038032662200563255,8.30403632634911e-17,0.24214861972319945,0.39123391602176316,5150,0.2420728509231871,0.42135922330097086,Policy effect heterogeneity by transaction type.,
m3_policy_by_transaction,C(index_case_cause)[T.教育培训合同纠纷],-0.4843982140902754,0.03793088385820046,2.394592437759054e-37,-0.55874138035412,-0.4100550478264308,5150,0.2420728509231871,0.42135922330097086,Policy effect heterogeneity by transaction type.,
m3_policy_by_transaction,C(index_case_cause)[T.旅游合同纠纷],-0.47853069437453927,0.042122156446317956,6.573254766447542e-30,-0.5610886039604841,-0.39597278478859443,5150,0.2420728509231871,0.42135922330097086,Policy effect heterogeneity by transaction type.,
m3_policy_by_transaction,C(index_case_cause)[T.服务合同纠纷],-0.3779135321900158,0.06065456917754457,4.646925375681735e-10,-0.4967943032757964,-0.2590327611042352,5150,0.2420728509231871,0.42135922330097086,Policy effect heterogeneity by transaction type.,
m3_policy_by_transaction,C(index_case_cause)[T.机动车交通事故责任纠纷],-0.12324250900385074,0.038501429540245505,0.0013695853124505166,-0.19870392425603844,-0.04778109375166302,5150,0.2420728509231871,0.42135922330097086,Policy effect heterogeneity by transaction type.,
m3_policy_by_transaction,C(index_case_cause)[T.案外人执行异议之诉],-0.4482629261343761,0.06850161994581722,5.996312994286104e-11,-0.5825236341108284,-0.3140022181579238,5150,0.2420728509231871,0.42135922330097086,Policy effect heterogeneity by transaction type.,
m3_policy_by_transaction,C(index_case_cause)[T.民间借贷纠纷],-0.33526349104400255,0.03203109398494386,1.227039237998886e-25,-0.3980432816399101,-0.272483700448095,5150,0.2420728509231871,0.42135922330097086,Policy effect heterogeneity by transaction type.,
m3_policy_by_transaction,C(index_case_cause)[T.民间委托理财合同纠纷],-0.051900368297743284,0.050273804593084455,0.3019062658934418,-0.15043521466599316,0.0466344780705066,5150,0.2420728509231871,0.42135922330097086,Policy effect heterogeneity by transaction type.,
m3_policy_by_transaction,C(index_case_cause)[T.法律服务合同纠纷],-0.5016980375483396,0.052169441701023854,6.797491423525841e-22,-0.6039482643759084,-0.39944781072077085,5150,0.2420728509231871,0.42135922330097086,Policy effect heterogeneity by transaction type.,
m3_policy_by_transaction,C(index_case_cause)[T.消费者权益保护民事公益诉讼],0.5008367737176199,0.07569700030162074,3.68211417889089e-11,0.3524733793887257,0.6492001680465141,5150,0.2420728509231871,0.42135922330097086,Policy effect heterogeneity by transaction type.,
m3_policy_by_transaction,C(index_case_cause)[T.清算责任纠纷],0.05532693234318003,0.1795429534951243,0.7579649281758871,-0.29657079018521343,0.4072246548715735,5150,0.2420728509231871,0.42135922330097086,Policy effect heterogeneity by transaction type.,
m3_policy_by_transaction,C(index_case_cause)[T.演出合同纠纷],-0.477649353196609,0.03773227135321722,9.987893415792159e-37,-0.5516032461038072,-0.40369546028941083,5150,0.2420728509231871,0.42135922330097086,Policy effect heterogeneity by transaction type.,
m3_policy_by_transaction,C(index_case_cause)[T.物业服务合同纠纷],-0.5256648321520943,0.054873333489881826,9.741726222198137e-22,-0.6332145895039182,-0.41811507480027027,5150,0.2420728509231871,0.42135922330097086,Policy effect heterogeneity by transaction type.,
m3_policy_by_transaction,C(index_case_cause)[T.物权保护纠纷],0.22733118674992442,0.05475652592822391,3.30053721239012e-05,0.1200103680120719,0.33465200548777696,5150,0.2420728509231871,0.42135922330097086,Policy effect heterogeneity by transaction type.,
m3_policy_by_transaction,C(index_case_cause)[T.物权纠纷],0.5496421480394881,0.07678052545278277,8.149677330735037e-13,0.3991550834379729,0.7001292126410033,5150,0.2420728509231871,0.42135922330097086,Policy effect heterogeneity by transaction type.,
m3_policy_by_transaction,C(index_case_cause)[T.特许经营合同纠纷],-0.4839039680514867,0.04163421507179333,3.158138005481093e-31,-0.5655055301167964,-0.40230240598617706,5150,0.2420728509231871,0.42135922330097086,Policy effect heterogeneity by transaction type.,
m3_policy_by_transaction,C(index_case_cause)[T.确认合同效力纠纷],-0.36153844371883476,0.14265942782847923,0.011267976292078147,-0.6411457843177453,-0.0819311031199243,5150,0.2420728509231871,0.42135922330097086,Policy effect heterogeneity by transaction type.,
m3_policy_by_transaction,C(index_case_cause)[T.确认合同无效纠纷],0.08050456021577414,0.10005690932676865,0.4210576326955102,-0.11560337846908224,0.2766124989006305,5150,0.2420728509231871,0.42135922330097086,Policy effect heterogeneity by transaction type.,
m3_policy_by_transaction,C(index_case_cause)[T.确认合同有效纠纷],0.4600717765758092,0.040336233143361856,3.906334825964241e-30,0.38101421234280913,0.5391293408088094,5150,0.2420728509231871,0.42135922330097086,Policy effect heterogeneity by transaction type.,
m3_policy_by_transaction,C(index_case_cause)[T.离婚后财产纠纷],-0.637428482505349,0.08162311102220453,5.745551009035638e-15,-0.7974068404149842,-0.4774501245957138,5150,0.2420728509231871,0.42135922330097086,Policy effect heterogeneity by transaction type.,
m3_policy_by_transaction,C(index_case_cause)[T.离婚纠纷],-0.17205312097532813,0.3637725037815519,0.6362352888769723,-0.8850341269531304,0.5409278850024742,5150,0.2420728509231871,0.42135922330097086,Policy effect heterogeneity by transaction type.,
m3_policy_by_transaction,C(index_case_cause)[T.种植、养殖回收合同纠纷],-0.4625970287647594,0.04269706284880251,2.3651249196131353e-27,-0.5462817341940555,-0.3789123233354633,5150,0.2420728509231871,0.42135922330097086,Policy effect heterogeneity by transaction type.,
m3_policy_by_transaction,C(index_case_cause)[T.租赁合同纠纷],-0.4519770016214127,0.06228558277174097,3.9715602454506967e-13,-0.5740545006101134,-0.32989950263271195,5150,0.2420728509231871,0.42135922330097086,Policy effect heterogeneity by transaction type.,
m3_policy_by_transaction,C(index_case_cause)[T.竞业限制纠纷],-0.4192746428956485,0.07999882321196213,1.596999465161253e-07,-0.5760694551966812,-0.2624798305946158,5150,0.2420728509231871,0.42135922330097086,Policy effect heterogeneity by transaction type.,
m3_policy_by_transaction,C(index_case_cause)[T.缔约过失责任纠纷],-0.02429371969019858,0.34235750976315826,0.943429518983749,-0.6953021086628087,0.6467146692824116,5150,0.2420728509231871,0.42135922330097086,Policy effect heterogeneity by transaction type.,
m3_policy_by_transaction,C(index_case_cause)[T.网络侵害虚拟财产纠纷],-0.4716597018710874,0.19337209978329783,0.014722668259870954,-0.8506620530612368,-0.09265735068093806,5150,0.2420728509231871,0.42135922330097086,Policy effect heterogeneity by transaction type.,
m3_policy_by_transaction,C(index_case_cause)[T.网络侵权责任纠纷],-0.3216250908909584,0.10536534846894838,0.002269626442879122,-0.5281373791086098,-0.11511280267330706,5150,0.2420728509231871,0.42135922330097086,Policy effect heterogeneity by transaction type.,
m3_policy_by_transaction,C(index_case_cause)[T.网络域名合同纠纷],-0.4498859069792355,0.053247509003833744,2.9391701892745916e-17,-0.5542491068932218,-0.34552270706524907,5150,0.2420728509231871,0.42135922330097086,Policy effect heterogeneity by transaction type.,
m3_policy_by_transaction,C(index_case_cause)[T.网络服务合同纠纷],-0.4541395540703795,0.04672883940189057,2.511769623337425e-22,-0.5457263963374412,-0.3625527118033178,5150,0.2420728509231871,0.42135922330097086,Policy effect heterogeneity by transaction type.,
m3_policy_by_transaction,C(index_case_cause)[T.联营合同纠纷],-0.46384830289912815,0.039801885272383736,2.191207709895119e-31,-0.5418585645497955,-0.38583804124846083,5150,0.2420728509231871,0.42135922330097086,Policy effect heterogeneity by transaction type.,
m3_policy_by_transaction,C(index_case_cause)[T.肖像权纠纷],0.3369975766024925,0.1646737896321263,0.04071157991650777,0.014242879725799573,0.6597522734791854,5150,0.2420728509231871,0.42135922330097086,Policy effect heterogeneity by transaction type.,
m3_policy_by_transaction,C(index_case_cause)[T.股东出资纠纷],-0.6743448604869899,0.16620710284328746,4.9652525750611746e-05,-1.0001047960345781,-0.3485849249394017,5150,0.2420728509231871,0.42135922330097086,Policy effect heterogeneity by transaction type.,
m3_policy_by_transaction,C(index_case_cause)[T.股东损害公司债权人利益责任纠纷],-0.467463274846107,0.16821588930454054,0.005453518887209747,-0.7971603595103829,-0.13776619018183106,5150,0.2420728509231871,0.42135922330097086,Policy effect heterogeneity by transaction type.,
m3_policy_by_transaction,C(index_case_cause)[T.股东资格确认纠纷],-0.8458781207588911,0.04859118560369301,7.167574539819267e-68,-0.9411150945082306,-0.7506411470095516,5150,0.2420728509231871,0.42135922330097086,Policy effect heterogeneity by transaction type.,
m3_policy_by_transaction,C(index_case_cause)[T.股权转让纠纷],-0.4680589688685534,0.18207748785962263,0.010150548336585945,-0.8249242874689426,-0.11119365026816413,5150,0.2420728509231871,0.42135922330097086,Policy effect heterogeneity by transaction type.,
m3_policy_by_transaction,C(index_case_cause)[T.著作权合同纠纷],-0.4641107584329378,0.042349797081491045,6.01709217876167e-28,-0.5471148354652398,-0.38110668140063586,5150,0.2420728509231871,0.42135922330097086,Policy effect heterogeneity by transaction type.,
m3_policy_by_transaction,C(index_case_cause)[T.著作权权属纠纷],-0.5163982884101885,0.11162598176850085,3.725295299675828e-06,-0.7351811924153748,-0.2976153844050022,5150,0.2420728509231871,0.42135922330097086,Policy effect heterogeneity by transaction type.,
m3_policy_by_transaction,C(index_case_cause)[T.著作权许可使用合同纠纷],-0.45841475934458575,0.041742060262080674,4.660530678551399e-28,-0.5402276940987645,-0.37660182459040703,5150,0.2420728509231871,0.42135922330097086,Policy effect heterogeneity by transaction type.,
m3_policy_by_transaction,C(index_case_cause)[T.融资租赁合同纠纷],-0.3808873089526773,0.0539566229573018,1.6753725313583243e-12,-0.4866403466763959,-0.2751342712289587,5150,0.2420728509231871,0.42135922330097086,Policy effect heterogeneity by transaction type.,
m3_policy_by_transaction,C(index_case_cause)[T.行纪合同纠纷],-0.15547148380563408,0.22546483810330484,0.4904710685864896,-0.5973744462682656,0.2864314786569975,5150,0.2420728509231871,0.42135922330097086,Policy effect heterogeneity by transaction type.,
m3_policy_by_transaction,C(index_case_cause)[T.被继承人债务清偿纠纷],-0.3664605345500437,0.1322021059916064,0.005571783109327508,-0.6255719009739391,-0.10734916812614825,5150,0.2420728509231871,0.42135922330097086,Policy effect heterogeneity by transaction type.,
m3_policy_by_transaction,C(index_case_cause)[T.装饰装修合同纠纷],-0.4923060697565092,0.03834542722552759,9.951055224265267e-38,-0.567461726090345,-0.41715041342267345,5150,0.2420728509231871,0.42135922330097086,Policy effect heterogeneity by transaction type.,
m3_policy_by_transaction,C(index_case_cause)[T.计算机软件开发合同纠纷],-0.32683577708012207,0.08989923235849095,0.0002773567888521747,-0.5030350347405621,-0.15063651941968198,5150,0.2420728509231871,0.42135922330097086,Policy effect heterogeneity by transaction type.,
m3_policy_by_transaction,C(index_case_cause)[T.计算机软件著作权许可使用合同纠纷],-0.4613597811211533,0.04147069551462103,9.484963013704574e-29,-0.5426408507436372,-0.3800787114986693,5150,0.2420728509231871,0.42135922330097086,Policy effect heterogeneity by transaction type.,
m3_policy_by_transaction,C(index_case_cause)[T.财产保险合同纠纷],-0.6670784748916374,0.03546714078807667,6.451204813657652e-79,-0.7365927934708792,-0.5975641563123956,5150,0.2420728509231871,0.42135922330097086,Policy effect heterogeneity by transaction type.,
m3_policy_by_transaction,C(index_case_cause)[T.财产损失保险合同纠纷],-0.4763164649862905,0.04116705915893589,5.825807442812991e-31,-0.5570024182872346,-0.39563051168534635,5150,0.2420728509231871,0.42135922330097086,Policy effect heterogeneity by transaction type.,
m3_policy_by_transaction,C(index_case_cause)[T.财产损害赔偿纠纷],-0.07606821861742973,0.11289971057255192,0.5004587860559748,-0.29734758520462745,0.14521114796976803,5150,0.2420728509231871,0.42135922330097086,Policy effect heterogeneity by transaction type.,
m3_policy_by_transaction,C(index_case_cause)[T.赠与合同纠纷],0.12107563239503026,0.08800783689895997,0.16890309038378326,-0.05141655828420651,0.29356782307426704,5150,0.2420728509231871,0.42135922330097086,Policy effect heterogeneity by transaction type.,
m3_policy_by_transaction,C(index_case_cause)[T.车辆租赁合同纠纷],-0.4696277502642223,0.04157834819088066,1.388923657451166e-29,-0.5511198152550145,-0.3881356852734301,5150,0.2420728509231871,0.42135922330097086,Policy effect heterogeneity by transaction type.,
m3_policy_by_transaction,C(index_case_cause)[T.运输合同纠纷],-0.14518154688067014,0.2778202957805572,0.6012710292693741,-0.6896993207848274,0.3993362270234872,5150,0.2420728509231871,0.42135922330097086,Policy effect heterogeneity by transaction type.,
m3_policy_by_transaction,C(index_case_cause)[T.返还原物纠纷],-0.2824204347174216,0.09897998776671246,0.00432666041472804,-0.47641764593039315,-0.08842322350445006,5150,0.2420728509231871,0.42135922330097086,Policy effect heterogeneity by transaction type.,
m3_policy_by_transaction,C(index_case_cause)[T.追偿权纠纷],-0.4429524999316493,0.13977763472599009,0.0015297503034332137,-0.7169116298387851,-0.16899337002451353,5150,0.2420728509231871,0.42135922330097086,Policy effect heterogeneity by transaction type.,
m3_policy_by_transaction,C(index_case_cause)[T.追加、变更被执行人异议之诉],-0.843292887522343,0.048813834224698906,7.170504488469955e-67,-0.9389662445500615,-0.7476195304946245,5150,0.2420728509231871,0.42135922330097086,Policy effect heterogeneity by transaction type.,
m3_policy_by_transaction,C(index_case_cause)[T.金融借款合同纠纷],-0.5811315162197697,0.03470523556395374,6.181913575673733e-63,-0.6491525280000976,-0.5131105044394417,5150,0.2420728509231871,0.42135922330097086,Policy effect heterogeneity by transaction type.,
m3_policy_by_transaction,C(index_case_cause)[T.铁路运输财产损害责任纠纷],0.15890366220036636,0.03218866056415455,7.948210274584186e-07,0.09581504678403871,0.22199227761669402,5150,0.2420728509231871,0.42135922330097086,Policy effect heterogeneity by transaction type.,
m3_policy_by_transaction,C(index_case_cause)[T.银行卡纠纷],-0.6672497900265683,0.04482336478737662,4.051220485674353e-50,-0.7551019706757273,-0.5793976093774093,5150,0.2420728509231871,0.42135922330097086,Policy effect heterogeneity by transaction type.,
m3_policy_by_transaction,C(index_case_cause)[T.餐饮服务合同纠纷],0.5345143730444792,0.06092181030858693,1.727713425681907e-18,0.4151098189666679,0.6539189271222906,5150,0.2420728509231871,0.42135922330097086,Policy effect heterogeneity by transaction type.,
m3_policy_by_transaction,post2021,0.02622346365508025,0.026506624650562634,0.3225078979475554,-0.025728566011744107,0.0781754933219046,5150,0.2420728509231871,0.42135922330097086,Policy effect heterogeneity by transaction type.,
m3_policy_by_transaction,"post2021:C(transaction_type, Treatment(reference='借贷'))[T.投资/理财]",0.15518229405504938,0.03586430129927888,1.5120250679706987e-05,0.08488955517776971,0.22547503293232907,5150,0.2420728509231871,0.42135922330097086,Policy effect heterogeneity by transaction type.,
m3_policy_by_transaction,"post2021:C(transaction_type, Treatment(reference='借贷'))[T.交易/买卖]",0.11926139302290296,0.04735933242840518,0.011794838567488792,0.026438807131368952,0.21208397891443698,5150,0.2420728509231871,0.42135922330097086,Policy effect heterogeneity by transaction type.,
m3_policy_by_transaction,"post2021:C(transaction_type, Treatment(reference='借贷'))[T.ICO/发币]",-0.10095432243533044,0.047272505060106496,0.03271347997389914,-0.19360672981212662,-0.00830191505853424,5150,0.2420728509231871,0.42135922330097086,Policy effect heterogeneity by transaction type.,
m3_policy_by_transaction,"post2021:C(transaction_type, Treatment(reference='借贷'))[T.挖矿]",0.42154068464433125,0.05592536100374934,4.788515518694769e-14,0.31192899125458173,0.5311523780340808,5150,0.2420728509231871,0.42135922330097086,Policy effect heterogeneity by transaction type.,
m3_policy_by_transaction,"post2021:C(transaction_type, Treatment(reference='借贷'))[T.技术服务]",0.039899109684072766,0.048202837997186734,0.4078213736498447,-0.05457671674303207,0.1343749361111776,5150,0.2420728509231871,0.42135922330097086,Policy effect heterogeneity by transaction type.,
m3_policy_by_transaction,"post2021:C(transaction_type, Treatment(reference='借贷'))[T.其他民商事]",-0.022235849132200156,0.04490523436767997,0.6204781725536459,-0.11024849121018317,0.06577679294578286,5150,0.2420728509231871,0.42135922330097086,Policy effect heterogeneity by transaction type.,
m3_policy_by_transaction,"post2021:C(transaction_type, Treatment(reference='借贷'))[T.其他/未分类]",0.0402412088462826,0.09200847480006284,0.6618472753150347,-0.14009208803430173,0.22057450572686693,5150,0.2420728509231871,0.42135922330097086,Policy effect heterogeneity by transaction type.,
m3_policy_by_transaction,"post2021:C(transaction_type, Treatment(reference='借贷'))[T.未分类]",-0.05493405917522935,0.23072722460598907,0.8118105703385348,-0.5071511096558516,0.39728299130539296,5150,0.2420728509231871,0.42135922330097086,Policy effect heterogeneity by transaction type.,
m3_policy_by_transaction,log_amount_master,-0.005042964722152082,0.0036348123938401053,0.16531764447398944,-0.012167066104638507,0.0020811366603343436,5150,0.2420728509231871,0.42135922330097086,Policy effect heterogeneity by transaction type.,
m3_policy_by_transaction,amount_llm_regex_conflict_flag,-0.03582925447404542,0.03179307950019991,0.25976304265121997,-0.09814254525205596,0.026484036303965112,5150,0.2420728509231871,0.42135922330097086,Policy effect heterogeneity by transaction type.,
m3_policy_by_transaction,amount_regex_fallback_flag,0.23586299905134075,0.04557066564857787,2.2698053531825732e-07,0.14654613562861152,0.32517986247407,5150,0.2420728509231871,0.42135922330097086,Policy effect heterogeneity by transaction type.,
m4_amount_quartiles,Intercept,0.5111934741193338,0.03800122554741702,2.995508923587656e-41,0.43671244067801307,0.5856745075606545,5148,0.23112943887147863,0.42152292152292153,Uses amount quartiles instead of linear log amount.,
m4_amount_quartiles,"C(amount_quartile, Treatment(reference='Q1最低'))[T.Q2]",-0.03198149090244608,0.01625893161957644,0.049181988313470065,-0.06384841130391539,-0.00011457050097676141,5148,0.23112943887147863,0.42152292152292153,Uses amount quartiles instead of linear log amount.,
m4_amount_quartiles,"C(amount_quartile, Treatment(reference='Q1最低'))[T.Q3]",-0.01569404074990486,0.01716789888995197,0.36063784975190205,-0.04934250426443589,0.017954422764626173,5148,0.23112943887147863,0.42152292152292153,Uses amount quartiles instead of linear log amount.,
m4_amount_quartiles,"C(amount_quartile, Treatment(reference='Q1最低'))[T.Q4最高]",-0.05151940635269365,0.023428912299279916,0.027880264735994576,-0.0974392306562298,-0.005599582049157503,5148,0.23112943887147863,0.42152292152292153,Uses amount quartiles instead of linear log amount.,
m4_amount_quartiles,"C(transaction_type, Treatment(reference='借贷'))[T.投资/理财]",0.2143264589618537,0.020196658435471325,2.62144942389693e-26,0.17474173582027283,0.25391118210343455,5148,0.23112943887147863,0.42152292152292153,Uses amount quartiles instead of linear log amount.,
m4_amount_quartiles,"C(transaction_type, Treatment(reference='借贷'))[T.交易/买卖]",0.1844770518912019,0.032206084186162644,1.0161037887793388e-08,0.12135428680325813,0.24759981697914565,5148,0.23112943887147863,0.42152292152292153,Uses amount quartiles instead of linear log amount.,
m4_amount_quartiles,"C(transaction_type, Treatment(reference='借贷'))[T.ICO/发币]",0.5480556722241191,0.027148997477758598,1.2747553627172764e-90,0.49484461495134346,0.6012667294968947,5148,0.23112943887147863,0.42152292152292153,Uses amount quartiles instead of linear log amount.,
m4_amount_quartiles,"C(transaction_type, Treatment(reference='借贷'))[T.挖矿]",0.13327437299526365,0.03647515582319215,0.0002583475792957713,0.061784381251320616,0.20476436473920667,5148,0.23112943887147863,0.42152292152292153,Uses amount quartiles instead of linear log amount.,
m4_amount_quartiles,"C(transaction_type, Treatment(reference='借贷'))[T.技术服务]",-0.0934054853093607,0.04160947336006187,0.02478014204273933,-0.1749585545107608,-0.011852416107960603,5148,0.23112943887147863,0.42152292152292153,Uses amount quartiles instead of linear log amount.,
m4_amount_quartiles,"C(transaction_type, Treatment(reference='借贷'))[T.其他民商事]",-0.09513843970573986,0.030065839211470147,0.001554368388124586,-0.15406640172519348,-0.036210477686286234,5148,0.23112943887147863,0.42152292152292153,Uses amount quartiles instead of linear log amount.,
m4_amount_quartiles,"C(transaction_type, Treatment(reference='借贷'))[T.其他/未分类]",-0.0813969569257818,0.05761592289675555,0.15772892864447519,-0.19432209073945933,0.031528176887895734,5148,0.23112943887147863,0.42152292152292153,Uses amount quartiles instead of linear log amount.,
m4_amount_quartiles,"C(transaction_type, Treatment(reference='借贷'))[T.未分类]",0.19057093817165405,0.11895017403038602,0.10913189141285908,-0.0425671188826742,0.42370899522598227,5148,0.23112943887147863,0.42152292152292153,Uses amount quartiles instead of linear log amount.,
m4_amount_quartiles,C(court_level_group)[T.基层法院],0.005996269796492337,0.014071667532279843,0.6700177755373593,-0.021583691769197774,0.03357623136218245,5148,0.23112943887147863,0.42152292152292153,Uses amount quartiles instead of linear log amount.,
m4_amount_quartiles,C(court_level_group)[T.最高人民法院],-0.04310266300951341,0.10807482637144004,0.6900240613383651,-0.25492543033295556,0.16872010431392873,5148,0.23112943887147863,0.42152292152292153,Uses amount quartiles instead of linear log amount.,
m4_amount_quartiles,C(court_level_group)[T.高级法院],-0.008773510814570923,0.08989365811216028,0.9222508981325381,-0.18496184315296194,0.1674148215238201,5148,0.23112943887147863,0.42152292152292153,Uses amount quartiles instead of linear log amount.,
m4_amount_quartiles,C(index_case_cause)[T.不正当竞争纠纷],0.07094697342067621,0.17471399854378733,0.6846875510740844,-0.2714861713201304,0.4133801181614828,5148,0.23112943887147863,0.42152292152292153,Uses amount quartiles instead of linear log amount.,
m4_amount_quartiles,C(index_case_cause)[T.与公司有关的纠纷],-0.2998630280952865,0.18613275029620488,0.10717601356332777,-0.6646765150192351,0.06495045882866218,5148,0.23112943887147863,0.42152292152292153,Uses amount quartiles instead of linear log amount.,
m4_amount_quartiles,C(index_case_cause)[T.业主撤销权纠纷],-0.026905043512541513,0.268124828719259,0.9200702624481631,-0.55242005116326,0.49860996413817693,5148,0.23112943887147863,0.42152292152292153,Uses amount quartiles instead of linear log amount.,
m4_amount_quartiles,C(index_case_cause)[T.中介合同纠纷],-0.5170314286501557,0.039291287038146126,1.5120532973495005e-39,-0.5940409361511476,-0.44002192114916383,5148,0.23112943887147863,0.42152292152292153,Uses amount quartiles instead of linear log amount.,
m4_amount_quartiles,C(index_case_cause)[T.买卖合同纠纷],-0.2955963646118896,0.03872833442259299,2.3013597645711634e-14,-0.3715025052613947,-0.2196902239623845,5148,0.23112943887147863,0.42152292152292153,Uses amount quartiles instead of linear log amount.,
m4_amount_quartiles,C(index_case_cause)[T.互易纠纷],-0.5016303062046018,0.03915727422875447,1.429241638600634e-37,-0.5783771534257189,-0.4248834589834846,5148,0.23112943887147863,0.42152292152292153,Uses amount quartiles instead of linear log amount.,
m4_amount_quartiles,C(index_case_cause)[T.人身保险合同纠纷],-0.5170314286501602,0.039291287038146626,1.5120532973506023e-39,-0.5940409361511529,-0.4400219211491673,5148,0.23112943887147863,0.42152292152292153,Uses amount quartiles instead of linear log amount.,
m4_amount_quartiles,C(index_case_cause)[T.仓储合同纠纷],0.23886171789892705,0.044627225594535545,8.680650014340886e-08,0.1513939630036933,0.3263294727941608,5148,0.23112943887147863,0.42152292152292153,Uses amount quartiles instead of linear log amount.,
m4_amount_quartiles,C(index_case_cause)[T.企业承包经营合同纠纷],-0.40036099366368705,0.04111381654842296,2.0786587453112492e-22,-0.4809425933655829,-0.31977939396179117,5148,0.23112943887147863,0.42152292152292153,Uses amount quartiles instead of linear log amount.,
m4_amount_quartiles,C(index_case_cause)[T.供用电合同纠纷],-0.5576056096201244,0.10171332185018099,4.2023625555899454e-08,-0.7569600571944101,-0.35825116204583873,5148,0.23112943887147863,0.42152292152292153,Uses amount quartiles instead of linear log amount.,
m4_amount_quartiles,C(index_case_cause)[T.侵害作品信息网络传播权纠纷],-0.006484285134043005,0.1866876335522659,0.9722923751241114,-0.37238532325549556,0.3594167529874095,5148,0.23112943887147863,0.42152292152292153,Uses amount quartiles instead of linear log amount.,
m4_amount_quartiles,C(index_case_cause)[T.侵害作品改编权纠纷],-0.3695036000262828,0.10967346368274919,0.0007540724354075432,-0.5844596389042328,-0.1545475611483328,5148,0.23112943887147863,0.42152292152292153,Uses amount quartiles instead of linear log amount.,
m4_amount_quartiles,C(index_case_cause)[T.侵害发明专利权纠纷],0.26264557643099284,0.16221357615399273,0.10541835516779696,-0.05528719063427823,0.5805783434962639,5148,0.23112943887147863,0.42152292152292153,Uses amount quartiles instead of linear log amount.,
m4_amount_quartiles,C(index_case_cause)[T.侵害商标权纠纷],-0.08170401009891796,0.16357871188461828,0.617442499717462,-0.4023123940302239,0.23890437383238794,5148,0.23112943887147863,0.42152292152292153,Uses amount quartiles instead of linear log amount.,
m4_amount_quartiles,C(index_case_cause)[T.侵害外观设计专利权纠纷],0.07206772358535182,0.25257296114518135,0.7753880536111544,-0.4229661837278381,0.5671016308985417,5148,0.23112943887147863,0.42152292152292153,Uses amount quartiles instead of linear log amount.,
m4_amount_quartiles,C(index_case_cause)[T.侵权责任纠纷],-0.09279379068262086,0.14235479829365727,0.5144987793264441,-0.3718040683646531,0.18621648699941132,5148,0.23112943887147863,0.42152292152292153,Uses amount quartiles instead of linear log amount.,
m4_amount_quartiles,C(index_case_cause)[T.保管合同纠纷],-0.3808570919238073,0.2690863555754336,0.15695967399046365,-0.908256657582796,0.1465424737351813,5148,0.23112943887147863,0.42152292152292153,Uses amount quartiles instead of linear log amount.,
m4_amount_quartiles,C(index_case_cause)[T.保证合同纠纷],-0.04479469006158501,0.09288948752487147,0.6296380369850028,-0.22685474015271576,0.13726536002954573,5148,0.23112943887147863,0.42152292152292153,Uses amount quartiles instead of linear log amount.,
m4_amount_quartiles,C(index_case_cause)[T.保险代理合同纠纷],-0.16022554058001603,0.03690414988137563,1.4140554832216812e-05,-0.2325563452275804,-0.08789473593245169,5148,0.23112943887147863,0.42152292152292153,Uses amount quartiles instead of linear log amount.,
m4_amount_quartiles,C(index_case_cause)[T.信息网络买卖合同纠纷],-0.5375158964840288,0.09963895793657286,6.866265366021797e-08,-0.732804665496813,-0.34222712747124456,5148,0.23112943887147863,0.42152292152292153,Uses amount quartiles instead of linear log amount.,
m4_amount_quartiles,C(index_case_cause)[T.信用卡纠纷],-0.49505664106321057,0.06610943279059148,6.96960704214467e-14,-0.6246287483711411,-0.36548453375528,5148,0.23112943887147863,0.42152292152292153,Uses amount quartiles instead of linear log amount.,
m4_amount_quartiles,C(index_case_cause)[T.修理合同纠纷],-0.5327254694000615,0.03918427549293728,4.264868719742263e-42,-0.609525238126514,-0.45592570067360894,5148,0.23112943887147863,0.42152292152292153,Uses amount quartiles instead of linear log amount.,
m4_amount_quartiles,C(index_case_cause)[T.借款合同纠纷],-0.22263219612821455,0.12101197999820007,0.06580445646585392,-0.4598113186225681,0.014546926366138968,5148,0.23112943887147863,0.42152292152292153,Uses amount quartiles instead of linear log amount.,
m4_amount_quartiles,C(index_case_cause)[T.借用合同纠纷],-0.22586330334478166,0.15216636112458845,0.1377245170547288,-0.5241038908074909,0.07237728411792749,5148,0.23112943887147863,0.42152292152292153,Uses amount quartiles instead of linear log amount.,
m4_amount_quartiles,C(index_case_cause)[T.债券质权纠纷],-0.18572485859778703,0.35358767702994515,0.5994036485581014,-0.87874397095366,0.507294253758086,5148,0.23112943887147863,0.42152292152292153,Uses amount quartiles instead of linear log amount.,
m4_amount_quartiles,C(index_case_cause)[T.债务加入纠纷],-0.8264963273177488,0.032509630584996244,1.4000494763751713e-142,-0.8902140324150433,-0.7627786222204543,5148,0.23112943887147863,0.42152292152292153,Uses amount quartiles instead of linear log amount.,
m4_amount_quartiles,C(index_case_cause)[T.债务转移合同纠纷],-0.40635726346018197,0.04030099028830239,6.5649808493427356e-24,-0.48534575296655313,-0.3273687739538108,5148,0.23112943887147863,0.42152292152292153,Uses amount quartiles instead of linear log amount.,
m4_amount_quartiles,C(index_case_cause)[T.债权人撤销权纠纷],-0.07601414103299983,0.28262975136048146,0.7879657923494605,-0.6299582746590539,0.47792999259305413,5148,0.23112943887147863,0.42152292152292153,Uses amount quartiles instead of linear log amount.,
m4_amount_quartiles,C(index_case_cause)[T.债权转让合同纠纷],-0.2830296117506176,0.1395452564448282,0.042536972216230484,-0.5565332885958867,-0.009525934905348421,5148,0.23112943887147863,0.42152292152292153,Uses amount quartiles instead of linear log amount.,
m4_amount_quartiles,C(index_case_cause)[T.储蓄存款合同纠纷],-0.6696853049045828,0.03700634404230713,3.395717796190579e-73,-0.7422164064270032,-0.5971542033821624,5148,0.23112943887147863,0.42152292152292153,Uses amount quartiles instead of linear log amount.,
m4_amount_quartiles,C(index_case_cause)[T.公益事业捐赠合同纠纷],-1.0137260097872458,0.0408165889467582,3.651912873901706e-136,-1.0937250540946675,-0.933726965479824,5148,0.23112943887147863,0.42152292152292153,Uses amount quartiles instead of linear log amount.,
m4_amount_quartiles,C(index_case_cause)[T.共有纠纷],-0.40381129608759603,0.06480093716538429,4.6179630228407796e-10,-0.5308187990961923,-0.2768037930789997,5148,0.23112943887147863,0.42152292152292153,Uses amount quartiles instead of linear log amount.,
m4_amount_quartiles,C(index_case_cause)[T.再保险合同纠纷],-0.5007439784976156,0.0386113400372351,1.838101114567675e-38,-0.5764208143654259,-0.42506714262980544,5148,0.23112943887147863,0.42152292152292153,Uses amount quartiles instead of linear log amount.,
m4_amount_quartiles,C(index_case_cause)[T.分期付款买卖合同纠纷],-0.7803594700945597,0.03604114390497348,5.831767860940101e-104,-0.850998814109933,-0.7097201260791864,5148,0.23112943887147863,0.42152292152292153,Uses amount quartiles instead of linear log amount.,
m4_amount_quartiles,C(index_case_cause)[T.劳务合同纠纷],-0.4127371167282617,0.09465030864754685,1.2967509462709524e-05,-0.5982483128030536,-0.22722592065346983,5148,0.23112943887147863,0.42152292152292153,Uses amount quartiles instead of linear log amount.,
m4_amount_quartiles,C(index_case_cause)[T.劳动争议],-0.4510493913639745,0.07808345234904607,7.626859412189814e-09,-0.6040901457566543,-0.2980086369712947,5148,0.23112943887147863,0.42152292152292153,Uses amount quartiles instead of linear log amount.,
m4_amount_quartiles,C(index_case_cause)[T.劳动合同纠纷],-0.388981594948679,0.09881968686327099,8.275567628068185e-05,-0.582664622164216,-0.19529856773314197,5148,0.23112943887147863,0.42152292152292153,Uses amount quartiles instead of linear log amount.,
m4_amount_quartiles,C(index_case_cause)[T.占有物返还纠纷],-0.9581680815855301,0.05575404085354018,3.4025567774798616e-66,-1.0674439936510436,-0.8488921695200166,5148,0.23112943887147863,0.42152292152292153,Uses amount quartiles instead of linear log amount.,
m4_amount_quartiles,C(index_case_cause)[T.发起人责任纠纷],-0.48588587513577386,0.0875082370082288,2.8167922028573366e-08,-0.6573988680224974,-0.31437288224905036,5148,0.23112943887147863,0.42152292152292153,Uses amount quartiles instead of linear log amount.,
m4_amount_quartiles,C(index_case_cause)[T.合伙企业纠纷],-0.5104908588374051,0.14876294461678932,0.0006000922723553896,-0.8020608725204388,-0.21892084515437132,5148,0.23112943887147863,0.42152292152292153,Uses amount quartiles instead of linear log amount.,
m4_amount_quartiles,C(index_case_cause)[T.合伙协议纠纷],-0.4726845051515796,0.0685491303515044,5.365377154850544e-12,-0.6070383318120698,-0.3383306784910895,5148,0.23112943887147863,0.42152292152292153,Uses amount quartiles instead of linear log amount.,
m4_amount_quartiles,C(index_case_cause)[T.合伙合同纠纷],-0.19602765259855903,0.08832007042292013,0.026451760593329647,-0.36913180973952375,-0.02292349545759431,5148,0.23112943887147863,0.42152292152292153,Uses amount quartiles instead of linear log amount.,
m4_amount_quartiles,C(index_case_cause)[T.合作创作合同纠纷],-0.3900698133076397,0.03962843009438205,7.335403835702584e-23,-0.4677401090564917,-0.31239951755878764,5148,0.23112943887147863,0.42152292152292153,Uses amount quartiles instead of linear log amount.,
m4_amount_quartiles,C(index_case_cause)[T.合同、准合同纠纷],0.2903811242516269,0.04575299403033824,2.1996385835529186e-10,0.20070690376728784,0.3800553447359659,5148,0.23112943887147863,0.42152292152292153,Uses amount quartiles instead of linear log amount.,
m4_amount_quartiles,C(index_case_cause)[T.合同、无因管理、不当得利],-0.5659385982706844,0.11255878014996205,4.95781411234263e-07,-0.786549753508372,-0.3453274430329968,5148,0.23112943887147863,0.42152292152292153,Uses amount quartiles instead of linear log amount.,
m4_amount_quartiles,C(index_case_cause)[T.合同纠纷],-0.2581583082639558,0.03272028947405895,3.0254015646531303e-15,-0.3222888971968364,-0.19402771933107524,5148,0.23112943887147863,0.42152292152292153,Uses amount quartiles instead of linear log amount.,
m4_amount_quartiles,C(index_case_cause)[T.名誉权纠纷],-0.013726009787245474,0.040816588946758325,0.7366559015910605,-0.09372505409466746,0.06627303452017651,5148,0.23112943887147863,0.42152292152292153,Uses amount quartiles instead of linear log amount.,
m4_amount_quartiles,C(index_case_cause)[T.商品房销售合同纠纷],-0.6278639091058086,0.03553643721901213,7.374729605343585e-70,-0.6975140461939411,-0.5582137720176761,5148,0.23112943887147863,0.42152292152292153,Uses amount quartiles instead of linear log amount.,
m4_amount_quartiles,C(index_case_cause)[T.商品房预售合同纠纷],-0.6766318863212832,0.14582930017095835,3.4859497287191097e-06,-0.9624520625470423,-0.3908117100955241,5148,0.23112943887147863,0.42152292152292153,Uses amount quartiles instead of linear log amount.,
m4_amount_quartiles,C(index_case_cause)[T.土地租赁合同纠纷],-0.5327254694000657,0.03918427549293772,4.2648687197450664e-42,-0.6095252381265192,-0.45592570067361227,5148,0.23112943887147863,0.42152292152292153,Uses amount quartiles instead of linear log amount.,
m4_amount_quartiles,C(index_case_cause)[T.委托合同纠纷],-0.28878378812316124,0.03787156638193574,2.433811569367063e-14,-0.3630106942698732,-0.21455688197644932,5148,0.23112943887147863,0.42152292152292153,Uses amount quartiles instead of linear log amount.,
m4_amount_quartiles,C(index_case_cause)[T.委托理财合同纠纷],-0.14302116348387162,0.04859861240129427,0.0032514679435400595,-0.23827269348903002,-0.047769633478713214,5148,0.23112943887147863,0.42152292152292153,Uses amount quartiles instead of linear log amount.,
m4_amount_quartiles,C(index_case_cause)[T.娱乐服务合同纠纷],-0.4177879888099759,0.05094516853212381,2.3891536333582006e-16,-0.5176386843192619,-0.31793729330069,5148,0.23112943887147863,0.42152292152292153,Uses amount quartiles instead of linear log amount.,
m4_amount_quartiles,C(index_case_cause)[T.婚约财产纠纷],0.11167263098363811,0.20945331689179858,0.5939211739573307,-0.29884832656674204,0.5221935885340183,5148,0.23112943887147863,0.42152292152292153,Uses amount quartiles instead of linear log amount.,
m4_amount_quartiles,C(index_case_cause)[T.定作合同纠纷],-0.5137365890505963,0.04048046425202401,6.635395282024866e-37,-0.5930768410620244,-0.4343963370391681,5148,0.23112943887147863,0.42152292152292153,Uses amount quartiles instead of linear log amount.,
m4_amount_quartiles,C(index_case_cause)[T.定金合同纠纷],-0.23202900368848323,0.2816080245200376,0.40997185915079126,-0.7839705895052294,0.3199125821282629,5148,0.23112943887147863,0.42152292152292153,Uses amount quartiles instead of linear log amount.,
m4_amount_quartiles,C(index_case_cause)[T.广告合同纠纷],-0.26380010113285,0.14579206323356506,0.07038468579151293,-0.5495472943024238,0.02194709203672368,5148,0.23112943887147863,0.42152292152292153,Uses amount quartiles instead of linear log amount.,
m4_amount_quartiles,C(index_case_cause)[T.建设工程合同纠纷],-0.47820792814912383,0.041973773074261256,4.530247817565369e-30,-0.560475011669933,-0.3959408446283147,5148,0.23112943887147863,0.42152292152292153,Uses amount quartiles instead of linear log amount.,
m4_amount_quartiles,C(index_case_cause)[T.建设工程施工合同纠纷],0.1757783035919523,0.1290808968885496,0.17327094516362884,-0.07721560540173322,0.4287722125856378,5148,0.23112943887147863,0.42152292152292153,Uses amount quartiles instead of linear log amount.,
m4_amount_quartiles,C(index_case_cause)[T.悬赏广告纠纷],0.4535330478199777,0.06415007842952176,1.5507311043960633e-12,0.32780120449269523,0.5792648911472602,5148,0.23112943887147863,0.42152292152292153,Uses amount quartiles instead of linear log amount.,
m4_amount_quartiles,C(index_case_cause)[T.房屋买卖合同纠纷],-0.6018651992022988,0.07906050556882073,2.6839450117884903e-14,-0.7568209427167157,-0.44690945568788176,5148,0.23112943887147863,0.42152292152292153,Uses amount quartiles instead of linear log amount.,
m4_amount_quartiles,C(index_case_cause)[T.房屋拆迁安置补偿合同纠纷],0.5996390063363116,0.04111381654842316,3.506720581065404e-48,0.5190574066344154,0.6802206060382079,5148,0.23112943887147863,0.42152292152292153,Uses amount quartiles instead of linear log amount.,
m4_amount_quartiles,C(index_case_cause)[T.房屋租赁合同纠纷],-0.29938302083036866,0.11352578380331783,0.008360910928283949,-0.5218894684015523,-0.07687657325918512,5148,0.23112943887147863,0.42152292152292153,Uses amount quartiles instead of linear log amount.,
m4_amount_quartiles,C(index_case_cause)[T.所有权确认纠纷],-0.8102088771652105,0.03148889646953157,5.399848120128766e-146,-0.8719259801584028,-0.7484917741720182,5148,0.23112943887147863,0.42152292152292153,Uses amount quartiles instead of linear log amount.,
m4_amount_quartiles,C(index_case_cause)[T.所有权纠纷],-0.4747943035307509,0.2547372373546613,0.0623415016095261,-0.9740701142671184,0.024481507205616537,5148,0.23112943887147863,0.42152292152292153,Uses amount quartiles instead of linear log amount.,
m4_amount_quartiles,C(index_case_cause)[T.执行异议之诉],-0.22037658074016875,0.297396955513277,0.45868235610106844,-0.8032639026580524,0.36251074117771487,5148,0.23112943887147863,0.42152292152292153,Uses amount quartiles instead of linear log amount.,
m4_amount_quartiles,C(index_case_cause)[T.技术合同纠纷],-0.4063572634601841,0.04030099028830247,6.5649808493404706e-24,-0.4853457529665554,-0.32736877395381275,5148,0.23112943887147863,0.42152292152292153,Uses amount quartiles instead of linear log amount.,
m4_amount_quartiles,C(index_case_cause)[T.技术委托开发合同纠纷],-0.42205130421008796,0.04000773515322677,5.120821420538679e-26,-0.5004650242134295,-0.34363758420674645,5148,0.23112943887147863,0.42152292152292153,Uses amount quartiles instead of linear log amount.,
m4_amount_quartiles,C(index_case_cause)[T.技术服务合同纠纷],-0.38473111813243993,0.04988527946349361,1.2355320312719461e-14,-0.482504469239603,-0.28695776702527687,5148,0.23112943887147863,0.42152292152292153,Uses amount quartiles instead of linear log amount.,
m4_amount_quartiles,C(index_case_cause)[T.抵押合同纠纷],0.08789515208623216,0.3269776744226376,0.7880752305460983,-0.5529693135308011,0.7287596177032654,5148,0.23112943887147863,0.42152292152292153,Uses amount quartiles instead of linear log amount.,
m4_amount_quartiles,C(index_case_cause)[T.担保物权确认纠纷],-0.420098746240136,0.06483927261029465,9.228439887450503e-11,-0.5471813853400879,-0.2930161071401841,5148,0.23112943887147863,0.42152292152292153,Uses amount quartiles instead of linear log amount.,
m4_amount_quartiles,C(index_case_cause)[T.损害公司债权人利益责任纠纷],-0.4545250111354853,0.08454025666010269,7.597602545213344e-08,-0.6202208694330591,-0.2888291528379116,5148,0.23112943887147863,0.42152292152292153,Uses amount quartiles instead of linear log amount.,
m4_amount_quartiles,C(index_case_cause)[T.损害公司利益责任纠纷],-0.4020939480600675,0.051220318326612564,4.1510250027869115e-15,-0.502483927256905,-0.30170396886323,5148,0.23112943887147863,0.42152292152292153,Uses amount quartiles instead of linear log amount.,
m4_amount_quartiles,C(index_case_cause)[T.排除妨害纠纷],0.2744800669188099,0.034755501632351714,2.846519960745928e-15,0.20636053545477745,0.3425995983828423,5148,0.23112943887147863,0.42152292152292153,Uses amount quartiles instead of linear log amount.,
m4_amount_quartiles,C(index_case_cause)[T.教育培训合同纠纷],-0.47738838680507245,0.05567714222727862,9.975558514390526e-18,-0.5865135803326528,-0.36826319327749213,5148,0.23112943887147863,0.42152292152292153,Uses amount quartiles instead of linear log amount.,
m4_amount_quartiles,C(index_case_cause)[T.旅游合同纠纷],-0.42205130421007875,0.04000773515322634,5.120821420544956e-26,-0.5004650242134194,-0.34363758420673807,5148,0.23112943887147863,0.42152292152292153,Uses amount quartiles instead of linear log amount.,
m4_amount_quartiles,C(index_case_cause)[T.服务合同纠纷],-0.37230145379821084,0.06276866778154505,3.0049724257795145e-09,-0.4953257820075988,-0.24927712558882287,5148,0.23112943887147863,0.42152292152292153,Uses amount quartiles instead of linear log amount.,
m4_amount_quartiles,C(index_case_cause)[T.机动车交通事故责任纠纷],-0.027267655441003957,0.03784860235007617,0.4712539933485478,-0.1014495529123313,0.04691424203032339,5148,0.23112943887147863,0.42152292152292153,Uses amount quartiles instead of linear log amount.,
m4_amount_quartiles,C(index_case_cause)[T.案外人执行异议之诉],-0.45752314603373245,0.08315800000018027,3.75818856974423e-08,-0.6205098310604675,-0.2945364610069973,5148,0.23112943887147863,0.42152292152292153,Uses amount quartiles instead of linear log amount.,
m4_amount_quartiles,C(index_case_cause)[T.民间借贷纠纷],-0.33362706506002016,0.03240753626229033,7.442261093052638e-25,-0.397144668961785,-0.2701094611582553,5148,0.23112943887147863,0.42152292152292153,Uses amount quartiles instead of linear log amount.,
m4_amount_quartiles,C(index_case_cause)[T.民间委托理财合同纠纷],-0.038407854147640724,0.05047672259056642,0.44671542667793596,-0.13734041248277024,0.06052470418748879,5148,0.23112943887147863,0.42152292152292153,Uses amount quartiles instead of linear log amount.,
m4_amount_quartiles,C(index_case_cause)[T.法律服务合同纠纷],-0.5024769328939994,0.048958207657570925,1.0303047993269219e-24,-0.5984332566504715,-0.4065206091375273,5148,0.23112943887147863,0.42152292152292153,Uses amount quartiles instead of linear log amount.,
m4_amount_quartiles,C(index_case_cause)[T.消费者权益保护民事公益诉讼],0.4595293176164696,0.06530315512981516,1.9661682767679868e-12,0.3315374854851998,0.5875211497477394,5148,0.23112943887147863,0.42152292152292153,Uses amount quartiles instead of linear log amount.,
m4_amount_quartiles,C(index_case_cause)[T.清算责任纠纷],0.12400862992174375,0.19883651911538466,0.5328434764538625,-0.26570378635572023,0.5137210461992077,5148,0.23112943887147863,0.42152292152292153,Uses amount quartiles instead of linear log amount.,
m4_amount_quartiles,C(index_case_cause)[T.演出合同纠纷],-0.4725143304696092,0.05167399052790267,6.010482254225525e-20,-0.5737934908417623,-0.3712351700974561,5148,0.23112943887147863,0.42152292152292153,Uses amount quartiles instead of linear log amount.,
m4_amount_quartiles,C(index_case_cause)[T.物业服务合同纠纷],-0.534458423796438,0.049386949676627157,2.712303980600583e-27,-0.6312550664689194,-0.43766178112395676,5148,0.23112943887147863,0.42152292152292153,Uses amount quartiles instead of linear log amount.,
m4_amount_quartiles,C(index_case_cause)[T.物权保护纠纷],0.21842617949871512,0.04778739849414008,4.85888215469376e-06,0.12476459953533696,0.3120877594620933,5148,0.23112943887147863,0.42152292152292153,Uses amount quartiles instead of linear log amount.,
m4_amount_quartiles,C(index_case_cause)[T.物权纠纷],0.5039659655067261,0.06937431581027056,3.745704377631521e-13,0.3679948050664882,0.6399371259469641,5148,0.23112943887147863,0.42152292152292153,Uses amount quartiles instead of linear log amount.,
m4_amount_quartiles,C(index_case_cause)[T.特许经营合同纠纷],-0.5167347239488412,0.03973247647318717,1.140768926381016e-38,-0.5946089468528731,-0.43886050104480934,5148,0.23112943887147863,0.42152292152292153,Uses amount quartiles instead of linear log amount.,
m4_amount_quartiles,C(index_case_cause)[T.确认合同效力纠纷],-0.36108807545076227,0.1441671512546632,0.01225730514160113,-0.6436504996636406,-0.07852565123788391,5148,0.23112943887147863,0.42152292152292153,Uses amount quartiles instead of linear log amount.,
m4_amount_quartiles,C(index_case_cause)[T.确认合同无效纠纷],0.11297525512131636,0.09954523840874797,0.2564114779586214,-0.08212982699228295,0.3080803372349157,5148,0.23112943887147863,0.42152292152292153,Uses amount quartiles instead of linear log amount.,
m4_amount_quartiles,C(index_case_cause)[T.确认合同有效纠纷],0.46407803193873276,0.06174485100259872,5.645146429040643e-14,0.34306034774284744,0.5850957161346181,5148,0.23112943887147863,0.42152292152292153,Uses amount quartiles instead of linear log amount.,
m4_amount_quartiles,C(index_case_cause)[T.离婚后财产纠纷],-0.6400787974689917,0.07712958648372714,1.0521662078260548e-16,-0.7912500091195642,-0.4889075858184191,5148,0.23112943887147863,0.42152292152292153,Uses amount quartiles instead of linear log amount.,
m4_amount_quartiles,C(index_case_cause)[T.离婚纠纷],-0.2125273225282091,0.37374886872155255,0.5696027149896516,-0.9450616444850408,0.5200069994286227,5148,0.23112943887147863,0.42152292152292153,Uses amount quartiles instead of linear log amount.,
m4_amount_quartiles,C(index_case_cause)[T.种植、养殖回收合同纠纷],-0.48120606304736735,0.04203952199043091,2.4478727698097315e-30,-0.5636020120758916,-0.39881011401884314,5148,0.23112943887147863,0.42152292152292153,Uses amount quartiles instead of linear log amount.,
m4_amount_quartiles,C(index_case_cause)[T.租赁合同纠纷],-0.5129600158854476,0.06467133631498441,2.1599449518437273e-15,-0.6397135058948944,-0.38620652587600085,5148,0.23112943887147863,0.42152292152292153,Uses amount quartiles instead of linear log amount.,
m4_amount_quartiles,C(index_case_cause)[T.竞业限制纠纷],-0.4200987462401362,0.06483927261029437,9.228439887448593e-11,-0.5471813853400875,-0.2930161071401849,5148,0.23112943887147863,0.42152292152292153,Uses amount quartiles instead of linear log amount.,
m4_amount_quartiles,C(index_case_cause)[T.缔约过失责任纠纷],-0.0015569412344719202,0.3377535814742721,0.9963220079913538,-0.66354179657346,0.6604279141045162,5148,0.23112943887147863,0.42152292152292153,Uses amount quartiles instead of linear log amount.,
m4_amount_quartiles,C(index_case_cause)[T.网络侵害虚拟财产纠纷],-0.457062800039744,0.21511255373415333,0.033606546910367505,-0.8786756579811217,-0.03544994209836633,5148,0.23112943887147863,0.42152292152292153,Uses amount quartiles instead of linear log amount.,
m4_amount_quartiles,C(index_case_cause)[T.网络侵权责任纠纷],-0.3210572274019968,0.10666332575189555,0.0026124271522082734,-0.5301135043469758,-0.11200095045701786,5148,0.23112943887147863,0.42152292152292153,Uses amount quartiles instead of linear log amount.,
m4_amount_quartiles,C(index_case_cause)[T.网络域名合同纠纷],-0.4197990511036407,0.05219500675265561,8.773923968613791e-16,-0.5220993845116706,-0.3174987176956108,5148,0.23112943887147863,0.42152292152292153,Uses amount quartiles instead of linear log amount.,
m4_amount_quartiles,C(index_case_cause)[T.网络服务合同纠纷],-0.4492336918410404,0.04754686407440436,3.446095388736819e-21,-0.5424238330046943,-0.35604355067738647,5148,0.23112943887147863,0.42152292152292153,Uses amount quartiles instead of linear log amount.,
m4_amount_quartiles,C(index_case_cause)[T.联营合同纠纷],-0.3998982282863521,0.04456592305871063,2.880642836544629e-19,-0.48724583241920805,-0.3125506241534961,5148,0.23112943887147863,0.42152292152292153,Uses amount quartiles instead of linear log amount.,
m4_amount_quartiles,C(index_case_cause)[T.肖像权纠纷],0.35852850487627186,0.1501211862426423,0.016928336214233213,0.06429638652426306,0.6527606232282807,5148,0.23112943887147863,0.42152292152292153,Uses amount quartiles instead of linear log amount.,
m4_amount_quartiles,C(index_case_cause)[T.股东出资纠纷],-0.7385916978812539,0.18170443512025491,4.807422345006496e-05,-1.0947258465481484,-0.3824575492143593,5148,0.23112943887147863,0.42152292152292153,Uses amount quartiles instead of linear log amount.,
m4_amount_quartiles,C(index_case_cause)[T.股东损害公司债权人利益责任纠纷],-0.4328216282798516,0.17787218083685163,0.014960678730053866,-0.7814446965716764,-0.08419855998802683,5148,0.23112943887147863,0.42152292152292153,Uses amount quartiles instead of linear log amount.,
m4_amount_quartiles,C(index_case_cause)[T.股东资格确认纠纷],-0.7454442413511626,0.044322275303975756,1.779416977121445e-63,-0.8323143046598241,-0.6585741780425011,5148,0.23112943887147863,0.42152292152292153,Uses amount quartiles instead of linear log amount.,
m4_amount_quartiles,C(index_case_cause)[T.股权转让纠纷],-0.4779873477247074,0.16845189047632952,0.004546402765388484,-0.808146986185999,-0.14782770926341582,5148,0.23112943887147863,0.42152292152292153,Uses amount quartiles instead of linear log amount.,
m4_amount_quartiles,C(index_case_cause)[T.著作权合同纠纷],-0.3773027206842686,0.04032336642475833,8.209091556293305e-21,-0.4563350666122066,-0.29827037475633067,5148,0.23112943887147863,0.42152292152292153,Uses amount quartiles instead of linear log amount.,
m4_amount_quartiles,C(index_case_cause)[T.著作权权属纠纷],-0.5108582504697748,0.10578293980158603,1.3700930427082055e-06,-0.718189002659652,-0.3035274982798976,5148,0.23112943887147863,0.42152292152292153,Uses amount quartiles instead of linear log amount.,
m4_amount_quartiles,C(index_case_cause)[T.著作权许可使用合同纠纷],-0.4618499729902563,0.0651925696763813,1.3965214774273868e-12,-0.5896250616155817,-0.33407488436493094,5148,0.23112943887147863,0.42152292152292153,Uses amount quartiles instead of linear log amount.,
m4_amount_quartiles,C(index_case_cause)[T.融资租赁合同纠纷],-0.6157252399742553,0.05535354736708644,9.64128202678092e-29,-0.7242161992302767,-0.507234280718234,5148,0.23112943887147863,0.42152292152292153,Uses amount quartiles instead of linear log amount.,
m4_amount_quartiles,C(index_case_cause)[T.行纪合同纠纷],-0.15762388311119338,0.2557524271998638,0.5376870898697633,-0.6588894293816285,0.34364166315924183,5148,0.23112943887147863,0.42152292152292153,Uses amount quartiles instead of linear log amount.,
m4_amount_quartiles,C(index_case_cause)[T.被继承人债务清偿纠纷],-0.3882147642717423,0.12039427518934351,0.0012618032310580207,-0.6241832075876598,-0.15224632095582483,5148,0.23112943887147863,0.42152292152292153,Uses amount quartiles instead of linear log amount.,
m4_amount_quartiles,C(index_case_cause)[T.装饰装修合同纠纷],-0.445692908058556,0.03899517867457592,2.980375029153173e-30,-0.5221220538314292,-0.3692637622856828,5148,0.23112943887147863,0.42152292152292153,Uses amount quartiles instead of linear log amount.,
m4_amount_quartiles,C(index_case_cause)[T.计算机软件开发合同纠纷],-0.29092932764773716,0.08988933597707403,0.0012099347433313524,-0.4671091887570228,-0.1147494665384515,5148,0.23112943887147863,0.42152292152292153,Uses amount quartiles instead of linear log amount.,
m4_amount_quartiles,C(index_case_cause)[T.计算机软件著作权许可使用合同纠纷],-0.4736062357088971,0.04181360923551847,9.688776988256183e-30,-0.5555594038741447,-0.39165306754364954,5148,0.23112943887147863,0.42152292152292153,Uses amount quartiles instead of linear log amount.,
m4_amount_quartiles,C(index_case_cause)[T.财产保险合同纠纷],-0.693538442178744,0.033924652954397255,6.864435008350877e-93,-0.760029540157383,-0.6270473442001051,5148,0.23112943887147863,0.42152292152292153,Uses amount quartiles instead of linear log amount.,
m4_amount_quartiles,C(index_case_cause)[T.财产损失保险合同纠纷],-0.5007439784976175,0.03861134003723533,1.8381011145682793e-38,-0.5764208143654282,-0.4250671426298069,5148,0.23112943887147863,0.42152292152292153,Uses amount quartiles instead of linear log amount.,
m4_amount_quartiles,C(index_case_cause)[T.财产损害赔偿纠纷],-0.07070157383145337,0.11930025571576901,0.5534250757517456,-0.3045257783807793,0.1631226307178726,5148,0.23112943887147863,0.42152292152292153,Uses amount quartiles instead of linear log amount.,
m4_amount_quartiles,C(index_case_cause)[T.赠与合同纠纷],0.09787081527070901,0.08430802246267038,0.24569399275642634,-0.06736987236391881,0.2631115029053368,5148,0.23112943887147863,0.42152292152292153,Uses amount quartiles instead of linear log amount.,
m4_amount_quartiles,C(index_case_cause)[T.车辆租赁合同纠纷],-0.5039676313254686,0.042203864998798635,7.21159808000764e-33,-0.5866856867315046,-0.42124957591943274,5148,0.23112943887147863,0.42152292152292153,Uses amount quartiles instead of linear log amount.,
m4_amount_quartiles,C(index_case_cause)[T.运输合同纠纷],-0.14117975373510788,0.2686178087533741,0.5991810755818932,-0.6676609844977892,0.3853014770275734,5148,0.23112943887147863,0.42152292152292153,Uses amount quartiles instead of linear log amount.,
m4_amount_quartiles,C(index_case_cause)[T.返还原物纠纷],-0.28156519830819304,0.09713346535167756,0.003746588365955536,-0.4719432920910503,-0.0911871045253358,5148,0.23112943887147863,0.42152292152292153,Uses amount quartiles instead of linear log amount.,
m4_amount_quartiles,C(index_case_cause)[T.追偿权纠纷],-0.43795441509313027,0.12460443232711714,0.00044015502577806655,-0.6821746147683383,-0.19373421541792224,5148,0.23112943887147863,0.42152292152292153,Uses amount quartiles instead of linear log amount.,
m4_amount_quartiles,C(index_case_cause)[T.追加、变更被执行人异议之诉],-0.7096188757483742,0.045752994030338216,2.978974015739458e-54,-0.7992930962327133,-0.6199446552640352,5148,0.23112943887147863,0.42152292152292153,Uses amount quartiles instead of linear log amount.,
m4_amount_quartiles,C(index_case_cause)[T.金融借款合同纠纷],-0.5994312943263643,0.03557259184196031,1.0327579394052218e-63,-0.6691522931733499,-0.5297102954793788,5148,0.23112943887147863,0.42152292152292153,Uses amount quartiles instead of linear log amount.,
m4_amount_quartiles,C(index_case_cause)[T.铁路运输财产损害责任纠纷],0.2093290382850379,0.03688118919036949,1.3806856552265976e-08,0.13704323576490574,0.2816148408051701,5148,0.23112943887147863,0.42152292152292153,Uses amount quartiles instead of linear log amount.,
m4_amount_quartiles,C(index_case_cause)[T.银行卡纠纷],-0.6956705260105418,0.03847205638119628,4.3786557938987317e-73,-0.7710743709288809,-0.6202666810922027,5148,0.23112943887147863,0.42152292152292153,Uses amount quartiles instead of linear log amount.,
m4_amount_quartiles,C(index_case_cause)[T.餐饮服务合同纠纷],0.53226194404284,0.057964680116410844,4.211114603130233e-20,0.41865325863928976,0.6458706294463903,5148,0.23112943887147863,0.42152292152292153,Uses amount quartiles instead of linear log amount.,
m4_amount_quartiles,post2021,0.11067416518997739,0.01333953516042983,1.0704028107533056e-16,0.08452915670502918,0.13681917367492558,5148,0.23112943887147863,0.42152292152292153,Uses amount quartiles instead of linear log amount.,
m4_amount_quartiles,amount_llm_regex_conflict_flag,-0.03473887693684015,0.03196009448279573,0.27706095076173254,-0.09737951106561707,0.02790175719193677,5148,0.23112943887147863,0.42152292152292153,Uses amount quartiles instead of linear log amount.,
m4_amount_quartiles,amount_regex_fallback_flag,0.24234591945775713,0.04568598156997663,1.129194934981065e-07,0.15280304098224226,0.331888797933272,5148,0.23112943887147863,0.42152292152292153,Uses amount quartiles instead of linear log amount.,
m5_policy_by_q4_amount,Intercept,0.521803422278803,0.06113028977764336,1.3904141684773537e-17,0.40199025595012505,0.641616588607481,5150,0.23035643066084133,0.42135922330097086,Policy effect heterogeneity for top amount quartile.,
m5_policy_by_q4_amount,"C(transaction_type, Treatment(reference='借贷'))[T.投资/理财]",0.21288127851559926,0.0202043411528588,5.869522894053406e-26,0.17328149752463554,0.25248105950656297,5150,0.23035643066084133,0.42135922330097086,Policy effect heterogeneity for top amount quartile.,
m5_policy_by_q4_amount,"C(transaction_type, Treatment(reference='借贷'))[T.交易/买卖]",0.18385632030690302,0.032250727143340055,1.1921665170661848e-08,0.12064605663072817,0.24706658398307788,5150,0.23035643066084133,0.42135922330097086,Policy effect heterogeneity for top amount quartile.,
m5_policy_by_q4_amount,"C(transaction_type, Treatment(reference='借贷'))[T.ICO/发币]",0.5485748867903218,0.02722429118259326,2.680340238859973e-90,0.4952162565678077,0.601933517012836,5150,0.23035643066084133,0.42135922330097086,Policy effect heterogeneity for top amount quartile.,
m5_policy_by_q4_amount,"C(transaction_type, Treatment(reference='借贷'))[T.挖矿]",0.1288816568060132,0.036424176020997436,0.0004026287053320197,0.05749158363831079,0.20027172997371562,5150,0.23035643066084133,0.42135922330097086,Policy effect heterogeneity for top amount quartile.,
m5_policy_by_q4_amount,"C(transaction_type, Treatment(reference='借贷'))[T.技术服务]",-0.09325121585782634,0.04181637858853228,0.02574634490209653,-0.17520981185524148,-0.011292619860411204,5150,0.23035643066084133,0.42135922330097086,Policy effect heterogeneity for top amount quartile.,
m5_policy_by_q4_amount,"C(transaction_type, Treatment(reference='借贷'))[T.其他民商事]",-0.09573697824177313,0.03010937777563694,0.0014745818255024418,-0.15475027427893226,-0.03672368220461401,5150,0.23035643066084133,0.42135922330097086,Policy effect heterogeneity for top amount quartile.,
m5_policy_by_q4_amount,"C(transaction_type, Treatment(reference='借贷'))[T.其他/未分类]",-0.0818766492771815,0.05745218824962088,0.15412057067839055,-0.19448086907945372,0.030727570525090717,5150,0.23035643066084133,0.42135922330097086,Policy effect heterogeneity for top amount quartile.,
m5_policy_by_q4_amount,"C(transaction_type, Treatment(reference='借贷'))[T.未分类]",0.19239889188292994,0.11935079045915357,0.10695206229081074,-0.04152435894339776,0.4263221427092576,5150,0.23035643066084133,0.42135922330097086,Policy effect heterogeneity for top amount quartile.,
m5_policy_by_q4_amount,C(court_level_group)[T.基层法院],0.007729822736084999,0.014077114596531352,0.582932968758996,-0.019860814879359544,0.03532046035152954,5150,0.23035643066084133,0.42135922330097086,Policy effect heterogeneity for top amount quartile.,
m5_policy_by_q4_amount,C(court_level_group)[T.最高人民法院],-0.04180553144347685,0.10716913227755635,0.6964705171166271,-0.2518531709618963,0.1682421080749426,5150,0.23035643066084133,0.42135922330097086,Policy effect heterogeneity for top amount quartile.,
m5_policy_by_q4_amount,C(court_level_group)[T.高级法院],-0.009251898050815305,0.08927814020542855,0.9174629403291588,-0.18423383746017266,0.16573004135854205,5150,0.23035643066084133,0.42135922330097086,Policy effect heterogeneity for top amount quartile.,
m5_policy_by_q4_amount,C(index_case_cause)[T.不正当竞争纠纷],0.07371420943718612,0.17332657228067022,0.670624645329989,-0.265999629796706,0.4134280486710782,5150,0.23035643066084133,0.42135922330097086,Policy effect heterogeneity for top amount quartile.,
m5_policy_by_q4_amount,C(index_case_cause)[T.与公司有关的纠纷],-0.31355668013069377,0.1855498467853339,0.09105121878137995,-0.6772276971668734,0.05011433690548578,5150,0.23035643066084133,0.42135922330097086,Policy effect heterogeneity for top amount quartile.,
m5_policy_by_q4_amount,C(index_case_cause)[T.业主撤销权纠纷],-0.026471461775286528,0.2653663321931924,0.9205393033689603,-0.5465799155834354,0.49363699203286243,5150,0.23035643066084133,0.42135922330097086,Policy effect heterogeneity for top amount quartile.,
m5_policy_by_q4_amount,C(index_case_cause)[T.中介合同纠纷],-0.5120628662157993,0.0381227430920332,3.929145873772491e-41,-0.5867820696680576,-0.4373436627635411,5150,0.23035643066084133,0.42135922330097086,Policy effect heterogeneity for top amount quartile.,
m5_policy_by_q4_amount,C(index_case_cause)[T.买卖合同纠纷],-0.29421130651982896,0.038660562637347615,2.738533015656879e-14,-0.36998461691108514,-0.2184379961285728,5150,0.23035643066084133,0.42135922330097086,Policy effect heterogeneity for top amount quartile.,
m5_policy_by_q4_amount,C(index_case_cause)[T.互易纠纷],-0.5078627048201224,0.03870072582927865,2.43691187074287e-39,-0.5837147336210676,-0.43201067601917725,5150,0.23035643066084133,0.42135922330097086,Policy effect heterogeneity for top amount quartile.,
m5_policy_by_q4_amount,C(index_case_cause)[T.人身保险合同纠纷],-0.5092088533956717,0.03916502743193443,1.197767908999446e-38,-0.5859708966157864,-0.432446810175557,5150,0.23035643066084133,0.42135922330097086,Policy effect heterogeneity for top amount quartile.,
m5_policy_by_q4_amount,C(index_case_cause)[T.仓储合同纠纷],0.2573111540232162,0.04376798597635355,4.127999699570837e-09,0.17152747783370909,0.3430948302127233,5150,0.23035643066084133,0.42135922330097086,Policy effect heterogeneity for top amount quartile.,
m5_policy_by_q4_amount,C(index_case_cause)[T.企业承包经营合同纠纷],-0.3978040995742779,0.0403828585324049,6.798986760691361e-23,-0.4769530478905676,-0.31865515125798827,5150,0.23035643066084133,0.42135922330097086,Policy effect heterogeneity for top amount quartile.,
m5_policy_by_q4_amount,C(index_case_cause)[T.供用电合同纠纷],-0.5543850085687,0.1020472093266547,5.552862376165386e-08,-0.7543938635717631,-0.3543761535656369,5150,0.23035643066084133,0.42135922330097086,Policy effect heterogeneity for top amount quartile.,
m5_policy_by_q4_amount,C(index_case_cause)[T.侵害作品信息网络传播权纠纷],-0.0021241723130367325,0.18774894146402943,0.9909730083022149,-0.3701053357180532,0.3658569910919797,5150,0.23035643066084133,0.42135922330097086,Policy effect heterogeneity for top amount quartile.,
m5_policy_by_q4_amount,C(index_case_cause)[T.侵害作品改编权纠纷],-0.3480040241724765,0.11022000800007287,0.0015920575524998293,-0.564031270228336,-0.13197677811661704,5150,0.23035643066084133,0.42135922330097086,Policy effect heterogeneity for top amount quartile.,
m5_policy_by_q4_amount,C(index_case_cause)[T.侵害发明专利权纠纷],0.24867051338190985,0.1614476574135001,0.12349828080883338,-0.0677610805369114,0.5651021073007311,5150,0.23035643066084133,0.42135922330097086,Policy effect heterogeneity for top amount quartile.,
m5_policy_by_q4_amount,C(index_case_cause)[T.侵害商标权纠纷],-0.07537521852025159,0.16119322788214088,0.6400650510882394,-0.39130813972100537,0.2405577026805022,5150,0.23035643066084133,0.42135922330097086,Policy effect heterogeneity for top amount quartile.,
m5_policy_by_q4_amount,C(index_case_cause)[T.侵害外观设计专利权纠纷],0.07271344887271243,0.2496359170823202,0.7708387172449541,-0.41656395785626243,0.5619908556016873,5150,0.23035643066084133,0.42135922330097086,Policy effect heterogeneity for top amount quartile.,
m5_policy_by_q4_amount,C(index_case_cause)[T.侵权责任纠纷],-0.08616557073338699,0.14299368291388448,0.5467860937338648,-0.36642803926134104,0.19409689779456707,5150,0.23035643066084133,0.42135922330097086,Policy effect heterogeneity for top amount quartile.,
m5_policy_by_q4_amount,C(index_case_cause)[T.保管合同纠纷],-0.37471785833924476,0.26431074444213526,0.15627337976037653,-0.8927573981728001,0.14332168149431057,5150,0.23035643066084133,0.42135922330097086,Policy effect heterogeneity for top amount quartile.,
m5_policy_by_q4_amount,C(index_case_cause)[T.保证合同纠纷],-0.038587069652212334,0.09242535817118872,0.6763168179729384,-0.219737442925957,0.14256330362153233,5150,0.23035643066084133,0.42135922330097086,Policy effect heterogeneity for top amount quartile.,
m5_policy_by_q4_amount,C(index_case_cause)[T.保险代理合同纠纷],-0.1555475355362902,0.03604307462114133,1.5916912136591784e-05,-0.22619066368581686,-0.08490440738676354,5150,0.23035643066084133,0.42135922330097086,Policy effect heterogeneity for top amount quartile.,
m5_policy_by_q4_amount,C(index_case_cause)[T.信息网络买卖合同纠纷],-0.5324351255587836,0.1000671987163784,1.0332569694376251e-07,-0.728563231076698,-0.3363070200408692,5150,0.23035643066084133,0.42135922330097086,Policy effect heterogeneity for top amount quartile.,
m5_policy_by_q4_amount,C(index_case_cause)[T.信用卡纠纷],-0.4979433145255145,0.06590112168038137,4.159234404222835e-14,-0.6271071395598538,-0.3687794894911753,5150,0.23035643066084133,0.42135922330097086,Policy effect heterogeneity for top amount quartile.,
m5_policy_by_q4_amount,C(index_case_cause)[T.修理合同纠纷],-0.5190911615543925,0.038834766801264055,9.469729963456703e-41,-0.5952059058328818,-0.4429764172759032,5150,0.23035643066084133,0.42135922330097086,Policy effect heterogeneity for top amount quartile.,
m5_policy_by_q4_amount,C(index_case_cause)[T.借款合同纠纷],-0.22187035781604159,0.12068003681675736,0.06598862751024118,-0.45839888362985376,0.014658167997770588,5150,0.23035643066084133,0.42135922330097086,Policy effect heterogeneity for top amount quartile.,
m5_policy_by_q4_amount,C(index_case_cause)[T.借用合同纠纷],-0.2280730190756149,0.15578324715471562,0.14318281966625895,-0.5334025728935594,0.07725653474232957,5150,0.23035643066084133,0.42135922330097086,Policy effect heterogeneity for top amount quartile.,
m5_policy_by_q4_amount,C(index_case_cause)[T.债券质权纠纷],-0.19006248851519142,0.3634691629127279,0.6010352989276024,-0.9024489573150596,0.5223239802846769,5150,0.23035643066084133,0.42135922330097086,Policy effect heterogeneity for top amount quartile.,
m5_policy_by_q4_amount,C(index_case_cause)[T.债务加入纠纷],-0.8205618770096917,0.031054952677347255,7.477210709970635e-154,-0.8814284657988881,-0.7596952882204954,5150,0.23035643066084133,0.42135922330097086,Policy effect heterogeneity for top amount quartile.,
m5_policy_by_q4_amount,C(index_case_cause)[T.债务转移合同纠纷],-0.4041329105845442,0.03997161877654122,4.963212053296562e-24,-0.48247584379033,-0.3257899773787584,5150,0.23035643066084133,0.42135922330097086,Policy effect heterogeneity for top amount quartile.,
m5_policy_by_q4_amount,C(index_case_cause)[T.债权人撤销权纠纷],-0.08021549341398101,0.2835522416563688,0.7772573761527541,-0.6359676747960619,0.4755366879680998,5150,0.23035643066084133,0.42135922330097086,Policy effect heterogeneity for top amount quartile.,
m5_policy_by_q4_amount,C(index_case_cause)[T.债权转让合同纠纷],-0.2908944654562638,0.13981425475517475,0.03747254740710974,-0.5649253693017143,-0.01686356161081326,5150,0.23035643066084133,0.42135922330097086,Policy effect heterogeneity for top amount quartile.,
m5_policy_by_q4_amount,C(index_case_cause)[T.储蓄存款合同纠纷],-0.6883370566448395,0.03635567884266717,6.051262819368589e-80,-0.759592877809972,-0.617081235479707,5150,0.23035643066084133,0.42135922330097086,Policy effect heterogeneity for top amount quartile.,
m5_policy_by_q4_amount,C(index_case_cause)[T.公益事业捐赠合同纠纷],-1.0006309416541763,0.04547775495928366,2.7165999769690957e-107,-1.0897657034721102,-0.9114961798362425,5150,0.23035643066084133,0.42135922330097086,Policy effect heterogeneity for top amount quartile.,
m5_policy_by_q4_amount,C(index_case_cause)[T.共有纠纷],-0.4219966110972986,0.06392746091757663,4.0790074182808524e-11,-0.5472921321188406,-0.2967010900757565,5150,0.23035643066084133,0.42135922330097086,Policy effect heterogeneity for top amount quartile.,
m5_policy_by_q4_amount,C(index_case_cause)[T.再保险合同纠纷],-0.5126628776508797,0.03799950287359313,1.7595852974587318e-41,-0.5871405347135485,-0.43818522058821086,5150,0.23035643066084133,0.42135922330097086,Policy effect heterogeneity for top amount quartile.,
m5_policy_by_q4_amount,C(index_case_cause)[T.分期付款买卖合同纠纷],-0.7928065578664673,0.035460645873783725,1.0238458680108709e-110,-0.8623081466476122,-0.7233049690853223,5150,0.23035643066084133,0.42135922330097086,Policy effect heterogeneity for top amount quartile.,
m5_policy_by_q4_amount,C(index_case_cause)[T.劳务合同纠纷],-0.4127082320225766,0.09402035033924024,1.135787772568994e-05,-0.5969847325013258,-0.2284317315438275,5150,0.23035643066084133,0.42135922330097086,Policy effect heterogeneity for top amount quartile.,
m5_policy_by_q4_amount,C(index_case_cause)[T.劳动争议],-0.44708772404565883,0.07823592882020866,1.0995670721627066e-08,-0.6004273268303071,-0.2937481212610106,5150,0.23035643066084133,0.42135922330097086,Policy effect heterogeneity for top amount quartile.,
m5_policy_by_q4_amount,C(index_case_cause)[T.劳动合同纠纷],-0.38168959835403765,0.09863550635932687,0.0001089703578647092,-0.5750116384151898,-0.1883675582928855,5150,0.23035643066084133,0.42135922330097086,Policy effect heterogeneity for top amount quartile.,
m5_policy_by_q4_amount,C(index_case_cause)[T.占有物返还纠纷],-0.9529211935363097,0.05674377721132292,2.727414099410348e-63,-1.0641369532172673,-0.8417054338553521,5150,0.23035643066084133,0.42135922330097086,Policy effect heterogeneity for top amount quartile.,
m5_policy_by_q4_amount,C(index_case_cause)[T.发起人责任纠纷],-0.4935805733879037,0.08482834066598945,5.934928913959186e-09,-0.6598410659615375,-0.3273200808142699,5150,0.23035643066084133,0.42135922330097086,Policy effect heterogeneity for top amount quartile.,
m5_policy_by_q4_amount,C(index_case_cause)[T.合伙企业纠纷],-0.5033189178445491,0.14915273266559584,0.0007394447341866612,-0.7956529020648477,-0.21098493362425036,5150,0.23035643066084133,0.42135922330097086,Policy effect heterogeneity for top amount quartile.,
m5_policy_by_q4_amount,C(index_case_cause)[T.合伙协议纠纷],-0.47024651306043624,0.06889501221043175,8.758764869696133e-12,-0.6052782557073297,-0.33521477041354275,5150,0.23035643066084133,0.42135922330097086,Policy effect heterogeneity for top amount quartile.,
m5_policy_by_q4_amount,C(index_case_cause)[T.合伙合同纠纷],-0.19665737395496385,0.08837207672452092,0.02605883449106445,-0.36986346157403527,-0.02345128633589247,5150,0.23035643066084133,0.42135922330097086,Policy effect heterogeneity for top amount quartile.,
m5_policy_by_q4_amount,C(index_case_cause)[T.合作创作合同纠纷],-0.40779286091947264,0.039169800113340036,2.2112184614441945e-25,-0.484564258423252,-0.3310214634156933,5150,0.23035643066084133,0.42135922330097086,Policy effect heterogeneity for top amount quartile.,
m5_policy_by_q4_amount,C(index_case_cause)[T.合同、准合同纠纷],0.2837909679458784,0.04921670586132728,8.110230046934602e-09,0.18732799701997555,0.3802539388717812,5150,0.23035643066084133,0.42135922330097086,Policy effect heterogeneity for top amount quartile.,
m5_policy_by_q4_amount,C(index_case_cause)[T.合同、无因管理、不当得利],-0.5593226495045373,0.11568392235241408,1.3319838367428815e-06,-0.786058970905597,-0.33258632810347755,5150,0.23035643066084133,0.42135922330097086,Policy effect heterogeneity for top amount quartile.,
m5_policy_by_q4_amount,C(index_case_cause)[T.合同纠纷],-0.2567623615414451,0.03272845117902001,4.3214654177337435e-15,-0.32090894712210183,-0.1926157759607884,5150,0.23035643066084133,0.42135922330097086,Policy effect heterogeneity for top amount quartile.,
m5_policy_by_q4_amount,C(index_case_cause)[T.名誉权纠纷],0.0026323790146992147,0.04613385488748098,0.9544977235279268,-0.08778831503276065,0.09305307306215908,5150,0.23035643066084133,0.42135922330097086,Policy effect heterogeneity for top amount quartile.,
m5_policy_by_q4_amount,C(index_case_cause)[T.商品房销售合同纠纷],-0.6148185232019755,0.03519736558560442,2.522806260182834e-68,-0.6838040921004497,-0.5458329543035013,5150,0.23035643066084133,0.42135922330097086,Policy effect heterogeneity for top amount quartile.,
m5_policy_by_q4_amount,C(index_case_cause)[T.商品房预售合同纠纷],-0.6842470606141721,0.14212778463922743,1.477101647924094e-06,-0.9628123997095229,-0.4056817215188212,5150,0.23035643066084133,0.42135922330097086,Policy effect heterogeneity for top amount quartile.,
m5_policy_by_q4_amount,C(index_case_cause)[T.土地租赁合同纠纷],-0.5178867025764454,0.03838202579701705,1.7207832359408686e-41,-0.593114090792286,-0.44265931436060474,5150,0.23035643066084133,0.42135922330097086,Policy effect heterogeneity for top amount quartile.,
m5_policy_by_q4_amount,C(index_case_cause)[T.委托合同纠纷],-0.2879896104789787,0.03788409069988962,2.919010522973334e-14,-0.3622410638378112,-0.2137381571201462,5150,0.23035643066084133,0.42135922330097086,Policy effect heterogeneity for top amount quartile.,
m5_policy_by_q4_amount,C(index_case_cause)[T.委托理财合同纠纷],-0.1458617429801684,0.0486087786282094,0.002693346712187053,-0.24113319842393913,-0.05059028753639769,5150,0.23035643066084133,0.42135922330097086,Policy effect heterogeneity for top amount quartile.,
m5_policy_by_q4_amount,C(index_case_cause)[T.娱乐服务合同纠纷],-0.40609075683609214,0.05041700425936635,7.971387716382169e-16,-0.5049062693928527,-0.3072752442793316,5150,0.23035643066084133,0.42135922330097086,Policy effect heterogeneity for top amount quartile.,
m5_policy_by_q4_amount,C(index_case_cause)[T.婚约财产纠纷],0.11827317226674598,0.20087022155885662,0.5559928212675048,-0.2754252275551941,0.511971572088686,5150,0.23035643066084133,0.42135922330097086,Policy effect heterogeneity for top amount quartile.,
m5_policy_by_q4_amount,C(index_case_cause)[T.定作合同纠纷],-0.5121419006220187,0.03818183853092309,5.058457174789244e-41,-0.5869769290061517,-0.4373068722378857,5150,0.23035643066084133,0.42135922330097086,Policy effect heterogeneity for top amount quartile.,
m5_policy_by_q4_amount,C(index_case_cause)[T.定金合同纠纷],-0.21628477738095514,0.2809839169495601,0.44145367887896625,-0.7670031348370865,0.33443358007517626,5150,0.23035643066084133,0.42135922330097086,Policy effect heterogeneity for top amount quartile.,
m5_policy_by_q4_amount,C(index_case_cause)[T.广告合同纠纷],-0.2627423908379698,0.14697829641789764,0.07383618470242637,-0.5508145583261016,0.025329776650162006,5150,0.23035643066084133,0.42135922330097086,Policy effect heterogeneity for top amount quartile.,
m5_policy_by_q4_amount,C(index_case_cause)[T.建设工程合同纠纷],-0.48822914961049607,0.04662481481990719,1.1684649205905183e-25,-0.5796121074433636,-0.3968461917776286,5150,0.23035643066084133,0.42135922330097086,Policy effect heterogeneity for top amount quartile.,
m5_policy_by_q4_amount,C(index_case_cause)[T.建设工程施工合同纠纷],0.17271879561341036,0.12965576394669878,0.18281630106086566,-0.08140183211014607,0.4268394233369668,5150,0.23035643066084133,0.42135922330097086,Policy effect heterogeneity for top amount quartile.,
m5_policy_by_q4_amount,C(index_case_cause)[T.悬赏广告纠纷],0.4602085899143076,0.06716316930793868,7.277488413958896e-12,0.3285711969831818,0.5918459828454333,5150,0.23035643066084133,0.42135922330097086,Policy effect heterogeneity for top amount quartile.,
m5_policy_by_q4_amount,C(index_case_cause)[T.房屋买卖合同纠纷],-0.598238191580287,0.07942490771139517,4.992181369379215e-14,-0.7539081501700391,-0.4425682329905349,5150,0.23035643066084133,0.42135922330097086,Policy effect heterogeneity for top amount quartile.,
m5_policy_by_q4_amount,C(index_case_cause)[T.房屋拆迁安置补偿合同纠纷],0.6049398268439781,0.04131450509497914,1.5085259315587097e-48,0.5239648848187224,0.6859147688692337,5150,0.23035643066084133,0.42135922330097086,Policy effect heterogeneity for top amount quartile.,
m5_policy_by_q4_amount,C(index_case_cause)[T.房屋租赁合同纠纷],-0.2997565004913266,0.11448529051073648,0.008836983598538175,-0.5241435466519754,-0.0753694543306779,5150,0.23035643066084133,0.42135922330097086,Policy effect heterogeneity for top amount quartile.,
m5_policy_by_q4_amount,C(index_case_cause)[T.所有权确认纠纷],-0.8220897176430669,0.030720811726968576,9.439087383892157e-158,-0.8823014022037611,-0.7618780330823728,5150,0.23035643066084133,0.42135922330097086,Policy effect heterogeneity for top amount quartile.,
m5_policy_by_q4_amount,C(index_case_cause)[T.所有权纠纷],-0.46045638797007266,0.25649653059672994,0.07262568030526306,-0.9631803500991394,0.042267574158994015,5150,0.23035643066084133,0.42135922330097086,Policy effect heterogeneity for top amount quartile.,
m5_policy_by_q4_amount,C(index_case_cause)[T.执行异议之诉],-0.21853391680813997,0.29161136266520277,0.4536154037540425,-0.7900816851145855,0.35301385149830566,5150,0.23035643066084133,0.42135922330097086,Policy effect heterogeneity for top amount quartile.,
m5_policy_by_q4_amount,C(index_case_cause)[T.技术合同纠纷],-0.4040235131573685,0.04001412429485698,5.694492939483086e-24,-0.48244975564819736,-0.32559727066653965,5150,0.23035643066084133,0.42135922330097086,Policy effect heterogeneity for top amount quartile.,
m5_policy_by_q4_amount,C(index_case_cause)[T.技术委托开发合同纠纷],-0.409301298042866,0.039198691323533055,1.5990694274216046e-25,-0.4861293212780935,-0.33247327480763855,5150,0.23035643066084133,0.42135922330097086,Policy effect heterogeneity for top amount quartile.,
m5_policy_by_q4_amount,C(index_case_cause)[T.技术服务合同纠纷],-0.4018174975364694,0.049683637274889864,6.089095537821263e-16,-0.4991956372162053,-0.3044393578567335,5150,0.23035643066084133,0.42135922330097086,Policy effect heterogeneity for top amount quartile.,
m5_policy_by_q4_amount,C(index_case_cause)[T.抵押合同纠纷],0.1048141379519476,0.32921480162305183,0.7501996345040638,-0.5404350164067325,0.7500632923106277,5150,0.23035643066084133,0.42135922330097086,Policy effect heterogeneity for top amount quartile.,
m5_policy_by_q4_amount,C(index_case_cause)[T.担保物权确认纠纷],-0.41618438944094677,0.06480451580059696,1.3436199172937008e-10,-0.5431989064456737,-0.28916987243621983,5150,0.23035643066084133,0.42135922330097086,Policy effect heterogeneity for top amount quartile.,
m5_policy_by_q4_amount,C(index_case_cause)[T.损害公司债权人利益责任纠纷],-0.44350224457399473,0.08742742790333081,3.9199528780695867e-07,-0.6148568545254953,-0.27214763462249414,5150,0.23035643066084133,0.42135922330097086,Policy effect heterogeneity for top amount quartile.,
m5_policy_by_q4_amount,C(index_case_cause)[T.损害公司利益责任纠纷],-0.39718643886128097,0.051660645963759154,1.490150568945834e-14,-0.49843944436832344,-0.2959334333542385,5150,0.23035643066084133,0.42135922330097086,Policy effect heterogeneity for top amount quartile.,
m5_policy_by_q4_amount,C(index_case_cause)[T.排除妨害纠纷],0.2829158304670856,0.03671706411477437,1.305408225090701e-14,0.21095170718407982,0.3548799537500914,5150,0.23035643066084133,0.42135922330097086,Policy effect heterogeneity for top amount quartile.,
m5_policy_by_q4_amount,C(index_case_cause)[T.教育培训合同纠纷],-0.46482013192079186,0.05500346148448432,2.894541194613084e-17,-0.5726249354554172,-0.35701532838616656,5150,0.23035643066084133,0.42135922330097086,Policy effect heterogeneity for top amount quartile.,
m5_policy_by_q4_amount,C(index_case_cause)[T.旅游合同纠纷],-0.40977707954854264,0.039251658698942184,1.632586248838553e-25,-0.48670891693192764,-0.33284524216515765,5150,0.23035643066084133,0.42135922330097086,Policy effect heterogeneity for top amount quartile.,
m5_policy_by_q4_amount,C(index_case_cause)[T.服务合同纠纷],-0.36746735769179667,0.06305414811140621,5.616072971842445e-09,-0.4910512170660071,-0.24388349831758624,5150,0.23035643066084133,0.42135922330097086,Policy effect heterogeneity for top amount quartile.,
m5_policy_by_q4_amount,C(index_case_cause)[T.机动车交通事故责任纠纷],-0.04278206906349595,0.036889698912339695,0.24615898874785624,-0.11508455033220816,0.029520412205216257,5150,0.23035643066084133,0.42135922330097086,Policy effect heterogeneity for top amount quartile.,
m5_policy_by_q4_amount,C(index_case_cause)[T.案外人执行异议之诉],-0.4476172145053846,0.08538025611132312,1.5830255163332497e-07,-0.6149594414743838,-0.28027498753638547,5150,0.23035643066084133,0.42135922330097086,Policy effect heterogeneity for top amount quartile.,
m5_policy_by_q4_amount,C(index_case_cause)[T.民间借贷纠纷],-0.33395698919476435,0.03243068074865268,7.226866253851715e-25,-0.3975199554562401,-0.2703940229332886,5150,0.23035643066084133,0.42135922330097086,Policy effect heterogeneity for top amount quartile.,
m5_policy_by_q4_amount,C(index_case_cause)[T.民间委托理财合同纠纷],-0.03606454871475123,0.050465201448570376,0.4748303315558148,-0.13497452602650772,0.06284542859700527,5150,0.23035643066084133,0.42135922330097086,Policy effect heterogeneity for top amount quartile.,
m5_policy_by_q4_amount,C(index_case_cause)[T.法律服务合同纠纷],-0.5161535522811119,0.048778183007942955,3.625257184881535e-26,-0.6117570342079838,-0.4205500703542401,5150,0.23035643066084133,0.42135922330097086,Policy effect heterogeneity for top amount quartile.,
m5_policy_by_q4_amount,C(index_case_cause)[T.消费者权益保护民事公益诉讼],0.47326572897637953,0.06562997719843455,5.54929769227903e-13,0.34463333736126284,0.6018981205914962,5150,0.23035643066084133,0.42135922330097086,Policy effect heterogeneity for top amount quartile.,
m5_policy_by_q4_amount,C(index_case_cause)[T.清算责任纠纷],0.12554654881202562,0.19616043364065094,0.5221597690740833,-0.2589208363154095,0.5100139339394607,5150,0.23035643066084133,0.42135922330097086,Policy effect heterogeneity for top amount quartile.,
m5_policy_by_q4_amount,C(index_case_cause)[T.演出合同纠纷],-0.4777152244847787,0.047529399556798246,9.099366596762547e-24,-0.5708711358229173,-0.38455931314664016,5150,0.23035643066084133,0.42135922330097086,Policy effect heterogeneity for top amount quartile.,
m5_policy_by_q4_amount,C(index_case_cause)[T.物业服务合同纠纷],-0.5271576916186888,0.05180179082244413,2.5264149123127176e-24,-0.6286873359653568,-0.42562804727202075,5150,0.23035643066084133,0.42135922330097086,Policy effect heterogeneity for top amount quartile.,
m5_policy_by_q4_amount,C(index_case_cause)[T.物权保护纠纷],0.21090157555549108,0.045637428687477395,3.8145057489076184e-06,0.12145385898102032,0.30034929212996186,5150,0.23035643066084133,0.42135922330097086,Policy effect heterogeneity for top amount quartile.,
m5_policy_by_q4_amount,C(index_case_cause)[T.物权纠纷],0.51885223867769,0.06895162150600763,5.2771337036276335e-14,0.38370954385027767,0.6539949335051024,5150,0.23035643066084133,0.42135922330097086,Policy effect heterogeneity for top amount quartile.,
m5_policy_by_q4_amount,C(index_case_cause)[T.特许经营合同纠纷],-0.5169422364586136,0.038191193252817446,9.633995315272633e-42,-0.5917955997607449,-0.44208887315648226,5150,0.23035643066084133,0.42135922330097086,Policy effect heterogeneity for top amount quartile.,
m5_policy_by_q4_amount,C(index_case_cause)[T.确认合同效力纠纷],-0.35632533198682764,0.14452955385332295,0.013685463633852627,-0.6395980522409828,-0.07305261173267247,5150,0.23035643066084133,0.42135922330097086,Policy effect heterogeneity for top amount quartile.,
m5_policy_by_q4_amount,C(index_case_cause)[T.确认合同无效纠纷],0.11055639210456925,0.09924331343461489,0.26528203562035435,-0.08395692793369602,0.3050697121428345,5150,0.23035643066084133,0.42135922330097086,Policy effect heterogeneity for top amount quartile.,
m5_policy_by_q4_amount,C(index_case_cause)[T.确认合同有效纠纷],0.47965746649624397,0.06761967209711041,1.3079939251163116e-12,0.3471253445394995,0.6121895884529884,5150,0.23035643066084133,0.42135922330097086,Policy effect heterogeneity for top amount quartile.,
m5_policy_by_q4_amount,C(index_case_cause)[T.离婚后财产纠纷],-0.6456690182916718,0.07857721206058312,2.0865558947337825e-16,-0.799677523935981,-0.49166051264736255,5150,0.23035643066084133,0.42135922330097086,Policy effect heterogeneity for top amount quartile.,
m5_policy_by_q4_amount,C(index_case_cause)[T.离婚纠纷],-0.21410011545364105,0.3631916449561253,0.5555284219608201,-0.925942659053505,0.49774242814622294,5150,0.23035643066084133,0.42135922330097086,Policy effect heterogeneity for top amount quartile.,
m5_policy_by_q4_amount,C(index_case_cause)[T.种植、养殖回收合同纠纷],-0.49413995410553213,0.04648094381989941,2.1375617959383986e-26,-0.5852409299599646,-0.4030389782510997,5150,0.23035643066084133,0.42135922330097086,Policy effect heterogeneity for top amount quartile.,
m5_policy_by_q4_amount,C(index_case_cause)[T.租赁合同纠纷],-0.5101799128092998,0.06467594656943311,3.0645804915911554e-15,-0.6369424387514255,-0.38341738686717397,5150,0.23035643066084133,0.42135922330097086,Policy effect heterogeneity for top amount quartile.,
m5_policy_by_q4_amount,C(index_case_cause)[T.竞业限制纠纷],-0.41840957670340057,0.06424410912688724,7.375854568222487e-11,-0.5443257168109605,-0.2924934365958406,5150,0.23035643066084133,0.42135922330097086,Policy effect heterogeneity for top amount quartile.,
m5_policy_by_q4_amount,C(index_case_cause)[T.缔约过失责任纠纷],-0.008990616825028176,0.34079055175604817,0.9789529307842564,-0.6769278245384159,0.6589465908883595,5150,0.23035643066084133,0.42135922330097086,Policy effect heterogeneity for top amount quartile.,
m5_policy_by_q4_amount,C(index_case_cause)[T.网络侵害虚拟财产纠纷],-0.44371769843943226,0.21744405924685875,0.041289984060455275,-0.8699002232154691,-0.01753517366339541,5150,0.23035643066084133,0.42135922330097086,Policy effect heterogeneity for top amount quartile.,
m5_policy_by_q4_amount,C(index_case_cause)[T.网络侵权责任纠纷],-0.3188255682106264,0.10607829946656905,0.002650851039115218,-0.5267352147063562,-0.11091592171489664,5150,0.23035643066084133,0.42135922330097086,Policy effect heterogeneity for top amount quartile.,
m5_policy_by_q4_amount,C(index_case_cause)[T.网络域名合同纠纷],-0.4180991175479681,0.052330508180752223,1.3539218874829484e-15,-0.520665028874921,-0.31553320622101505,5150,0.23035643066084133,0.42135922330097086,Policy effect heterogeneity for top amount quartile.,
m5_policy_by_q4_amount,C(index_case_cause)[T.网络服务合同纠纷],-0.44742956635974196,0.04782250243191182,8.277600174653023e-21,-0.5411599487768682,-0.3536991839426156,5150,0.23035643066084133,0.42135922330097086,Policy effect heterogeneity for top amount quartile.,
m5_policy_by_q4_amount,C(index_case_cause)[T.联营合同纠纷],-0.391478206363368,0.04537774139712363,6.29284429426544e-18,-0.4804169452015026,-0.3025394675252334,5150,0.23035643066084133,0.42135922330097086,Policy effect heterogeneity for top amount quartile.,
m5_policy_by_q4_amount,C(index_case_cause)[T.肖像权纠纷],0.3737986543686356,0.15018964421934664,0.012815904357935596,0.07943236084783184,0.6681649478894394,5150,0.23035643066084133,0.42135922330097086,Policy effect heterogeneity for top amount quartile.,
m5_policy_by_q4_amount,C(index_case_cause)[T.股东出资纠纷],-0.7335286058337347,0.18092123801266366,5.026131800466213e-05,-1.0881277163769545,-0.37892949529051495,5150,0.23035643066084133,0.42135922330097086,Policy effect heterogeneity for top amount quartile.,
m5_policy_by_q4_amount,C(index_case_cause)[T.股东损害公司债权人利益责任纠纷],-0.42906938529706806,0.17493231834068432,0.014175949930307094,-0.7719304289769049,-0.08620834161723123,5150,0.23035643066084133,0.42135922330097086,Policy effect heterogeneity for top amount quartile.,
m5_policy_by_q4_amount,C(index_case_cause)[T.股东资格确认纠纷],-0.7339170628783966,0.044176837008152434,5.5961546357067025e-62,-0.8205020723652716,-0.6473320533915217,5150,0.23035643066084133,0.42135922330097086,Policy effect heterogeneity for top amount quartile.,
m5_policy_by_q4_amount,C(index_case_cause)[T.股权转让纠纷],-0.47808169726951344,0.17001593566271475,0.004923730679405466,-0.8113068079663133,-0.14485658657271355,5150,0.23035643066084133,0.42135922330097086,Policy effect heterogeneity for top amount quartile.,
m5_policy_by_q4_amount,C(index_case_cause)[T.著作权合同纠纷],-0.37886422069358167,0.04481616781552156,2.8211769218714325e-17,-0.466702295537107,-0.2910261458500563,5150,0.23035643066084133,0.42135922330097086,Policy effect heterogeneity for top amount quartile.,
m5_policy_by_q4_amount,C(index_case_cause)[T.著作权权属纠纷],-0.5229476763879422,0.10787559704604818,1.2490607954223448e-06,-0.734379961408952,-0.3115153913669323,5150,0.23035643066084133,0.42135922330097086,Policy effect heterogeneity for top amount quartile.,
m5_policy_by_q4_amount,C(index_case_cause)[T.著作权许可使用合同纠纷],-0.44641903644044784,0.06811114858032982,5.59137380261058e-11,-0.5799144346035507,-0.31292363827734493,5150,0.23035643066084133,0.42135922330097086,Policy effect heterogeneity for top amount quartile.,
m5_policy_by_q4_amount,C(index_case_cause)[T.融资租赁合同纠纷],-0.5919329736629466,0.05441912103668459,1.478823115534418e-27,-0.6985924909651744,-0.48527345636071884,5150,0.23035643066084133,0.42135922330097086,Policy effect heterogeneity for top amount quartile.,
m5_policy_by_q4_amount,C(index_case_cause)[T.行纪合同纠纷],-0.15944463369909634,0.2496789397779965,0.5230840602220798,-0.6488063633621146,0.3299170959639219,5150,0.23035643066084133,0.42135922330097086,Policy effect heterogeneity for top amount quartile.,
m5_policy_by_q4_amount,C(index_case_cause)[T.被继承人债务清偿纠纷],-0.395758872545292,0.1212133567480813,0.001094728038350117,-0.6333326862167366,-0.15818505887384754,5150,0.23035643066084133,0.42135922330097086,Policy effect heterogeneity for top amount quartile.,
m5_policy_by_q4_amount,C(index_case_cause)[T.装饰装修合同纠纷],-0.4434554417227973,0.041123479064940884,4.1186421374934774e-27,-0.5240559796090684,-0.3628549038365263,5150,0.23035643066084133,0.42135922330097086,Policy effect heterogeneity for top amount quartile.,
m5_policy_by_q4_amount,C(index_case_cause)[T.计算机软件开发合同纠纷],-0.29668186484399317,0.0896901408169394,0.0009401390648972096,-0.47247131061352027,-0.12089241907446607,5150,0.23035643066084133,0.42135922330097086,Policy effect heterogeneity for top amount quartile.,
m5_policy_by_q4_amount,C(index_case_cause)[T.计算机软件著作权许可使用合同纠纷],-0.4767353356656646,0.0424142655243131,2.594522429232416e-29,-0.5598657685240371,-0.3936049028072921,5150,0.23035643066084133,0.42135922330097086,Policy effect heterogeneity for top amount quartile.,
m5_policy_by_q4_amount,C(index_case_cause)[T.财产保险合同纠纷],-0.7096321921174482,0.03326275885355257,5.474761247431351e-101,-0.7748260014968521,-0.6444383827380443,5150,0.23035643066084133,0.42135922330097086,Policy effect heterogeneity for top amount quartile.,
m5_policy_by_q4_amount,C(index_case_cause)[T.财产损失保险合同纠纷],-0.5134585023033291,0.037888915954603926,7.743626017041905e-42,-0.5877194129876179,-0.4391975916190404,5150,0.23035643066084133,0.42135922330097086,Policy effect heterogeneity for top amount quartile.,
m5_policy_by_q4_amount,C(index_case_cause)[T.财产损害赔偿纠纷],-0.10472004404791778,0.1172683168462206,0.3718597432066908,-0.3345617215941419,0.1251216334983063,5150,0.23035643066084133,0.42135922330097086,Policy effect heterogeneity for top amount quartile.,
m5_policy_by_q4_amount,C(index_case_cause)[T.赠与合同纠纷],0.10162095095383251,0.08416182616748225,0.22726001502255377,-0.06333319720755338,0.26657509911521843,5150,0.23035643066084133,0.42135922330097086,Policy effect heterogeneity for top amount quartile.,
m5_policy_by_q4_amount,C(index_case_cause)[T.车辆租赁合同纠纷],-0.5016938837909836,0.04024582394827868,1.1480447671717844e-35,-0.5805742492577494,-0.42281351832421776,5150,0.23035643066084133,0.42135922330097086,Policy effect heterogeneity for top amount quartile.,
m5_policy_by_q4_amount,C(index_case_cause)[T.运输合同纠纷],-0.1462351961982834,0.2651994862974618,0.581348648028966,-0.6660166380598321,0.37354624566326533,5150,0.23035643066084133,0.42135922330097086,Policy effect heterogeneity for top amount quartile.,
m5_policy_by_q4_amount,C(index_case_cause)[T.返还原物纠纷],-0.2807955419851253,0.09697134039521026,0.0037836817952599426,-0.4708558766923115,-0.0907352072779391,5150,0.23035643066084133,0.42135922330097086,Policy effect heterogeneity for top amount quartile.,
m5_policy_by_q4_amount,C(index_case_cause)[T.追偿权纠纷],-0.433770665451625,0.12514538840604206,0.0005280003764993456,-0.6790511195587439,-0.18849021134450614,5150,0.23035643066084133,0.42135922330097086,Policy effect heterogeneity for top amount quartile.,
m5_policy_by_q4_amount,C(index_case_cause)[T.追加、变更被执行人异议之诉],-0.7197106843755976,0.04913958337512569,1.423562118004492e-48,-0.8160224980061471,-0.6233988707450481,5150,0.23035643066084133,0.42135922330097086,Policy effect heterogeneity for top amount quartile.,
m5_policy_by_q4_amount,C(index_case_cause)[T.金融借款合同纠纷],-0.6077599111710509,0.035329177880116275,2.531122198821519e-66,-0.677003827419488,-0.5385159949226138,5150,0.23035643066084133,0.42135922330097086,Policy effect heterogeneity for top amount quartile.,
m5_policy_by_q4_amount,C(index_case_cause)[T.铁路运输财产损害责任纠纷],0.19588262339438745,0.04100191614108212,1.7757482032154823e-06,0.11552034446073497,0.2762449023280399,5150,0.23035643066084133,0.42135922330097086,Policy effect heterogeneity for top amount quartile.,
m5_policy_by_q4_amount,C(index_case_cause)[T.银行卡纠纷],-0.6849996240964135,0.03845160236614111,5.4453073877050896e-71,-0.7603633798819052,-0.6096358683109218,5150,0.23035643066084133,0.42135922330097086,Policy effect heterogeneity for top amount quartile.,
m5_policy_by_q4_amount,C(index_case_cause)[T.餐饮服务合同纠纷],0.5280187289586774,0.05799109192733974,8.613173455469015e-20,0.41435827735694003,0.6416791805604147,5150,0.23035643066084133,0.42135922330097086,Policy effect heterogeneity for top amount quartile.,
m5_policy_by_q4_amount,post2021,0.10652894390545602,0.014194776688203544,6.152299473623933e-14,0.07870769282798833,0.13435019498292372,5150,0.23035643066084133,0.42135922330097086,Policy effect heterogeneity for top amount quartile.,
m5_policy_by_q4_amount,q4_amount,-0.04421643035442244,0.03373264379156631,0.18992853965623058,-0.11033119728921106,0.02189833658036619,5150,0.23035643066084133,0.42135922330097086,Policy effect heterogeneity for top amount quartile.,
m5_policy_by_q4_amount,post2021:q4_amount,0.03119703856492754,0.041251494882997584,0.4494906655539578,-0.04965440571418606,0.11204848284404115,5150,0.23035643066084133,0.42135922330097086,Policy effect heterogeneity for top amount quartile.,
m5_policy_by_q4_amount,log_amount_master,-0.002315432138278094,0.004420649586373009,0.6004340363570351,-0.010979746115841078,0.00634888183928489,5150,0.23035643066084133,0.42135922330097086,Policy effect heterogeneity for top amount quartile.,
m5_policy_by_q4_amount,amount_llm_regex_conflict_flag,-0.043996358535536136,0.03194150224286443,0.1683873229005779,-0.10660055254365577,0.018607835472583496,5150,0.23035643066084133,0.42135922330097086,Policy effect heterogeneity for top amount quartile.,
m5_policy_by_q4_amount,amount_regex_fallback_flag,0.24166969383811254,0.0460789440648388,1.5654684593501053e-07,0.15135662302539282,0.33198276465083226,5150,0.23035643066084133,0.42135922330097086,Policy effect heterogeneity for top amount quartile.,
m6_llm_amount,Intercept,0.5227250870382991,0.05772033758833932,1.3511363025179566e-19,0.4095953041896605,0.6358548698869377,5044,0.22935718364355895,0.4173275178429818,Uses LLM top-level case amount.,
m6_llm_amount,"C(transaction_type, Treatment(reference='借贷'))[T.投资/理财]",0.21973486758826094,0.020404444714667014,4.823634429409076e-27,0.17974289082297493,0.2597268443535469,5044,0.22935718364355895,0.4173275178429818,Uses LLM top-level case amount.,
m6_llm_amount,"C(transaction_type, Treatment(reference='借贷'))[T.交易/买卖]",0.18242664813350382,0.03290097964144509,2.944286022890647e-08,0.1179419129801859,0.24691138328682172,5044,0.22935718364355895,0.4173275178429818,Uses LLM top-level case amount.,
m6_llm_amount,"C(transaction_type, Treatment(reference='借贷'))[T.ICO/发币]",0.5533323471775929,0.027628823191105628,3.1808881533448986e-89,0.4991808487878009,0.607483845567385,5044,0.22935718364355895,0.4173275178429818,Uses LLM top-level case amount.,
m6_llm_amount,"C(transaction_type, Treatment(reference='借贷'))[T.挖矿]",0.1294421284987023,0.03664651394804644,0.00041214680231395047,0.05761628100158653,0.20126797599581805,5044,0.22935718364355895,0.4173275178429818,Uses LLM top-level case amount.,
m6_llm_amount,"C(transaction_type, Treatment(reference='借贷'))[T.技术服务]",-0.09534687162369826,0.041111533105989466,0.02038287089990306,-0.1759239958606637,-0.014769747386732798,5044,0.22935718364355895,0.4173275178429818,Uses LLM top-level case amount.,
m6_llm_amount,"C(transaction_type, Treatment(reference='借贷'))[T.其他民商事]",-0.09678744128785291,0.030331082551736034,0.001417657998025199,-0.15623527070136678,-0.03733961187433904,5044,0.22935718364355895,0.4173275178429818,Uses LLM top-level case amount.,
m6_llm_amount,"C(transaction_type, Treatment(reference='借贷'))[T.其他/未分类]",-0.04839113048909058,0.059144962100627516,0.41325532672757614,-0.16431312607330698,0.06753086509512582,5044,0.22935718364355895,0.4173275178429818,Uses LLM top-level case amount.,
m6_llm_amount,"C(transaction_type, Treatment(reference='借贷'))[T.未分类]",0.17413076903786195,0.12573723802201747,0.16608969166058885,-0.0723096890008326,0.4205712270765565,5044,0.22935718364355895,0.4173275178429818,Uses LLM top-level case amount.,
m6_llm_amount,C(court_level_group)[T.基层法院],0.011248489353912839,0.014252941969467728,0.4299923523538437,-0.016686763579983298,0.03918374228780897,5044,0.22935718364355895,0.4173275178429818,Uses LLM top-level case amount.,
m6_llm_amount,C(court_level_group)[T.最高人民法院],-0.044308689054757745,0.10727450832376274,0.6795771291434005,-0.25456286182857496,0.16594548371905948,5044,0.22935718364355895,0.4173275178429818,Uses LLM top-level case amount.,
m6_llm_amount,C(court_level_group)[T.高级法院],-0.017131190316017147,0.0905516438846163,0.8499462867772823,-0.19460915107076174,0.16034677043872744,5044,0.22935718364355895,0.4173275178429818,Uses LLM top-level case amount.,
m6_llm_amount,C(index_case_cause)[T.不正当竞争纠纷],0.06675645509785068,0.1768803504026643,0.7058687598533708,-0.27992266126419624,0.41343557145989757,5044,0.22935718364355895,0.4173275178429818,Uses LLM top-level case amount.,
m6_llm_amount,C(index_case_cause)[T.与公司有关的纠纷],-0.3250171362003824,0.19139856167607064,0.08948569657865287,-0.7001514237782491,0.05011715137748429,5044,0.22935718364355895,0.4173275178429818,Uses LLM top-level case amount.,
m6_llm_amount,C(index_case_cause)[T.业主撤销权纠纷],-0.056780311488666246,0.2647208166873759,0.8301639525209611,-0.5756235781539527,0.4620629551766202,5044,0.22935718364355895,0.4173275178429818,Uses LLM top-level case amount.,
m6_llm_amount,C(index_case_cause)[T.中介合同纠纷],-0.5041499014401214,0.038485864323882825,3.3094385703969435e-39,-0.5795808094288267,-0.4287189934514161,5044,0.22935718364355895,0.4173275178429818,Uses LLM top-level case amount.,
m6_llm_amount,C(index_case_cause)[T.买卖合同纠纷],-0.28895631696615365,0.0395197502368733,2.6379549578374644e-13,-0.3664136041084436,-0.2114990298238637,5044,0.22935718364355895,0.4173275178429818,Uses LLM top-level case amount.,
m6_llm_amount,C(index_case_cause)[T.互易纠纷],-0.5081280430120201,0.04336415678920375,1.0344621649076706e-31,-0.5931202285388075,-0.42313585748523264,5044,0.22935718364355895,0.4173275178429818,Uses LLM top-level case amount.,
m6_llm_amount,C(index_case_cause)[T.人身保险合同纠纷],-0.4995769471129952,0.03907976108416071,2.0268179058933516e-37,-0.5761718713623802,-0.42298202286361025,5044,0.22935718364355895,0.4173275178429818,Uses LLM top-level case amount.,
m6_llm_amount,C(index_case_cause)[T.仓储合同纠纷],0.2599950243583202,0.044303840312279394,4.398788688533424e-09,0.17316109296943882,0.34682895574720163,5044,0.22935718364355895,0.4173275178429818,Uses LLM top-level case amount.,
m6_llm_amount,C(index_case_cause)[T.企业承包经营合同纠纷],-0.38065319240334333,0.040365600661948955,4.0954903708130234e-21,-0.45976831591508943,-0.30153806889159723,5044,0.22935718364355895,0.4173275178429818,Uses LLM top-level case amount.,
m6_llm_amount,C(index_case_cause)[T.供用电合同纠纷],-0.6426994516429201,0.04995961614477275,7.141327779786751e-38,-0.7406184999681205,-0.5447804033177197,5044,0.22935718364355895,0.4173275178429818,Uses LLM top-level case amount.,
m6_llm_amount,C(index_case_cause)[T.侵害作品信息网络传播权纠纷],0.012865722200901888,0.18840140522864762,0.9455556706693625,-0.3563942466839837,0.3821256910857874,5044,0.22935718364355895,0.4173275178429818,Uses LLM top-level case amount.,
m6_llm_amount,C(index_case_cause)[T.侵害作品改编权纠纷],-0.3955876581882384,0.11100446127108532,0.0003656505459970951,-0.6131524044028369,-0.17802291197363987,5044,0.22935718364355895,0.4173275178429818,Uses LLM top-level case amount.,
m6_llm_amount,C(index_case_cause)[T.侵害发明专利权纠纷],0.2794217745697005,0.16645348574693547,0.09321485093290113,-0.04682106259544422,0.6056646117348452,5044,0.22935718364355895,0.4173275178429818,Uses LLM top-level case amount.,
m6_llm_amount,C(index_case_cause)[T.侵害商标权纠纷],-0.0885983339899332,0.16055879391308014,0.5810768882664301,-0.40328778746075916,0.22609111948089272,5044,0.22935718364355895,0.4173275178429818,Uses LLM top-level case amount.,
m6_llm_amount,C(index_case_cause)[T.侵害外观设计专利权纠纷],0.0917070122822913,0.27046652171379987,0.7345571960930466,-0.4383976293005769,0.6218116538651595,5044,0.22935718364355895,0.4173275178429818,Uses LLM top-level case amount.,
m6_llm_amount,C(index_case_cause)[T.侵权责任纠纷],-0.029610488355225895,0.1400111532110655,0.8325075561926341,-0.3040273060828338,0.244806329372382,5044,0.22935718364355895,0.4173275178429818,Uses LLM top-level case amount.,
m6_llm_amount,C(index_case_cause)[T.保管合同纠纷],-0.3763259636375066,0.26459630318000465,0.15494944233067753,-0.8949251883127567,0.14227326103774351,5044,0.22935718364355895,0.4173275178429818,Uses LLM top-level case amount.,
m6_llm_amount,C(index_case_cause)[T.保证合同纠纷],-0.036630637082956274,0.09153228466364154,0.6890139074470152,-0.21603061844636162,0.14276934428044907,5044,0.22935718364355895,0.4173275178429818,Uses LLM top-level case amount.,
m6_llm_amount,C(index_case_cause)[T.保险代理合同纠纷],-0.1529442830320901,0.03640184362052184,2.6508991734188963e-05,-0.22429058549917202,-0.08159798056500817,5044,0.22935718364355895,0.4173275178429818,Uses LLM top-level case amount.,
m6_llm_amount,C(index_case_cause)[T.信息网络买卖合同纠纷],-0.5280545452664995,0.10026347479046929,1.3892127683828672e-07,-0.724567344820659,-0.3315417457123401,5044,0.22935718364355895,0.4173275178429818,Uses LLM top-level case amount.,
m6_llm_amount,C(index_case_cause)[T.信用卡纠纷],-0.523495127530452,0.06778726961427026,1.1396513653710414e-14,-0.6563557345847281,-0.390634520476176,5044,0.22935718364355895,0.4173275178429818,Uses LLM top-level case amount.,
m6_llm_amount,C(index_case_cause)[T.修理合同纠纷],-0.5154112641621369,0.03942944277640915,4.776297084478822e-39,-0.5926915519343818,-0.43813097638989196,5044,0.22935718364355895,0.4173275178429818,Uses LLM top-level case amount.,
m6_llm_amount,C(index_case_cause)[T.借款合同纠纷],-0.21650697855710374,0.12100318104806079,0.07357185282111824,-0.4536688554260825,0.02065489831187503,5044,0.22935718364355895,0.4173275178429818,Uses LLM top-level case amount.,
m6_llm_amount,C(index_case_cause)[T.借用合同纠纷],-0.5911464777388111,0.03739433987447615,2.720873366654357e-56,-0.6644380371184344,-0.5178549183591878,5044,0.22935718364355895,0.4173275178429818,Uses LLM top-level case amount.,
m6_llm_amount,C(index_case_cause)[T.债券质权纠纷],-0.16860018432274831,0.3558182809688508,0.6356155111063151,-0.8659912000626497,0.528790831417153,5044,0.22935718364355895,0.4173275178429818,Uses LLM top-level case amount.,
m6_llm_amount,C(index_case_cause)[T.债务加入纠纷],-0.8204811437797013,0.03138364074775492,1.1655256385428438e-150,-0.8819919493490446,-0.758970338210358,5044,0.22935718364355895,0.4173275178429818,Uses LLM top-level case amount.,
m6_llm_amount,C(index_case_cause)[T.债务转移合同纠纷],-0.38965685559925567,0.03974710227785928,1.088553849547658e-22,-0.4675597445536898,-0.3117539666448215,5044,0.22935718364355895,0.4173275178429818,Uses LLM top-level case amount.,
m6_llm_amount,C(index_case_cause)[T.债权人撤销权纠纷],0.11032509997535259,0.2739307703473538,0.6871335378353693,-0.4265693441627735,0.6472195441134786,5044,0.22935718364355895,0.4173275178429818,Uses LLM top-level case amount.,
m6_llm_amount,C(index_case_cause)[T.债权转让合同纠纷],-0.2880266303407186,0.1385595564970086,0.037643021234266515,-0.5595983707886983,-0.01645488989273891,5044,0.22935718364355895,0.4173275178429818,Uses LLM top-level case amount.,
m6_llm_amount,C(index_case_cause)[T.储蓄存款合同纠纷],-0.6762588568516956,0.03709888904143058,3.0635045281311357e-74,-0.7489713432393472,-0.603546370464044,5044,0.22935718364355895,0.4173275178429818,Uses LLM top-level case amount.,
m6_llm_amount,C(index_case_cause)[T.公益事业捐赠合同纠纷],-1.0340125626002896,0.038262783325559414,7.726553262445257e-161,-1.1090062398666458,-0.9590188853339334,5044,0.22935718364355895,0.4173275178429818,Uses LLM top-level case amount.,
m6_llm_amount,C(index_case_cause)[T.共有纠纷],-0.44446772596659095,0.06568360539324239,1.3166319290666376e-11,-0.5732052269120869,-0.31573022502109505,5044,0.22935718364355895,0.4173275178429818,Uses LLM top-level case amount.,
m6_llm_amount,C(index_case_cause)[T.再保险合同纠纷],-0.5051112933683417,0.038432482924305816,1.8711529916065305e-39,-0.5804375757364317,-0.4297850110002517,5044,0.22935718364355895,0.4173275178429818,Uses LLM top-level case amount.,
m6_llm_amount,C(index_case_cause)[T.分期付款买卖合同纠纷],-0.7852072534692845,0.036142724768174754,1.186163675159385e-104,-0.8560456923180508,-0.7143688146205183,5044,0.22935718364355895,0.4173275178429818,Uses LLM top-level case amount.,
m6_llm_amount,C(index_case_cause)[T.劳务合同纠纷],-0.48637573814750057,0.05552623859525315,1.9631736239875795e-18,-0.5952051659911747,-0.37754631030382646,5044,0.22935718364355895,0.4173275178429818,Uses LLM top-level case amount.,
m6_llm_amount,C(index_case_cause)[T.劳动争议],-0.42443964674954526,0.08255273676244418,2.7264592941972637e-07,-0.5862400376291516,-0.26263925586993897,5044,0.22935718364355895,0.4173275178429818,Uses LLM top-level case amount.,
m6_llm_amount,C(index_case_cause)[T.劳动合同纠纷],-0.35278399423385043,0.10347723657565151,0.0006513200262343352,-0.5555956511418582,-0.14997233732584267,5044,0.22935718364355895,0.4173275178429818,Uses LLM top-level case amount.,
m6_llm_amount,C(index_case_cause)[T.占有物返还纠纷],-3.589669553879294e-16,8.183589260832223e-16,0.6609206410566923,-1.9629209769379214e-15,1.2449870661620626e-15,5044,0.22935718364355895,0.4173275178429818,Uses LLM top-level case amount.,
m6_llm_amount,C(index_case_cause)[T.发起人责任纠纷],-0.508125573776632,0.08092483223442122,3.4079680160309584e-10,-0.6667353304110437,-0.3495158171422204,5044,0.22935718364355895,0.4173275178429818,Uses LLM top-level case amount.,
m6_llm_amount,C(index_case_cause)[T.合伙企业纠纷],-0.5059014774829901,0.14915630758877266,0.0006944680419092978,-0.7982424684239628,-0.2135604865420173,5044,0.22935718364355895,0.4173275178429818,Uses LLM top-level case amount.,
m6_llm_amount,C(index_case_cause)[T.合伙协议纠纷],-0.4729358928443105,0.06961364214399596,1.0927511886773298e-11,-0.6093761242792022,-0.3364956614094187,5044,0.22935718364355895,0.4173275178429818,Uses LLM top-level case amount.,
m6_llm_amount,C(index_case_cause)[T.合伙合同纠纷],-0.1926184676313742,0.08850837659525651,0.029534787873990262,-0.3660916980881848,-0.019145237174563567,5044,0.22935718364355895,0.4173275178429818,Uses LLM top-level case amount.,
m6_llm_amount,C(index_case_cause)[T.合作创作合同纠纷],-0.39552115501762164,0.0394678276738954,1.2280622766514723e-23,-0.4728766758064899,-0.3181656342287534,5044,0.22935718364355895,0.4173275178429818,Uses LLM top-level case amount.,
m6_llm_amount,C(index_case_cause)[T.合同、准合同纠纷],0.28156251529754905,0.045257422235354616,4.928777891852081e-10,0.19285959768313177,0.37026543291196634,5044,0.22935718364355895,0.4173275178429818,Uses LLM top-level case amount.,
m6_llm_amount,C(index_case_cause)[T.合同、无因管理、不当得利],-0.5498974645437161,0.1182355689154514,3.305484375029888e-06,-0.7816349213096044,-0.3181600077778278,5044,0.22935718364355895,0.4173275178429818,Uses LLM top-level case amount.,
m6_llm_amount,C(index_case_cause)[T.合同纠纷],-0.25400635259497006,0.03345178777327179,3.120831345105898e-14,-0.3195706518490601,-0.18844205334088002,5044,0.22935718364355895,0.4173275178429818,Uses LLM top-level case amount.,
m6_llm_amount,C(index_case_cause)[T.名誉权纠纷],-0.028783778669030535,0.04058129573244828,0.47814649857234026,-0.10832165675059816,0.050754099412537085,5044,0.22935718364355895,0.4173275178429818,Uses LLM top-level case amount.,
m6_llm_amount,C(index_case_cause)[T.商品房销售合同纠纷],-0.6121832968835936,0.03573181218682251,8.459841417959087e-66,-0.6822163618721151,-0.5421502318950722,5044,0.22935718364355895,0.4173275178429818,Uses LLM top-level case amount.,
m6_llm_amount,C(index_case_cause)[T.商品房预售合同纠纷],-0.6813213928541652,0.14035503907306301,1.2083041969812418e-06,-0.9564122144860807,-0.4062305712222496,5044,0.22935718364355895,0.4173275178429818,Uses LLM top-level case amount.,
m6_llm_amount,C(index_case_cause)[T.土地租赁合同纠纷],-0.5134813723774143,0.03902819380230249,1.5578646467015244e-39,-0.5899752266115765,-0.4369875181432521,5044,0.22935718364355895,0.4173275178429818,Uses LLM top-level case amount.,
m6_llm_amount,C(index_case_cause)[T.委托合同纠纷],-0.2863164075952863,0.03857511538891471,1.1509631957053432e-13,-0.36192224445703597,-0.21071057073353666,5044,0.22935718364355895,0.4173275178429818,Uses LLM top-level case amount.,
m6_llm_amount,C(index_case_cause)[T.委托理财合同纠纷],-0.14293507927937177,0.04958411165010454,0.003943089857007488,-0.24011815231898959,-0.045752006239753965,5044,0.22935718364355895,0.4173275178429818,Uses LLM top-level case amount.,
m6_llm_amount,C(index_case_cause)[T.娱乐服务合同纠纷],-0.3913884741114598,0.05025757747110872,6.826642546159449e-15,-0.4898915159050645,-0.29288543231785513,5044,0.22935718364355895,0.4173275178429818,Uses LLM top-level case amount.,
m6_llm_amount,C(index_case_cause)[T.婚约财产纠纷],0.08892063941423273,0.20751732886840388,0.6682890136670089,-0.3178058513357929,0.4956471301642584,5044,0.22935718364355895,0.4173275178429818,Uses LLM top-level case amount.,
m6_llm_amount,C(index_case_cause)[T.定作合同纠纷],-0.5048449990474716,0.039014640844796306,2.680274405176243e-38,-0.5813122899730377,-0.4283777081219055,5044,0.22935718364355895,0.4173275178429818,Uses LLM top-level case amount.,
m6_llm_amount,C(index_case_cause)[T.定金合同纠纷],-0.21464878809740282,0.2770696668448431,0.4385107281353722,-0.7576953563218067,0.32839778012700105,5044,0.22935718364355895,0.4173275178429818,Uses LLM top-level case amount.,
m6_llm_amount,C(index_case_cause)[T.广告合同纠纷],-0.2565751005059568,0.14785989775448047,0.08269508140305014,-0.5463751748625133,0.03322497385059975,5044,0.22935718364355895,0.4173275178429818,Uses LLM top-level case amount.,
m6_llm_amount,C(index_case_cause)[T.建设工程合同纠纷],-0.4873906856541561,0.04113114384976503,2.160270768049213e-32,-0.5680062462426317,-0.4067751250656805,5044,0.22935718364355895,0.4173275178429818,Uses LLM top-level case amount.,
m6_llm_amount,C(index_case_cause)[T.建设工程施工合同纠纷],0.17022253836596954,0.1276948215705458,0.18251807767505546,-0.08005471292456864,0.4204997896565077,5044,0.22935718364355895,0.4173275178429818,Uses LLM top-level case amount.,
m6_llm_amount,C(index_case_cause)[T.悬赏广告纠纷],0.42523289480887205,0.06737812610812924,2.769846105188184e-10,0.29317419429114083,0.5572915953266033,5044,0.22935718364355895,0.4173275178429818,Uses LLM top-level case amount.,
m6_llm_amount,C(index_case_cause)[T.房屋买卖合同纠纷],-0.612881920677905,0.0777018882068506,3.080371760691501e-15,-0.7651748230940898,-0.4605890182617203,5044,0.22935718364355895,0.4173275178429818,Uses LLM top-level case amount.,
m6_llm_amount,C(index_case_cause)[T.房屋拆迁安置补偿合同纠纷],0.6237433716552081,0.04077421593593634,7.945625902014485e-53,0.5438273769229137,0.7036593663875025,5044,0.22935718364355895,0.4173275178429818,Uses LLM top-level case amount.,
m6_llm_amount,C(index_case_cause)[T.房屋租赁合同纠纷],-0.29194498922096884,0.1150719497808811,0.011178627157388396,-0.5174818664222975,-0.06640811201964011,5044,0.22935718364355895,0.4173275178429818,Uses LLM top-level case amount.,
m6_llm_amount,C(index_case_cause)[T.所有权确认纠纷],-0.8229291865447004,0.031165129273178948,1.1863699290868036e-153,-0.884011717493666,-0.7618466555957347,5044,0.22935718364355895,0.4173275178429818,Uses LLM top-level case amount.,
m6_llm_amount,C(index_case_cause)[T.所有权纠纷],-0.1504579151717072,0.03778936733990183,6.8485159573922e-05,-0.224523714156469,-0.07639211618694543,5044,0.22935718364355895,0.4173275178429818,Uses LLM top-level case amount.,
m6_llm_amount,C(index_case_cause)[T.执行异议之诉],-0.23394105981488222,0.2869692450720914,0.41495039657426436,-0.7963904448268297,0.3285083251970653,5044,0.22935718364355895,0.4173275178429818,Uses LLM top-level case amount.,
m6_llm_amount,C(index_case_cause)[T.技术合同纠纷],-0.3894815692675101,0.03976937742313045,1.2006109972086512e-22,-0.46742811670442613,-0.31153502183059406,5044,0.22935718364355895,0.4173275178429818,Uses LLM top-level case amount.,
m6_llm_amount,C(index_case_cause)[T.技术委托开发合同纠纷],-0.39793810774534755,0.039617892652937636,9.723396101434495e-24,-0.47558775048847934,-0.32028846500221575,5044,0.22935718364355895,0.4173275178429818,Uses LLM top-level case amount.,
m6_llm_amount,C(index_case_cause)[T.技术服务合同纠纷],-0.3861328997350113,0.04950693912458297,6.211785327193558e-15,-0.48316471740401085,-0.28910108206601176,5044,0.22935718364355895,0.4173275178429818,Uses LLM top-level case amount.,
m6_llm_amount,C(index_case_cause)[T.抵押合同纠纷],0.08099991588134552,0.3293794544213289,0.8057466986087347,-0.5645719520319114,0.7265717837946023,5044,0.22935718364355895,0.4173275178429818,Uses LLM top-level case amount.,
m6_llm_amount,C(index_case_cause)[T.担保物权确认纠纷],-0.43515486514618584,0.0663180100553727,5.3219403717361383e-11,-0.5651357763810815,-0.3051739539112902,5044,0.22935718364355895,0.4173275178429818,Uses LLM top-level case amount.,
m6_llm_amount,C(index_case_cause)[T.损害公司债权人利益责任纠纷],-0.4856972065614444,0.08002430391379534,1.284120190637546e-09,-0.6425419601203709,-0.32885245300251786,5044,0.22935718364355895,0.4173275178429818,Uses LLM top-level case amount.,
m6_llm_amount,C(index_case_cause)[T.损害公司利益责任纠纷],-0.3771211803117547,0.0508480536608624,1.201383119259939e-13,-0.476781534171005,-0.27746082645250436,5044,0.22935718364355895,0.4173275178429818,Uses LLM top-level case amount.,
m6_llm_amount,C(index_case_cause)[T.排除妨害纠纷],0.2857411890487385,0.036840151961409516,8.748198392060197e-15,0.21353581801939325,0.3579465600780838,5044,0.22935718364355895,0.4173275178429818,Uses LLM top-level case amount.,
m6_llm_amount,C(index_case_cause)[T.教育培训合同纠纷],-0.4576743576752839,0.05743773549818637,1.610249765763742e-15,-0.570250250605267,-0.34509846474530087,5044,0.22935718364355895,0.4173275178429818,Uses LLM top-level case amount.,
m6_llm_amount,C(index_case_cause)[T.旅游合同纠纷],-0.39870044738160604,0.0396971277897374,9.807045691480179e-24,-0.4765053881391755,-0.3208955066240366,5044,0.22935718364355895,0.4173275178429818,Uses LLM top-level case amount.,
m6_llm_amount,C(index_case_cause)[T.服务合同纠纷],-0.3651135261709084,0.06340401291182071,8.485263502826955e-09,-0.4893831079533896,-0.24084394438842727,5044,0.22935718364355895,0.4173275178429818,Uses LLM top-level case amount.,
m6_llm_amount,C(index_case_cause)[T.机动车交通事故责任纠纷],-0.03184027294192293,0.037366672374829865,0.39415664024373254,-0.10507760501869724,0.04139705913485138,5044,0.22935718364355895,0.4173275178429818,Uses LLM top-level case amount.,
m6_llm_amount,C(index_case_cause)[T.案外人执行异议之诉],-0.4917221174096298,0.07746466313105466,2.1856370427448123e-10,-0.6435500672210247,-0.3398941675982349,5044,0.22935718364355895,0.4173275178429818,Uses LLM top-level case amount.,
m6_llm_amount,C(index_case_cause)[T.民间借贷纠纷],-0.332594329037063,0.03307888656932332,8.769409117777332e-24,-0.3974277553616224,-0.2677609027125036,5044,0.22935718364355895,0.4173275178429818,Uses LLM top-level case amount.,
m6_llm_amount,C(index_case_cause)[T.民间委托理财合同纠纷],-0.03583648642322117,0.050979323602272225,0.4820799306430462,-0.13575412463988745,0.06408115179344512,5044,0.22935718364355895,0.4173275178429818,Uses LLM top-level case amount.,
m6_llm_amount,C(index_case_cause)[T.法律服务合同纠纷],-0.5081620232155998,0.04836111518315415,7.96475044478883e-26,-0.6029480672267751,-0.4133759792044245,5044,0.22935718364355895,0.4173275178429818,Uses LLM top-level case amount.,
m6_llm_amount,C(index_case_cause)[T.消费者权益保护民事公益诉讼],0.44501728633988114,0.06667367653104878,2.479792751797036e-11,0.3143392816221521,0.5756952910576102,5044,0.22935718364355895,0.4173275178429818,Uses LLM top-level case amount.,
m6_llm_amount,C(index_case_cause)[T.清算责任纠纷],0.1324986858232905,0.19605084919672258,0.49914327214668563,-0.25175391774077915,0.5167512893873601,5044,0.22935718364355895,0.4173275178429818,Uses LLM top-level case amount.,
m6_llm_amount,C(index_case_cause)[T.演出合同纠纷],-0.4689746728372153,0.049013793972670694,1.0876395709497425e-21,-0.5650399437693162,-0.37290940190511435,5044,0.22935718364355895,0.4173275178429818,Uses LLM top-level case amount.,
m6_llm_amount,C(index_case_cause)[T.物业服务合同纠纷],-0.5257938384075125,0.05064343862210143,2.9859057306932585e-25,-0.6250531541600961,-0.42653452265492886,5044,0.22935718364355895,0.4173275178429818,Uses LLM top-level case amount.,
m6_llm_amount,C(index_case_cause)[T.物权保护纠纷],0.2357161969804379,0.04929432230581749,1.737218480036848e-06,0.13910110061872616,0.3323312933421496,5044,0.22935718364355895,0.4173275178429818,Uses LLM top-level case amount.,
m6_llm_amount,C(index_case_cause)[T.物权纠纷],0.49873506070393403,0.07025953932622564,1.2614778848499488e-12,0.36102889405415617,0.6364412273537119,5044,0.22935718364355895,0.4173275178429818,Uses LLM top-level case amount.,
m6_llm_amount,C(index_case_cause)[T.特许经营合同纠纷],-0.5119680643817782,0.03895952130997669,1.9161210403760615e-39,-0.5883273230042533,-0.43560880575930316,5044,0.22935718364355895,0.4173275178429818,Uses LLM top-level case amount.,
m6_llm_amount,C(index_case_cause)[T.确认合同效力纠纷],-0.35735214670910886,0.14634743642868206,0.014613970270022746,-0.6441878513390908,-0.07051644207912694,5044,0.22935718364355895,0.4173275178429818,Uses LLM top-level case amount.,
m6_llm_amount,C(index_case_cause)[T.确认合同无效纠纷],0.17265243553393467,0.08348716951327373,0.03863893172529961,0.009020590116727761,0.3362842809511416,5044,0.22935718364355895,0.4173275178429818,Uses LLM top-level case amount.,
m6_llm_amount,C(index_case_cause)[T.确认合同有效纠纷],0.4739813694627668,0.05753827193048153,1.755948571281898e-16,0.36120842874635106,0.5867543101791826,5044,0.22935718364355895,0.4173275178429818,Uses LLM top-level case amount.,
m6_llm_amount,C(index_case_cause)[T.离婚后财产纠纷],-0.6154618365772652,0.09731895249916048,2.5459330462503943e-10,-0.8062034784887839,-0.42472019466574634,5044,0.22935718364355895,0.4173275178429818,Uses LLM top-level case amount.,
m6_llm_amount,C(index_case_cause)[T.离婚纠纷],-0.20890903127988844,0.3646171066894956,0.5666754661258853,-0.9235454285384983,0.5057273659787214,5044,0.22935718364355895,0.4173275178429818,Uses LLM top-level case amount.,
m6_llm_amount,C(index_case_cause)[T.种植、养殖回收合同纠纷],-0.4962930430858562,0.03984169242615611,1.2870212819960415e-35,-0.5743813253242445,-0.418204760847468,5044,0.22935718364355895,0.4173275178429818,Uses LLM top-level case amount.,
m6_llm_amount,C(index_case_cause)[T.租赁合同纠纷],-0.49376753550103814,0.06652362690768726,1.1498330796530374e-13,-0.6241514483610848,-0.36338362264099144,5044,0.22935718364355895,0.4173275178429818,Uses LLM top-level case amount.,
m6_llm_amount,C(index_case_cause)[T.竞业限制纠纷],-0.43872025898348477,0.0659130675758934,2.812966252172034e-11,-0.5679074975427907,-0.3095330204241789,5044,0.22935718364355895,0.4173275178429818,Uses LLM top-level case amount.,
m6_llm_amount,C(index_case_cause)[T.缔约过失责任纠纷],-0.012614906251356195,0.3353956255996266,0.9699970258573389,-0.6699782529989045,0.6447484404961921,5044,0.22935718364355895,0.4173275178429818,Uses LLM top-level case amount.,
m6_llm_amount,C(index_case_cause)[T.网络侵害虚拟财产纠纷],-0.1249896649292011,0.28158284179674237,0.6571276166987223,-0.6768818935152559,0.4269025636568537,5044,0.22935718364355895,0.4173275178429818,Uses LLM top-level case amount.,
m6_llm_amount,C(index_case_cause)[T.网络侵权责任纠纷],-0.28127487842418186,0.1113686121499288,0.011549408196082113,-0.4995533472462522,-0.06299640960211153,5044,0.22935718364355895,0.4173275178429818,Uses LLM top-level case amount.,
m6_llm_amount,C(index_case_cause)[T.网络域名合同纠纷],-0.40757308877068604,0.052913067115665804,1.332286263253916e-14,-0.5112807946289417,-0.30386538291243037,5044,0.22935718364355895,0.4173275178429818,Uses LLM top-level case amount.,
m6_llm_amount,C(index_case_cause)[T.网络服务合同纠纷],-0.43416705152278073,0.047563774181165336,6.970974546145821e-20,-0.5273903358866608,-0.34094376715890057,5044,0.22935718364355895,0.4173275178429818,Uses LLM top-level case amount.,
m6_llm_amount,C(index_case_cause)[T.联营合同纠纷],-0.4018406343425343,0.04291266119906052,7.66642250625524e-21,-0.48594790477346234,-0.3177333639116063,5044,0.22935718364355895,0.4173275178429818,Uses LLM top-level case amount.,
m6_llm_amount,C(index_case_cause)[T.肖像权纠纷],0.3756066155056277,0.15620806394046494,0.01619337928227116,0.06944443608758649,0.6817687949236688,5044,0.22935718364355895,0.4173275178429818,Uses LLM top-level case amount.,
m6_llm_amount,C(index_case_cause)[T.股东出资纠纷],-0.7494216904069073,0.17241426950133035,1.3824273900308338e-05,-1.0873474490502975,-0.4114959317635172,5044,0.22935718364355895,0.4173275178429818,Uses LLM top-level case amount.,
m6_llm_amount,C(index_case_cause)[T.股东损害公司债权人利益责任纠纷],-0.43679453318595585,0.1777332931654718,0.013987501698266708,-0.7851453866439795,-0.08844367972793221,5044,0.22935718364355895,0.4173275178429818,Uses LLM top-level case amount.,
m6_llm_amount,C(index_case_cause)[T.股东资格确认纠纷],-0.7259500410620734,0.043678117174024686,4.95577528064941e-62,-0.8115575776356821,-0.6403425044884646,5044,0.22935718364355895,0.4173275178429818,Uses LLM top-level case amount.,
m6_llm_amount,C(index_case_cause)[T.股权转让纠纷],-0.486992639069015,0.16610384235909487,0.0033694233739004114,-0.8125501877865596,-0.1614350903514704,5044,0.22935718364355895,0.4173275178429818,Uses LLM top-level case amount.,
m6_llm_amount,C(index_case_cause)[T.著作权合同纠纷],-0.38516132226642585,0.04018991965826077,9.37830867972579e-22,-0.4639321173381753,-0.3063905271946764,5044,0.22935718364355895,0.4173275178429818,Uses LLM top-level case amount.,
m6_llm_amount,C(index_case_cause)[T.著作权权属纠纷],-0.5216128339230188,0.10274384882160818,3.8378828475843726e-07,-0.7229870772463989,-0.3202385905996387,5044,0.22935718364355895,0.4173275178429818,Uses LLM top-level case amount.,
m6_llm_amount,C(index_case_cause)[T.著作权许可使用合同纠纷],-0.4488866307427264,0.06220043484935761,5.32343978122035e-13,-0.5707972428701974,-0.3269760186152554,5044,0.22935718364355895,0.4173275178429818,Uses LLM top-level case amount.,
m6_llm_amount,C(index_case_cause)[T.融资租赁合同纠纷],-0.5773543474527554,0.05492979577490416,7.706328300666963e-26,-0.6850147688497079,-0.4696939260558028,5044,0.22935718364355895,0.4173275178429818,Uses LLM top-level case amount.,
m6_llm_amount,C(index_case_cause)[T.行纪合同纠纷],-0.15244834257992254,0.246557746582348,0.5363730901575281,-0.6356926459906782,0.3307959608308332,5044,0.22935718364355895,0.4173275178429818,Uses LLM top-level case amount.,
m6_llm_amount,C(index_case_cause)[T.被继承人债务清偿纠纷],-0.4198617294696192,0.12153091031654033,0.0005507559493907115,-0.6580579366984055,-0.18166552224083285,5044,0.22935718364355895,0.4173275178429818,Uses LLM top-level case amount.,
m6_llm_amount,C(index_case_cause)[T.装饰装修合同纠纷],-0.4334874497601198,0.04175160663520346,2.97766822699109e-25,-0.5153190950618022,-0.35165580445843747,5044,0.22935718364355895,0.4173275178429818,Uses LLM top-level case amount.,
m6_llm_amount,C(index_case_cause)[T.计算机软件开发合同纠纷],-0.28238840744076343,0.09011078720438077,0.0017256349949815485,-0.45900230497990246,-0.10577450990162438,5044,0.22935718364355895,0.4173275178429818,Uses LLM top-level case amount.,
m6_llm_amount,C(index_case_cause)[T.计算机软件著作权许可使用合同纠纷],-0.4729951105190693,0.041838062853883216,1.2342168986752599e-29,-0.5549962068956035,-0.3909940141425351,5044,0.22935718364355895,0.4173275178429818,Uses LLM top-level case amount.,
m6_llm_amount,C(index_case_cause)[T.财产保险合同纠纷],-0.7023185869525357,0.03381476771917687,8.15651844204853e-96,-0.76859431382771,-0.6360428600773613,5044,0.22935718364355895,0.4173275178429818,Uses LLM top-level case amount.,
m6_llm_amount,C(index_case_cause)[T.财产损失保险合同纠纷],-0.5063861142701632,0.03840052208370644,1.0430859016806605e-39,-0.5816497545417628,-0.4311224739985636,5044,0.22935718364355895,0.4173275178429818,Uses LLM top-level case amount.,
m6_llm_amount,C(index_case_cause)[T.财产损害赔偿纠纷],-0.10009165659162295,0.1173519490521463,0.3937044627976778,-0.33009725024940906,0.12991393706616314,5044,0.22935718364355895,0.4173275178429818,Uses LLM top-level case amount.,
m6_llm_amount,C(index_case_cause)[T.赠与合同纠纷],0.12599336630431218,0.08391241388386661,0.1332297460368475,-0.03847194276388516,0.2904586753725095,5044,0.22935718364355895,0.4173275178429818,Uses LLM top-level case amount.,
m6_llm_amount,C(index_case_cause)[T.车辆租赁合同纠纷],-0.4985346693810759,0.03845289272618241,1.9369525498380277e-38,-0.5739009542257756,-0.4231683845363762,5044,0.22935718364355895,0.4173275178429818,Uses LLM top-level case amount.,
m6_llm_amount,C(index_case_cause)[T.运输合同纠纷],-0.1382318960164594,0.2644962753648828,0.6012364761750932,-0.6566350697766183,0.3801712777436996,5044,0.22935718364355895,0.4173275178429818,Uses LLM top-level case amount.,
m6_llm_amount,C(index_case_cause)[T.返还原物纠纷],-0.2249784958013402,0.10231168090849962,0.02788132133203696,-0.4255057055797537,-0.024451286022926677,5044,0.22935718364355895,0.4173275178429818,Uses LLM top-level case amount.,
m6_llm_amount,C(index_case_cause)[T.追偿权纠纷],-0.44048123313133225,0.12650294368538276,0.0004977133232271151,-0.6884224466929811,-0.1925400195696834,5044,0.22935718364355895,0.4173275178429818,Uses LLM top-level case amount.,
m6_llm_amount,C(index_case_cause)[T.追加、变更被执行人异议之诉],-0.7240481449008075,0.04395620458306704,5.827643852916639e-61,-0.8102007227806933,-0.6378955670209216,5044,0.22935718364355895,0.4173275178429818,Uses LLM top-level case amount.,
m6_llm_amount,C(index_case_cause)[T.金融借款合同纠纷],-0.6007037621944018,0.03593981737003643,1.0337081380055873e-62,-0.6711445098506202,-0.5302630145381834,5044,0.22935718364355895,0.4173275178429818,Uses LLM top-level case amount.,
m6_llm_amount,C(index_case_cause)[T.铁路运输财产损害责任纠纷],0.18500687125281012,0.03257664425445664,1.3538463143627213e-08,0.12115782177690143,0.24885592072871882,5044,0.22935718364355895,0.4173275178429818,Uses LLM top-level case amount.,
m6_llm_amount,C(index_case_cause)[T.银行卡纠纷],-0.6720482474867235,0.03913346092662726,4.212491598440517e-66,-0.7487484214933184,-0.5953480734801286,5044,0.22935718364355895,0.4173275178429818,Uses LLM top-level case amount.,
m6_llm_amount,C(index_case_cause)[T.餐饮服务合同纠纷],0.5421528247145706,0.057792641652286786,6.5349375446865696e-21,0.4288813285046591,0.6554243209244821,5044,0.22935718364355895,0.4173275178429818,Uses LLM top-level case amount.,
m6_llm_amount,post2021,0.11224821968286959,0.013484554721569168,8.489541302723116e-17,0.08581897808103449,0.1386774612847047,5044,0.22935718364355895,0.4173275178429818,Uses LLM top-level case amount.,
m6_llm_amount,log_llm_case_amount,-0.003709992240113634,0.0037988640274759784,0.328764399070552,-0.01115562891613133,0.003735644435904062,5044,0.22935718364355895,0.4173275178429818,Uses LLM top-level case amount.,
m6_llm_amount,amount_llm_regex_conflict_flag,-0.050032968855917515,0.0320710254590166,0.11874389877724859,-0.1128910237028572,0.012825085991022167,5044,0.22935718364355895,0.4173275178429818,Uses LLM top-level case amount.,
m7_regex_amount,Intercept,0.6423112241416892,0.052087923520011785,6.14558953756869e-35,0.5402207700129893,0.7444016782703891,5150,0.22754125470346742,0.42135922330097086,Uses full-text regex maximum amount.,
m7_regex_amount,"C(transaction_type, Treatment(reference='借贷'))[T.投资/理财]",0.20836764889637266,0.02031029967595554,1.0758219311163136e-24,0.16856019301628428,0.24817510477646104,5150,0.22754125470346742,0.42135922330097086,Uses full-text regex maximum amount.,
m7_regex_amount,"C(transaction_type, Treatment(reference='借贷'))[T.交易/买卖]",0.17630224255674662,0.03232104904245889,4.905033017889016e-08,0.1129541504909744,0.23965033462251883,5150,0.22754125470346742,0.42135922330097086,Uses full-text regex maximum amount.,
m7_regex_amount,"C(transaction_type, Treatment(reference='借贷'))[T.ICO/发币]",0.538125185876007,0.027288022410010812,1.4466309589588972e-86,0.4846416447430639,0.5916087270089501,5150,0.22754125470346742,0.42135922330097086,Uses full-text regex maximum amount.,
m7_regex_amount,"C(transaction_type, Treatment(reference='借贷'))[T.挖矿]",0.12610505771013056,0.03644561606013746,0.0005399978415410007,0.05467296283788656,0.19753715258237456,5150,0.22754125470346742,0.42135922330097086,Uses full-text regex maximum amount.,
m7_regex_amount,"C(transaction_type, Treatment(reference='借贷'))[T.技术服务]",-0.10448122124685058,0.04200235866757384,0.012864140492473785,-0.1868043315010291,-0.022158110992672078,5150,0.22754125470346742,0.42135922330097086,Uses full-text regex maximum amount.,
m7_regex_amount,"C(transaction_type, Treatment(reference='借贷'))[T.其他民商事]",-0.09778707054589139,0.03014986114148086,0.001181258657248936,-0.15687971252207755,-0.03869442856970522,5150,0.22754125470346742,0.42135922330097086,Uses full-text regex maximum amount.,
m7_regex_amount,"C(transaction_type, Treatment(reference='借贷'))[T.其他/未分类]",-0.06185339116906666,0.05591199609508374,0.26861255733857925,-0.17143888981917493,0.047732107481041605,5150,0.22754125470346742,0.42135922330097086,Uses full-text regex maximum amount.,
m7_regex_amount,"C(transaction_type, Treatment(reference='借贷'))[T.未分类]",0.21600045228633982,0.12366532860544519,0.08069749848518533,-0.026379137916643647,0.4583800424893233,5150,0.22754125470346742,0.42135922330097086,Uses full-text regex maximum amount.,
m7_regex_amount,C(court_level_group)[T.基层法院],0.0026782131040458375,0.014161297897696915,0.8499971923082216,-0.0250774207497829,0.030433846957874572,5150,0.22754125470346742,0.42135922330097086,Uses full-text regex maximum amount.,
m7_regex_amount,C(court_level_group)[T.最高人民法院],-0.014964192039230722,0.10991260047147161,0.8917056393737085,-0.23038893041045524,0.2004605463319938,5150,0.22754125470346742,0.42135922330097086,Uses full-text regex maximum amount.,
m7_regex_amount,C(court_level_group)[T.高级法院],-0.004804610123153861,0.08916587144957655,0.9570276173026799,-0.17956650681445216,0.16995728656814443,5150,0.22754125470346742,0.42135922330097086,Uses full-text regex maximum amount.,
m7_regex_amount,C(index_case_cause)[T.不正当竞争纠纷],0.07614182828618798,0.1703399713243044,0.6548756486355464,-0.25771838063703423,0.4100020372094102,5150,0.22754125470346742,0.42135922330097086,Uses full-text regex maximum amount.,
m7_regex_amount,C(index_case_cause)[T.与公司有关的纠纷],-0.30484544992746454,0.18006051721534136,0.09045230194289029,-0.657757578707188,0.048066678852258904,5150,0.22754125470346742,0.42135922330097086,Uses full-text regex maximum amount.,
m7_regex_amount,C(index_case_cause)[T.业主撤销权纠纷],-0.042106757669228737,0.2700002400796082,0.8760717901737495,-0.5712975040424288,0.48708398870397135,5150,0.22754125470346742,0.42135922330097086,Uses full-text regex maximum amount.,
m7_regex_amount,C(index_case_cause)[T.中介合同纠纷],-0.5048888671385623,0.037853580955419366,1.3925088306939942e-40,-0.5790805224970555,-0.43069721178006903,5150,0.22754125470346742,0.42135922330097086,Uses full-text regex maximum amount.,
m7_regex_amount,C(index_case_cause)[T.买卖合同纠纷],-0.29095365835444786,0.038808471697778214,6.521104189980196e-14,-0.36701686517713517,-0.21489045153176056,5150,0.22754125470346742,0.42135922330097086,Uses full-text regex maximum amount.,
m7_regex_amount,C(index_case_cause)[T.互易纠纷],-0.5312596467229911,0.04002740030922987,3.346896416138203e-40,-0.609711909723849,-0.45280738372213314,5150,0.22754125470346742,0.42135922330097086,Uses full-text regex maximum amount.,
m7_regex_amount,C(index_case_cause)[T.人身保险合同纠纷],-0.4634049464190207,0.04005921077277861,5.986188426116622e-31,-0.5419195567827657,-0.3848903360552757,5150,0.22754125470346742,0.42135922330097086,Uses full-text regex maximum amount.,
m7_regex_amount,C(index_case_cause)[T.仓储合同纠纷],0.2768629108949868,0.043142187708433186,1.3857419724526094e-10,0.19230577677219118,0.36142004501778247,5150,0.22754125470346742,0.42135922330097086,Uses full-text regex maximum amount.,
m7_regex_amount,C(index_case_cause)[T.企业承包经营合同纠纷],-0.3590223935073792,0.04063670085441352,1.001612665454591e-18,-0.43866886363255775,-0.27937592338220063,5150,0.22754125470346742,0.42135922330097086,Uses full-text regex maximum amount.,
m7_regex_amount,C(index_case_cause)[T.供用电合同纠纷],-0.5209505096723874,0.11913424634431198,1.2266177948114554e-05,-0.7544493418325615,-0.28745167751221334,5150,0.22754125470346742,0.42135922330097086,Uses full-text regex maximum amount.,
m7_regex_amount,C(index_case_cause)[T.侵害作品信息网络传播权纠纷],0.00902489672638049,0.19030158911797498,0.9621751582231605,-0.36395936414558994,0.38200915759835097,5150,0.22754125470346742,0.42135922330097086,Uses full-text regex maximum amount.,
m7_regex_amount,C(index_case_cause)[T.侵害作品改编权纠纷],-0.3555274287172367,0.10785506091603488,0.0009795184870523238,-0.5669194636630387,-0.14413539377143472,5150,0.22754125470346742,0.42135922330097086,Uses full-text regex maximum amount.,
m7_regex_amount,C(index_case_cause)[T.侵害发明专利权纠纷],0.2048450551101484,0.16595478129496288,0.21707527069985977,-0.1204203392902003,0.5301104495104971,5150,0.22754125470346742,0.42135922330097086,Uses full-text regex maximum amount.,
m7_regex_amount,C(index_case_cause)[T.侵害商标权纠纷],-0.051500011054066194,0.16198754235938964,0.7505412587856475,-0.36898976002262635,0.26598973791449393,5150,0.22754125470346742,0.42135922330097086,Uses full-text regex maximum amount.,
m7_regex_amount,C(index_case_cause)[T.侵害外观设计专利权纠纷],0.08956785135075532,0.23770805801620126,0.7063239444320922,-0.3763313811959569,0.5554670838974675,5150,0.22754125470346742,0.42135922330097086,Uses full-text regex maximum amount.,
m7_regex_amount,C(index_case_cause)[T.侵权责任纠纷],-0.07721236383212984,0.13594384651076669,0.5700536537968631,-0.34365740691307367,0.18923267924881396,5150,0.22754125470346742,0.42135922330097086,Uses full-text regex maximum amount.,
m7_regex_amount,C(index_case_cause)[T.保管合同纠纷],-0.3634634674455647,0.2670875509262322,0.17356420522136728,-0.8869454479799873,0.16001851308885795,5150,0.22754125470346742,0.42135922330097086,Uses full-text regex maximum amount.,
m7_regex_amount,C(index_case_cause)[T.保证合同纠纷],-0.04900816720142121,0.09167608120937076,0.5929405601248969,-0.2286899846155571,0.13067365021271468,5150,0.22754125470346742,0.42135922330097086,Uses full-text regex maximum amount.,
m7_regex_amount,C(index_case_cause)[T.保险代理合同纠纷],-0.1493333215264414,0.03540253432857853,2.463112005513013e-05,-0.21872101377189823,-0.07994562928098459,5150,0.22754125470346742,0.42135922330097086,Uses full-text regex maximum amount.,
m7_regex_amount,C(index_case_cause)[T.信息网络买卖合同纠纷],-0.5431014071045834,0.10016872588089978,5.8980095816972353e-08,-0.7394285022084122,-0.34677431200075465,5150,0.22754125470346742,0.42135922330097086,Uses full-text regex maximum amount.,
m7_regex_amount,C(index_case_cause)[T.信用卡纠纷],-0.5284750230478666,0.06608747094402805,1.279026390379371e-15,-0.6580040859274989,-0.39894596016823436,5150,0.22754125470346742,0.42135922330097086,Uses full-text regex maximum amount.,
m7_regex_amount,C(index_case_cause)[T.修理合同纠纷],-0.5458554204000208,0.038555356679881796,1.6736804746676052e-45,-0.6214225309036849,-0.47028830989635667,5150,0.22754125470346742,0.42135922330097086,Uses full-text regex maximum amount.,
m7_regex_amount,C(index_case_cause)[T.借款合同纠纷],-0.21991551957544617,0.12110096805595101,0.06937523437125287,-0.45726905545804575,0.017438016307153387,5150,0.22754125470346742,0.42135922330097086,Uses full-text regex maximum amount.,
m7_regex_amount,C(index_case_cause)[T.借用合同纠纷],-0.07845522182432363,0.2121757387663212,0.7115573857746982,-0.49431202819949216,0.3374015845508449,5150,0.22754125470346742,0.42135922330097086,Uses full-text regex maximum amount.,
m7_regex_amount,C(index_case_cause)[T.债券质权纠纷],-0.2125729898245198,0.37624252702212935,0.5720810640453149,-0.9499947922402314,0.5248488125911919,5150,0.22754125470346742,0.42135922330097086,Uses full-text regex maximum amount.,
m7_regex_amount,C(index_case_cause)[T.债务加入纠纷],-0.8189471346461601,0.03080643416814923,1.0494353805458634e-155,-0.8793266361078367,-0.7585676331844835,5150,0.22754125470346742,0.42135922330097086,Uses full-text regex maximum amount.,
m7_regex_amount,C(index_case_cause)[T.债务转移合同纠纷],-0.3920135813901587,0.03886263708493977,6.296579930680945e-24,-0.4681829504208913,-0.31584421235942606,5150,0.22754125470346742,0.42135922330097086,Uses full-text regex maximum amount.,
m7_regex_amount,C(index_case_cause)[T.债权人撤销权纠纷],0.0001378554494803159,0.258760545564871,0.9995749246496616,-0.5070234944776024,0.507299205376563,5150,0.22754125470346742,0.42135922330097086,Uses full-text regex maximum amount.,
m7_regex_amount,C(index_case_cause)[T.债权转让合同纠纷],-0.27891118757241173,0.14092952956074298,0.0478067009538619,-0.5551279898696408,-0.0026943852751826203,5150,0.22754125470346742,0.42135922330097086,Uses full-text regex maximum amount.,
m7_regex_amount,C(index_case_cause)[T.储蓄存款合同纠纷],-0.6967674878124691,0.036352189981626704,6.963425562093878e-82,-0.7680164709356152,-0.625518504689323,5150,0.22754125470346742,0.42135922330097086,Uses full-text regex maximum amount.,
m7_regex_amount,C(index_case_cause)[T.公益事业捐赠合同纠纷],-1.003491909876319,0.03786658180461894,9.507368644396333e-155,-1.077709046431012,-0.9292747733216262,5150,0.22754125470346742,0.42135922330097086,Uses full-text regex maximum amount.,
m7_regex_amount,C(index_case_cause)[T.共有纠纷],-0.4438699402252105,0.06265575083434412,1.397842359671806e-12,-0.5666729552848404,-0.32106692516558055,5150,0.22754125470346742,0.42135922330097086,Uses full-text regex maximum amount.,
m7_regex_amount,C(index_case_cause)[T.再保险合同纠纷],-0.4830550947786856,0.038664880682148434,8.113086525972926e-36,-0.558836868382235,-0.40727332117513615,5150,0.22754125470346742,0.42135922330097086,Uses full-text regex maximum amount.,
m7_regex_amount,C(index_case_cause)[T.分期付款买卖合同纠纷],-0.7935059288556425,0.035424283645883195,3.9308606597962745e-111,-0.8629362489797048,-0.7240756087315803,5150,0.22754125470346742,0.42135922330097086,Uses full-text regex maximum amount.,
m7_regex_amount,C(index_case_cause)[T.劳务合同纠纷],-0.3985295307037886,0.11662779362104224,0.0006329063697114512,-0.6271158057974017,-0.16994325561017556,5150,0.22754125470346742,0.42135922330097086,Uses full-text regex maximum amount.,
m7_regex_amount,C(index_case_cause)[T.劳动争议],-0.4239970656847606,0.07628540729008103,2.728265960010428e-08,-0.5735137165192887,-0.2744804148502325,5150,0.22754125470346742,0.42135922330097086,Uses full-text regex maximum amount.,
m7_regex_amount,C(index_case_cause)[T.劳动合同纠纷],-0.368116489362668,0.09655478233357391,0.00013756026212302986,-0.5573603852715772,-0.17887259345375886,5150,0.22754125470346742,0.42135922330097086,Uses full-text regex maximum amount.,
m7_regex_amount,C(index_case_cause)[T.占有物返还纠纷],-0.6984605029029582,0.0326153573428341,9.667673352083115e-102,-0.7623854286378171,-0.6345355771680994,5150,0.22754125470346742,0.42135922330097086,Uses full-text regex maximum amount.,
m7_regex_amount,C(index_case_cause)[T.发起人责任纠纷],-0.49165878743894253,0.08401802518509295,4.862078200537298e-09,-0.656331090853904,-0.3269864840239811,5150,0.22754125470346742,0.42135922330097086,Uses full-text regex maximum amount.,
m7_regex_amount,C(index_case_cause)[T.合伙企业纠纷],-0.5126000730684943,0.1451648682516788,0.0004137446604580216,-0.7971179866622866,-0.22808215947470195,5150,0.22754125470346742,0.42135922330097086,Uses full-text regex maximum amount.,
m7_regex_amount,C(index_case_cause)[T.合伙协议纠纷],-0.47303674903561727,0.06891455206888716,6.690921711488644e-12,-0.6081067891013464,-0.3379667089698881,5150,0.22754125470346742,0.42135922330097086,Uses full-text regex maximum amount.,
m7_regex_amount,C(index_case_cause)[T.合伙合同纠纷],-0.19725921676963235,0.08768310785326627,0.024469061194693963,-0.3691149502145754,-0.02540348332468928,5150,0.22754125470346742,0.42135922330097086,Uses full-text regex maximum amount.,
m7_regex_amount,C(index_case_cause)[T.合作创作合同纠纷],-0.40898028808209985,0.03877571998840546,5.226151041423682e-26,-0.48497930273398443,-0.3329812734302153,5150,0.22754125470346742,0.42135922330097086,Uses full-text regex maximum amount.,
m7_regex_amount,C(index_case_cause)[T.合同、准合同纠纷],0.29562091608580493,0.04385651259064443,1.5769163868845066e-11,0.2096637309206144,0.38157810125099545,5150,0.22754125470346742,0.42135922330097086,Uses full-text regex maximum amount.,
m7_regex_amount,C(index_case_cause)[T.合同、无因管理、不当得利],-0.567240334550368,0.10086432371722096,1.868067304454022e-08,-0.7649307763611103,-0.3695498927396258,5150,0.22754125470346742,0.42135922330097086,Uses full-text regex maximum amount.,
m7_regex_amount,C(index_case_cause)[T.合同纠纷],-0.2512172298116937,0.032852483425797,2.0600051144887658e-14,-0.31560691412895486,-0.18682754549443253,5150,0.22754125470346742,0.42135922330097086,Uses full-text regex maximum amount.,
m7_regex_amount,C(index_case_cause)[T.名誉权纠纷],0.028887387207674805,0.04196712775982197,0.49124268125631865,-0.05336667173616737,0.11114144615151698,5150,0.22754125470346742,0.42135922330097086,Uses full-text regex maximum amount.,
m7_regex_amount,C(index_case_cause)[T.商品房销售合同纠纷],-0.6324771459856506,0.03438301643242044,1.4394039413267922e-75,-0.6998666198730435,-0.5650876720982577,5150,0.22754125470346742,0.42135922330097086,Uses full-text regex maximum amount.,
m7_regex_amount,C(index_case_cause)[T.商品房预售合同纠纷],-0.6715155141343189,0.13603074335065884,7.95377878570012e-07,-0.9381308718918216,-0.4049001563768161,5150,0.22754125470346742,0.42135922330097086,Uses full-text regex maximum amount.,
m7_regex_amount,C(index_case_cause)[T.土地租赁合同纠纷],-0.5222564950663986,0.03779586911112959,1.9900722608781865e-43,-0.5963350372886025,-0.4481779528441947,5150,0.22754125470346742,0.42135922330097086,Uses full-text regex maximum amount.,
m7_regex_amount,C(index_case_cause)[T.委托合同纠纷],-0.28523704914159426,0.03800407903928667,6.122612378030033e-14,-0.3597236753242097,-0.2107504229589788,5150,0.22754125470346742,0.42135922330097086,Uses full-text regex maximum amount.,
m7_regex_amount,C(index_case_cause)[T.委托理财合同纠纷],-0.14098782919728686,0.04888128060063125,0.003922962779713969,-0.23679337869272055,-0.04518227970185319,5150,0.22754125470346742,0.42135922330097086,Uses full-text regex maximum amount.,
m7_regex_amount,C(index_case_cause)[T.娱乐服务合同纠纷],-0.3741620249488692,0.05088994932296076,1.9471463379395382e-13,-0.4739044927969408,-0.2744195571007976,5150,0.22754125470346742,0.42135922330097086,Uses full-text regex maximum amount.,
m7_regex_amount,C(index_case_cause)[T.婚约财产纠纷],0.09997401150342505,0.20224207260310367,0.6210742316220874,-0.29641316695739295,0.49636118996424305,5150,0.22754125470346742,0.42135922330097086,Uses full-text regex maximum amount.,
m7_regex_amount,C(index_case_cause)[T.定作合同纠纷],-0.5289887100341486,0.03820229420661855,1.3256243838829389e-43,-0.6038638308059241,-0.4541135892623731,5150,0.22754125470346742,0.42135922330097086,Uses full-text regex maximum amount.,
m7_regex_amount,C(index_case_cause)[T.定金合同纠纷],-0.2304778304291175,0.27785924349176866,0.4068345895890253,-0.7750719404445295,0.3141162795862945,5150,0.22754125470346742,0.42135922330097086,Uses full-text regex maximum amount.,
m7_regex_amount,C(index_case_cause)[T.广告合同纠纷],-0.2514917972885446,0.1440014119394607,0.0807321473987583,-0.5337293784128037,0.030745783835714524,5150,0.22754125470346742,0.42135922330097086,Uses full-text regex maximum amount.,
m7_regex_amount,C(index_case_cause)[T.建设工程合同纠纷],-0.4414064555567816,0.042009210624313585,7.988767957675033e-26,-0.5237429953993936,-0.3590699157141696,5150,0.22754125470346742,0.42135922330097086,Uses full-text regex maximum amount.,
m7_regex_amount,C(index_case_cause)[T.建设工程施工合同纠纷],0.1807110912620838,0.12838658917454124,0.159263097894224,-0.07092199961795703,0.4323441821421246,5150,0.22754125470346742,0.42135922330097086,Uses full-text regex maximum amount.,
m7_regex_amount,C(index_case_cause)[T.悬赏广告纠纷],0.4120571301935339,0.061917136868942874,2.8334409682906426e-11,0.29070177190456875,0.5334124884824991,5150,0.22754125470346742,0.42135922330097086,Uses full-text regex maximum amount.,
m7_regex_amount,C(index_case_cause)[T.房屋买卖合同纠纷],-0.5722229031210627,0.08087951540356926,1.4944434181182582e-12,-0.730743840399111,-0.41370196584301444,5150,0.22754125470346742,0.42135922330097086,Uses full-text regex maximum amount.,
m7_regex_amount,C(index_case_cause)[T.房屋拆迁安置补偿合同纠纷],0.6095932852093782,0.0396412089987714,2.307692584083923e-53,0.5318979432681611,0.6872886271505952,5150,0.22754125470346742,0.42135922330097086,Uses full-text regex maximum amount.,
m7_regex_amount,C(index_case_cause)[T.房屋租赁合同纠纷],-0.30016906473298766,0.11403674549728103,0.008483052796609858,-0.5236769788218186,-0.07666115064415666,5150,0.22754125470346742,0.42135922330097086,Uses full-text regex maximum amount.,
m7_regex_amount,C(index_case_cause)[T.所有权确认纠纷],-0.817578917442482,0.030848479475332532,8.9377485258709e-155,-0.8780408261919568,-0.7571170086930072,5150,0.22754125470346742,0.42135922330097086,Uses full-text regex maximum amount.,
m7_regex_amount,C(index_case_cause)[T.所有权纠纷],-0.4080429469471475,0.20067853858902274,0.04202057572708141,-0.8013656550517635,-0.014720238842531486,5150,0.22754125470346742,0.42135922330097086,Uses full-text regex maximum amount.,
m7_regex_amount,C(index_case_cause)[T.执行异议之诉],-0.20574744778831142,0.29544277129399354,0.48617602807772287,-0.784804639017243,0.37330974344062007,5150,0.22754125470346742,0.42135922330097086,Uses full-text regex maximum amount.,
m7_regex_amount,C(index_case_cause)[T.技术合同纠纷],-0.36170060661142783,0.04021342403850772,2.372581298927808e-19,-0.4405174694219402,-0.28288374380091547,5150,0.22754125470346742,0.42135922330097086,Uses full-text regex maximum amount.,
m7_regex_amount,C(index_case_cause)[T.技术委托开发合同纠纷],-0.422678250666894,0.03906252179491796,2.7509981906727966e-27,-0.49923938653024413,-0.3461171148035439,5150,0.22754125470346742,0.42135922330097086,Uses full-text regex maximum amount.,
m7_regex_amount,C(index_case_cause)[T.技术服务合同纠纷],-0.34809584698111395,0.05176668338988353,1.764119499783294e-11,-0.4495566820243735,-0.24663501193785442,5150,0.22754125470346742,0.42135922330097086,Uses full-text regex maximum amount.,
m7_regex_amount,C(index_case_cause)[T.抵押合同纠纷],0.08127172303880495,0.3332535507016456,0.8073287627757677,-0.5718932340565133,0.7344366801341231,5150,0.22754125470346742,0.42135922330097086,Uses full-text regex maximum amount.,
m7_regex_amount,C(index_case_cause)[T.担保物权确认纠纷],-0.42466241761804846,0.06300747536637266,1.5852451562160328e-11,-0.5481548000929335,-0.30117003514316343,5150,0.22754125470346742,0.42135922330097086,Uses full-text regex maximum amount.,
m7_regex_amount,C(index_case_cause)[T.损害公司债权人利益责任纠纷],-0.45169966927157595,0.0751798412614513,1.8753054338523744e-09,-0.5990494505074588,-0.3043498880356931,5150,0.22754125470346742,0.42135922330097086,Uses full-text regex maximum amount.,
m7_regex_amount,C(index_case_cause)[T.损害公司利益责任纠纷],-0.37093776107172977,0.05102371564662507,3.5973019399281945e-13,-0.4709424060965277,-0.2709331160469318,5150,0.22754125470346742,0.42135922330097086,Uses full-text regex maximum amount.,
m7_regex_amount,C(index_case_cause)[T.排除妨害纠纷],0.2839173490066797,0.03312715401599955,1.030076386549131e-17,0.21898932022500917,0.34884537778835023,5150,0.22754125470346742,0.42135922330097086,Uses full-text regex maximum amount.,
m7_regex_amount,C(index_case_cause)[T.教育培训合同纠纷],-0.48009399626507937,0.05717913391149951,4.607102911954954e-17,-0.5921630393988113,-0.3680249531313475,5150,0.22754125470346742,0.42135922330097086,Uses full-text regex maximum amount.,
m7_regex_amount,C(index_case_cause)[T.旅游合同纠纷],-0.4278144005868319,0.0392510772441862,1.1598052850206472e-27,-0.5047450983398365,-0.35088370283382725,5150,0.22754125470346742,0.42135922330097086,Uses full-text regex maximum amount.,
m7_regex_amount,C(index_case_cause)[T.服务合同纠纷],-0.34955232870030145,0.06363771019600446,3.9550108222859055e-08,-0.47427994874306756,-0.22482470865753532,5150,0.22754125470346742,0.42135922330097086,Uses full-text regex maximum amount.,
m7_regex_amount,C(index_case_cause)[T.机动车交通事故责任纠纷],-0.019826384327875105,0.037436456074328314,0.5963886054252587,-0.09320048994237434,0.053547721286624134,5150,0.22754125470346742,0.42135922330097086,Uses full-text regex maximum amount.,
m7_regex_amount,C(index_case_cause)[T.案外人执行异议之诉],-0.47949316423431326,0.07428366435340848,1.082948211964883e-10,-0.6250864710066557,-0.3338998574619708,5150,0.22754125470346742,0.42135922330097086,Uses full-text regex maximum amount.,
m7_regex_amount,C(index_case_cause)[T.民间借贷纠纷],-0.33734720589318185,0.03250336261534311,3.0951240442584535e-25,-0.40105262599569996,-0.2736417857906637,5150,0.22754125470346742,0.42135922330097086,Uses full-text regex maximum amount.,
m7_regex_amount,C(index_case_cause)[T.民间委托理财合同纠纷],-0.034494421158004204,0.05029722629752851,0.4928319214913971,-0.13307517322342097,0.06408633090741256,5150,0.22754125470346742,0.42135922330097086,Uses full-text regex maximum amount.,
m7_regex_amount,C(index_case_cause)[T.法律服务合同纠纷],-0.5188158241970786,0.048747493072309404,1.8813271647108374e-26,-0.6143591549554208,-0.4232724934387364,5150,0.22754125470346742,0.42135922330097086,Uses full-text regex maximum amount.,
m7_regex_amount,C(index_case_cause)[T.消费者权益保护民事公益诉讼],0.4458912371075074,0.06264481660749803,1.09689227665494e-12,0.32310965273869463,0.5686728214763201,5150,0.22754125470346742,0.42135922330097086,Uses full-text regex maximum amount.,
m7_regex_amount,C(index_case_cause)[T.清算责任纠纷],0.12751160707658438,0.1916567562981971,0.5058507325761789,-0.24812873266165208,0.5031519468148209,5150,0.22754125470346742,0.42135922330097086,Uses full-text regex maximum amount.,
m7_regex_amount,C(index_case_cause)[T.演出合同纠纷],-0.4555225854970299,0.047130890738230256,4.2439767164348555e-22,-0.5478974339032536,-0.36314773709080617,5150,0.22754125470346742,0.42135922330097086,Uses full-text regex maximum amount.,
m7_regex_amount,C(index_case_cause)[T.物业服务合同纠纷],-0.5735121718317607,0.05021915729345032,3.315195054905216e-30,-0.6719399114608753,-0.4750844322026461,5150,0.22754125470346742,0.42135922330097086,Uses full-text regex maximum amount.,
m7_regex_amount,C(index_case_cause)[T.物权保护纠纷],0.29363920184901016,0.05996369644609272,9.733576918531623e-07,0.176112516434776,0.4111658872632443,5150,0.22754125470346742,0.42135922330097086,Uses full-text regex maximum amount.,
m7_regex_amount,C(index_case_cause)[T.物权纠纷],0.5058454158257385,0.06767591541470279,7.748239624816636e-14,0.37320305899214196,0.638487772659335,5150,0.22754125470346742,0.42135922330097086,Uses full-text regex maximum amount.,
m7_regex_amount,C(index_case_cause)[T.特许经营合同纠纷],-0.5057649349111321,0.04031536422193873,4.222636722556999e-36,-0.5847815968097466,-0.4267482730125175,5150,0.22754125470346742,0.42135922330097086,Uses full-text regex maximum amount.,
m7_regex_amount,C(index_case_cause)[T.确认合同效力纠纷],-0.36141250435116695,0.1460895966503743,0.01336433838674474,-0.6477428523018839,-0.07508215640045002,5150,0.22754125470346742,0.42135922330097086,Uses full-text regex maximum amount.,
m7_regex_amount,C(index_case_cause)[T.确认合同无效纠纷],0.1269110883859085,0.09121043806862653,0.16410122447869457,-0.051858085242720564,0.3056802620145376,5150,0.22754125470346742,0.42135922330097086,Uses full-text regex maximum amount.,
m7_regex_amount,C(index_case_cause)[T.确认合同有效纠纷],0.4877518599379463,0.06578331444715682,1.220638582185277e-13,0.3588189328378455,0.6166847870380471,5150,0.22754125470346742,0.42135922330097086,Uses full-text regex maximum amount.,
m7_regex_amount,C(index_case_cause)[T.离婚后财产纠纷],-0.5460869856682447,0.07653003733281305,9.637272451393359e-13,-0.696083102576064,-0.3960908687604253,5150,0.22754125470346742,0.42135922330097086,Uses full-text regex maximum amount.,
m7_regex_amount,C(index_case_cause)[T.离婚纠纷],-0.21685678669206626,0.3601398577154017,0.5470769349239571,-0.922717937211633,0.4890043638275005,5150,0.22754125470346742,0.42135922330097086,Uses full-text regex maximum amount.,
m7_regex_amount,C(index_case_cause)[T.种植、养殖回收合同纠纷],-0.4751065339944023,0.03915641315679586,7.013626705740313e-34,-0.5518516935454925,-0.3983613744433121,5150,0.22754125470346742,0.42135922330097086,Uses full-text regex maximum amount.,
m7_regex_amount,C(index_case_cause)[T.租赁合同纠纷],-0.49851424100178304,0.06424443450368629,8.516497555822539e-15,-0.6244310188361506,-0.37259746316741554,5150,0.22754125470346742,0.42135922330097086,Uses full-text regex maximum amount.,
m7_regex_amount,C(index_case_cause)[T.竞业限制纠纷],-0.4297856605081024,0.06287592466944233,8.174418756541872e-12,-0.5530202083548629,-0.30655111266134194,5150,0.22754125470346742,0.42135922330097086,Uses full-text regex maximum amount.,
m7_regex_amount,C(index_case_cause)[T.缔约过失责任纠纷],-0.014838355243167695,0.3294009551233342,0.9640702567216634,-0.6604523637579973,0.630775653271662,5150,0.22754125470346742,0.42135922330097086,Uses full-text regex maximum amount.,
m7_regex_amount,C(index_case_cause)[T.网络侵害虚拟财产纠纷],-0.343796620743924,0.17568195593209657,0.0503561468255186,-0.6881269271043862,0.0005336856165382153,5150,0.22754125470346742,0.42135922330097086,Uses full-text regex maximum amount.,
m7_regex_amount,C(index_case_cause)[T.网络侵权责任纠纷],-0.3157139779207514,0.10203376546270879,0.001973372273243478,-0.5156964834346675,-0.11573147240683535,5150,0.22754125470346742,0.42135922330097086,Uses full-text regex maximum amount.,
m7_regex_amount,C(index_case_cause)[T.网络域名合同纠纷],-0.388614065110092,0.05229410323913788,1.075215784902512e-13,-0.4911086240626216,-0.2861195061575624,5150,0.22754125470346742,0.42135922330097086,Uses full-text regex maximum amount.,
m7_regex_amount,C(index_case_cause)[T.网络服务合同纠纷],-0.4455570629696131,0.04785194625683834,1.264453598959631e-20,-0.5393451542231625,-0.3517689717160637,5150,0.22754125470346742,0.42135922330097086,Uses full-text regex maximum amount.,
m7_regex_amount,C(index_case_cause)[T.联营合同纠纷],-0.40419063949582623,0.0433179444529355,1.0508477518110198e-20,-0.4890922505078864,-0.31928902848376606,5150,0.22754125470346742,0.42135922330097086,Uses full-text regex maximum amount.,
m7_regex_amount,C(index_case_cause)[T.肖像权纠纷],0.33997206373504213,0.15217375891975105,0.025476204848183536,0.04171697686024928,0.6382271506098349,5150,0.22754125470346742,0.42135922330097086,Uses full-text regex maximum amount.,
m7_regex_amount,C(index_case_cause)[T.股东出资纠纷],-0.7085560390031506,0.1733526020156374,4.3629302270462924e-05,-1.0483208955801055,-0.3687911824261957,5150,0.22754125470346742,0.42135922330097086,Uses full-text regex maximum amount.,
m7_regex_amount,C(index_case_cause)[T.股东损害公司债权人利益责任纠纷],-0.39542769619825746,0.1772658608845174,0.025700730819612275,-0.7428623992203991,-0.04799299317611583,5150,0.22754125470346742,0.42135922330097086,Uses full-text regex maximum amount.,
m7_regex_amount,C(index_case_cause)[T.股东资格确认纠纷],-0.6900323921743753,0.04474736110157916,1.189428050881008e-53,-0.777735608336679,-0.6023291760120716,5150,0.22754125470346742,0.42135922330097086,Uses full-text regex maximum amount.,
m7_regex_amount,C(index_case_cause)[T.股权转让纠纷],-0.4808507236219006,0.1613118459604209,0.00287424489739241,-0.7970161319839986,-0.16468531525980268,5150,0.22754125470346742,0.42135922330097086,Uses full-text regex maximum amount.,
m7_regex_amount,C(index_case_cause)[T.著作权合同纠纷],-0.3858125704086418,0.040417000682762036,1.3506223496542281e-21,-0.4650284361099862,-0.30659670470729744,5150,0.22754125470346742,0.42135922330097086,Uses full-text regex maximum amount.,
m7_regex_amount,C(index_case_cause)[T.著作权权属纠纷],-0.5426872993921017,0.1082964050047906,5.411151050792713e-07,-0.7549443528566545,-0.3304302459275489,5150,0.22754125470346742,0.42135922330097086,Uses full-text regex maximum amount.,
m7_regex_amount,C(index_case_cause)[T.著作权许可使用合同纠纷],-0.44018538545142216,0.06445922837914679,8.55704056240122e-12,-0.566523151545792,-0.3138476193570523,5150,0.22754125470346742,0.42135922330097086,Uses full-text regex maximum amount.,
m7_regex_amount,C(index_case_cause)[T.融资租赁合同纠纷],-0.6073894493316503,0.05433890660484092,5.237199049242788e-29,-0.7138917492364242,-0.5008871494268764,5150,0.22754125470346742,0.42135922330097086,Uses full-text regex maximum amount.,
m7_regex_amount,C(index_case_cause)[T.行纪合同纠纷],-0.15801324977360556,0.2383128433325777,0.5072987495114809,-0.6250978397587942,0.3090713402115831,5150,0.22754125470346742,0.42135922330097086,Uses full-text regex maximum amount.,
m7_regex_amount,C(index_case_cause)[T.被继承人债务清偿纠纷],-0.4109077119737289,0.12177290018507561,0.0007398288537221046,-0.649578210629468,-0.1722372133179898,5150,0.22754125470346742,0.42135922330097086,Uses full-text regex maximum amount.,
m7_regex_amount,C(index_case_cause)[T.装饰装修合同纠纷],-0.42273075382239855,0.045247893001229327,9.404040941891201e-21,-0.51141499448113,-0.33404651316366707,5150,0.22754125470346742,0.42135922330097086,Uses full-text regex maximum amount.,
m7_regex_amount,C(index_case_cause)[T.计算机软件开发合同纠纷],-0.30079235591615594,0.09124593846306717,0.0009789715715212142,-0.4796311090393256,-0.12195360279298625,5150,0.22754125470346742,0.42135922330097086,Uses full-text regex maximum amount.,
m7_regex_amount,C(index_case_cause)[T.计算机软件著作权许可使用合同纠纷],-0.4790167710201636,0.04175571740089572,1.8263781398246702e-30,-0.5608564732745517,-0.3971770687657756,5150,0.22754125470346742,0.42135922330097086,Uses full-text regex maximum amount.,
m7_regex_amount,C(index_case_cause)[T.财产保险合同纠纷],-0.7193900737756653,0.033171010304599624,2.7032355549466e-104,-0.7844040593034876,-0.6543760882478431,5150,0.22754125470346742,0.42135922330097086,Uses full-text regex maximum amount.,
m7_regex_amount,C(index_case_cause)[T.财产损失保险合同纠纷],-0.520843550648143,0.0377808472308221,3.0981309625408696e-43,-0.5948926505259642,-0.44679445077032187,5150,0.22754125470346742,0.42135922330097086,Uses full-text regex maximum amount.,
m7_regex_amount,C(index_case_cause)[T.财产损害赔偿纠纷],-0.10196386180470318,0.1158880259028014,0.37894159230090707,-0.3291002188136388,0.12517249520423243,5150,0.22754125470346742,0.42135922330097086,Uses full-text regex maximum amount.,
m7_regex_amount,C(index_case_cause)[T.赠与合同纠纷],0.10733601389759301,0.0832145219462726,0.19709538752358546,-0.055761452107819215,0.27043347990300526,5150,0.22754125470346742,0.42135922330097086,Uses full-text regex maximum amount.,
m7_regex_amount,C(index_case_cause)[T.车辆租赁合同纠纷],-0.5115183583431072,0.039997112225092606,1.8917512120077486e-37,-0.5899112577898954,-0.43312545889631904,5150,0.22754125470346742,0.42135922330097086,Uses full-text regex maximum amount.,
m7_regex_amount,C(index_case_cause)[T.运输合同纠纷],-0.16004945043036445,0.26315006227808285,0.5430508464892825,-0.6758140950248791,0.3557151941641502,5150,0.22754125470346742,0.42135922330097086,Uses full-text regex maximum amount.,
m7_regex_amount,C(index_case_cause)[T.返还原物纠纷],-0.2298832137597555,0.09521986264269787,0.015768248289830034,-0.41651071515229426,-0.04325571236721676,5150,0.22754125470346742,0.42135922330097086,Uses full-text regex maximum amount.,
m7_regex_amount,C(index_case_cause)[T.追偿权纠纷],-0.45288347894292064,0.12293561638573644,0.00022968532905952792,-0.6938328594761962,-0.21193409840964508,5150,0.22754125470346742,0.42135922330097086,Uses full-text regex maximum amount.,
m7_regex_amount,C(index_case_cause)[T.追加、变更被执行人异议之诉],-0.6964017145381468,0.04431618365266164,1.2053910732019043e-55,-0.7832598384296263,-0.6095435906466673,5150,0.22754125470346742,0.42135922330097086,Uses full-text regex maximum amount.,
m7_regex_amount,C(index_case_cause)[T.金融借款合同纠纷],-0.6134416610805038,0.03551636312774043,7.633334871999885e-67,-0.6830524536727214,-0.5438308684882862,5150,0.22754125470346742,0.42135922330097086,Uses full-text regex maximum amount.,
m7_regex_amount,C(index_case_cause)[T.铁路运输财产损害责任纠纷],0.19392992102262988,0.031356539381706815,6.223160275390782e-10,0.13247223315467266,0.2553876088905871,5150,0.22754125470346742,0.42135922330097086,Uses full-text regex maximum amount.,
m7_regex_amount,C(index_case_cause)[T.银行卡纠纷],-0.6940893506654895,0.03736495741342972,5.031264032056767e-77,-0.7673233214796846,-0.6208553798512944,5150,0.22754125470346742,0.42135922330097086,Uses full-text regex maximum amount.,
m7_regex_amount,C(index_case_cause)[T.餐饮服务合同纠纷],0.5566161982387107,0.05826521212860526,1.2581389854874927e-21,0.44241848091505803,0.6708139155623634,5150,0.22754125470346742,0.42135922330097086,Uses full-text regex maximum amount.,
m7_regex_amount,post2021,0.11080897967069848,0.013332069772138263,9.453081455376816e-17,0.08467860307793236,0.1369393562634646,5150,0.22754125470346742,0.42135922330097086,Uses full-text regex maximum amount.,
m7_regex_amount,log_regex_text_max,-0.011508912898559846,0.0029593217961277193,0.00010064264361945964,-0.01730907703763456,-0.0057087487594851315,5150,0.22754125470346742,0.42135922330097086,Uses full-text regex maximum amount.,
m7_regex_amount,amount_llm_regex_conflict_flag,-0.05303681066914892,0.031703778365640485,0.09434971742398987,-0.1151750744396444,0.009101453101346565,5150,0.22754125470346742,0.42135922330097086,Uses full-text regex maximum amount.,
m8_region_big4,Intercept,0.5385772539200404,0.05531552880849696,2.107757143110758e-22,0.4301608096695986,0.6469936981704822,5150,0.2322820915487227,0.42135922330097086,Adds Big4 region indicator.,
m8_region_big4,"C(transaction_type, Treatment(reference='借贷'))[T.投资/理财]",0.2136380417489949,0.02015776096898057,3.034388701798601e-26,0.17412955624082577,0.253146527257164,5150,0.2322820915487227,0.42135922330097086,Adds Big4 region indicator.,
m8_region_big4,"C(transaction_type, Treatment(reference='借贷'))[T.交易/买卖]",0.17932177947543262,0.032278219792292756,2.7681186040832194e-08,0.11605763119747088,0.24258592775339438,5150,0.2322820915487227,0.42135922330097086,Adds Big4 region indicator.,
m8_region_big4,"C(transaction_type, Treatment(reference='借贷'))[T.ICO/发币]",0.5462155369946217,0.02706243965459386,1.3663429339598146e-90,0.4931741299378291,0.5992569440514142,5150,0.2322820915487227,0.42135922330097086,Adds Big4 region indicator.,
m8_region_big4,"C(transaction_type, Treatment(reference='借贷'))[T.挖矿]",0.12737539806912118,0.036337524599894186,0.00045602358479881924,0.056155158565990335,0.19859563757225202,5150,0.2322820915487227,0.42135922330097086,Adds Big4 region indicator.,
m8_region_big4,"C(transaction_type, Treatment(reference='借贷'))[T.技术服务]",-0.08323223080505657,0.041878658933703995,0.04687125580409455,-0.16531289403595298,-0.001151567574160156,5150,0.2322820915487227,0.42135922330097086,Adds Big4 region indicator.,
m8_region_big4,"C(transaction_type, Treatment(reference='借贷'))[T.其他民商事]",-0.09619545746095993,0.029997421001310462,0.0013422450822285594,-0.1549893222526139,-0.03740159266930598,5150,0.2322820915487227,0.42135922330097086,Adds Big4 region indicator.,
m8_region_big4,"C(transaction_type, Treatment(reference='借贷'))[T.其他/未分类]",-0.07612449075823592,0.05781259590734809,0.1879238581108752,-0.18943509658940588,0.03718611507293405,5150,0.2322820915487227,0.42135922330097086,Adds Big4 region indicator.,
m8_region_big4,"C(transaction_type, Treatment(reference='借贷'))[T.未分类]",0.21493028737055478,0.12024350458583048,0.07386339631847108,-0.020742650992549794,0.45060322573365935,5150,0.2322820915487227,0.42135922330097086,Adds Big4 region indicator.,
m8_region_big4,C(court_level_group)[T.基层法院],0.009734405387797627,0.014049872365026753,0.48840586502457783,-0.0178028384350394,0.03727164921063465,5150,0.2322820915487227,0.42135922330097086,Adds Big4 region indicator.,
m8_region_big4,C(court_level_group)[T.最高人民法院],-0.09095195662496226,0.10817717643037977,0.4004776668880796,-0.3029753263777418,0.12107141312781729,5150,0.2322820915487227,0.42135922330097086,Adds Big4 region indicator.,
m8_region_big4,C(court_level_group)[T.高级法院],-0.01504541657761418,0.09035179662925412,0.8677474368380529,-0.19213168390943972,0.16204085075421135,5150,0.2322820915487227,0.42135922330097086,Adds Big4 region indicator.,
m8_region_big4,C(index_case_cause)[T.不正当竞争纠纷],0.08055642553626444,0.16984455929164183,0.6352895553334028,-0.2523327936454314,0.4134456447179602,5150,0.2322820915487227,0.42135922330097086,Adds Big4 region indicator.,
m8_region_big4,C(index_case_cause)[T.与公司有关的纠纷],-0.31774781214184,0.18528300637369538,0.08635764000831081,-0.6808958315815883,0.045400207297908224,5150,0.2322820915487227,0.42135922330097086,Adds Big4 region indicator.,
m8_region_big4,C(index_case_cause)[T.业主撤销权纠纷],-0.041396415365623315,0.2757402106320492,0.8806633748069117,-0.5818372972939282,0.49904446656268153,5150,0.2322820915487227,0.42135922330097086,Adds Big4 region indicator.,
m8_region_big4,C(index_case_cause)[T.中介合同纠纷],-0.5219249562702898,0.03792407065911621,4.292431679356875e-43,-0.5962547689093097,-0.44759514363126984,5150,0.2322820915487227,0.42135922330097086,Adds Big4 region indicator.,
m8_region_big4,C(index_case_cause)[T.买卖合同纠纷],-0.2877978580525463,0.03868671423740553,1.0130373131654652e-13,-0.3636224246380541,-0.21197329146703853,5150,0.2322820915487227,0.42135922330097086,Adds Big4 region indicator.,
m8_region_big4,C(index_case_cause)[T.互易纠纷],-0.5179634338301354,0.039571027059269584,3.7828033698990665e-39,-0.5955212216975637,-0.44040564596270715,5150,0.2322820915487227,0.42135922330097086,Adds Big4 region indicator.,
m8_region_big4,C(index_case_cause)[T.人身保险合同纠纷],-0.4645813966028047,0.03961350103528857,9.175440755927245e-32,-0.5422224319335104,-0.3869403612720989,5150,0.2322820915487227,0.42135922330097086,Adds Big4 region indicator.,
m8_region_big4,C(index_case_cause)[T.仓储合同纠纷],0.24597080413922273,0.04380522770135068,1.9644678256714294e-08,0.1601141355099991,0.3318274727684464,5150,0.2322820915487227,0.42135922330097086,Adds Big4 region indicator.,
m8_region_big4,C(index_case_cause)[T.企业承包经营合同纠纷],-0.4022353671691721,0.03975834237216257,4.644070206799814e-24,-0.4801602863036235,-0.32431044803472064,5150,0.2322820915487227,0.42135922330097086,Adds Big4 region indicator.,
m8_region_big4,C(index_case_cause)[T.供用电合同纠纷],-0.5645054514216082,0.10168384618133239,2.8310795233840116e-08,-0.7638021277465304,-0.36520877509668603,5150,0.2322820915487227,0.42135922330097086,Adds Big4 region indicator.,
m8_region_big4,C(index_case_cause)[T.侵害作品信息网络传播权纠纷],0.029321473559860298,0.187637662398519,0.8758229913271297,-0.33844158688452247,0.3970845340042431,5150,0.2322820915487227,0.42135922330097086,Adds Big4 region indicator.,
m8_region_big4,C(index_case_cause)[T.侵害作品改编权纠纷],-0.33949369891711273,0.11035769331510757,0.002095847720606101,-0.5557908032316403,-0.1231965946025852,5150,0.2322820915487227,0.42135922330097086,Adds Big4 region indicator.,
m8_region_big4,C(index_case_cause)[T.侵害发明专利权纠纷],0.26668946497440144,0.16243595316647472,0.10062875719386305,-0.051679153026323976,0.5850580829751268,5150,0.2322820915487227,0.42135922330097086,Adds Big4 region indicator.,
m8_region_big4,C(index_case_cause)[T.侵害商标权纠纷],-0.054249506881086006,0.16161499282484884,0.737118787259438,-0.371009072179489,0.262510058417317,5150,0.2322820915487227,0.42135922330097086,Adds Big4 region indicator.,
m8_region_big4,C(index_case_cause)[T.侵害外观设计专利权纠纷],0.08791660766561767,0.2626302504097222,0.7378104308735698,-0.42682922438817367,0.602662439719409,5150,0.2322820915487227,0.42135922330097086,Adds Big4 region indicator.,
m8_region_big4,C(index_case_cause)[T.侵权责任纠纷],-0.08968667908807461,0.14454641084306777,0.5349485468533456,-0.3729924384350174,0.1936190802588682,5150,0.2322820915487227,0.42135922330097086,Adds Big4 region indicator.,
m8_region_big4,C(index_case_cause)[T.保管合同纠纷],-0.38068421258015006,0.27533088063738137,0.16677447126800726,-0.9203228224611141,0.15895439730081395,5150,0.2322820915487227,0.42135922330097086,Adds Big4 region indicator.,
m8_region_big4,C(index_case_cause)[T.保证合同纠纷],-0.04266594217754432,0.0917431244752994,0.6418893897415368,-0.2224791619783063,0.13714727762321766,5150,0.2322820915487227,0.42135922330097086,Adds Big4 region indicator.,
m8_region_big4,C(index_case_cause)[T.保险代理合同纠纷],-0.16316092597910142,0.03546553477157206,4.2137913926170215e-06,-0.23267209682383563,-0.09364975513436721,5150,0.2322820915487227,0.42135922330097086,Adds Big4 region indicator.,
m8_region_big4,C(index_case_cause)[T.信息网络买卖合同纠纷],-0.5206908534212127,0.09882520360164117,1.3731378003634005e-07,-0.7143846932452674,-0.32699701359715794,5150,0.2322820915487227,0.42135922330097086,Adds Big4 region indicator.,
m8_region_big4,C(index_case_cause)[T.信用卡纠纷],-0.5043909594632983,0.0661156328826283,2.3672610274989037e-14,-0.6339752187283219,-0.37480670019827467,5150,0.2322820915487227,0.42135922330097086,Adds Big4 region indicator.,
m8_region_big4,C(index_case_cause)[T.修理合同纠纷],-0.5319085923486995,0.038726376943822576,6.26157620519484e-43,-0.607810896410314,-0.4560062882870849,5150,0.2322820915487227,0.42135922330097086,Adds Big4 region indicator.,
m8_region_big4,C(index_case_cause)[T.借款合同纠纷],-0.21749659940081453,0.12088642172958677,0.07198999341714342,-0.4544296322107248,0.019436433409095732,5150,0.2322820915487227,0.42135922330097086,Adds Big4 region indicator.,
m8_region_big4,C(index_case_cause)[T.借用合同纠纷],-0.18980183763103955,0.1585564018542292,0.23128240430966862,-0.5005666747835886,0.12096299952150955,5150,0.2322820915487227,0.42135922330097086,Adds Big4 region indicator.,
m8_region_big4,C(index_case_cause)[T.债券质权纠纷],-0.206857316569362,0.3716285053826113,0.5777844052016121,-0.9352358027477298,0.5215211696090057,5150,0.2322820915487227,0.42135922330097086,Adds Big4 region indicator.,
m8_region_big4,C(index_case_cause)[T.债务加入纠纷],-0.8315890675638323,0.030862086263076034,6.470567844972456e-160,-0.8920776451272296,-0.771100490000435,5150,0.2322820915487227,0.42135922330097086,Adds Big4 region indicator.,
m8_region_big4,C(index_case_cause)[T.债务转移合同纠纷],-0.40997964685246957,0.03911680561353869,1.0572358944461182e-25,-0.4866471770452596,-0.3333121166596795,5150,0.2322820915487227,0.42135922330097086,Adds Big4 region indicator.,
m8_region_big4,C(index_case_cause)[T.债权人撤销权纠纷],-0.0818681228672008,0.28062083163256957,0.770485964383202,-0.6318748461787155,0.4681386004443139,5150,0.2322820915487227,0.42135922330097086,Adds Big4 region indicator.,
m8_region_big4,C(index_case_cause)[T.债权转让合同纠纷],-0.2905362013590463,0.1407434757157814,0.03898965505801315,-0.5663883448209656,-0.014684057897127012,5150,0.2322820915487227,0.42135922330097086,Adds Big4 region indicator.,
m8_region_big4,C(index_case_cause)[T.储蓄存款合同纠纷],-0.6387570972040839,0.03840669413199437,4.12833369650638e-62,-0.7140328344680387,-0.5634813599401292,5150,0.2322820915487227,0.42135922330097086,Adds Big4 region indicator.,
m8_region_big4,C(index_case_cause)[T.公益事业捐赠合同纠纷],-0.9939911011029269,0.03931461305717899,4.9142527649647344e-141,-1.0710463267611259,-0.9169358754447279,5150,0.2322820915487227,0.42135922330097086,Adds Big4 region indicator.,
m8_region_big4,C(index_case_cause)[T.共有纠纷],-0.43573737011536756,0.06451287472568355,1.4355626316993954e-11,-0.5621802811168517,-0.3092944591138835,5150,0.2322820915487227,0.42135922330097086,Adds Big4 region indicator.,
m8_region_big4,C(index_case_cause)[T.再保险合同纠纷],-0.5227772676092436,0.0378678587881349,2.3677459060175867e-43,-0.5969969070056366,-0.4485576282128506,5150,0.2322820915487227,0.42135922330097086,Adds Big4 region indicator.,
m8_region_big4,C(index_case_cause)[T.分期付款买卖合同纠纷],-0.799076317204607,0.035389604294532064,6.906750356451633e-113,-0.8684386670490138,-0.7297139673602002,5150,0.2322820915487227,0.42135922330097086,Adds Big4 region indicator.,
m8_region_big4,C(index_case_cause)[T.劳务合同纠纷],-0.40505138281109027,0.09235199862474008,1.1547987582089572e-05,-0.5860579740158735,-0.2240447916063071,5150,0.2322820915487227,0.42135922330097086,Adds Big4 region indicator.,
m8_region_big4,C(index_case_cause)[T.劳动争议],-0.43396268117993975,0.07905949485469871,4.040676426617906e-08,-0.588916443731079,-0.27900891862880056,5150,0.2322820915487227,0.42135922330097086,Adds Big4 region indicator.,
m8_region_big4,C(index_case_cause)[T.劳动合同纠纷],-0.354514075368839,0.0973252870555958,0.0002699305702086585,-0.545268132782829,-0.1637600179548489,5150,0.2322820915487227,0.42135922330097086,Adds Big4 region indicator.,
m8_region_big4,C(index_case_cause)[T.占有物返还纠纷],-0.96246698436597,0.055089698812858495,2.386717264373703e-68,-1.0704408099583316,-0.8544931587736084,5150,0.2322820915487227,0.42135922330097086,Adds Big4 region indicator.,
m8_region_big4,C(index_case_cause)[T.发起人责任纠纷],-0.45189767199384884,0.0845484333766525,9.049800006952808e-08,-0.6176095563613719,-0.28618578762632574,5150,0.2322820915487227,0.42135922330097086,Adds Big4 region indicator.,
m8_region_big4,C(index_case_cause)[T.合伙企业纠纷],-0.5060885905712507,0.14841659755974754,0.000649821523391482,-0.7969797764963311,-0.2151974046461702,5150,0.2322820915487227,0.42135922330097086,Adds Big4 region indicator.,
m8_region_big4,C(index_case_cause)[T.合伙协议纠纷],-0.47234647543686537,0.06896456156018851,7.430626933541097e-12,-0.6075145323044303,-0.3371784185693004,5150,0.2322820915487227,0.42135922330097086,Adds Big4 region indicator.,
m8_region_big4,C(index_case_cause)[T.合伙合同纠纷],-0.19840250556339592,0.08745931723857331,0.023298022002596345,-0.3698196174634627,-0.026985393663329138,5150,0.2322820915487227,0.42135922330097086,Adds Big4 region indicator.,
m8_region_big4,C(index_case_cause)[T.合作创作合同纠纷],-0.3618891186009351,0.040017544918916376,1.5206570307057592e-19,-0.440322065391725,-0.28345617181014515,5150,0.2322820915487227,0.42135922330097086,Adds Big4 region indicator.,
m8_region_big4,C(index_case_cause)[T.合同、准合同纠纷],0.26509122375245775,0.04477666427396368,3.213575721449974e-09,0.1773305744276476,0.3528518730772679,5150,0.2322820915487227,0.42135922330097086,Adds Big4 region indicator.,
m8_region_big4,C(index_case_cause)[T.合同、无因管理、不当得利],-0.540125439952637,0.09752951660801576,3.058203511756695e-08,-0.7312797799339489,-0.348971099971325,5150,0.2322820915487227,0.42135922330097086,Adds Big4 region indicator.,
m8_region_big4,C(index_case_cause)[T.合同纠纷],-0.2512959337104016,0.0326796217695905,1.4749996124275848e-14,-0.3153468154071901,-0.1872450520136131,5150,0.2322820915487227,0.42135922330097086,Adds Big4 region indicator.,
m8_region_big4,C(index_case_cause)[T.名誉权纠纷],0.01064441923248312,0.04122167861762195,0.7962341770836942,-0.07014858624034075,0.09143742470530698,5150,0.2322820915487227,0.42135922330097086,Adds Big4 region indicator.,
m8_region_big4,C(index_case_cause)[T.商品房销售合同纠纷],-0.6280903895162258,0.034960493498410364,3.6156524471088074e-72,-0.6966116976548568,-0.5595690813775948,5150,0.2322820915487227,0.42135922330097086,Adds Big4 region indicator.,
m8_region_big4,C(index_case_cause)[T.商品房预售合同纠纷],-0.6849019544556241,0.1437100746137939,1.8805072524039588e-06,-0.966568524914224,-0.40323538399702413,5150,0.2322820915487227,0.42135922330097086,Adds Big4 region indicator.,
m8_region_big4,C(index_case_cause)[T.土地租赁合同纠纷],-0.5301976682159025,0.0383653127197078,1.9383710604288727e-43,-0.6053922994021462,-0.45500303702965883,5150,0.2322820915487227,0.42135922330097086,Adds Big4 region indicator.,
m8_region_big4,C(index_case_cause)[T.委托合同纠纷],-0.28515658138526706,0.037773105195367605,4.3795276939638735e-14,-0.3591905071524304,-0.21112265561810376,5150,0.2322820915487227,0.42135922330097086,Adds Big4 region indicator.,
m8_region_big4,C(index_case_cause)[T.委托理财合同纠纷],-0.13976263519746268,0.048600262350251895,0.00403057497263335,-0.23501739904315436,-0.044507871351771006,5150,0.2322820915487227,0.42135922330097086,Adds Big4 region indicator.,
m8_region_big4,C(index_case_cause)[T.娱乐服务合同纠纷],-0.42343871758195795,0.050627707547665685,6.074308769243183e-17,-0.5226672009952094,-0.32421023416870653,5150,0.2322820915487227,0.42135922330097086,Adds Big4 region indicator.,
m8_region_big4,C(index_case_cause)[T.婚约财产纠纷],0.08688497845225436,0.20950250414643345,0.678346540336062,-0.32373238434570856,0.49750234125021725,5150,0.2322820915487227,0.42135922330097086,Adds Big4 region indicator.,
m8_region_big4,C(index_case_cause)[T.定作合同纠纷],-0.4960153674177413,0.04494545335676477,2.56354080658666e-28,-0.5841068372658251,-0.4079238975696575,5150,0.2322820915487227,0.42135922330097086,Adds Big4 region indicator.,
m8_region_big4,C(index_case_cause)[T.定金合同纠纷],-0.22846620935961715,0.2797770417251506,0.4141564889325805,-0.7768191348420723,0.31988671612283803,5150,0.2322820915487227,0.42135922330097086,Adds Big4 region indicator.,
m8_region_big4,C(index_case_cause)[T.广告合同纠纷],-0.25896362696995273,0.14445309426632477,0.07301806592752358,-0.5420864891873187,0.024159235247413202,5150,0.2322820915487227,0.42135922330097086,Adds Big4 region indicator.,
m8_region_big4,C(index_case_cause)[T.建设工程合同纠纷],-0.5071861685790723,0.04042817999543336,4.214817747284928e-36,-0.5864239453306244,-0.4279483918275202,5150,0.2322820915487227,0.42135922330097086,Adds Big4 region indicator.,
m8_region_big4,C(index_case_cause)[T.建设工程施工合同纠纷],0.15140334044733023,0.1273264473323012,0.2344019811460456,-0.09815191060341616,0.4009585914980766,5150,0.2322820915487227,0.42135922330097086,Adds Big4 region indicator.,
m8_region_big4,C(index_case_cause)[T.悬赏广告纠纷],0.4915938488997626,0.06713541841542225,2.435353056463305e-13,0.3600108467185079,0.6231768510810173,5150,0.2322820915487227,0.42135922330097086,Adds Big4 region indicator.,
m8_region_big4,C(index_case_cause)[T.房屋买卖合同纠纷],-0.5995454460595391,0.07885317437361924,2.886419579831509e-14,-0.7540948278984896,-0.4449960642205886,5150,0.2322820915487227,0.42135922330097086,Adds Big4 region indicator.,
m8_region_big4,C(index_case_cause)[T.房屋拆迁安置补偿合同纠纷],0.6549518156642773,0.041180424103987485,5.902347083519545e-57,0.5742396675523767,0.7356639637761779,5150,0.2322820915487227,0.42135922330097086,Adds Big4 region indicator.,
m8_region_big4,C(index_case_cause)[T.房屋租赁合同纠纷],-0.2960124289571024,0.11370480728394859,0.009231997871131737,-0.5188697561027092,-0.07315510181149554,5150,0.2322820915487227,0.42135922330097086,Adds Big4 region indicator.,
m8_region_big4,C(index_case_cause)[T.所有权确认纠纷],-0.7804698949093376,0.03275925976444864,1.865869741382895e-125,-0.844676864207849,-0.7162629256108262,5150,0.2322820915487227,0.42135922330097086,Adds Big4 region indicator.,
m8_region_big4,C(index_case_cause)[T.所有权纠纷],-0.47220361648332976,0.2595685079459884,0.06888292827033185,-0.9809485435782659,0.03654131061160637,5150,0.2322820915487227,0.42135922330097086,Adds Big4 region indicator.,
m8_region_big4,C(index_case_cause)[T.执行异议之诉],-0.19742655877786178,0.2996582555074031,0.5099991317793224,-0.7847459472424732,0.38989282968674965,5150,0.2322820915487227,0.42135922330097086,Adds Big4 region indicator.,
m8_region_big4,C(index_case_cause)[T.技术合同纠纷],-0.3565347909159184,0.040154293851307865,6.739141633096058e-19,-0.43523576068911995,-0.2778338211427168,5150,0.2322820915487227,0.42135922330097086,Adds Big4 region indicator.,
m8_region_big4,C(index_case_cause)[T.技术委托开发合同纠纷],-0.4173212989900562,0.03890381811550566,7.602344919500349e-27,-0.4935713813575442,-0.34107121662256823,5150,0.2322820915487227,0.42135922330097086,Adds Big4 region indicator.,
m8_region_big4,C(index_case_cause)[T.技术服务合同纠纷],-0.3658430609127073,0.050478281322555094,4.244278832837324e-13,-0.4647786743063962,-0.2669074475190184,5150,0.2322820915487227,0.42135922330097086,Adds Big4 region indicator.,
m8_region_big4,C(index_case_cause)[T.抵押合同纠纷],0.058573808730039284,0.3291560139180405,0.8587610595582333,-0.5865601238440848,0.7037077413041634,5150,0.2322820915487227,0.42135922330097086,Adds Big4 region indicator.,
m8_region_big4,C(index_case_cause)[T.担保物权确认纠纷],-0.4274811567622423,0.06517705209092159,5.425417025595704e-11,-0.5552258314789397,-0.2997364820455449,5150,0.2322820915487227,0.42135922330097086,Adds Big4 region indicator.,
m8_region_big4,C(index_case_cause)[T.损害公司债权人利益责任纠纷],-0.4243397449880238,0.07868846330915856,6.942411978841254e-08,-0.578566299072776,-0.27011319090327157,5150,0.2322820915487227,0.42135922330097086,Adds Big4 region indicator.,
m8_region_big4,C(index_case_cause)[T.损害公司利益责任纠纷],-0.41079020668358224,0.05130320509821268,1.174391621212659e-15,-0.5113426409675508,-0.3102377723996137,5150,0.2322820915487227,0.42135922330097086,Adds Big4 region indicator.,
m8_region_big4,C(index_case_cause)[T.排除妨害纠纷],0.3260755729047414,0.038064485996009916,1.0677150828013667e-17,0.2514705512625327,0.40068059454695004,5150,0.2322820915487227,0.42135922330097086,Adds Big4 region indicator.,
m8_region_big4,C(index_case_cause)[T.教育培训合同纠纷],-0.4222117357485978,0.05723336022056288,1.6186973028995786e-13,-0.5343870604951084,-0.3100364110020872,5150,0.2322820915487227,0.42135922330097086,Adds Big4 region indicator.,
m8_region_big4,C(index_case_cause)[T.旅游合同纠纷],-0.3647076849443187,0.04029618312053158,1.420863616178115e-19,-0.44368675257499146,-0.28572861731364596,5150,0.2322820915487227,0.42135922330097086,Adds Big4 region indicator.,
m8_region_big4,C(index_case_cause)[T.服务合同纠纷],-0.3563385229055123,0.06344169697022425,1.945405664219104e-08,-0.4806819640852557,-0.23199508172576894,5150,0.2322820915487227,0.42135922330097086,Adds Big4 region indicator.,
m8_region_big4,C(index_case_cause)[T.机动车交通事故责任纠纷],-0.045592557561293094,0.03657298234227929,0.212537403286583,-0.11727428575937984,0.02608917063679366,5150,0.2322820915487227,0.42135922330097086,Adds Big4 region indicator.,
m8_region_big4,C(index_case_cause)[T.案外人执行异议之诉],-0.4562068827198841,0.08761316389328228,1.9185746907956485e-07,-0.6279255285223224,-0.28448823691744574,5150,0.2322820915487227,0.42135922330097086,Adds Big4 region indicator.,
m8_region_big4,C(index_case_cause)[T.民间借贷纠纷],-0.3314436612873655,0.03235808678621397,1.2723792838746983e-24,-0.3948643459969663,-0.26802297657776475,5150,0.2322820915487227,0.42135922330097086,Adds Big4 region indicator.,
m8_region_big4,C(index_case_cause)[T.民间委托理财合同纠纷],-0.03180998553827588,0.05016882514521641,0.526042443017291,-0.1301390759695875,0.06651910489303572,5150,0.2322820915487227,0.42135922330097086,Adds Big4 region indicator.,
m8_region_big4,C(index_case_cause)[T.法律服务合同纠纷],-0.483878506111275,0.04961524284715453,1.7977144697567112e-22,-0.5811225951759064,-0.3866344170466436,5150,0.2322820915487227,0.42135922330097086,Adds Big4 region indicator.,
m8_region_big4,C(index_case_cause)[T.消费者权益保护民事公益诉讼],0.5088956635825737,0.0664630072304107,1.9058497662612302e-14,0.3786305631067435,0.6391607640584038,5150,0.2322820915487227,0.42135922330097086,Adds Big4 region indicator.,
m8_region_big4,C(index_case_cause)[T.清算责任纠纷],0.12643450594230435,0.1875232881898089,0.5001627966770135,-0.2411043851722464,0.49397339705685506,5150,0.2322820915487227,0.42135922330097086,Adds Big4 region indicator.,
m8_region_big4,C(index_case_cause)[T.演出合同纠纷],-0.48733909693591887,0.04814841645890648,4.431039145391418e-24,-0.5817082591080112,-0.3929699347638266,5150,0.2322820915487227,0.42135922330097086,Adds Big4 region indicator.,
m8_region_big4,C(index_case_cause)[T.物业服务合同纠纷],-0.5527992538767572,0.05094609921610886,1.97971214766063e-27,-0.6526517734931349,-0.45294673426037957,5150,0.2322820915487227,0.42135922330097086,Adds Big4 region indicator.,
m8_region_big4,C(index_case_cause)[T.物权保护纠纷],0.19639964179323569,0.047433221300747196,3.4647352183585614e-05,0.10343223637305304,0.2893670472134183,5150,0.2322820915487227,0.42135922330097086,Adds Big4 region indicator.,
m8_region_big4,C(index_case_cause)[T.物权纠纷],0.4989849261130338,0.06946747195336103,6.81975613370159e-13,0.36283118298739986,0.6351386692386678,5150,0.2322820915487227,0.42135922330097086,Adds Big4 region indicator.,
m8_region_big4,C(index_case_cause)[T.特许经营合同纠纷],-0.5022113329229568,0.041388286559272305,6.9636339097328484e-34,-0.5833308839609538,-0.42109178188495994,5150,0.2322820915487227,0.42135922330097086,Adds Big4 region indicator.,
m8_region_big4,C(index_case_cause)[T.确认合同效力纠纷],-0.35506879072629066,0.15093972736891242,0.018653310489410577,-0.6509052202056538,-0.0592323612469276,5150,0.2322820915487227,0.42135922330097086,Adds Big4 region indicator.,
m8_region_big4,C(index_case_cause)[T.确认合同无效纠纷],0.1110055061529664,0.09811226090652073,0.25788122218719745,-0.08129099166561135,0.30330200397154417,5150,0.2322820915487227,0.42135922330097086,Adds Big4 region indicator.,
m8_region_big4,C(index_case_cause)[T.确认合同有效纠纷],0.45340041517403445,0.05628922729914654,7.958636062724059e-16,0.34307555695011843,0.5637252733979505,5150,0.2322820915487227,0.42135922330097086,Adds Big4 region indicator.,
m8_region_big4,C(index_case_cause)[T.离婚后财产纠纷],-0.6204302173058356,0.07986737580182611,7.95741440764821e-15,-0.7769673974171406,-0.46389303719453057,5150,0.2322820915487227,0.42135922330097086,Adds Big4 region indicator.,
m8_region_big4,C(index_case_cause)[T.离婚纠纷],-0.22235218814088598,0.3639692250443652,0.5412596210187163,-0.9357187607087956,0.4910143844270236,5150,0.2322820915487227,0.42135922330097086,Adds Big4 region indicator.,
m8_region_big4,C(index_case_cause)[T.种植、养殖回收合同纠纷],-0.5149595457365135,0.03923767227700663,2.3957936116704007e-39,-0.5918639702366322,-0.4380551212363948,5150,0.2322820915487227,0.42135922330097086,Adds Big4 region indicator.,
m8_region_big4,C(index_case_cause)[T.租赁合同纠纷],-0.5049692073311643,0.06502677663686314,8.128653878257509e-15,-0.6324193475701467,-0.37751906709218197,5150,0.2322820915487227,0.42135922330097086,Adds Big4 region indicator.,
m8_region_big4,C(index_case_cause)[T.竞业限制纠纷],-0.430642017079639,0.06477182833691449,2.958927011999218e-11,-0.5575924678328024,-0.3036915663264757,5150,0.2322820915487227,0.42135922330097086,Adds Big4 region indicator.,
m8_region_big4,C(index_case_cause)[T.缔约过失责任纠纷],-0.0008121920413978116,0.35024562469208,0.9981497701505396,-0.6872810021806073,0.6856566180978116,5150,0.2322820915487227,0.42135922330097086,Adds Big4 region indicator.,
m8_region_big4,C(index_case_cause)[T.网络侵害虚拟财产纠纷],-0.459682999580955,0.2187106056039224,0.03557198171725716,-0.8883479096015869,-0.03101808956032298,5150,0.2322820915487227,0.42135922330097086,Adds Big4 region indicator.,
m8_region_big4,C(index_case_cause)[T.网络侵权责任纠纷],-0.2863773057082079,0.10668867759148905,0.007269634863258454,-0.49548327134573195,-0.07727134007068387,5150,0.2322820915487227,0.42135922330097086,Adds Big4 region indicator.,
m8_region_big4,C(index_case_cause)[T.网络域名合同纠纷],-0.41304695205639747,0.05239579812589685,3.190823819722091e-15,-0.5157408293243866,-0.3103530747884084,5150,0.2322820915487227,0.42135922330097086,Adds Big4 region indicator.,
m8_region_big4,C(index_case_cause)[T.网络服务合同纠纷],-0.4249549910993986,0.04829414867732437,1.3766486226504849e-18,-0.5196097831709771,-0.33030019902782015,5150,0.2322820915487227,0.42135922330097086,Adds Big4 region indicator.,
m8_region_big4,C(index_case_cause)[T.联营合同纠纷],-0.38427691459727786,0.04556018249951359,3.3264952088817346e-17,-0.47357323142539653,-0.2949805977691592,5150,0.2322820915487227,0.42135922330097086,Adds Big4 region indicator.,
m8_region_big4,C(index_case_cause)[T.肖像权纠纷],0.3638806660967361,0.15076012248946324,0.015794057738000765,0.0683962557125411,0.6593650764809311,5150,0.2322820915487227,0.42135922330097086,Adds Big4 region indicator.,
m8_region_big4,C(index_case_cause)[T.股东出资纠纷],-0.6929530936223236,0.17836596385631923,0.00010232676178972132,-1.0425439588484822,-0.3433622283961649,5150,0.2322820915487227,0.42135922330097086,Adds Big4 region indicator.,
m8_region_big4,C(index_case_cause)[T.股东损害公司债权人利益责任纠纷],-0.40915395006247585,0.18211231410269588,0.024658428794680307,-0.7660875268450056,-0.052220373279946164,5150,0.2322820915487227,0.42135922330097086,Adds Big4 region indicator.,
m8_region_big4,C(index_case_cause)[T.股东资格确认纠纷],-0.7415689496710043,0.043284699219352886,8.513365788323633e-66,-0.826405401222585,-0.6567324981194236,5150,0.2322820915487227,0.42135922330097086,Adds Big4 region indicator.,
m8_region_big4,C(index_case_cause)[T.股权转让纠纷],-0.458241905080499,0.16812189314359655,0.006417446905479527,-0.7877547606546397,-0.12872904950635833,5150,0.2322820915487227,0.42135922330097086,Adds Big4 region indicator.,
m8_region_big4,C(index_case_cause)[T.著作权合同纠纷],-0.37946836177511023,0.04051520120199712,7.528091106706823e-21,-0.4588766969574185,-0.30006002659280195,5150,0.2322820915487227,0.42135922330097086,Adds Big4 region indicator.,
m8_region_big4,C(index_case_cause)[T.著作权权属纠纷],-0.5051234463536263,0.11124926451746067,5.613016596803719e-06,-0.723167998114419,-0.2870788945928336,5150,0.2322820915487227,0.42135922330097086,Adds Big4 region indicator.,
m8_region_big4,C(index_case_cause)[T.著作权许可使用合同纠纷],-0.4531818390336496,0.07050436345369704,1.2953770646562853e-10,-0.5913678521558179,-0.3149958259114814,5150,0.2322820915487227,0.42135922330097086,Adds Big4 region indicator.,
m8_region_big4,C(index_case_cause)[T.融资租赁合同纠纷],-0.5505828527837107,0.05522430372643958,2.0635879642379272e-23,-0.6588204991588333,-0.442345206408588,5150,0.2322820915487227,0.42135922330097086,Adds Big4 region indicator.,
m8_region_big4,C(index_case_cause)[T.行纪合同纠纷],-0.14160246208001587,0.2679424721706772,0.5971656437714665,-0.6667600574631689,0.3835551333031371,5150,0.2322820915487227,0.42135922330097086,Adds Big4 region indicator.,
m8_region_big4,C(index_case_cause)[T.被继承人债务清偿纠纷],-0.3959551859543059,0.11931987886204073,0.0009052359550298602,-0.6298178511635878,-0.16209252074502398,5150,0.2322820915487227,0.42135922330097086,Adds Big4 region indicator.,
m8_region_big4,C(index_case_cause)[T.装饰装修合同纠纷],-0.443427663294767,0.042801397356149906,3.764847576886941e-25,-0.5273168606008087,-0.3595384659887253,5150,0.2322820915487227,0.42135922330097086,Adds Big4 region indicator.,
m8_region_big4,C(index_case_cause)[T.计算机软件开发合同纠纷],-0.2638550083207479,0.09115421952681055,0.0037964190485125036,-0.44251399563215427,-0.08519602100934148,5150,0.2322820915487227,0.42135922330097086,Adds Big4 region indicator.,
m8_region_big4,C(index_case_cause)[T.计算机软件著作权许可使用合同纠纷],-0.4399689381831847,0.04236494510793709,2.895252355155344e-25,-0.5230027048017578,-0.3569351715646117,5150,0.2322820915487227,0.42135922330097086,Adds Big4 region indicator.,
m8_region_big4,C(index_case_cause)[T.财产保险合同纠纷],-0.7166284118753166,0.03314923739036326,1.2098529373982197e-103,-0.7815997232753971,-0.6516571004752361,5150,0.2322820915487227,0.42135922330097086,Adds Big4 region indicator.,
m8_region_big4,C(index_case_cause)[T.财产损失保险合同纠纷],-0.5239074459245275,0.0378293976589157,1.2861063170864252e-43,-0.5980517028928461,-0.4497631889562089,5150,0.2322820915487227,0.42135922330097086,Adds Big4 region indicator.,
m8_region_big4,C(index_case_cause)[T.财产损害赔偿纠纷],-0.08555931651212087,0.11750945163537073,0.4665488068870136,-0.3158736095604988,0.1447549765362571,5150,0.2322820915487227,0.42135922330097086,Adds Big4 region indicator.,
m8_region_big4,C(index_case_cause)[T.赠与合同纠纷],0.10163452627599961,0.08386723791824421,0.22556974073022662,-0.06274223952661101,0.26601129207861024,5150,0.2322820915487227,0.42135922330097086,Adds Big4 region indicator.,
m8_region_big4,C(index_case_cause)[T.车辆租赁合同纠纷],-0.5170657436127353,0.03792011934812502,2.4576720212055814e-42,-0.5913878118245208,-0.4427436754009498,5150,0.2322820915487227,0.42135922330097086,Adds Big4 region indicator.,
m8_region_big4,C(index_case_cause)[T.运输合同纠纷],-0.12069681487404757,0.2734626848539475,0.658948890112503,-0.6566738283034116,0.4152801985553164,5150,0.2322820915487227,0.42135922330097086,Adds Big4 region indicator.,
m8_region_big4,C(index_case_cause)[T.返还原物纠纷],-0.27522871044615277,0.09541451840621619,0.003919635746920982,-0.4622377301245706,-0.08821969076773495,5150,0.2322820915487227,0.42135922330097086,Adds Big4 region indicator.,
m8_region_big4,C(index_case_cause)[T.追偿权纠纷],-0.4454742940733648,0.12524792476541408,0.00037548555866581885,-0.6909557157519587,-0.19999287239477093,5150,0.2322820915487227,0.42135922330097086,Adds Big4 region indicator.,
m8_region_big4,C(index_case_cause)[T.追加、变更被执行人异议之诉],-0.6865933869618491,0.04439966347567119,6.077262792801942e-54,-0.7736151282998631,-0.5995716456238351,5150,0.2322820915487227,0.42135922330097086,Adds Big4 region indicator.,
m8_region_big4,C(index_case_cause)[T.金融借款合同纠纷],-0.6095937749826495,0.03661282599178559,3.039555756706955e-62,-0.6813535952987813,-0.5378339546665178,5150,0.2322820915487227,0.42135922330097086,Adds Big4 region indicator.,
m8_region_big4,C(index_case_cause)[T.铁路运输财产损害责任纠纷],0.1732762712259749,0.03201513524780153,6.221213893264861e-08,0.11052775918010507,0.2360247832718447,5150,0.2322820915487227,0.42135922330097086,Adds Big4 region indicator.,
m8_region_big4,C(index_case_cause)[T.银行卡纠纷],-0.6885515039594539,0.03809708297947802,5.144305911196841e-73,-0.7632204145152647,-0.613882593403643,5150,0.2322820915487227,0.42135922330097086,Adds Big4 region indicator.,
m8_region_big4,C(index_case_cause)[T.餐饮服务合同纠纷],0.5562455696107096,0.05858313004588407,2.202564889397124e-21,0.4414247446191505,0.6710663946022687,5150,0.2322820915487227,0.42135922330097086,Adds Big4 region indicator.,
m8_region_big4,post2021,0.10995518371332513,0.013292917032621114,1.3204877194517704e-16,0.0839015450799087,0.13600882234674155,5150,0.2322820915487227,0.42135922330097086,Adds Big4 region indicator.,
m8_region_big4,region_big4,-0.05328945778546726,0.014421422440756353,0.00021974869567368838,-0.08155492637518744,-0.025023989195747085,5150,0.2322820915487227,0.42135922330097086,Adds Big4 region indicator.,
m8_region_big4,log_amount_master,-0.003289052425833883,0.0036358479408033894,0.36566795150589015,-0.010415183443072644,0.0038370785914048785,5150,0.2322820915487227,0.42135922330097086,Adds Big4 region indicator.,
m8_region_big4,amount_llm_regex_conflict_flag,-0.03987417895859982,0.03227894782111373,0.21671893465580783,-0.10313975414683038,0.02339139622963074,5150,0.2322820915487227,0.42135922330097086,Adds Big4 region indicator.,
m8_region_big4,amount_regex_fallback_flag,0.24478410393300198,0.045359992157470136,6.796254037160668e-08,0.15588015296534122,0.3336880549006628,5150,0.2322820915487227,0.42135922330097086,Adds Big4 region indicator.,
m9_policy_by_big4,Intercept,0.5442558984467213,0.05574266002974689,1.6112887305922186e-22,0.43500229238595695,0.6535095045074856,5150,0.2324271429137642,0.42135922330097086,Policy effect heterogeneity by Big4 region.,
m9_policy_by_big4,"C(transaction_type, Treatment(reference='借贷'))[T.投资/理财]",0.21398946782325912,0.02017022861326259,2.701260714767049e-26,0.17445654618132517,0.25352238946519307,5150,0.2324271429137642,0.42135922330097086,Policy effect heterogeneity by Big4 region.,
m9_policy_by_big4,"C(transaction_type, Treatment(reference='借贷'))[T.交易/买卖]",0.1792591795084271,0.0322892310513517,2.829521514730922e-08,0.11597344955928537,0.24254490945756882,5150,0.2324271429137642,0.42135922330097086,Policy effect heterogeneity by Big4 region.,
m9_policy_by_big4,"C(transaction_type, Treatment(reference='借贷'))[T.ICO/发币]",0.5447789859192925,0.02709516464052475,6.521405805699933e-90,0.4916734390686809,0.5978845327699042,5150,0.2324271429137642,0.42135922330097086,Policy effect heterogeneity by Big4 region.,
m9_policy_by_big4,"C(transaction_type, Treatment(reference='借贷'))[T.挖矿]",0.12873738796448675,0.03641601027978608,0.0004074874467726766,0.05736331935546565,0.20011145657350785,5150,0.2324271429137642,0.42135922330097086,Policy effect heterogeneity by Big4 region.,
m9_policy_by_big4,"C(transaction_type, Treatment(reference='借贷'))[T.技术服务]",-0.08263683681400737,0.04202530139132302,0.04925713619394722,-0.1650049139804415,-0.00026875964757322457,5150,0.2324271429137642,0.42135922330097086,Policy effect heterogeneity by Big4 region.,
m9_policy_by_big4,"C(transaction_type, Treatment(reference='借贷'))[T.其他民商事]",-0.09646021623280965,0.02998948742548717,0.001297791627789782,-0.15523853150158132,-0.03768190096403797,5150,0.2324271429137642,0.42135922330097086,Policy effect heterogeneity by Big4 region.,
m9_policy_by_big4,"C(transaction_type, Treatment(reference='借贷'))[T.其他/未分类]",-0.07591549806494158,0.05791274679660392,0.18990509736450578,-0.18942239603207267,0.0375913999021895,5150,0.2324271429137642,0.42135922330097086,Policy effect heterogeneity by Big4 region.,
m9_policy_by_big4,"C(transaction_type, Treatment(reference='借贷'))[T.未分类]",0.2245344340827094,0.12109419276427613,0.06370868393984272,-0.012805822472222617,0.4618746906376414,5150,0.2324271429137642,0.42135922330097086,Policy effect heterogeneity by Big4 region.,
m9_policy_by_big4,C(court_level_group)[T.基层法院],0.009835226117635236,0.014053581772144587,0.48402867789854787,-0.01770928800955674,0.037379740244827216,5150,0.2324271429137642,0.42135922330097086,Policy effect heterogeneity by Big4 region.,
m9_policy_by_big4,C(court_level_group)[T.最高人民法院],-0.09461706254474238,0.10838820259987701,0.3826924381435246,-0.30705403598953196,0.11781991090004722,5150,0.2324271429137642,0.42135922330097086,Policy effect heterogeneity by Big4 region.,
m9_policy_by_big4,C(court_level_group)[T.高级法院],-0.01520769008863666,0.09006909617096191,0.8659187925847276,-0.1917398747037965,0.1613244945265232,5150,0.2324271429137642,0.42135922330097086,Policy effect heterogeneity by Big4 region.,
m9_policy_by_big4,C(index_case_cause)[T.不正当竞争纠纷],0.07924856749839028,0.16992785022677714,0.6409535621076827,-0.25380389891640937,0.4123010339131899,5150,0.2324271429137642,0.42135922330097086,Policy effect heterogeneity by Big4 region.,
m9_policy_by_big4,C(index_case_cause)[T.与公司有关的纠纷],-0.3196969744367095,0.18404338365224918,0.08237411203284574,-0.6804153779880057,0.041021429114586616,5150,0.2324271429137642,0.42135922330097086,Policy effect heterogeneity by Big4 region.,
m9_policy_by_big4,C(index_case_cause)[T.业主撤销权纠纷],-0.04345290424619095,0.2758066639065612,0.8748126503372593,-0.5840240321991942,0.49711822370681225,5150,0.2324271429137642,0.42135922330097086,Policy effect heterogeneity by Big4 region.,
m9_policy_by_big4,C(index_case_cause)[T.中介合同纠纷],-0.5185073144255223,0.0380251566875726,2.4494303319397914e-42,-0.593035252039657,-0.44397937681138766,5150,0.2324271429137642,0.42135922330097086,Policy effect heterogeneity by Big4 region.,
m9_policy_by_big4,C(index_case_cause)[T.买卖合同纠纷],-0.2875366294615788,0.0386745845752053,1.0475030167843466e-13,-0.3633374223460295,-0.21173583657712813,5150,0.2324271429137642,0.42135922330097086,Policy effect heterogeneity by Big4 region.,
m9_policy_by_big4,C(index_case_cause)[T.互易纠纷],-0.5206064269315045,0.039106467696967115,1.957124397940467e-40,-0.597253695180139,-0.44395915868286995,5150,0.2324271429137642,0.42135922330097086,Policy effect heterogeneity by Big4 region.,
m9_policy_by_big4,C(index_case_cause)[T.人身保险合同纠纷],-0.4717215734038859,0.04052242878625762,2.5500948405549123e-31,-0.55114407439104,-0.3922990724167318,5150,0.2324271429137642,0.42135922330097086,Policy effect heterogeneity by Big4 region.,
m9_policy_by_big4,C(index_case_cause)[T.仓储合同纠纷],0.2476983548660421,0.043765780465405565,1.516950383878635e-08,0.16191900139856055,0.33347770833352364,5150,0.2324271429137642,0.42135922330097086,Policy effect heterogeneity by Big4 region.,
m9_policy_by_big4,C(index_case_cause)[T.企业承包经营合同纠纷],-0.40735125002128314,0.040243109786744,4.401300995740661e-24,-0.48622629582919275,-0.32847620421337353,5150,0.2324271429137642,0.42135922330097086,Policy effect heterogeneity by Big4 region.,
m9_policy_by_big4,C(index_case_cause)[T.供用电合同纠纷],-0.5666369225080109,0.10122096449478875,2.1681450043241242e-08,-0.7650263673982044,-0.3682474776178174,5150,0.2324271429137642,0.42135922330097086,Policy effect heterogeneity by Big4 region.,
m9_policy_by_big4,C(index_case_cause)[T.侵害作品信息网络传播权纠纷],0.028907841014998433,0.18598604400470928,0.8764822069858718,-0.3356181068613134,0.39343378889131025,5150,0.2324271429137642,0.42135922330097086,Policy effect heterogeneity by Big4 region.,
m9_policy_by_big4,C(index_case_cause)[T.侵害作品改编权纠纷],-0.3284932874019305,0.11048789686068176,0.0029479342216048366,-0.5450455859764429,-0.11194098882741815,5150,0.2324271429137642,0.42135922330097086,Policy effect heterogeneity by Big4 region.,
m9_policy_by_big4,C(index_case_cause)[T.侵害发明专利权纠纷],0.26399710446763286,0.162850625370311,0.10499625236074869,-0.055184256118001485,0.5831784650532672,5150,0.2324271429137642,0.42135922330097086,Policy effect heterogeneity by Big4 region.,
m9_policy_by_big4,C(index_case_cause)[T.侵害商标权纠纷],-0.05227516199510774,0.15974660934129847,0.7434878768257926,-0.3653727629564425,0.26082243896622703,5150,0.2324271429137642,0.42135922330097086,Policy effect heterogeneity by Big4 region.,
m9_policy_by_big4,C(index_case_cause)[T.侵害外观设计专利权纠纷],0.08699280884513905,0.2647120376017963,0.7424339648785063,-0.4318332511285943,0.6058188688188724,5150,0.2324271429137642,0.42135922330097086,Policy effect heterogeneity by Big4 region.,
m9_policy_by_big4,C(index_case_cause)[T.侵权责任纠纷],-0.08860235115765146,0.14424254536591993,0.5390438728273932,-0.3713125451132394,0.19410784279793647,5150,0.2324271429137642,0.42135922330097086,Policy effect heterogeneity by Big4 region.,
m9_policy_by_big4,C(index_case_cause)[T.保管合同纠纷],-0.3850862745543327,0.2745268559563556,0.1606982176578835,-0.9231490250178049,0.1529764759091395,5150,0.2324271429137642,0.42135922330097086,Policy effect heterogeneity by Big4 region.,
m9_policy_by_big4,C(index_case_cause)[T.保证合同纠纷],-0.044352649666369454,0.09187883785564067,0.6292876271236754,-0.2244318628048205,0.1357265634720816,5150,0.2324271429137642,0.42135922330097086,Policy effect heterogeneity by Big4 region.,
m9_policy_by_big4,C(index_case_cause)[T.保险代理合同纠纷],-0.15856276974043276,0.035890263673332624,9.962375138821817e-06,-0.22890639393581091,-0.0882191455450546,5150,0.2324271429137642,0.42135922330097086,Policy effect heterogeneity by Big4 region.,
m9_policy_by_big4,C(index_case_cause)[T.信息网络买卖合同纠纷],-0.5216503952271421,0.09908978844535411,1.4063160693243625e-07,-0.7158628118157293,-0.32743797863855484,5150,0.2324271429137642,0.42135922330097086,Policy effect heterogeneity by Big4 region.,
m9_policy_by_big4,C(index_case_cause)[T.信用卡纠纷],-0.5053330750553464,0.06578063880113122,1.565084697273939e-14,-0.6342607579856017,-0.37640539212509116,5150,0.2324271429137642,0.42135922330097086,Policy effect heterogeneity by Big4 region.,
m9_policy_by_big4,C(index_case_cause)[T.修理合同纠纷],-0.5285650580293874,0.03878984632517085,2.7909700710427045e-42,-0.6045917597925656,-0.45253835626620914,5150,0.2324271429137642,0.42135922330097086,Policy effect heterogeneity by Big4 region.,
m9_policy_by_big4,C(index_case_cause)[T.借款合同纠纷],-0.2202434724200904,0.12057257889611572,0.06775294557304704,-0.4565613845795914,0.016074439739410612,5150,0.2324271429137642,0.42135922330097086,Policy effect heterogeneity by Big4 region.,
m9_policy_by_big4,C(index_case_cause)[T.借用合同纠纷],-0.19648582859099004,0.15896661616666483,0.21645133606469846,-0.5080546710218558,0.11508301383987571,5150,0.2324271429137642,0.42135922330097086,Policy effect heterogeneity by Big4 region.,
m9_policy_by_big4,C(index_case_cause)[T.债券质权纠纷],-0.21710689534108654,0.3752058385731241,0.5628360859194117,-0.9524968257335592,0.5182830350513862,5150,0.2324271429137642,0.42135922330097086,Policy effect heterogeneity by Big4 region.,
m9_policy_by_big4,C(index_case_cause)[T.债务加入纠纷],-0.8287863532157155,0.03100827454315538,2.2308753450294937e-157,-0.8895614545430303,-0.7680112518884007,5150,0.2324271429137642,0.42135922330097086,Policy effect heterogeneity by Big4 region.,
m9_policy_by_big4,C(index_case_cause)[T.债务转移合同纠纷],-0.41518157793166344,0.03961936419332128,1.0758337683642348e-25,-0.49283410484094897,-0.3375290510223779,5150,0.2324271429137642,0.42135922330097086,Policy effect heterogeneity by Big4 region.,
m9_policy_by_big4,C(index_case_cause)[T.债权人撤销权纠纷],-0.08143239767529255,0.28157758658905535,0.7724278980346116,-0.6333143262435496,0.4704495308929645,5150,0.2324271429137642,0.42135922330097086,Policy effect heterogeneity by Big4 region.,
m9_policy_by_big4,C(index_case_cause)[T.债权转让合同纠纷],-0.28959641945004455,0.14023495728428106,0.03891542210063393,-0.5644518851007483,-0.014740953799340761,5150,0.2324271429137642,0.42135922330097086,Policy effect heterogeneity by Big4 region.,
m9_policy_by_big4,C(index_case_cause)[T.储蓄存款合同纠纷],-0.6278894992759126,0.03975403519732505,3.402346670116759e-56,-0.7058059765028074,-0.5499730220490179,5150,0.2324271429137642,0.42135922330097086,Policy effect heterogeneity by Big4 region.,
m9_policy_by_big4,C(index_case_cause)[T.公益事业捐赠合同纠纷],-0.9816630028891935,0.041236290120675166,2.908183365024557e-125,-1.0624846463817617,-0.9008413593966254,5150,0.2324271429137642,0.42135922330097086,Policy effect heterogeneity by Big4 region.,
m9_policy_by_big4,C(index_case_cause)[T.共有纠纷],-0.44145526488111186,0.06501926095365546,1.1243898647454692e-11,-0.568890674651688,-0.31401985511053576,5150,0.2324271429137642,0.42135922330097086,Policy effect heterogeneity by Big4 region.,
m9_policy_by_big4,C(index_case_cause)[T.再保险合同纠纷],-0.5193659523857211,0.03796586189095168,1.340339767559878e-42,-0.5937776743340082,-0.4449542304374341,5150,0.2324271429137642,0.42135922330097086,Policy effect heterogeneity by Big4 region.,
m9_policy_by_big4,C(index_case_cause)[T.分期付款买卖合同纠纷],-0.7958729641025846,0.035594960561425255,9.83743984866232e-111,-0.8656378048341017,-0.7261081233710674,5150,0.2324271429137642,0.42135922330097086,Policy effect heterogeneity by Big4 region.,
m9_policy_by_big4,C(index_case_cause)[T.劳务合同纠纷],-0.4021115019443071,0.09315613521659155,1.584992248878938e-05,-0.58469417190777,-0.21952883198084427,5150,0.2324271429137642,0.42135922330097086,Policy effect heterogeneity by Big4 region.,
m9_policy_by_big4,C(index_case_cause)[T.劳动争议],-0.4362737657077157,0.07887824143446294,3.184514724456001e-08,-0.590872278083118,-0.28167525333231336,5150,0.2324271429137642,0.42135922330097086,Policy effect heterogeneity by Big4 region.,
m9_policy_by_big4,C(index_case_cause)[T.劳动合同纠纷],-0.35545315826164314,0.09820032563157756,0.000294974489118517,-0.5479222597696407,-0.16298405675364558,5150,0.2324271429137642,0.42135922330097086,Policy effect heterogeneity by Big4 region.,
m9_policy_by_big4,C(index_case_cause)[T.占有物返还纠纷],-0.9670408635095755,0.055115578160876984,6.416840202450599e-69,-1.0750654116919969,-0.8590163153271543,5150,0.2324271429137642,0.42135922330097086,Policy effect heterogeneity by Big4 region.,
m9_policy_by_big4,C(index_case_cause)[T.发起人责任纠纷],-0.4413086687901289,0.08500569461851858,2.085854278036768e-07,-0.6079167687232356,-0.2747005688570222,5150,0.2324271429137642,0.42135922330097086,Policy effect heterogeneity by Big4 region.,
m9_policy_by_big4,C(index_case_cause)[T.合伙企业纠纷],-0.5085191297261437,0.14935299433134097,0.0006620919234181062,-0.8012456195987868,-0.2157926398535005,5150,0.2324271429137642,0.42135922330097086,Policy effect heterogeneity by Big4 region.,
m9_policy_by_big4,C(index_case_cause)[T.合伙协议纠纷],-0.4734523029937613,0.06917221066095197,7.671936266441085e-12,-0.6090273446202448,-0.33787726136727786,5150,0.2324271429137642,0.42135922330097086,Policy effect heterogeneity by Big4 region.,
m9_policy_by_big4,C(index_case_cause)[T.合伙合同纠纷],-0.19774324678468033,0.0875619185177023,0.023925421033115103,-0.36936145349660765,-0.026125040072752986,5150,0.2324271429137642,0.42135922330097086,Policy effect heterogeneity by Big4 region.,
m9_policy_by_big4,C(index_case_cause)[T.合作创作合同纠纷],-0.3508093354485172,0.041013686293791214,1.1944234595119006e-17,-0.43119468345757206,-0.2704239874394624,5150,0.2324271429137642,0.42135922330097086,Policy effect heterogeneity by Big4 region.,
m9_policy_by_big4,C(index_case_cause)[T.合同、准合同纠纷],0.266960703429045,0.04476563653525428,2.46863428189975e-09,0.17922166807493617,0.3546997387831538,5150,0.2324271429137642,0.42135922330097086,Policy effect heterogeneity by Big4 region.,
m9_policy_by_big4,C(index_case_cause)[T.合同、无因管理、不当得利],-0.5374749379882775,0.09226031230102534,5.689572086866965e-09,-0.7183018273007049,-0.3566480486758501,5150,0.2324271429137642,0.42135922330097086,Policy effect heterogeneity by Big4 region.,
m9_policy_by_big4,C(index_case_cause)[T.合同纠纷],-0.25214658399616,0.03269058053553212,1.2277225886715783e-14,-0.3162189444795091,-0.18807422351281095,5150,0.2324271429137642,0.42135922330097086,Policy effect heterogeneity by Big4 region.,
m9_policy_by_big4,C(index_case_cause)[T.名誉权纠纷],0.023006926446966315,0.04312157252297229,0.5936623548089291,-0.061509802654791355,0.10752365554872398,5150,0.2324271429137642,0.42135922330097086,Policy effect heterogeneity by Big4 region.,
m9_policy_by_big4,C(index_case_cause)[T.商品房销售合同纠纷],-0.6250115125697788,0.03511052857398396,6.910139540390839e-71,-0.6938268840529519,-0.5561961410866058,5150,0.2324271429137642,0.42135922330097086,Policy effect heterogeneity by Big4 region.,
m9_policy_by_big4,C(index_case_cause)[T.商品房预售合同纠纷],-0.6838282526641467,0.14240224660839618,1.5701892232330185e-06,-0.9629315273341943,-0.4047249779940991,5150,0.2324271429137642,0.42135922330097086,Policy effect heterogeneity by Big4 region.,
m9_policy_by_big4,C(index_case_cause)[T.土地租赁合同纠纷],-0.5268414338790011,0.0384352884641763,9.189667987248155e-43,-0.6021732150041944,-0.4515096527538077,5150,0.2324271429137642,0.42135922330097086,Policy effect heterogeneity by Big4 region.,
m9_policy_by_big4,C(index_case_cause)[T.委托合同纠纷],-0.2850128219556047,0.037769451761632024,4.4841629988597765e-14,-0.35903958712422634,-0.210986056786983,5150,0.2324271429137642,0.42135922330097086,Policy effect heterogeneity by Big4 region.,
m9_policy_by_big4,C(index_case_cause)[T.委托理财合同纠纷],-0.14028076434282302,0.04856883775827233,0.0038734572079693213,-0.2354739371200059,-0.045087591565640156,5150,0.2324271429137642,0.42135922330097086,Policy effect heterogeneity by Big4 region.,
m9_policy_by_big4,C(index_case_cause)[T.娱乐服务合同纠纷],-0.4294759188059949,0.05126483580633716,5.402117294273966e-17,-0.5299531506597751,-0.3289986869522147,5150,0.2324271429137642,0.42135922330097086,Policy effect heterogeneity by Big4 region.,
m9_policy_by_big4,C(index_case_cause)[T.婚约财产纠纷],0.08694664320425917,0.21169641564969216,0.6812823932376957,-0.327970707125359,0.5018639935338773,5150,0.2324271429137642,0.42135922330097086,Policy effect heterogeneity by Big4 region.,
m9_policy_by_big4,C(index_case_cause)[T.定作合同纠纷],-0.49788285675210325,0.04317816284761749,9.218051844495617e-31,-0.5825105008520389,-0.4132552126521676,5150,0.2324271429137642,0.42135922330097086,Policy effect heterogeneity by Big4 region.,
m9_policy_by_big4,C(index_case_cause)[T.定金合同纠纷],-0.225500936608411,0.2796557537302871,0.42003999715259566,-0.7736161419891766,0.32261426877235466,5150,0.2324271429137642,0.42135922330097086,Policy effect heterogeneity by Big4 region.,
m9_policy_by_big4,C(index_case_cause)[T.广告合同纠纷],-0.2602889670226342,0.14561914944905918,0.07386254815515451,-0.5456972554021459,0.025119321356877444,5150,0.2324271429137642,0.42135922330097086,Policy effect heterogeneity by Big4 region.,
m9_policy_by_big4,C(index_case_cause)[T.建设工程合同纠纷],-0.503644840587789,0.040574035173107405,2.2221445476668898e-35,-0.5831684882345409,-0.4241211929410371,5150,0.2324271429137642,0.42135922330097086,Policy effect heterogeneity by Big4 region.,
m9_policy_by_big4,C(index_case_cause)[T.建设工程施工合同纠纷],0.15177605043842116,0.1271044709984957,0.23243700195293937,-0.09734413499264621,0.4008962358694885,5150,0.2324271429137642,0.42135922330097086,Policy effect heterogeneity by Big4 region.,
m9_policy_by_big4,C(index_case_cause)[T.悬赏广告纠纷],0.4838035986582634,0.06799102723277163,1.1134807995426704e-12,0.350543634010149,0.6170635633063778,5150,0.2324271429137642,0.42135922330097086,Policy effect heterogeneity by Big4 region.,
m9_policy_by_big4,C(index_case_cause)[T.房屋买卖合同纠纷],-0.6002780185781047,0.07865447219350637,2.3143405312699094e-14,-0.7544379513003843,-0.4461180858558251,5150,0.2324271429137642,0.42135922330097086,Policy effect heterogeneity by Big4 region.,
m9_policy_by_big4,C(index_case_cause)[T.房屋拆迁安置补偿合同纠纷],0.6661851705949164,0.042278821415638636,6.153412814837356e-56,0.583320203311464,0.7490501378783689,5150,0.2324271429137642,0.42135922330097086,Policy effect heterogeneity by Big4 region.,
m9_policy_by_big4,C(index_case_cause)[T.房屋租赁合同纠纷],-0.2940662159472569,0.11342908622063638,0.009527798246505063,-0.5163831397389927,-0.07174929215552109,5150,0.2324271429137642,0.42135922330097086,Policy effect heterogeneity by Big4 region.,
m9_policy_by_big4,C(index_case_cause)[T.所有权确认纠纷],-0.7882712022051993,0.03382157130934221,3.786123807946701e-120,-0.8545602638720633,-0.7219821405383353,5150,0.2324271429137642,0.42135922330097086,Policy effect heterogeneity by Big4 region.,
m9_policy_by_big4,C(index_case_cause)[T.所有权纠纷],-0.4678098559760442,0.25984587619643895,0.07180761761070138,-0.9770984148523183,0.041478702900229925,5150,0.2324271429137642,0.42135922330097086,Policy effect heterogeneity by Big4 region.,
m9_policy_by_big4,C(index_case_cause)[T.执行异议之诉],-0.20144451936253588,0.29794401749923455,0.49896742076320855,-0.7854040630702073,0.38251502434513546,5150,0.2324271429137642,0.42135922330097086,Policy effect heterogeneity by Big4 region.,
m9_policy_by_big4,C(index_case_cause)[T.技术合同纠纷],-0.345415263128162,0.0412128558086531,5.236836875871108e-17,-0.4261909762131645,-0.26463955004315953,5150,0.2324271429137642,0.42135922330097086,Policy effect heterogeneity by Big4 region.,
m9_policy_by_big4,C(index_case_cause)[T.技术委托开发合同纠纷],-0.4225777264139221,0.03945604525114347,9.127476859100086e-27,-0.49991015407854594,-0.34524529874929827,5150,0.2324271429137642,0.42135922330097086,Policy effect heterogeneity by Big4 region.,
m9_policy_by_big4,C(index_case_cause)[T.技术服务合同纠纷],-0.3555785889160958,0.051154301513956835,3.6245265711441115e-12,-0.45583917753775394,-0.25531800029443763,5150,0.2324271429137642,0.42135922330097086,Policy effect heterogeneity by Big4 region.,
m9_policy_by_big4,C(index_case_cause)[T.抵押合同纠纷],0.05339166154834132,0.3291583896011099,0.8711431666262752,-0.5917469272790375,0.6985302503757201,5150,0.2324271429137642,0.42135922330097086,Policy effect heterogeneity by Big4 region.,
m9_policy_by_big4,C(index_case_cause)[T.担保物权确认纠纷],-0.4331377664874942,0.06564848402114237,4.172094505856078e-11,-0.5618064308085865,-0.3044691021664019,5150,0.2324271429137642,0.42135922330097086,Policy effect heterogeneity by Big4 region.,
m9_policy_by_big4,C(index_case_cause)[T.损害公司债权人利益责任纠纷],-0.42276285439490874,0.08262929798017235,3.114559415617013e-07,-0.5847133025038748,-0.2608124062859427,5150,0.2324271429137642,0.42135922330097086,Policy effect heterogeneity by Big4 region.,
m9_policy_by_big4,C(index_case_cause)[T.损害公司利益责任纠纷],-0.41673351928465535,0.051854533378601256,9.237463497051425e-16,-0.5183665371418439,-0.3151005014274668,5150,0.2324271429137642,0.42135922330097086,Policy effect heterogeneity by Big4 region.,
m9_policy_by_big4,C(index_case_cause)[T.排除妨害纠纷],0.33655139062109635,0.03910397732387745,7.52746118615705e-18,0.25990900341402556,0.41319377782816713,5150,0.2324271429137642,0.42135922330097086,Policy effect heterogeneity by Big4 region.,
m9_policy_by_big4,C(index_case_cause)[T.教育培训合同纠纷],-0.4203085640664725,0.062090564829311835,1.2942275777881371e-11,-0.542003834911673,-0.29861329322127195,5150,0.2324271429137642,0.42135922330097086,Policy effect heterogeneity by Big4 region.,
m9_policy_by_big4,C(index_case_cause)[T.旅游合同纠纷],-0.35364882372609574,0.0412514354721343,1.0081782679649321e-17,-0.434500151562057,-0.27279749589013447,5150,0.2324271429137642,0.42135922330097086,Policy effect heterogeneity by Big4 region.,
m9_policy_by_big4,C(index_case_cause)[T.服务合同纠纷],-0.35633075035509604,0.06320570357534185,1.724004318312696e-08,-0.48021165298028057,-0.2324498477299115,5150,0.2324271429137642,0.42135922330097086,Policy effect heterogeneity by Big4 region.,
m9_policy_by_big4,C(index_case_cause)[T.机动车交通事故责任纠纷],-0.049543671627088975,0.03671513710937202,0.17720619840296004,-0.12150401804890816,0.02241667479473021,5150,0.2324271429137642,0.42135922330097086,Policy effect heterogeneity by Big4 region.,
m9_policy_by_big4,C(index_case_cause)[T.案外人执行异议之诉],-0.44938908323316307,0.08971042575849911,5.461998733533465e-07,-0.6252182867575757,-0.27355987970875045,5150,0.2324271429137642,0.42135922330097086,Policy effect heterogeneity by Big4 region.,
m9_policy_by_big4,C(index_case_cause)[T.民间借贷纠纷],-0.3315611691127527,0.032334224256389696,1.1332608530466397e-24,-0.3949350841233179,-0.26818725410218747,5150,0.2324271429137642,0.42135922330097086,Policy effect heterogeneity by Big4 region.,
m9_policy_by_big4,C(index_case_cause)[T.民间委托理财合同纠纷],-0.03160936798579495,0.050216008610726816,0.529042744913687,-0.13003093631017273,0.06681220033858284,5150,0.2324271429137642,0.42135922330097086,Policy effect heterogeneity by Big4 region.,
m9_policy_by_big4,C(index_case_cause)[T.法律服务合同纠纷],-0.491925851449959,0.050651608940793354,2.6815920978370467e-22,-0.5912011807329209,-0.39265052216699703,5150,0.2324271429137642,0.42135922330097086,Policy effect heterogeneity by Big4 region.,
m9_policy_by_big4,C(index_case_cause)[T.消费者权益保护民事公益诉讼],0.5012624061882289,0.06726459796260896,9.186712847439217e-14,0.3694262167469491,0.6330985956295088,5150,0.2324271429137642,0.42135922330097086,Policy effect heterogeneity by Big4 region.,
m9_policy_by_big4,C(index_case_cause)[T.清算责任纠纷],0.12393405790163539,0.188657577344799,0.5112285326104248,-0.24582799910475026,0.493696114908021,5150,0.2324271429137642,0.42135922330097086,Policy effect heterogeneity by Big4 region.,
m9_policy_by_big4,C(index_case_cause)[T.演出合同纠纷],-0.48680538389489375,0.04670147611297812,1.9314478174138188e-25,-0.5783385951011885,-0.395272172688599,5150,0.2324271429137642,0.42135922330097086,Policy effect heterogeneity by Big4 region.,
m9_policy_by_big4,C(index_case_cause)[T.物业服务合同纠纷],-0.550374716871268,0.05100348486433653,3.79951004485006e-27,-0.6503397102914014,-0.45040972345113467,5150,0.2324271429137642,0.42135922330097086,Policy effect heterogeneity by Big4 region.,
m9_policy_by_big4,C(index_case_cause)[T.物权保护纠纷],0.19686361768212043,0.04558373335500804,1.5693304115738218e-05,0.10752114202542751,0.28620609333881336,5150,0.2324271429137642,0.42135922330097086,Policy effect heterogeneity by Big4 region.,
m9_policy_by_big4,C(index_case_cause)[T.物权纠纷],0.501841299861821,0.0695302107061097,5.291279790477696e-13,0.36556459104036476,0.6381180086832773,5150,0.2324271429137642,0.42135922330097086,Policy effect heterogeneity by Big4 region.,
m9_policy_by_big4,C(index_case_cause)[T.特许经营合同纠纷],-0.5041390958948074,0.04019956487967194,4.4585027449664575e-36,-0.5829287952531457,-0.4253493965364692,5150,0.2324271429137642,0.42135922330097086,Policy effect heterogeneity by Big4 region.,
m9_policy_by_big4,C(index_case_cause)[T.确认合同效力纠纷],-0.35414618456553715,0.15138170844316745,0.01931343824611517,-0.6508488810322883,-0.05744348809878591,5150,0.2324271429137642,0.42135922330097086,Policy effect heterogeneity by Big4 region.,
m9_policy_by_big4,C(index_case_cause)[T.确认合同无效纠纷],0.11096428508013946,0.09805505691963212,0.2577804095893218,-0.08122009498436451,0.30314866514464345,5150,0.2324271429137642,0.42135922330097086,Policy effect heterogeneity by Big4 region.,
m9_policy_by_big4,C(index_case_cause)[T.确认合同有效纠纷],0.4523732059260096,0.054025385986923184,5.600524330207598e-17,0.34648539514076526,0.5582610167112539,5150,0.2324271429137642,0.42135922330097086,Policy effect heterogeneity by Big4 region.,
m9_policy_by_big4,C(index_case_cause)[T.离婚后财产纠纷],-0.6234734995927723,0.08213073289874744,3.168764618112495e-14,-0.7844467780981963,-0.4625002210873484,5150,0.2324271429137642,0.42135922330097086,Policy effect heterogeneity by Big4 region.,
m9_policy_by_big4,C(index_case_cause)[T.离婚纠纷],-0.22817486951058413,0.36409652923746433,0.5308638725969247,-0.941790953712049,0.4854412146908807,5150,0.2324271429137642,0.42135922330097086,Policy effect heterogeneity by Big4 region.,
m9_policy_by_big4,C(index_case_cause)[T.种植、养殖回收合同纠纷],-0.5114902003506057,0.03936176735148871,1.3130208376391677e-38,-0.5886378467273681,-0.43434255397384325,5150,0.2324271429137642,0.42135922330097086,Policy effect heterogeneity by Big4 region.,
m9_policy_by_big4,C(index_case_cause)[T.租赁合同纠纷],-0.503087196026516,0.0648440887712592,8.599897060315919e-15,-0.6301792746285021,-0.37599511742452985,5150,0.2324271429137642,0.42135922330097086,Policy effect heterogeneity by Big4 region.,
m9_policy_by_big4,C(index_case_cause)[T.竞业限制纠纷],-0.43632208955279445,0.06525752252138388,2.2910606990714642e-11,-0.5642244834150183,-0.3084196956905706,5150,0.2324271429137642,0.42135922330097086,Policy effect heterogeneity by Big4 region.,
m9_policy_by_big4,C(index_case_cause)[T.缔约过失责任纠纷],0.004759905788624763,0.3518091427399096,0.9892051143310562,-0.6847733434135092,0.6942931549907586,5150,0.2324271429137642,0.42135922330097086,Policy effect heterogeneity by Big4 region.,
m9_policy_by_big4,C(index_case_cause)[T.网络侵害虚拟财产纠纷],-0.4586506360700659,0.2190182128823167,0.036249203999104376,-0.8879184452777331,-0.029382826862398626,5150,0.2324271429137642,0.42135922330097086,Policy effect heterogeneity by Big4 region.,
m9_policy_by_big4,C(index_case_cause)[T.网络侵权责任纠纷],-0.2857069319571304,0.10732850934021669,0.00776812325506196,-0.4960669447783259,-0.07534691913593486,5150,0.2324271429137642,0.42135922330097086,Policy effect heterogeneity by Big4 region.,
m9_policy_by_big4,C(index_case_cause)[T.网络域名合同纠纷],-0.4150550407006308,0.05267161856798404,3.2724747594130627e-15,-0.5182895161013107,-0.31182056529995095,5150,0.2324271429137642,0.42135922330097086,Policy effect heterogeneity by Big4 region.,
m9_policy_by_big4,C(index_case_cause)[T.网络服务合同纠纷],-0.4247032423864709,0.04840514178329676,1.7253914486195745e-18,-0.5195755769482875,-0.3298309078246543,5150,0.2324271429137642,0.42135922330097086,Policy effect heterogeneity by Big4 region.,
m9_policy_by_big4,C(index_case_cause)[T.联营合同纠纷],-0.37655500352077764,0.04670309351031352,7.460173483883588e-16,-0.4680913847675985,-0.2850186222739568,5150,0.2324271429137642,0.42135922330097086,Policy effect heterogeneity by Big4 region.,
m9_policy_by_big4,C(index_case_cause)[T.肖像权纠纷],0.36544457168347144,0.15100777222632908,0.015518878328831821,0.06947477673423857,0.6614143666327044,5150,0.2324271429137642,0.42135922330097086,Policy effect heterogeneity by Big4 region.,
m9_policy_by_big4,C(index_case_cause)[T.股东出资纠纷],-0.7000153257859177,0.17812704149610606,8.499336927253785e-05,-1.0491379117909574,-0.35089273978087815,5150,0.2324271429137642,0.42135922330097086,Policy effect heterogeneity by Big4 region.,
m9_policy_by_big4,C(index_case_cause)[T.股东损害公司债权人利益责任纠纷],-0.41329629580622607,0.18073404714576163,0.022209542617604053,-0.7675285189920831,-0.05906407262036911,5150,0.2324271429137642,0.42135922330097086,Policy effect heterogeneity by Big4 region.,
m9_policy_by_big4,C(index_case_cause)[T.股东资格确认纠纷],-0.739748907791205,0.04326212191220009,1.5038182415051078e-65,-0.8245411086338982,-0.6549567069485117,5150,0.2324271429137642,0.42135922330097086,Policy effect heterogeneity by Big4 region.,
m9_policy_by_big4,C(index_case_cause)[T.股权转让纠纷],-0.4625057587708842,0.16910517121242774,0.006237678473428578,-0.7939458039467221,-0.13106571359504626,5150,0.2324271429137642,0.42135922330097086,Policy effect heterogeneity by Big4 region.,
m9_policy_by_big4,C(index_case_cause)[T.著作权合同纠纷],-0.37646715750662285,0.04260923213039713,9.979208247257201e-19,-0.4599797178911081,-0.2929545971221376,5150,0.2324271429137642,0.42135922330097086,Policy effect heterogeneity by Big4 region.,
m9_policy_by_big4,C(index_case_cause)[T.著作权权属纠纷],-0.5000864191934289,0.11307706405336053,9.755295270532765e-06,-0.7217133922155443,-0.27845944617131346,5150,0.2324271429137642,0.42135922330097086,Policy effect heterogeneity by Big4 region.,
m9_policy_by_big4,C(index_case_cause)[T.著作权许可使用合同纠纷],-0.4472264246008926,0.07244708234408472,6.694429231610227e-10,-0.5892200967803063,-0.30523275242147896,5150,0.2324271429137642,0.42135922330097086,Policy effect heterogeneity by Big4 region.,
m9_policy_by_big4,C(index_case_cause)[T.融资租赁合同纠纷],-0.5412626422858512,0.0555738444190464,2.0451545019738684e-22,-0.6501853758296144,-0.43233990874208794,5150,0.2324271429137642,0.42135922330097086,Policy effect heterogeneity by Big4 region.,
m9_policy_by_big4,C(index_case_cause)[T.行纪合同纠纷],-0.14369450913874646,0.2639866665000723,0.5862179325888169,-0.6610988678776746,0.3737098496001816,5150,0.2324271429137642,0.42135922330097086,Policy effect heterogeneity by Big4 region.,
m9_policy_by_big4,C(index_case_cause)[T.被继承人债务清偿纠纷],-0.3966512564877444,0.11940967212600587,0.0008944895751443548,-0.6306899132604523,-0.16261259971503653,5150,0.2324271429137642,0.42135922330097086,Policy effect heterogeneity by Big4 region.,
m9_policy_by_big4,C(index_case_cause)[T.装饰装修合同纠纷],-0.4445737814339387,0.04327443174094472,9.29119317206337e-25,-0.5293901090976273,-0.35975745377025015,5150,0.2324271429137642,0.42135922330097086,Policy effect heterogeneity by Big4 region.,
m9_policy_by_big4,C(index_case_cause)[T.计算机软件开发合同纠纷],-0.25927700027485273,0.0912076479093003,0.004473158608887466,-0.43804070529169126,-0.08051329525801418,5150,0.2324271429137642,0.42135922330097086,Policy effect heterogeneity by Big4 region.,
m9_policy_by_big4,C(index_case_cause)[T.计算机软件著作权许可使用合同纠纷],-0.4436386010417175,0.043127829472805204,8.098819442360876e-25,-0.5281675935398007,-0.3591096085436342,5150,0.2324271429137642,0.42135922330097086,Policy effect heterogeneity by Big4 region.,
m9_policy_by_big4,C(index_case_cause)[T.财产保险合同纠纷],-0.7223943246206981,0.03369760436987135,5.9664252053552116e-102,-0.7884404155509255,-0.6563482336904707,5150,0.2324271429137642,0.42135922330097086,Policy effect heterogeneity by Big4 region.,
m9_policy_by_big4,C(index_case_cause)[T.财产损失保险合同纠纷],-0.5205045199008533,0.03792324709932722,7.172129889372771e-43,-0.5948327183923477,-0.4461763214093589,5150,0.2324271429137642,0.42135922330097086,Policy effect heterogeneity by Big4 region.,
m9_policy_by_big4,C(index_case_cause)[T.财产损害赔偿纠纷],-0.08593336025054876,0.11703011723675244,0.46277557542842174,-0.3153081751410837,0.1434414546399862,5150,0.2324271429137642,0.42135922330097086,Policy effect heterogeneity by Big4 region.,
m9_policy_by_big4,C(index_case_cause)[T.赠与合同纠纷],0.10303704161139518,0.083899077477082,0.21940681584926136,-0.061402128579821164,0.2674762118026115,5150,0.2324271429137642,0.42135922330097086,Policy effect heterogeneity by Big4 region.,
m9_policy_by_big4,C(index_case_cause)[T.车辆租赁合同纠纷],-0.5135977507122708,0.03802863900118495,1.450232336109174e-41,-0.5881325135356685,-0.439062987888873,5150,0.2324271429137642,0.42135922330097086,Policy effect heterogeneity by Big4 region.,
m9_policy_by_big4,C(index_case_cause)[T.运输合同纠纷],-0.11827828427764422,0.26990572581683303,0.6612262824615651,-0.6472837860997795,0.41072721754449115,5150,0.2324271429137642,0.42135922330097086,Policy effect heterogeneity by Big4 region.,
m9_policy_by_big4,C(index_case_cause)[T.返还原物纠纷],-0.27535629549969176,0.09566645417552029,0.0039983080361461875,-0.462859100212363,-0.08785349078702051,5150,0.2324271429137642,0.42135922330097086,Policy effect heterogeneity by Big4 region.,
m9_policy_by_big4,C(index_case_cause)[T.追偿权纠纷],-0.44636133481732987,0.12441121666222664,0.0003334925540924748,-0.6902028387481036,-0.20251983088655617,5150,0.2324271429137642,0.42135922330097086,Policy effect heterogeneity by Big4 region.,
m9_policy_by_big4,C(index_case_cause)[T.追加、变更被执行人异议之诉],-0.6953487411309087,0.04555869197547385,1.3551835724331554e-52,-0.7846421365855915,-0.606055345676226,5150,0.2324271429137642,0.42135922330097086,Policy effect heterogeneity by Big4 region.,
m9_policy_by_big4,C(index_case_cause)[T.金融借款合同纠纷],-0.6073520826338422,0.0369737905582824,1.23473099791054e-60,-0.6798193805000028,-0.5348847847676816,5150,0.2324271429137642,0.42135922330097086,Policy effect heterogeneity by Big4 region.,
m9_policy_by_big4,C(index_case_cause)[T.铁路运输财产损害责任纠纷],0.17611510049409618,0.03217542515648327,4.410075748149818e-08,0.11305242600012494,0.23917777498806742,5150,0.2324271429137642,0.42135922330097086,Policy effect heterogeneity by Big4 region.,
m9_policy_by_big4,C(index_case_cause)[T.银行卡纠纷],-0.6939497047627964,0.03849423008111738,1.1881138598839595e-72,-0.7693970093343848,-0.618502400191208,5150,0.2324271429137642,0.42135922330097086,Policy effect heterogeneity by Big4 region.,
m9_policy_by_big4,C(index_case_cause)[T.餐饮服务合同纠纷],0.5481043478987441,0.05946036836252731,3.0275618848892223e-20,0.4315641674007057,0.6646445283967825,5150,0.2324271429137642,0.42135922330097086,Policy effect heterogeneity by Big4 region.,
m9_policy_by_big4,post2021,0.10132083828660439,0.016257202684654724,4.594423149941197e-10,0.06945730653531326,0.13318437003789552,5150,0.2324271429137642,0.42135922330097086,Policy effect heterogeneity by Big4 region.,
m9_policy_by_big4,region_big4,-0.06960976314759337,0.02142397485842073,0.0011574937432309398,-0.1115999822757896,-0.02761954401939714,5150,0.2324271429137642,0.42135922330097086,Policy effect heterogeneity by Big4 region.,
m9_policy_by_big4,post2021:region_big4,0.026908217198081466,0.027529484036392063,0.3283549936232818,-0.02704858002621733,0.08086501442238025,5150,0.2324271429137642,0.42135922330097086,Policy effect heterogeneity by Big4 region.,
m9_policy_by_big4,log_amount_master,-0.003313466730853195,0.003637769604832027,0.36237379257666735,-0.010443364140378473,0.003816430678672082,5150,0.2324271429137642,0.42135922330097086,Policy effect heterogeneity by Big4 region.,
m9_policy_by_big4,amount_llm_regex_conflict_flag,-0.039778447626803354,0.03229211035790548,0.21801193101423944,-0.10306982091309093,0.02351292565948422,5150,0.2324271429137642,0.42135922330097086,Policy effect heterogeneity by Big4 region.,
m9_policy_by_big4,amount_regex_fallback_flag,0.2435556798985906,0.04524499657281024,7.323777317297954e-08,0.15487711613524435,0.3322342436619368,5150,0.2324271429137642,0.42135922330097086,Policy effect heterogeneity by Big4 region.,
m10_region_macro,Intercept,0.46305636052633947,0.05926090877991259,5.546332275186337e-15,0.3469071136265973,0.5792056074260816,5137,0.23141773378447217,0.4216468756083317,Adds macro-region categories.,
m10_region_macro,C(region_macro)[T.东部],0.07481060596759125,0.02536972776609771,0.0031899599950367475,0.02508685324845393,0.12453435868672856,5137,0.23141773378447217,0.4216468756083317,Adds macro-region categories.,
m10_region_macro,C(region_macro)[T.中部],0.10432314877808356,0.028022483074504913,0.00019699637522263162,0.04940009119467068,0.15924620636149645,5137,0.23141773378447217,0.4216468756083317,Adds macro-region categories.,
m10_region_macro,C(region_macro)[T.西部],0.09195802523692174,0.027912885298972727,0.0009860920429215637,0.03724977534633766,0.14666627512750582,5137,0.23141773378447217,0.4216468756083317,Adds macro-region categories.,
m10_region_macro,"C(transaction_type, Treatment(reference='借贷'))[T.投资/理财]",0.21406848166672288,0.020166980093030303,2.5433562952819784e-26,0.17454192700744725,0.2535950363259985,5137,0.23141773378447217,0.4216468756083317,Adds macro-region categories.,
m10_region_macro,"C(transaction_type, Treatment(reference='借贷'))[T.交易/买卖]",0.18622185006126185,0.03220510242100481,7.36550495241973e-09,0.12310100919766873,0.24934269092485498,5137,0.23141773378447217,0.4216468756083317,Adds macro-region categories.,
m10_region_macro,"C(transaction_type, Treatment(reference='借贷'))[T.ICO/发币]",0.5506485738283887,0.027234711675983597,6.712055843711925e-91,0.49726951981412837,0.6040276278426491,5137,0.23141773378447217,0.4216468756083317,Adds macro-region categories.,
m10_region_macro,"C(transaction_type, Treatment(reference='借贷'))[T.挖矿]",0.12985748676143286,0.03630456214244394,0.0003477041514867412,0.05870185248774644,0.20101312103511926,5137,0.23141773378447217,0.4216468756083317,Adds macro-region categories.,
m10_region_macro,"C(transaction_type, Treatment(reference='借贷'))[T.技术服务]",-0.0941691878468418,0.04262147599555028,0.027144713455216667,-0.1777057457660588,-0.010632629927624815,5137,0.23141773378447217,0.4216468756083317,Adds macro-region categories.,
m10_region_macro,"C(transaction_type, Treatment(reference='借贷'))[T.其他民商事]",-0.09222795866562267,0.030206017061573064,0.0022634136803610155,-0.15143066422270826,-0.033025253108537066,5137,0.23141773378447217,0.4216468756083317,Adds macro-region categories.,
m10_region_macro,"C(transaction_type, Treatment(reference='借贷'))[T.其他/未分类]",-0.08020147355831807,0.058007093877849934,0.1667829712611243,-0.1938932884067378,0.03349034129010166,5137,0.23141773378447217,0.4216468756083317,Adds macro-region categories.,
m10_region_macro,"C(transaction_type, Treatment(reference='借贷'))[T.未分类]",0.19199978361545228,0.12032964294482393,0.11057477575685296,-0.04384198282896684,0.4278415500598714,5137,0.23141773378447217,0.4216468756083317,Adds macro-region categories.,
m10_region_macro,C(court_level_group)[T.基层法院],0.006478581938399493,0.0140836999540678,0.645512145341326,-0.02112496274064181,0.0340821266174408,5137,0.23141773378447217,0.4216468756083317,Adds macro-region categories.,
m10_region_macro,C(court_level_group)[T.高级法院],-0.0074082477805865925,0.09112879796067797,0.9352079423550236,-0.18601740973794254,0.17120091417676933,5137,0.23141773378447217,0.4216468756083317,Adds macro-region categories.,
m10_region_macro,C(index_case_cause)[T.不正当竞争纠纷],0.08937679357151147,0.16795604936844366,0.59462630772802,-0.23981101417626943,0.41856460131929235,5137,0.23141773378447217,0.4216468756083317,Adds macro-region categories.,
m10_region_macro,C(index_case_cause)[T.与公司有关的纠纷],-0.30135757241374994,0.20719572548748202,0.14581924680251684,-0.7074537321198624,0.10473858729236257,5137,0.23141773378447217,0.4216468756083317,Adds macro-region categories.,
m10_region_macro,C(index_case_cause)[T.业主撤销权纠纷],-0.04277193935553458,0.26988129371028785,0.8740752160939813,-0.571729555128775,0.4861856764177058,5137,0.23141773378447217,0.4216468756083317,Adds macro-region categories.,
m10_region_macro,C(index_case_cause)[T.中介合同纠纷],-0.520017099351362,0.039596844437789915,2.1363382146837723e-39,-0.5976254883508654,-0.4424087103518586,5137,0.23141773378447217,0.4216468756083317,Adds macro-region categories.,
m10_region_macro,C(index_case_cause)[T.买卖合同纠纷],-0.29483796473352974,0.038695977231906,2.5496800016208716e-14,-0.37068068645464747,-0.21899524301241205,5137,0.23141773378447217,0.4216468756083317,Adds macro-region categories.,
m10_region_macro,C(index_case_cause)[T.互易纠纷],-0.5151136904111921,0.040590265306769,6.669676246443686e-37,-0.594669148535385,-0.43555823228699925,5137,0.23141773378447217,0.4216468756083317,Adds macro-region categories.,
m10_region_macro,C(index_case_cause)[T.人身保险合同纠纷],-0.49686052123372726,0.03939779652039108,1.8276811355559753e-36,-0.5740787834839313,-0.41964225898352325,5137,0.23141773378447217,0.4216468756083317,Adds macro-region categories.,
m10_region_macro,C(index_case_cause)[T.仓储合同纠纷],0.23288379402031864,0.04578230369719929,3.642237687461554e-07,0.14315212764453306,0.3226154603961042,5137,0.23141773378447217,0.4216468756083317,Adds macro-region categories.,
m10_region_macro,C(index_case_cause)[T.企业承包经营合同纠纷],-0.3861322963996636,0.04068431926343569,2.2896754510456526e-21,-0.46587209689152675,-0.3063924959078005,5137,0.23141773378447217,0.4216468756083317,Adds macro-region categories.,
m10_region_macro,C(index_case_cause)[T.供用电合同纠纷],-0.5613140479980341,0.10008591734447704,2.042977149015309e-08,-0.7574788413528618,-0.36514925464320636,5137,0.23141773378447217,0.4216468756083317,Adds macro-region categories.,
m10_region_macro,C(index_case_cause)[T.侵害作品信息网络传播权纠纷],0.01006532585082256,0.18851963800151997,0.9574200637957726,-0.35942637501068514,0.3795570267123302,5137,0.23141773378447217,0.4216468756083317,Adds macro-region categories.,
m10_region_macro,C(index_case_cause)[T.侵害作品改编权纠纷],-0.3692909933163779,0.11044662085870952,0.0008269437117556713,-0.5857623924135988,-0.15281959421915695,5137,0.23141773378447217,0.4216468756083317,Adds macro-region categories.,
m10_region_macro,C(index_case_cause)[T.侵害商标权纠纷],-0.07697350012949607,0.16095593709628983,0.632488535909573,-0.39244133993611857,0.23849433967712647,5137,0.23141773378447217,0.4216468756083317,Adds macro-region categories.,
m10_region_macro,C(index_case_cause)[T.侵害外观设计专利权纠纷],0.07033743742591052,0.2606502504218861,0.7872727994325363,-0.4405276659623322,0.5812025408141532,5137,0.23141773378447217,0.4216468756083317,Adds macro-region categories.,
m10_region_macro,C(index_case_cause)[T.侵权责任纠纷],-0.08191917425424994,0.14549603456959895,0.5734119196279474,-0.3670861619040585,0.20324781339555864,5137,0.23141773378447217,0.4216468756083317,Adds macro-region categories.,
m10_region_macro,C(index_case_cause)[T.保管合同纠纷],-0.38492421495829554,0.2664696627774327,0.14858911077063,-0.9071951569745971,0.137346727058006,5137,0.23141773378447217,0.4216468756083317,Adds macro-region categories.,
m10_region_macro,C(index_case_cause)[T.保证合同纠纷],-0.0353517611962535,0.09092950586889552,0.6974373681058956,-0.2135703178313122,0.1428667954388052,5137,0.23141773378447217,0.4216468756083317,Adds macro-region categories.,
m10_region_macro,C(index_case_cause)[T.保险代理合同纠纷],-0.1611519611721902,0.03740167600048337,1.6422964517799884e-05,-0.2344578990945737,-0.08784602324980668,5137,0.23141773378447217,0.4216468756083317,Adds macro-region categories.,
m10_region_macro,C(index_case_cause)[T.信息网络买卖合同纠纷],-0.5400892331490753,0.099413162664886,5.548470044450493e-08,-0.7349354515614739,-0.3452430147366768,5137,0.23141773378447217,0.4216468756083317,Adds macro-region categories.,
m10_region_macro,C(index_case_cause)[T.信用卡纠纷],-0.48155946919032633,0.06741250458907565,9.100118695108546e-13,-0.6136855502925558,-0.34943338808809693,5137,0.23141773378447217,0.4216468756083317,Adds macro-region categories.,
m10_region_macro,C(index_case_cause)[T.修理合同纠纷],-0.534815261021892,0.04037193164572445,4.68321182146241e-40,-0.6139427930338248,-0.45568772900995924,5137,0.23141773378447217,0.4216468756083317,Adds macro-region categories.,
m10_region_macro,C(index_case_cause)[T.借款合同纠纷],-0.21263914099577635,0.12297233394160176,0.08378002656306775,-0.4536604866161483,0.028382204624595564,5137,0.23141773378447217,0.4216468756083317,Adds macro-region categories.,
m10_region_macro,C(index_case_cause)[T.借用合同纠纷],-0.22154652140803566,0.1561969557943819,0.15608006961912577,-0.5276869292598191,0.08459388644374777,5137,0.23141773378447217,0.4216468756083317,Adds macro-region categories.,
m10_region_macro,C(index_case_cause)[T.债券质权纠纷],-0.15759697131352027,0.39813027877878265,0.6922210615954794,-0.9379179788748256,0.6227240362477852,5137,0.23141773378447217,0.4216468756083317,Adds macro-region categories.,
m10_region_macro,C(index_case_cause)[T.债务加入纠纷],-0.8089150465819103,0.03213407527912351,7.890809306476502e-140,-0.8718966768054912,-0.7459334163583293,5137,0.23141773378447217,0.4216468756083317,Adds macro-region categories.,
m10_region_macro,C(index_case_cause)[T.债务转移合同纠纷],-0.4191735738495701,0.04091437244695874,1.244414406706673e-24,-0.49936427029566716,-0.33898287740347305,5137,0.23141773378447217,0.4216468756083317,Adds macro-region categories.,
m10_region_macro,C(index_case_cause)[T.债权人撤销权纠纷],-0.06090834707501416,0.274282883111944,0.8242640821252496,-0.5984929195502338,0.4766762254002055,5137,0.23141773378447217,0.4216468756083317,Adds macro-region categories.,
m10_region_macro,C(index_case_cause)[T.债权转让合同纠纷],-0.2918370379102885,0.14072453218516237,0.03809623660829516,-0.5676520527344544,-0.01602202308612255,5137,0.23141773378447217,0.4216468756083317,Adds macro-region categories.,
m10_region_macro,C(index_case_cause)[T.储蓄存款合同纠纷],-0.6778190355130301,0.03713350025014347,1.938109189112912e-74,-0.7505993586232205,-0.6050387124028398,5137,0.23141773378447217,0.4216468756083317,Adds macro-region categories.,
m10_region_macro,C(index_case_cause)[T.公益事业捐赠合同纠纷],-1.0249631863020245,0.037973399529115104,1.854151722934533e-160,-1.0993896817496405,-0.9505366908544087,5137,0.23141773378447217,0.4216468756083317,Adds macro-region categories.,
m10_region_macro,C(index_case_cause)[T.共有纠纷],-0.43962920664388655,0.06584952897048733,2.451009486076748e-11,-0.5686919118249686,-0.3105665014628045,5137,0.23141773378447217,0.4216468756083317,Adds macro-region categories.,
m10_region_macro,C(index_case_cause)[T.再保险合同纠纷],-0.5212804307557056,0.03954345585878872,1.1070560996104745e-39,-0.5987841800631809,-0.44377668144823035,5137,0.23141773378447217,0.4216468756083317,Adds macro-region categories.,
m10_region_macro,C(index_case_cause)[T.分期付款买卖合同纠纷],-0.7837416555346405,0.036468366233892775,1.8899714649462293e-102,-0.8552183399280869,-0.712264971141194,5137,0.23141773378447217,0.4216468756083317,Adds macro-region categories.,
m10_region_macro,C(index_case_cause)[T.劳务合同纠纷],-0.41492903441285317,0.0952530348841932,1.3241751306500736e-05,-0.6016215522040093,-0.22823651662169708,5137,0.23141773378447217,0.4216468756083317,Adds macro-region categories.,
m10_region_macro,C(index_case_cause)[T.劳动争议],-0.4485867579545387,0.07997555529021032,2.034421642808651e-08,-0.6053359659669427,-0.2918375499421346,5137,0.23141773378447217,0.4216468756083317,Adds macro-region categories.,
m10_region_macro,C(index_case_cause)[T.劳动合同纠纷],-0.38370264649356917,0.09854991440737589,9.881417871510728e-05,-0.5768569294115309,-0.19054836357560745,5137,0.23141773378447217,0.4216468756083317,Adds macro-region categories.,
m10_region_macro,C(index_case_cause)[T.占有物返还纠纷],-0.8591862950587471,0.05994731483470261,1.3737850074106174e-46,-0.9766808731046479,-0.7416917170128463,5137,0.23141773378447217,0.4216468756083317,Adds macro-region categories.,
m10_region_macro,C(index_case_cause)[T.发起人责任纠纷],-0.47925095528633205,0.08502855286113664,1.7368897211624593e-08,-0.64590385655172,-0.3125980540209441,5137,0.23141773378447217,0.4216468756083317,Adds macro-region categories.,
m10_region_macro,C(index_case_cause)[T.合伙企业纠纷],-0.5126009502024376,0.14725822956987625,0.0004996081483527828,-0.8012217765865262,-0.22398012381834892,5137,0.23141773378447217,0.4216468756083317,Adds macro-region categories.,
m10_region_macro,C(index_case_cause)[T.合伙协议纠纷],-0.4749825054070148,0.06891334741763903,5.483563098519753e-12,-0.6100501843996836,-0.339914826414346,5137,0.23141773378447217,0.4216468756083317,Adds macro-region categories.,
m10_region_macro,C(index_case_cause)[T.合伙合同纠纷],-0.19850452365286209,0.0883515630889331,0.024655538918898115,-0.3716704052849894,-0.025338642020734797,5137,0.23141773378447217,0.4216468756083317,Adds macro-region categories.,
m10_region_macro,C(index_case_cause)[T.合作创作合同纠纷],-0.3973671011674981,0.03960538694371569,1.0897442028296942e-23,-0.47499223317095374,-0.3197419691640425,5137,0.23141773378447217,0.4216468756083317,Adds macro-region categories.,
m10_region_macro,C(index_case_cause)[T.合同、准合同纠纷],0.27359000075228784,0.04563779739156053,2.037213867585029e-09,0.18414156153109318,0.3630384399734825,5137,0.23141773378447217,0.4216468756083317,Adds macro-region categories.,
m10_region_macro,C(index_case_cause)[T.合同、无因管理、不当得利],-0.5495617145722813,0.11196794434396781,9.191337486603147e-07,-0.7690148529094435,-0.33010857623511913,5137,0.23141773378447217,0.4216468756083317,Adds macro-region categories.,
m10_region_macro,C(index_case_cause)[T.合同纠纷],-0.25229217368007684,0.03294419665759656,1.8860491307750244e-14,-0.31686161262857093,-0.18772273473158274,5137,0.23141773378447217,0.4216468756083317,Adds macro-region categories.,
m10_region_macro,C(index_case_cause)[T.名誉权纠纷],-0.01809222477940417,0.04003680994803991,0.6513483956042398,-0.09656293033343735,0.06037848077462901,5137,0.23141773378447217,0.4216468756083317,Adds macro-region categories.,
m10_region_macro,C(index_case_cause)[T.商品房销售合同纠纷],-0.6270229718310046,0.03677361932676696,3.442459466149503e-65,-0.6990979412926539,-0.5549480023693554,5137,0.23141773378447217,0.4216468756083317,Adds macro-region categories.,
m10_region_macro,C(index_case_cause)[T.商品房预售合同纠纷],-0.671203167987073,0.14545164018143733,3.938266549766192e-06,-0.9562831442349692,-0.38612319173917686,5137,0.23141773378447217,0.4216468756083317,Adds macro-region categories.,
m10_region_macro,C(index_case_cause)[T.土地租赁合同纠纷],-0.5322792579339921,0.04002453294273225,2.3513449981412134e-40,-0.6107259009997843,-0.4538326148682,5137,0.23141773378447217,0.4216468756083317,Adds macro-region categories.,
m10_region_macro,C(index_case_cause)[T.委托合同纠纷],-0.2817033812057014,0.0380056306111664,1.2426941000420676e-13,-0.35619304841332056,-0.20721371399808222,5137,0.23141773378447217,0.4216468756083317,Adds macro-region categories.,
m10_region_macro,C(index_case_cause)[T.委托理财合同纠纷],-0.14311546361151392,0.048677611885293876,0.003281407765641381,-0.2385218297601088,-0.04770909746291904,5137,0.23141773378447217,0.4216468756083317,Adds macro-region categories.,
m10_region_macro,C(index_case_cause)[T.娱乐服务合同纠纷],-0.4259174650394516,0.05267391367787592,6.169270715879157e-16,-0.5291564387728601,-0.3226784913060431,5137,0.23141773378447217,0.4216468756083317,Adds macro-region categories.,
m10_region_macro,C(index_case_cause)[T.婚约财产纠纷],0.10795883735613225,0.21263310812023128,0.6116472276509465,-0.30879439648033236,0.5247120711925969,5137,0.23141773378447217,0.4216468756083317,Adds macro-region categories.,
m10_region_macro,C(index_case_cause)[T.定作合同纠纷],-0.5165081247417762,0.03988348020598163,2.3364882809773907e-38,-0.5946783095236163,-0.4383379399599361,5137,0.23141773378447217,0.4216468756083317,Adds macro-region categories.,
m10_region_macro,C(index_case_cause)[T.定金合同纠纷],-0.22609076338325532,0.27009883730981415,0.4025550334057627,-0.7554747567766344,0.30329323001012387,5137,0.23141773378447217,0.4216468756083317,Adds macro-region categories.,
m10_region_macro,C(index_case_cause)[T.广告合同纠纷],-0.23816904658207136,0.1453330919389091,0.1012589680947078,-0.5230166725441816,0.046678579380038915,5137,0.23141773378447217,0.4216468756083317,Adds macro-region categories.,
m10_region_macro,C(index_case_cause)[T.建设工程合同纠纷],-0.5021457334960593,0.04195886261946129,5.254343697007801e-33,-0.5843835930624673,-0.41990787392965123,5137,0.23141773378447217,0.4216468756083317,Adds macro-region categories.,
m10_region_macro,C(index_case_cause)[T.建设工程施工合同纠纷],0.1550632618251834,0.12786227531698868,0.22523053949175265,-0.09554219277745915,0.405668716427826,5137,0.23141773378447217,0.4216468756083317,Adds macro-region categories.,
m10_region_macro,C(index_case_cause)[T.悬赏广告纠纷],0.4559041389578682,0.06710398319271735,1.0907002432585212e-11,0.32438274868096106,0.5874255292347753,5137,0.23141773378447217,0.4216468756083317,Adds macro-region categories.,
m10_region_macro,C(index_case_cause)[T.房屋买卖合同纠纷],-0.6013718574861655,0.07867220359299779,2.1054351882458e-14,-0.7555665431128438,-0.44717717185948724,5137,0.23141773378447217,0.4216468756083317,Adds macro-region categories.,
m10_region_macro,C(index_case_cause)[T.房屋拆迁安置补偿合同纠纷],0.6196450741849999,0.041005759105833414,1.366870497929065e-51,0.5392752631788411,0.7000148851911587,5137,0.23141773378447217,0.4216468756083317,Adds macro-region categories.,
m10_region_macro,C(index_case_cause)[T.房屋租赁合同纠纷],-0.2860688009945057,0.11131289309873268,0.010171258388993161,-0.504238062482979,-0.0678995395060325,5137,0.23141773378447217,0.4216468756083317,Adds macro-region categories.,
m10_region_macro,C(index_case_cause)[T.所有权确认纠纷],-0.81213193369469,0.03198688575595785,3.291495386583441e-142,-0.8748250777539646,-0.7494387896354153,5137,0.23141773378447217,0.4216468756083317,Adds macro-region categories.,
m10_region_macro,C(index_case_cause)[T.所有权纠纷],-0.38340541580681325,0.2591178171245842,0.13896488496495055,-0.8912670051236344,0.12445617351000787,5137,0.23141773378447217,0.4216468756083317,Adds macro-region categories.,
m10_region_macro,C(index_case_cause)[T.执行异议之诉],-0.18705232011437056,0.2803509083293966,0.504639392815738,-0.7365300034730781,0.36242536324433694,5137,0.23141773378447217,0.4216468756083317,Adds macro-region categories.,
m10_region_macro,C(index_case_cause)[T.技术合同纠纷],-0.3894306934201033,0.039793899331899085,1.2906687644490182e-22,-0.46742530291503803,-0.3114360839251685,5137,0.23141773378447217,0.4216468756083317,Adds macro-region categories.,
m10_region_macro,C(index_case_cause)[T.技术委托开发合同纠纷],-0.40054313395303576,0.039777379921032606,7.526768151770338e-24,-0.4785053659976264,-0.32258090190844513,5137,0.23141773378447217,0.4216468756083317,Adds macro-region categories.,
m10_region_macro,C(index_case_cause)[T.技术服务合同纠纷],-0.38892416078367165,0.05101646341688496,2.4688260179178065e-14,-0.4889145916993714,-0.2889337298679719,5137,0.23141773378447217,0.4216468756083317,Adds macro-region categories.,
m10_region_macro,C(index_case_cause)[T.抵押合同纠纷],0.0809559096896614,0.33201167870919085,0.8073589807668704,-0.5697750230270365,0.7316868424063593,5137,0.23141773378447217,0.4216468756083317,Adds macro-region categories.,
m10_region_macro,C(index_case_cause)[T.担保物权确认纠纷],-0.3978789601524639,0.06566940411525993,1.371255348044962e-09,-0.5265886271045798,-0.269169293200348,5137,0.23141773378447217,0.4216468756083317,Adds macro-region categories.,
m10_region_macro,C(index_case_cause)[T.损害公司债权人利益责任纠纷],-0.44982488660620806,0.07856966880556579,1.0332885458400715e-08,-0.6038186077423572,-0.29583116547005894,5137,0.23141773378447217,0.4216468756083317,Adds macro-region categories.,
m10_region_macro,C(index_case_cause)[T.损害公司利益责任纠纷],-0.39480419125566807,0.053394632908299676,1.4239059025975134e-13,-0.4994557487236726,-0.29015263378766354,5137,0.23141773378447217,0.4216468756083317,Adds macro-region categories.,
m10_region_macro,C(index_case_cause)[T.排除妨害纠纷],0.28512268536213986,0.037235308485788626,1.8985264946976203e-14,0.2121428217767555,0.35810254894752425,5137,0.23141773378447217,0.4216468756083317,Adds macro-region categories.,
m10_region_macro,C(index_case_cause)[T.教育培训合同纠纷],-0.4604191213905841,0.057610542810895865,1.3284815200403668e-15,-0.5733337104297429,-0.3475045323514253,5137,0.23141773378447217,0.4216468756083317,Adds macro-region categories.,
m10_region_macro,C(index_case_cause)[T.旅游合同纠纷],-0.40154489772388213,0.03986070374705371,7.220702370669338e-24,-0.47967044146652815,-0.3234193539812361,5137,0.23141773378447217,0.4216468756083317,Adds macro-region categories.,
m10_region_macro,C(index_case_cause)[T.服务合同纠纷],-0.36138936660828397,0.06404939933635283,1.6774103558149328e-08,-0.48692388253895913,-0.23585485067760878,5137,0.23141773378447217,0.4216468756083317,Adds macro-region categories.,
m10_region_macro,C(index_case_cause)[T.机动车交通事故责任纠纷],-0.059923862773649986,0.039167740212736696,0.12603429688149537,-0.1366912229464351,0.016843497399135127,5137,0.23141773378447217,0.4216468756083317,Adds macro-region categories.,
m10_region_macro,C(index_case_cause)[T.案外人执行异议之诉],-0.4621643885691085,0.0799256164695975,7.362862917714609e-09,-0.618815718291681,-0.305513058846536,5137,0.23141773378447217,0.4216468756083317,Adds macro-region categories.,
m10_region_macro,C(index_case_cause)[T.民间借贷纠纷],-0.3300094120372235,0.03251613880132561,3.344472044012707e-24,-0.3937398730041271,-0.2662789510703199,5137,0.23141773378447217,0.4216468756083317,Adds macro-region categories.,
m10_region_macro,C(index_case_cause)[T.民间委托理财合同纠纷],-0.038407799730317556,0.05067961698873868,0.44853780874146254,-0.13773802377852962,0.06092242431789451,5137,0.23141773378447217,0.4216468756083317,Adds macro-region categories.,
m10_region_macro,C(index_case_cause)[T.法律服务合同纠纷],-0.5043076373125155,0.05019632816924638,9.499178505008798e-24,-0.6026906326803918,-0.4059246419446392,5137,0.23141773378447217,0.4216468756083317,Adds macro-region categories.,
m10_region_macro,C(index_case_cause)[T.消费者权益保护民事公益诉讼],0.4735994504820747,0.0665085819321765,1.0724224250297698e-12,0.34324502523217737,0.603953875731972,5137,0.23141773378447217,0.4216468756083317,Adds macro-region categories.,
m10_region_macro,C(index_case_cause)[T.清算责任纠纷],0.12122757454184391,0.19400990069051433,0.5320678596564646,-0.2590248434557567,0.5014799925394445,5137,0.23141773378447217,0.4216468756083317,Adds macro-region categories.,
m10_region_macro,C(index_case_cause)[T.演出合同纠纷],-0.4219551785916527,0.04118719885453939,1.2486521613550438e-24,-0.5026806049706393,-0.34122975221266616,5137,0.23141773378447217,0.4216468756083317,Adds macro-region categories.,
m10_region_macro,C(index_case_cause)[T.物业服务合同纠纷],-0.5446244063484559,0.05286217507013732,6.849370050056727e-25,-0.6482323656303761,-0.44101644706653564,5137,0.23141773378447217,0.4216468756083317,Adds macro-region categories.,
m10_region_macro,C(index_case_cause)[T.物权保护纠纷],0.2000738980811813,0.04461949997746678,7.3256198580475165e-06,0.11262128511716067,0.28752651104520194,5137,0.23141773378447217,0.4216468756083317,Adds macro-region categories.,
m10_region_macro,C(index_case_cause)[T.物权纠纷],0.599836664673754,0.07361059329054265,3.6760848768074356e-16,0.45556255294366466,0.7441107764038433,5137,0.23141773378447217,0.4216468756083317,Adds macro-region categories.,
m10_region_macro,C(index_case_cause)[T.特许经营合同纠纷],-0.5217169633536611,0.03863113110757637,1.4593217852904782e-41,-0.5974325890065557,-0.44600133770076655,5137,0.23141773378447217,0.4216468756083317,Adds macro-region categories.,
m10_region_macro,C(index_case_cause)[T.确认合同效力纠纷],-0.35561423405404996,0.14468124023554962,0.013974612857705826,-0.6391842541543146,-0.07204421395378535,5137,0.23141773378447217,0.4216468756083317,Adds macro-region categories.,
m10_region_macro,C(index_case_cause)[T.确认合同无效纠纷],0.10929658762040091,0.09633669430073986,0.25657352492540375,-0.0795198635986943,0.29811303883949614,5137,0.23141773378447217,0.4216468756083317,Adds macro-region categories.,
m10_region_macro,C(index_case_cause)[T.确认合同有效纠纷],0.4510652152445401,0.060610806038905674,9.917721962316863e-14,0.3322702183343421,0.569860212154738,5137,0.23141773378447217,0.4216468756083317,Adds macro-region categories.,
m10_region_macro,C(index_case_cause)[T.离婚后财产纠纷],-0.6382278924570625,0.07970973596639934,1.1763597843392058e-15,-0.7944561041684022,-0.48199968074572275,5137,0.23141773378447217,0.4216468756083317,Adds macro-region categories.,
m10_region_macro,C(index_case_cause)[T.离婚纠纷],-0.23320856802317785,0.363202504690475,0.5208149776360442,-0.9450723963112488,0.4786552602648932,5137,0.23141773378447217,0.4216468756083317,Adds macro-region categories.,
m10_region_macro,C(index_case_cause)[T.种植、养殖回收合同纠纷],-0.509692677430227,0.04085371139738338,1.0087604708273613e-35,-0.5897644804038918,-0.429620874456562,5137,0.23141773378447217,0.4216468756083317,Adds macro-region categories.,
m10_region_macro,C(index_case_cause)[T.租赁合同纠纷],-0.5005778952058042,0.06453543313656968,8.721144544906625e-15,-0.6270650198801735,-0.37409077053143486,5137,0.23141773378447217,0.4216468756083317,Adds macro-region categories.,
m10_region_macro,C(index_case_cause)[T.竞业限制纠纷],-0.43207666191981237,0.06609835656590655,6.281771418419984e-11,-0.5616270602262758,-0.3025262636133489,5137,0.23141773378447217,0.4216468756083317,Adds macro-region categories.,
m10_region_macro,C(index_case_cause)[T.缔约过失责任纠纷],-0.00401515460941156,0.3407321431154797,0.9905980231231962,-0.6718378834908992,0.663807574272076,5137,0.23141773378447217,0.4216468756083317,Adds macro-region categories.,
m10_region_macro,C(index_case_cause)[T.网络侵害虚拟财产纠纷],-0.44676304034661013,0.21524305672427252,0.03792900399973092,-0.8686316794484962,-0.024894401244724085,5137,0.23141773378447217,0.4216468756083317,Adds macro-region categories.,
m10_region_macro,C(index_case_cause)[T.网络侵权责任纠纷],-0.3116276746513363,0.107789621404984,0.0038392880897463923,-0.5228914505123127,-0.10036389879035992,5137,0.23141773378447217,0.4216468756083317,Adds macro-region categories.,
m10_region_macro,C(index_case_cause)[T.网络域名合同纠纷],-0.41052870180196016,0.05261417678349029,6.0632424152958495e-15,-0.5136505933738246,-0.30740681023009575,5137,0.23141773378447217,0.4216468756083317,Adds macro-region categories.,
m10_region_macro,C(index_case_cause)[T.网络服务合同纠纷],-0.44187521447319544,0.04869525647052543,1.1441379552185662e-19,-0.5373161633733663,-0.3464342655730246,5137,0.23141773378447217,0.4216468756083317,Adds macro-region categories.,
m10_region_macro,C(index_case_cause)[T.联营合同纠纷],-0.4051727501155457,0.043811976434736756,2.2875226772761968e-20,-0.4910426460191473,-0.3193028542119441,5137,0.23141773378447217,0.4216468756083317,Adds macro-region categories.,
m10_region_macro,C(index_case_cause)[T.肖像权纠纷],0.35025039319485723,0.1510086438865501,0.02037301881354633,0.0542788898229844,0.6462218965667301,5137,0.23141773378447217,0.4216468756083317,Adds macro-region categories.,
m10_region_macro,C(index_case_cause)[T.股东出资纠纷],-0.72308632371436,0.18121012254227273,6.598429031538943e-05,-1.0782516375313043,-0.36792100989741566,5137,0.23141773378447217,0.4216468756083317,Adds macro-region categories.,
m10_region_macro,C(index_case_cause)[T.股东损害公司债权人利益责任纠纷],-0.42288193511727695,0.17583831302020392,0.016174783284597496,-0.7675186957391571,-0.07824517449539681,5137,0.23141773378447217,0.4216468756083317,Adds macro-region categories.,
m10_region_macro,C(index_case_cause)[T.股东资格确认纠纷],-0.7362819859968325,0.04419724511450023,2.603330954313502e-62,-0.8229069946371418,-0.6496569773565232,5137,0.23141773378447217,0.4216468756083317,Adds macro-region categories.,
m10_region_macro,C(index_case_cause)[T.股权转让纠纷],-0.474479108221855,0.16994954456427114,0.005240243003524076,-0.8075740947568113,-0.14138412168689868,5137,0.23141773378447217,0.4216468756083317,Adds macro-region categories.,
m10_region_macro,C(index_case_cause)[T.著作权合同纠纷],-0.3964786496832737,0.039226726390399674,5.1246529356663974e-24,-0.4733616206398639,-0.31959567872668343,5137,0.23141773378447217,0.4216468756083317,Adds macro-region categories.,
m10_region_macro,C(index_case_cause)[T.著作权权属纠纷],-0.5148324524019944,0.10795796871443768,1.8530530996105512e-06,-0.7264261829263942,-0.3032387218775946,5137,0.23141773378447217,0.4216468756083317,Adds macro-region categories.,
m10_region_macro,C(index_case_cause)[T.著作权许可使用合同纠纷],-0.4268824007089708,0.055036442782887,8.740247902513002e-15,-0.5347518464006287,-0.3190129550173129,5137,0.23141773378447217,0.4216468756083317,Adds macro-region categories.,
m10_region_macro,C(index_case_cause)[T.融资租赁合同纠纷],-0.5885775224528867,0.05509287345797834,1.2176997688844514e-26,-0.6965575702353469,-0.4805974746704265,5137,0.23141773378447217,0.4216468756083317,Adds macro-region categories.,
m10_region_macro,C(index_case_cause)[T.行纪合同纠纷],-0.15122891151565412,0.25003688197338486,0.545294338836398,-0.6412921949901808,0.33883437195887245,5137,0.23141773378447217,0.4216468756083317,Adds macro-region categories.,
m10_region_macro,C(index_case_cause)[T.被继承人债务清偿纠纷],-0.37868560587324174,0.12104605031174923,0.0017573540352734398,-0.6159315049550936,-0.14143970679138987,5137,0.23141773378447217,0.4216468756083317,Adds macro-region categories.,
m10_region_macro,C(index_case_cause)[T.装饰装修合同纠纷],-0.4528381737215543,0.040090471561965504,1.382628135580153e-29,-0.531414054106234,-0.37426229333687466,5137,0.23141773378447217,0.4216468756083317,Adds macro-region categories.,
m10_region_macro,C(index_case_cause)[T.计算机软件开发合同纠纷],-0.29232088544175905,0.09827846646217228,0.0029354834899617856,-0.4849431401634443,-0.09969863072007379,5137,0.23141773378447217,0.4216468756083317,Adds macro-region categories.,
m10_region_macro,C(index_case_cause)[T.计算机软件著作权许可使用合同纠纷],-0.47856787018388464,0.04192661324970324,3.542691995379316e-30,-0.5607425221470428,-0.3963932182207265,5137,0.23141773378447217,0.4216468756083317,Adds macro-region categories.,
m10_region_macro,C(index_case_cause)[T.财产保险合同纠纷],-0.728699627990581,0.035378316946981354,2.898687582736581e-94,-0.7980398550403075,-0.6593594009408544,5137,0.23141773378447217,0.4216468756083317,Adds macro-region categories.,
m10_region_macro,C(index_case_cause)[T.财产损失保险合同纠纷],-0.522955628178242,0.03950723978908609,5.368016325027571e-40,-0.6003883952934386,-0.4455228610630455,5137,0.23141773378447217,0.4216468756083317,Adds macro-region categories.,
m10_region_macro,C(index_case_cause)[T.财产损害赔偿纠纷],-0.10426311678869601,0.11768167782335963,0.3756305764343242,-0.3349149669627269,0.12638873338533485,5137,0.23141773378447217,0.4216468756083317,Adds macro-region categories.,
m10_region_macro,C(index_case_cause)[T.赠与合同纠纷],0.09703733502099733,0.08390972640944996,0.24749747171444214,-0.06742270669413401,0.26149737673612866,5137,0.23141773378447217,0.4216468756083317,Adds macro-region categories.,
m10_region_macro,C(index_case_cause)[T.车辆租赁合同纠纷],-0.522972213317744,0.03942962757257491,3.772250057456484e-40,-0.6002528632838183,-0.4456915633516697,5137,0.23141773378447217,0.4216468756083317,Adds macro-region categories.,
m10_region_macro,C(index_case_cause)[T.运输合同纠纷],-0.14484799399158726,0.2673551587769421,0.587969256258202,-0.6688544762753814,0.37915848829220694,5137,0.23141773378447217,0.4216468756083317,Adds macro-region categories.,
m10_region_macro,C(index_case_cause)[T.返还原物纠纷],-0.27943827935006205,0.0969267892719403,0.003939287817920954,-0.46941129546016835,-0.08946526323995577,5137,0.23141773378447217,0.4216468756083317,Adds macro-region categories.,
m10_region_macro,C(index_case_cause)[T.追偿权纠纷],-0.42850248279012254,0.12472806383925555,0.0005914751232796943,-0.6729649957764761,-0.184039969803769,5137,0.23141773378447217,0.4216468756083317,Adds macro-region categories.,
m10_region_macro,C(index_case_cause)[T.追加、变更被执行人异议之诉],-0.7166353517062162,0.04429516138713441,7.135624823542216e-59,-0.8034522727143889,-0.6298184306980434,5137,0.23141773378447217,0.4216468756083317,Adds macro-region categories.,
m10_region_macro,C(index_case_cause)[T.金融借款合同纠纷],-0.5921950161522708,0.03605885628860445,1.3090496117564352e-60,-0.6628690758016411,-0.5215209565029004,5137,0.23141773378447217,0.4216468756083317,Adds macro-region categories.,
m10_region_macro,C(index_case_cause)[T.铁路运输财产损害责任纠纷],0.19829656143624905,0.0331000597174603,2.0878323070298173e-09,0.13342163650390182,0.2631714863685963,5137,0.23141773378447217,0.4216468756083317,Adds macro-region categories.,
m10_region_macro,C(index_case_cause)[T.银行卡纠纷],-0.6977361040274344,0.040023391616395176,4.6181156962737666e-68,-0.7761805101347112,-0.6192916979201575,5137,0.23141773378447217,0.4216468756083317,Adds macro-region categories.,
m10_region_macro,C(index_case_cause)[T.餐饮服务合同纠纷],0.5343446413789585,0.05902072864688343,1.3844742658758728e-19,0.41866613888975557,0.6500231438681615,5137,0.23141773378447217,0.4216468756083317,Adds macro-region categories.,
m10_region_macro,post2021,0.11025880174397688,0.013378370898076388,1.6996316261049602e-16,0.08403767661192839,0.1364799268760254,5137,0.23141773378447217,0.4216468756083317,Adds macro-region categories.,
m10_region_macro,log_amount_master,-0.004875170645052123,0.0036370408003496657,0.18010808528255828,-0.012003639624040201,0.002253298333935955,5137,0.23141773378447217,0.4216468756083317,Adds macro-region categories.,
m10_region_macro,amount_llm_regex_conflict_flag,-0.038281871289150185,0.03217091907814077,0.23406499231997846,-0.1013357140318586,0.024771971453558236,5137,0.23141773378447217,0.4216468756083317,Adds macro-region categories.,
m10_region_macro,amount_regex_fallback_flag,0.2411969981938936,0.045690723274644095,1.2995799143982376e-07,0.15164482614800517,0.330749170239782,5137,0.23141773378447217,0.4216468756083317,Adds macro-region categories.,
m11_strict_dv,Intercept,0.5262828902614005,0.05539279095077445,2.0802907783145635e-21,0.4177150149947264,0.6348507655280746,5114,0.23254825479268226,0.41728588189284316,Strict DV robustness.,
m11_strict_dv,"C(transaction_type, Treatment(reference='借贷'))[T.投资/理财]",0.2167173294691717,0.020160097217333448,5.938014821194676e-27,0.17720426499837197,0.2562303939399714,5114,0.23254825479268226,0.41728588189284316,Strict DV robustness.,
m11_strict_dv,"C(transaction_type, Treatment(reference='借贷'))[T.交易/买卖]",0.18797867412661637,0.03219228052728942,5.243731276202619e-09,0.12488296371291902,0.2510743845403137,5114,0.23254825479268226,0.41728588189284316,Strict DV robustness.,
m11_strict_dv,"C(transaction_type, Treatment(reference='借贷'))[T.ICO/发币]",0.5553213316760092,0.027137997666435206,4.614030470613907e-93,0.5021318336372641,0.6085108297147542,5114,0.23254825479268226,0.41728588189284316,Strict DV robustness.,
m11_strict_dv,"C(transaction_type, Treatment(reference='借贷'))[T.挖矿]",0.12945751340454642,0.03642631885139703,0.00037948352988648225,0.058063240366435814,0.20085178644265703,5114,0.23254825479268226,0.41728588189284316,Strict DV robustness.,
m11_strict_dv,"C(transaction_type, Treatment(reference='借贷'))[T.技术服务]",-0.08592492516967491,0.04188794718321029,0.04023732433227181,-0.16802379303508308,-0.0038260573042667445,5114,0.23254825479268226,0.41728588189284316,Strict DV robustness.,
m11_strict_dv,"C(transaction_type, Treatment(reference='借贷'))[T.其他民商事]",-0.09477634902888456,0.030032648033805363,0.0016007102545218927,-0.15363925753551072,-0.03591344052225838,5114,0.23254825479268226,0.41728588189284316,Strict DV robustness.,
m11_strict_dv,"C(transaction_type, Treatment(reference='借贷'))[T.其他/未分类]",-0.05545404394441165,0.05705624110675832,0.3310908541558888,-0.1672822216068917,0.05637413371806841,5114,0.23254825479268226,0.41728588189284316,Strict DV robustness.,
m11_strict_dv,"C(transaction_type, Treatment(reference='借贷'))[T.未分类]",-0.00981515375016511,0.1273582460115994,0.9385700214357302,-0.2594327290670919,0.23980242156676168,5114,0.23254825479268226,0.41728588189284316,Strict DV robustness.,
m11_strict_dv,C(court_level_group)[T.基层法院],0.008731865337407602,0.014067810591775568,0.5347981847263831,-0.018840536763803616,0.03630426743861882,5114,0.23254825479268226,0.41728588189284316,Strict DV robustness.,
m11_strict_dv,C(court_level_group)[T.最高人民法院],-0.048735337154259435,0.10698177937727753,0.6487150332034248,-0.25841577173573327,0.1609450974272144,5114,0.23254825479268226,0.41728588189284316,Strict DV robustness.,
m11_strict_dv,C(court_level_group)[T.高级法院],-0.039130847360907904,0.0948412411045534,0.6799047135120595,-0.22501626417491236,0.14675456945309653,5114,0.23254825479268226,0.41728588189284316,Strict DV robustness.,
m11_strict_dv,C(index_case_cause)[T.不正当竞争纠纷],0.0014153659860990904,0.20508974304367808,0.9944936802426673,-0.400553143978084,0.4033838759502822,5114,0.23254825479268226,0.41728588189284316,Strict DV robustness.,
m11_strict_dv,C(index_case_cause)[T.与公司有关的纠纷],-0.32489002380969584,0.19075413700729787,0.08853302235472958,-0.6987612622460188,0.04898121462662708,5114,0.23254825479268226,0.41728588189284316,Strict DV robustness.,
m11_strict_dv,C(index_case_cause)[T.业主撤销权纠纷],-0.053302428050623324,0.26614341497810956,0.8412638809222215,-0.574933936130216,0.46832908002896934,5114,0.23254825479268226,0.41728588189284316,Strict DV robustness.,
m11_strict_dv,C(index_case_cause)[T.中介合同纠纷],-0.5065175054500822,0.03799206214654009,1.504102738124204e-40,-0.5809805789557083,-0.43205443194445614,5114,0.23254825479268226,0.41728588189284316,Strict DV robustness.,
m11_strict_dv,C(index_case_cause)[T.买卖合同纠纷],-0.29470860701185914,0.03872812780579712,2.7477827308222846e-14,-0.3706143426998857,-0.21880287132383255,5114,0.23254825479268226,0.41728588189284316,Strict DV robustness.,
m11_strict_dv,C(index_case_cause)[T.互易纠纷],-0.5083049277695667,0.04152821881470666,1.9005916325059177e-34,-0.5896987409884904,-0.426911114550643,5114,0.23254825479268226,0.41728588189284316,Strict DV robustness.,
m11_strict_dv,C(index_case_cause)[T.人身保险合同纠纷],-0.5019520958332724,0.03852812675331387,8.458074521571577e-39,-0.5774658366615617,-0.42643835500498306,5114,0.23254825479268226,0.41728588189284316,Strict DV robustness.,
m11_strict_dv,C(index_case_cause)[T.仓储合同纠纷],0.2596390083854782,0.043897869557765624,3.3265226341426596e-09,0.17360076505422034,0.3456772517167361,5114,0.23254825479268226,0.41728588189284316,Strict DV robustness.,
m11_strict_dv,C(index_case_cause)[T.企业承包经营合同纠纷],-0.38629680065494093,0.03980558077524553,2.882356555732545e-22,-0.4643143053581221,-0.30827929595175974,5114,0.23254825479268226,0.41728588189284316,Strict DV robustness.,
m11_strict_dv,C(index_case_cause)[T.供用电合同纠纷],-0.5489373767855976,0.10157563017966838,6.508985410000932e-08,-0.7480219536447075,-0.3498527999264878,5114,0.23254825479268226,0.41728588189284316,Strict DV robustness.,
m11_strict_dv,C(index_case_cause)[T.侵害作品信息网络传播权纠纷],-0.06206116475885213,0.20924219373953384,0.766772165958575,-0.47216832853449087,0.34804599901678657,5114,0.23254825479268226,0.41728588189284316,Strict DV robustness.,
m11_strict_dv,C(index_case_cause)[T.侵害作品改编权纠纷],-0.37018454688853564,0.11190350882863753,0.0009394160590974449,-0.5895113939363252,-0.1508576998407461,5114,0.23254825479268226,0.41728588189284316,Strict DV robustness.,
m11_strict_dv,C(index_case_cause)[T.侵害发明专利权纠纷],0.46492297056661513,0.1683251396794911,0.0057439139365750335,0.13501175910213864,0.7948341820310916,5114,0.23254825479268226,0.41728588189284316,Strict DV robustness.,
m11_strict_dv,C(index_case_cause)[T.侵害商标权纠纷],-0.11869414676029229,0.15959681279102622,0.45705041748133546,-0.4314981518780851,0.19410985835750055,5114,0.23254825479268226,0.41728588189284316,Strict DV robustness.,
m11_strict_dv,C(index_case_cause)[T.侵害外观设计专利权纠纷],-0.4426742304319713,0.06631581649432641,2.4682181496374233e-11,-0.5726508423662183,-0.31269761849772426,5114,0.23254825479268226,0.41728588189284316,Strict DV robustness.,
m11_strict_dv,C(index_case_cause)[T.侵权责任纠纷],-0.09449765118487755,0.14423926360164213,0.5123743175277018,-0.3772014130006752,0.18820611063092016,5114,0.23254825479268226,0.41728588189284316,Strict DV robustness.,
m11_strict_dv,C(index_case_cause)[T.保管合同纠纷],-0.37871480325910417,0.2637766627271255,0.15107623335469192,-0.895707562166439,0.1382779556482307,5114,0.23254825479268226,0.41728588189284316,Strict DV robustness.,
m11_strict_dv,C(index_case_cause)[T.保证合同纠纷],-0.0378506475130669,0.09164942585529622,0.6796111333514339,-0.21748022139322154,0.14177892636708772,5114,0.23254825479268226,0.41728588189284316,Strict DV robustness.,
m11_strict_dv,C(index_case_cause)[T.保险代理合同纠纷],-0.15529196601029438,0.035834494364891285,1.466980202782071e-05,-0.2255262843696848,-0.08505764765090394,5114,0.23254825479268226,0.41728588189284316,Strict DV robustness.,
m11_strict_dv,C(index_case_cause)[T.信息网络买卖合同纠纷],-0.534388355819759,0.10000539134066133,9.112080323996458e-08,-0.730395321107289,-0.33838139053222893,5114,0.23254825479268226,0.41728588189284316,Strict DV robustness.,
m11_strict_dv,C(index_case_cause)[T.信用卡纠纷],-0.5143133124634758,0.06640318623381071,9.534836513321833e-15,-0.6444611659404507,-0.3841654589865009,5114,0.23254825479268226,0.41728588189284316,Strict DV robustness.,
m11_strict_dv,C(index_case_cause)[T.修理合同纠纷],-0.5177602885595486,0.03888791865048323,1.9149334364783485e-40,-0.5939792085482192,-0.441541368570878,5114,0.23254825479268226,0.41728588189284316,Strict DV robustness.,
m11_strict_dv,C(index_case_cause)[T.借款合同纠纷],-0.2519045335423061,0.1217901271832166,0.03860718190431752,-0.4906087964939633,-0.013200270590648905,5114,0.23254825479268226,0.41728588189284316,Strict DV robustness.,
m11_strict_dv,C(index_case_cause)[T.借用合同纠纷],-0.22874346959187383,0.15672711414780652,0.14442710807473771,-0.5359229687224726,0.07843602953872489,5114,0.23254825479268226,0.41728588189284316,Strict DV robustness.,
m11_strict_dv,C(index_case_cause)[T.债券质权纠纷],-0.08176546757817757,0.29044248122442523,0.7783113255964332,-0.6510222703585019,0.4874913352021467,5114,0.23254825479268226,0.41728588189284316,Strict DV robustness.,
m11_strict_dv,C(index_case_cause)[T.债务加入纠纷],-0.8178204326436423,0.03091420443784618,3.237022233998893e-154,-0.8784111599525292,-0.7572297053347555,5114,0.23254825479268226,0.41728588189284316,Strict DV robustness.,
m11_strict_dv,C(index_case_cause)[T.债务转移合同纠纷],-0.3927875434713937,0.0391251094560749,1.0242920871697851e-23,-0.469471348896488,-0.31610373804629943,5114,0.23254825479268226,0.41728588189284316,Strict DV robustness.,
m11_strict_dv,C(index_case_cause)[T.债权人撤销权纠纷],-0.10607964696918976,0.2841617144545095,0.7089197319150369,-0.6630263730851833,0.45086707914680374,5114,0.23254825479268226,0.41728588189284316,Strict DV robustness.,
m11_strict_dv,C(index_case_cause)[T.债权转让合同纠纷],-0.2882433560777055,0.13864581844184187,0.03761821259434961,-0.5599841668307948,-0.016502545324616202,5114,0.23254825479268226,0.41728588189284316,Strict DV robustness.,
m11_strict_dv,C(index_case_cause)[T.储蓄存款合同纠纷],-0.6829182894767077,0.03626755857197089,4.2872470736315813e-79,-0.7540013980849676,-0.6118351808684479,5114,0.23254825479268226,0.41728588189284316,Strict DV robustness.,
m11_strict_dv,C(index_case_cause)[T.公益事业捐赠合同纠纷],-1.0371306526089537,0.03753925739819349,5.145323133401888e-168,-1.1107062451157916,-0.9635550601021157,5114,0.23254825479268226,0.41728588189284316,Strict DV robustness.,
m11_strict_dv,C(index_case_cause)[T.共有纠纷],-0.43851382503298486,0.06392711956342068,6.905849836244794e-12,-0.5638086770126753,-0.31321897305329444,5114,0.23254825479268226,0.41728588189284316,Strict DV robustness.,
m11_strict_dv,C(index_case_cause)[T.再保险合同纠纷],-0.5074773112212712,0.037945253246188325,8.587607617078101e-41,-0.5818486409680519,-0.4331059814744905,5114,0.23254825479268226,0.41728588189284316,Strict DV robustness.,
m11_strict_dv,C(index_case_cause)[T.分期付款买卖合同纠纷],-0.7911127500978595,0.03541853369510229,1.6473337201158398e-110,-0.8605318005254784,-0.7216936996702407,5114,0.23254825479268226,0.41728588189284316,Strict DV robustness.,
m11_strict_dv,C(index_case_cause)[T.劳务合同纠纷],-0.4051976869607813,0.0944720181938175,1.79417796237385e-05,-0.5903594401674763,-0.22003593375408628,5114,0.23254825479268226,0.41728588189284316,Strict DV robustness.,
m11_strict_dv,C(index_case_cause)[T.劳动争议],-0.44309920523013374,0.0781829111160664,1.4492247899885147e-08,-0.5963348952241201,-0.2898635152361474,5114,0.23254825479268226,0.41728588189284316,Strict DV robustness.,
m11_strict_dv,C(index_case_cause)[T.劳动合同纠纷],-0.3710999537195394,0.09937528315103376,0.00018821668282338608,-0.5658719296490357,-0.17632797779004317,5114,0.23254825479268226,0.41728588189284316,Strict DV robustness.,
m11_strict_dv,C(index_case_cause)[T.占有物返还纠纷],-0.9438815011496748,0.05533458540125342,3.0631245212538235e-65,-1.0523352956355874,-0.8354277066637623,5114,0.23254825479268226,0.41728588189284316,Strict DV robustness.,
m11_strict_dv,C(index_case_cause)[T.发起人责任纠纷],-0.5031885827123275,0.08065208645999994,4.403694807201486e-10,-0.6612637674519379,-0.345113397972717,5114,0.23254825479268226,0.41728588189284316,Strict DV robustness.,
m11_strict_dv,C(index_case_cause)[T.合伙企业纠纷],-0.5047066972138031,0.1488749477568506,0.0006985731199793939,-0.7964962330175124,-0.21291716141009387,5114,0.23254825479268226,0.41728588189284316,Strict DV robustness.,
m11_strict_dv,C(index_case_cause)[T.合伙协议纠纷],-0.4696234247932235,0.06891041477097858,9.427377500500682e-12,-0.6046853559040585,-0.3345614936823885,5114,0.23254825479268226,0.41728588189284316,Strict DV robustness.,
m11_strict_dv,C(index_case_cause)[T.合伙合同纠纷],-0.20900487693384154,0.089733149228262,0.019849401905944117,-0.3848786176405932,-0.03313113622708985,5114,0.23254825479268226,0.41728588189284316,Strict DV robustness.,
m11_strict_dv,C(index_case_cause)[T.合作创作合同纠纷],-0.39864216764763355,0.038865349574485814,1.1006522541298412e-24,-0.47481685306018484,-0.32246748223508226,5114,0.23254825479268226,0.41728588189284316,Strict DV robustness.,
m11_strict_dv,C(index_case_cause)[T.合同、准合同纠纷],0.2811709160977753,0.044679375077497016,3.1122629070760084e-10,0.19360095009412465,0.3687408821014259,5114,0.23254825479268226,0.41728588189284316,Strict DV robustness.,
m11_strict_dv,C(index_case_cause)[T.合同、无因管理、不当得利],-0.551759604236031,0.11546169317674598,1.7641085110926671e-06,-0.7780603644564672,-0.3254588440155948,5114,0.23254825479268226,0.41728588189284316,Strict DV robustness.,
m11_strict_dv,C(index_case_cause)[T.合同纠纷],-0.2556664907623573,0.03285089965619499,7.103055078697045e-15,-0.32005307094823876,-0.1912799105764759,5114,0.23254825479268226,0.41728588189284316,Strict DV robustness.,
m11_strict_dv,C(index_case_cause)[T.名誉权纠纷],-0.031910495411588406,0.03969996897590125,0.42151743160115307,-0.10972100479171235,0.04590001396853554,5114,0.23254825479268226,0.41728588189284316,Strict DV robustness.,
m11_strict_dv,C(index_case_cause)[T.商品房销售合同纠纷],-0.6125212544439321,0.03503240492310783,1.883218055120945e-68,-0.6811835063850471,-0.5438590025028172,5114,0.23254825479268226,0.41728588189284316,Strict DV robustness.,
m11_strict_dv,C(index_case_cause)[T.商品房预售合同纠纷],-0.6844454945641484,0.1407177966708358,1.150611668056023e-06,-0.9602473080228169,-0.4086436811054799,5114,0.23254825479268226,0.41728588189284316,Strict DV robustness.,
m11_strict_dv,C(index_case_cause)[T.土地租赁合同纠纷],-0.5158335808159061,0.038513757888719795,6.600597341031186e-41,-0.5913191591870923,-0.44034800244471994,5114,0.23254825479268226,0.41728588189284316,Strict DV robustness.,
m11_strict_dv,C(index_case_cause)[T.委托合同纠纷],-0.2864509813184427,0.037944373786581394,4.3782343777529365e-14,-0.3608205873560679,-0.21208137528081747,5114,0.23254825479268226,0.41728588189284316,Strict DV robustness.,
m11_strict_dv,C(index_case_cause)[T.委托理财合同纠纷],-0.14741415092126972,0.0488955031908498,0.0025707962475227486,-0.2432475761812986,-0.05158072566124082,5114,0.23254825479268226,0.41728588189284316,Strict DV robustness.,
m11_strict_dv,C(index_case_cause)[T.娱乐服务合同纠纷],-0.4044276016334839,0.05044712443440034,1.0848146481552653e-15,-0.5033021486485191,-0.3055530546184487,5114,0.23254825479268226,0.41728588189284316,Strict DV robustness.,
m11_strict_dv,C(index_case_cause)[T.婚约财产纠纷],0.09754558623098397,0.2036636663827273,0.6319711491294823,-0.3016278648385425,0.4967190373005104,5114,0.23254825479268226,0.41728588189284316,Strict DV robustness.,
m11_strict_dv,C(index_case_cause)[T.定作合同纠纷],-0.508460489068933,0.0384325763298098,5.893827188483987e-40,-0.5837869545084469,-0.4331340236294193,5114,0.23254825479268226,0.41728588189284316,Strict DV robustness.,
m11_strict_dv,C(index_case_cause)[T.定金合同纠纷],-0.2147392215497467,0.2789461470378032,0.4414047629481067,-0.7614636233700552,0.3319851802705619,5114,0.23254825479268226,0.41728588189284316,Strict DV robustness.,
m11_strict_dv,C(index_case_cause)[T.广告合同纠纷],-0.2611243595919912,0.14764658986339224,0.07696449564760227,-0.5505063581643966,0.028257638980414224,5114,0.23254825479268226,0.41728588189284316,Strict DV robustness.,
m11_strict_dv,C(index_case_cause)[T.建设工程合同纠纷],-0.491034972757108,0.04036958658034398,4.863689509780984e-34,-0.5701579085253536,-0.4119120369888623,5114,0.23254825479268226,0.41728588189284316,Strict DV robustness.,
m11_strict_dv,C(index_case_cause)[T.建设工程施工合同纠纷],0.16763438754424745,0.12744189296609343,0.18838256537016418,-0.0821471327909041,0.417415907879399,5114,0.23254825479268226,0.41728588189284316,Strict DV robustness.,
m11_strict_dv,C(index_case_cause)[T.悬赏广告纠纷],0.43197595775854086,0.06550559465403553,4.267215401384401e-11,0.3035873514507517,0.56036456406633,5114,0.23254825479268226,0.41728588189284316,Strict DV robustness.,
m11_strict_dv,C(index_case_cause)[T.房屋买卖合同纠纷],-0.5963926358939534,0.07840354324014978,2.8117177391463785e-14,-0.7500607569049758,-0.442724514882931,5114,0.23254825479268226,0.41728588189284316,Strict DV robustness.,
m11_strict_dv,C(index_case_cause)[T.房屋拆迁安置补偿合同纠纷],0.6180925097116097,0.04019829606288151,2.368338836089394e-53,0.5393052971884836,0.6968797222347357,5114,0.23254825479268226,0.41728588189284316,Strict DV robustness.,
m11_strict_dv,C(index_case_cause)[T.房屋租赁合同纠纷],-0.2938224254472251,0.11484307985964355,0.010513428352956043,-0.5189107258457837,-0.0687341250486665,5114,0.23254825479268226,0.41728588189284316,Strict DV robustness.,
m11_strict_dv,C(index_case_cause)[T.所有权确认纠纷],-0.82026443649369,0.03071004325616748,3.6049093359556274e-157,-0.8804550152394454,-0.7600738577479346,5114,0.23254825479268226,0.41728588189284316,Strict DV robustness.,
m11_strict_dv,C(index_case_cause)[T.所有权纠纷],-0.4635116645510112,0.2572864212341723,0.07161787878608308,-0.9677837838811904,0.0407604547791679,5114,0.23254825479268226,0.41728588189284316,Strict DV robustness.,
m11_strict_dv,C(index_case_cause)[T.执行异议之诉],-0.2312566531106547,0.28756747608566946,0.4212917420729153,-0.7948785493636501,0.3323652431423407,5114,0.23254825479268226,0.41728588189284316,Strict DV robustness.,
m11_strict_dv,C(index_case_cause)[T.技术合同纠纷],-0.3926125463366306,0.03914573231148991,1.1307540068121977e-23,-0.46933677181559674,-0.3158883208576645,5114,0.23254825479268226,0.41728588189284316,Strict DV robustness.,
m11_strict_dv,C(index_case_cause)[T.技术委托开发合同纠纷],-0.40105513275447024,0.039003016093107294,8.435793565106732e-25,-0.47749963958539665,-0.32461062592354384,5114,0.23254825479268226,0.41728588189284316,Strict DV robustness.,
m11_strict_dv,C(index_case_cause)[T.技术服务合同纠纷],-0.39686238152105374,0.04990854424142882,1.8383216480969973e-15,-0.49468133075507814,-0.29904343228702934,5114,0.23254825479268226,0.41728588189284316,Strict DV robustness.,
m11_strict_dv,C(index_case_cause)[T.抵押合同纠纷],0.07634527795101208,0.32997442965033374,0.817029501913956,-0.5703927199827878,0.723083275884812,5114,0.23254825479268226,0.41728588189284316,Strict DV robustness.,
m11_strict_dv,C(index_case_cause)[T.担保物权确认纠纷],-0.4292163290800601,0.06454033298098828,2.923806796939349e-11,-0.5557130572730198,-0.3027196008871004,5114,0.23254825479268226,0.41728588189284316,Strict DV robustness.,
m11_strict_dv,C(index_case_cause)[T.损害公司债权人利益责任纠纷],-0.4806372223113554,0.07798390670708016,7.125006078135956e-10,-0.6334828708309641,-0.3277915737917467,5114,0.23254825479268226,0.41728588189284316,Strict DV robustness.,
m11_strict_dv,C(index_case_cause)[T.损害公司利益责任纠纷],-0.3901838467959338,0.05099306211599258,1.9833246770269737e-14,-0.49012841200469315,-0.2902392815871745,5114,0.23254825479268226,0.41728588189284316,Strict DV robustness.,
m11_strict_dv,C(index_case_cause)[T.排除妨害纠纷],0.2851543961544549,0.035912651149635814,2.0182090995888503e-15,0.21476689331181775,0.3555418989970921,5114,0.23254825479268226,0.41728588189284316,Strict DV robustness.,
m11_strict_dv,C(index_case_cause)[T.教育培训合同纠纷],-0.4604057330654335,0.05683872464628279,5.486338843903477e-16,-0.5718075862993368,-0.3490038798315301,5114,0.23254825479268226,0.41728588189284316,Strict DV robustness.,
m11_strict_dv,C(index_case_cause)[T.旅游合同纠纷],-0.4018162146410733,0.039075895534059095,8.409650261808405e-25,-0.47840356255147864,-0.325228866730668,5114,0.23254825479268226,0.41728588189284316,Strict DV robustness.,
m11_strict_dv,C(index_case_cause)[T.服务合同纠纷],-0.36921443511867647,0.0633002010300972,5.452025840692305e-09,-0.4932805493518122,-0.24514832088554073,5114,0.23254825479268226,0.41728588189284316,Strict DV robustness.,
m11_strict_dv,C(index_case_cause)[T.机动车交通事故责任纠纷],-0.03746001255609351,0.03686949523644444,0.3096215674423495,-0.10972289534769569,0.034802870235508675,5114,0.23254825479268226,0.41728588189284316,Strict DV robustness.,
m11_strict_dv,C(index_case_cause)[T.案外人执行异议之诉],-0.4854031601103157,0.0758440048489284,1.5535643674375837e-10,-0.6340546780574966,-0.3367516421631348,5114,0.23254825479268226,0.41728588189284316,Strict DV robustness.,
m11_strict_dv,C(index_case_cause)[T.民间借贷纠纷],-0.33645313295944224,0.03251100904995789,4.233280333579583e-25,-0.40017353979841547,-0.272732726120469,5114,0.23254825479268226,0.41728588189284316,Strict DV robustness.,
m11_strict_dv,C(index_case_cause)[T.民间委托理财合同纠纷],-0.03441472271527652,0.050399432703758296,0.4947082757901533,-0.13319579565589293,0.0643663502253399,5114,0.23254825479268226,0.41728588189284316,Strict DV robustness.,
m11_strict_dv,C(index_case_cause)[T.法律服务合同纠纷],-0.5179362387331972,0.048810655034064114,2.6452835077595667e-26,-0.6136033646617716,-0.4222691128046228,5114,0.23254825479268226,0.41728588189284316,Strict DV robustness.,
m11_strict_dv,C(index_case_cause)[T.消费者权益保护民事公益诉讼],0.4492296422744674,0.06504490146488977,4.969167584690567e-12,0.32174397802532684,0.5767153065236079,5114,0.23254825479268226,0.41728588189284316,Strict DV robustness.,
m11_strict_dv,C(index_case_cause)[T.清算责任纠纷],0.1289708067672981,0.19838996225574693,0.5156357936331375,-0.25986637414822655,0.5178079876828228,5114,0.23254825479268226,0.41728588189284316,Strict DV robustness.,
m11_strict_dv,C(index_case_cause)[T.演出合同纠纷],-0.47242439506848904,0.04864719357185352,2.700414074001423e-22,-0.5677711424182704,-0.3770776477187077,5114,0.23254825479268226,0.41728588189284316,Strict DV robustness.,
m11_strict_dv,C(index_case_cause)[T.物业服务合同纠纷],-0.535538963991429,0.05093942419419986,7.506035974091129e-26,-0.635378400805269,-0.435699527177589,5114,0.23254825479268226,0.41728588189284316,Strict DV robustness.,
m11_strict_dv,C(index_case_cause)[T.物权保护纠纷],0.21285102286038166,0.046843679177179645,5.5233892944649125e-06,0.12103909876976068,0.3046629469510026,5114,0.23254825479268226,0.41728588189284316,Strict DV robustness.,
m11_strict_dv,C(index_case_cause)[T.物权纠纷],0.5185477598873014,0.06891805973139573,5.307653211566864e-14,0.38347084492938555,0.6536246748452172,5114,0.23254825479268226,0.41728588189284316,Strict DV robustness.,
m11_strict_dv,C(index_case_cause)[T.特许经营合同纠纷],-0.5143227695586339,0.03846274676922955,8.817194406646025e-41,-0.5897083679728081,-0.4389371711444596,5114,0.23254825479268226,0.41728588189284316,Strict DV robustness.,
m11_strict_dv,C(index_case_cause)[T.确认合同效力纠纷],-0.3589164561571114,0.14555121332507867,0.013666497699857227,-0.644191592180372,-0.07364132013385077,5114,0.23254825479268226,0.41728588189284316,Strict DV robustness.,
m11_strict_dv,C(index_case_cause)[T.确认合同无效纠纷],0.10902878583397548,0.09867224093421816,0.26917733252983833,-0.08436525267095098,0.30242282433890194,5114,0.23254825479268226,0.41728588189284316,Strict DV robustness.,
m11_strict_dv,C(index_case_cause)[T.确认合同有效纠纷],0.47196512641407146,0.05742369691959276,2.0521415135208312e-16,0.35941674859252604,0.5845135042356169,5114,0.23254825479268226,0.41728588189284316,Strict DV robustness.,
m11_strict_dv,C(index_case_cause)[T.离婚后财产纠纷],-0.6572098194258263,0.07799288821799413,3.560506819746536e-17,-0.8100730713833532,-0.5043465674682995,5114,0.23254825479268226,0.41728588189284316,Strict DV robustness.,
m11_strict_dv,C(index_case_cause)[T.离婚纠纷],-0.20825561771189113,0.36362638502597777,0.5668351976824839,-0.9209502361913025,0.5044390007675201,5114,0.23254825479268226,0.41728588189284316,Strict DV robustness.,
m11_strict_dv,C(index_case_cause)[T.种植、养殖回收合同纠纷],-0.49867360977072167,0.03922314666774734,4.959240054696307e-37,-0.5755495645998386,-0.42179765494160465,5114,0.23254825479268226,0.41728588189284316,Strict DV robustness.,
m11_strict_dv,C(index_case_cause)[T.租赁合同纠纷],-0.5006816536485285,0.06449212374644754,8.26469293294988e-15,-0.627083893478066,-0.3742794138189909,5114,0.23254825479268226,0.41728588189284316,Strict DV robustness.,
m11_strict_dv,C(index_case_cause)[T.竞业限制纠纷],-0.43277584053547313,0.06415427657516655,1.52122067470885e-11,-0.5585159120770212,-0.30703576899392504,5114,0.23254825479268226,0.41728588189284316,Strict DV robustness.,
m11_strict_dv,C(index_case_cause)[T.缔约过失责任纠纷],-0.012551326995000098,0.3377213935942261,0.9703536544484079,-0.6744730952483593,0.6493704412583592,5114,0.23254825479268226,0.41728588189284316,Strict DV robustness.,
m11_strict_dv,C(index_case_cause)[T.网络侵害虚拟财产纠纷],-0.44668260034872775,0.21948205558937875,0.041834088915261955,-0.8768595245567281,-0.016505676140727343,5114,0.23254825479268226,0.41728588189284316,Strict DV robustness.,
m11_strict_dv,C(index_case_cause)[T.网络侵权责任纠纷],-0.36960629528429306,0.09958162730198053,0.00020596040279353845,-0.5647826983180655,-0.17442989225052066,5114,0.23254825479268226,0.41728588189284316,Strict DV robustness.,
m11_strict_dv,C(index_case_cause)[T.网络域名合同纠纷],-0.40923755970696146,0.052367543453613837,5.508642428615896e-15,-0.5118760588348809,-0.30659906057904207,5114,0.23254825479268226,0.41728588189284316,Strict DV robustness.,
m11_strict_dv,C(index_case_cause)[T.网络服务合同纠纷],-0.44875273347315675,0.04779452707377137,6.045337550024592e-21,-0.5424282851958732,-0.35507718175044034,5114,0.23254825479268226,0.41728588189284316,Strict DV robustness.,
m11_strict_dv,C(index_case_cause)[T.联营合同纠纷],-0.4055829270807293,0.04226655496126673,8.323957731776422e-22,-0.48842385255539483,-0.32274200160606376,5114,0.23254825479268226,0.41728588189284316,Strict DV robustness.,
m11_strict_dv,C(index_case_cause)[T.股东出资纠纷],-0.7465713794045806,0.17507875275146903,2.0061680526466705e-05,-1.089719429255653,-0.40342332955350846,5114,0.23254825479268226,0.41728588189284316,Strict DV robustness.,
m11_strict_dv,C(index_case_cause)[T.股东损害公司债权人利益责任纠纷],-0.3987087004988701,0.17286016074786556,0.02108053413689987,-0.7375083899264909,-0.05990901107124924,5114,0.23254825479268226,0.41728588189284316,Strict DV robustness.,
m11_strict_dv,C(index_case_cause)[T.股东资格确认纠纷],-0.7263292456352048,0.04326124927364466,2.919130398640913e-63,-0.811119736137758,-0.6415387551326517,5114,0.23254825479268226,0.41728588189284316,Strict DV robustness.,
m11_strict_dv,C(index_case_cause)[T.股权转让纠纷],-0.45710459169412887,0.16533666395573876,0.0056976946086510355,-0.7811584983713786,-0.13305068501687917,5114,0.23254825479268226,0.41728588189284316,Strict DV robustness.,
m11_strict_dv,C(index_case_cause)[T.著作权合同纠纷],-0.3895484599370772,0.03944889223325738,5.35594390328829e-23,-0.4668668679442635,-0.3122300519298909,5114,0.23254825479268226,0.41728588189284316,Strict DV robustness.,
m11_strict_dv,C(index_case_cause)[T.著作权权属纠纷],-0.44726008953023144,0.0875575700685639,3.252715741596095e-07,-0.618869773438459,-0.27565040562200394,5114,0.23254825479268226,0.41728588189284316,Strict DV robustness.,
m11_strict_dv,C(index_case_cause)[T.著作权许可使用合同纠纷],-0.4471398387343112,0.06450687462362095,4.159253656039169e-12,-0.5735709897518491,-0.32070868771677336,5114,0.23254825479268226,0.41728588189284316,Strict DV robustness.,
m11_strict_dv,C(index_case_cause)[T.融资租赁合同纠纷],-0.5653619961730612,0.05421395587493794,1.8406053868628041e-25,-0.6716193971473832,-0.45910459519873914,5114,0.23254825479268226,0.41728588189284316,Strict DV robustness.,
m11_strict_dv,C(index_case_cause)[T.行纪合同纠纷],-0.15481613407365283,0.2482615918185791,0.5328897670975414,-0.6413999127826516,0.3317676446353459,5114,0.23254825479268226,0.41728588189284316,Strict DV robustness.,
m11_strict_dv,C(index_case_cause)[T.被继承人债务清偿纠纷],-0.4140354106525523,0.12076243255389181,0.0006069004177777737,-0.6507254291436276,-0.17734539216147696,5114,0.23254825479268226,0.41728588189284316,Strict DV robustness.,
m11_strict_dv,C(index_case_cause)[T.装饰装修合同纠纷],-0.4361415578508136,0.04108626375518782,2.5307660299283043e-26,-0.5166691550702951,-0.3556139606313321,5114,0.23254825479268226,0.41728588189284316,Strict DV robustness.,
m11_strict_dv,C(index_case_cause)[T.计算机软件开发合同纠纷],-0.2864673915578754,0.08977439646234857,0.0014179608113771753,-0.46242197535789864,-0.11051280775785213,5114,0.23254825479268226,0.41728588189284316,Strict DV robustness.,
m11_strict_dv,C(index_case_cause)[T.计算机软件著作权许可使用合同纠纷],-0.47768875591387144,0.041399115430391625,8.426400596469034e-31,-0.5588295311492555,-0.39654798067848746,5114,0.23254825479268226,0.41728588189284316,Strict DV robustness.,
m11_strict_dv,C(index_case_cause)[T.财产保险合同纠纷],-0.7029250794818475,0.03319590431385558,1.6219462674077738e-99,-0.7679878563712422,-0.6378623025924527,5114,0.23254825479268226,0.41728588189284316,Strict DV robustness.,
m11_strict_dv,C(index_case_cause)[T.财产损失保险合同纠纷],-0.5087500288537989,0.03791892545659564,4.821888566965076e-41,-0.5830697570811855,-0.43443030062641247,5114,0.23254825479268226,0.41728588189284316,Strict DV robustness.,
m11_strict_dv,C(index_case_cause)[T.财产损害赔偿纠纷],-0.10081738657131671,0.11735021830944589,0.3902768196718175,-0.33081958803574346,0.12918481489311007,5114,0.23254825479268226,0.41728588189284316,Strict DV robustness.,
m11_strict_dv,C(index_case_cause)[T.赠与合同纠纷],0.08642400169728669,0.08646589805394725,0.31754505461654925,-0.08304604437936187,0.25589404777393526,5114,0.23254825479268226,0.41728588189284316,Strict DV robustness.,
m11_strict_dv,C(index_case_cause)[T.车辆租赁合同纠纷],-0.5021605705297757,0.03802846955578556,8.225381423105454e-40,-0.5766950012462932,-0.4276261398132581,5114,0.23254825479268226,0.41728588189284316,Strict DV robustness.,
m11_strict_dv,C(index_case_cause)[T.运输合同纠纷],-0.1408446556581141,0.2644793217964083,0.5943550885665513,-0.6592146010346537,0.37752528971842547,5114,0.23254825479268226,0.41728588189284316,Strict DV robustness.,
m11_strict_dv,C(index_case_cause)[T.返还原物纠纷],-0.26745449675881644,0.09801957292077255,0.006360716670786682,-0.4595693294635282,-0.0753396640541047,5114,0.23254825479268226,0.41728588189284316,Strict DV robustness.,
m11_strict_dv,C(index_case_cause)[T.追偿权纠纷],-0.4380619676612381,0.12603589511275498,0.0005095368794010344,-0.6850877828415057,-0.19103615248097053,5114,0.23254825479268226,0.41728588189284316,Strict DV robustness.,
m11_strict_dv,C(index_case_cause)[T.追加、变更被执行人异议之诉],-0.7244304873263148,0.04350794405115894,2.999157400154067e-62,-0.80970449070797,-0.6391564839446595,5114,0.23254825479268226,0.41728588189284316,Strict DV robustness.,
m11_strict_dv,C(index_case_cause)[T.金融借款合同纠纷],-0.601329082220542,0.035342042566896915,6.4059440808076706e-65,-0.6705982127917415,-0.5320599516493426,5114,0.23254825479268226,0.41728588189284316,Strict DV robustness.,
m11_strict_dv,C(index_case_cause)[T.铁路运输财产损害责任纠纷],0.18765852796132684,0.032021673681191166,4.618654454451998e-09,0.12489720082149802,0.25041985510115566,5114,0.23254825479268226,0.41728588189284316,Strict DV robustness.,
m11_strict_dv,C(index_case_cause)[T.银行卡纠纷],-0.6812126926486477,0.03818329777296424,3.420438577965516e-71,-0.7560505810946261,-0.6063748042026693,5114,0.23254825479268226,0.41728588189284316,Strict DV robustness.,
m11_strict_dv,C(index_case_cause)[T.餐饮服务合同纠纷],0.5454865011368876,0.057891537176182374,4.402201930644232e-21,0.4320211732619085,0.6589518290118667,5114,0.23254825479268226,0.41728588189284316,Strict DV robustness.,
m11_strict_dv,post2021,0.11148883945773734,0.01329946483020834,5.1614412644816425e-17,0.0854223673768719,0.1375553115386028,5114,0.23254825479268226,0.41728588189284316,Strict DV robustness.,
m11_strict_dv,log_amount_master,-0.003703871291870539,0.003621263881615387,0.3063968556519485,-0.010801418078352415,0.0033936754946113376,5114,0.23254825479268226,0.41728588189284316,Strict DV robustness.,
m11_strict_dv,amount_llm_regex_conflict_flag,-0.06314132585534837,0.03154458329039255,0.045322009711071504,-0.12496757301184178,-0.0013150786988549781,5114,0.23254825479268226,0.41728588189284316,Strict DV robustness.,
m11_strict_dv,amount_regex_fallback_flag,0.2419992162257406,0.045739603173138355,1.2178068109005525e-07,0.15235124133923544,0.3316471911122458,5114,0.23254825479268226,0.41728588189284316,Strict DV robustness.,
m12_event_study,Intercept,0.5481359383765279,0.05708570040411967,7.842073264799491e-22,0.4362500215522097,0.660021855200846,5119,0.23587848425950053,0.42312951748388355,Event study around 2021; 2020 is omitted reference year.,
m12_event_study,"C(transaction_type, Treatment(reference='借贷'))[T.投资/理财]",0.21354394127540066,0.020186681198728712,3.750837561654937e-26,0.17397877315850055,0.2531091093923008,5119,0.23587848425950053,0.42312951748388355,Event study around 2021; 2020 is omitted reference year.,
m12_event_study,"C(transaction_type, Treatment(reference='借贷'))[T.交易/买卖]",0.18365529860067312,0.032092562395498084,1.0485985494520877e-08,0.1207550321338924,0.24655556506745385,5119,0.23587848425950053,0.42312951748388355,Event study around 2021; 2020 is omitted reference year.,
m12_event_study,"C(transaction_type, Treatment(reference='借贷'))[T.ICO/发币]",0.5437332662666071,0.02764070392507053,3.7864616733152e-86,0.48955848206613395,0.5979080504670803,5119,0.23587848425950053,0.42312951748388355,Event study around 2021; 2020 is omitted reference year.,
m12_event_study,"C(transaction_type, Treatment(reference='借贷'))[T.挖矿]",0.12248044753602537,0.03603429337313069,0.0006763350992892185,0.05185453031633888,0.19310636475571186,5119,0.23587848425950053,0.42312951748388355,Event study around 2021; 2020 is omitted reference year.,
m12_event_study,"C(transaction_type, Treatment(reference='借贷'))[T.技术服务]",-0.09763760375968733,0.04213151866982634,0.02047934007224276,-0.18021386296652384,-0.015061344552850825,5119,0.23587848425950053,0.42312951748388355,Event study around 2021; 2020 is omitted reference year.,
m12_event_study,"C(transaction_type, Treatment(reference='借贷'))[T.其他民商事]",-0.09464579419002074,0.030318003967332464,0.001797681485578531,-0.15406799004913485,-0.03522359833090664,5119,0.23587848425950053,0.42312951748388355,Event study around 2021; 2020 is omitted reference year.,
m12_event_study,"C(transaction_type, Treatment(reference='借贷'))[T.其他/未分类]",-0.08692550358174785,0.058295355389980014,0.1359293922746962,-0.2011823006120716,0.027331293448575905,5119,0.23587848425950053,0.42312951748388355,Event study around 2021; 2020 is omitted reference year.,
m12_event_study,"C(transaction_type, Treatment(reference='借贷'))[T.未分类]",0.21907417105203178,0.12863878889677016,0.08856470274562027,-0.03305322220048876,0.4712015643045523,5119,0.23587848425950053,0.42312951748388355,Event study around 2021; 2020 is omitted reference year.,
m12_event_study,C(court_level_group)[T.基层法院],0.005707101772696504,0.014082744273745245,0.6852901200158226,-0.021894569807331857,0.03330877335272486,5119,0.23587848425950053,0.42312951748388355,Event study around 2021; 2020 is omitted reference year.,
m12_event_study,C(court_level_group)[T.最高人民法院],-0.03374426535498783,0.10512098223200825,0.7482072906104382,-0.23977760454919894,0.17228907383922326,5119,0.23587848425950053,0.42312951748388355,Event study around 2021; 2020 is omitted reference year.,
m12_event_study,C(court_level_group)[T.高级法院],-0.007140219911884474,0.09317698181541685,0.9389173137300927,-0.18976374845824506,0.1754833086344761,5119,0.23587848425950053,0.42312951748388355,Event study around 2021; 2020 is omitted reference year.,
m12_event_study,C(index_case_cause)[T.不正当竞争纠纷],0.059442510374211735,0.16732962500020682,0.7224083037199382,-0.2685175281727867,0.3874025489212101,5119,0.23587848425950053,0.42312951748388355,Event study around 2021; 2020 is omitted reference year.,
m12_event_study,C(index_case_cause)[T.与公司有关的纠纷],-0.3165926907836417,0.18797576798723462,0.09213901264964397,-0.6850184260048788,0.0518330444375954,5119,0.23587848425950053,0.42312951748388355,Event study around 2021; 2020 is omitted reference year.,
m12_event_study,C(index_case_cause)[T.业主撤销权纠纷],-0.046363712418480967,0.2630638198143729,0.8601013810946059,-0.561959324890186,0.46923190005322407,5119,0.23587848425950053,0.42312951748388355,Event study around 2021; 2020 is omitted reference year.,
m12_event_study,C(index_case_cause)[T.中介合同纠纷],-0.525889617036338,0.04146778683882902,7.451994496198945e-37,-0.6071649857590269,-0.44461424831364904,5119,0.23587848425950053,0.42312951748388355,Event study around 2021; 2020 is omitted reference year.,
m12_event_study,C(index_case_cause)[T.买卖合同纠纷],-0.28594299394492206,0.03831387740347594,8.446502689409293e-14,-0.3610368137638179,-0.21084917412602622,5119,0.23587848425950053,0.42312951748388355,Event study around 2021; 2020 is omitted reference year.,
m12_event_study,C(index_case_cause)[T.互易纠纷],-0.5368350422423276,0.03972070641202934,1.2713334539592295e-41,-0.6146861962503943,-0.4589838882342609,5119,0.23587848425950053,0.42312951748388355,Event study around 2021; 2020 is omitted reference year.,
m12_event_study,C(index_case_cause)[T.人身保险合同纠纷],-0.5195051999255845,0.04200567508496819,3.918263084541485e-35,-0.6018348102384137,-0.4371755896127554,5119,0.23587848425950053,0.42312951748388355,Event study around 2021; 2020 is omitted reference year.,
m12_event_study,C(index_case_cause)[T.仓储合同纠纷],0.2542085105651602,0.04537312202680463,2.1113174780136814e-08,0.1652788255264821,0.3431381956038383,5119,0.23587848425950053,0.42312951748388355,Event study around 2021; 2020 is omitted reference year.,
m12_event_study,C(index_case_cause)[T.企业承包经营合同纠纷],-0.3352166468160784,0.045418931264451665,1.5763816973358058e-13,-0.4242361163107039,-0.24619717732145285,5119,0.23587848425950053,0.42312951748388355,Event study around 2021; 2020 is omitted reference year.,
m12_event_study,C(index_case_cause)[T.供用电合同纠纷],-0.5604599200188187,0.09514621905033761,3.850015249774963e-09,-0.7469430826226392,-0.37397675741499825,5119,0.23587848425950053,0.42312951748388355,Event study around 2021; 2020 is omitted reference year.,
m12_event_study,C(index_case_cause)[T.侵害作品信息网络传播权纠纷],0.02551791129405781,0.2032363982454153,0.9000819838387195,-0.3728181096145956,0.4238539322027113,5119,0.23587848425950053,0.42312951748388355,Event study around 2021; 2020 is omitted reference year.,
m12_event_study,C(index_case_cause)[T.侵害作品改编权纠纷],-0.4097454428897805,0.11248732178209779,0.000269906236429211,-0.6302165423000601,-0.1892743434795009,5119,0.23587848425950053,0.42312951748388355,Event study around 2021; 2020 is omitted reference year.,
m12_event_study,C(index_case_cause)[T.侵害发明专利权纠纷],0.19835171141176322,0.1674398160724194,0.23616971845135826,-0.1298242976681897,0.5265277204917161,5119,0.23587848425950053,0.42312951748388355,Event study around 2021; 2020 is omitted reference year.,
m12_event_study,C(index_case_cause)[T.侵害商标权纠纷],-0.07196003193646985,0.1669013184576448,0.6663570046804127,-0.39908060508570387,0.2551605412127641,5119,0.23587848425950053,0.42312951748388355,Event study around 2021; 2020 is omitted reference year.,
m12_event_study,C(index_case_cause)[T.侵害外观设计专利权纠纷],0.06134898551970088,0.24865611742048485,0.8051232207781722,-0.42600804916001217,0.548706020199414,5119,0.23587848425950053,0.42312951748388355,Event study around 2021; 2020 is omitted reference year.,
m12_event_study,C(index_case_cause)[T.侵权责任纠纷],-0.08482902070002947,0.14830709903993614,0.5673340341465136,-0.37550559346991913,0.20584755206986022,5119,0.23587848425950053,0.42312951748388355,Event study around 2021; 2020 is omitted reference year.,
m12_event_study,C(index_case_cause)[T.保管合同纠纷],-0.3646950910081476,0.2541583637714566,0.15131194592902308,-0.8628363303698323,0.13344614835353702,5119,0.23587848425950053,0.42312951748388355,Event study around 2021; 2020 is omitted reference year.,
m12_event_study,C(index_case_cause)[T.保证合同纠纷],-0.0334003052154977,0.09333744742529862,0.720459582189281,-0.2163383405779838,0.1495377301469884,5119,0.23587848425950053,0.42312951748388355,Event study around 2021; 2020 is omitted reference year.,
m12_event_study,C(index_case_cause)[T.保险代理合同纠纷],-0.08291353592640519,0.03745604747817052,0.026854783083215598,-0.15632603998684175,-0.009501031865968637,5119,0.23587848425950053,0.42312951748388355,Event study around 2021; 2020 is omitted reference year.,
m12_event_study,C(index_case_cause)[T.信息网络买卖合同纠纷],-0.5411577528699508,0.10141925610144194,9.509895130616321e-08,-0.7399358421676212,-0.3423796635722805,5119,0.23587848425950053,0.42312951748388355,Event study around 2021; 2020 is omitted reference year.,
m12_event_study,C(index_case_cause)[T.信用卡纠纷],-0.49428711074938764,0.06941115559024053,1.0703179492864994e-12,-0.6303304758315651,-0.3582437456672102,5119,0.23587848425950053,0.42312951748388355,Event study around 2021; 2020 is omitted reference year.,
m12_event_study,C(index_case_cause)[T.修理合同纠纷],-0.582387059679134,0.04148565802501054,9.089881701288363e-45,-0.6636974552830996,-0.5010766640751683,5119,0.23587848425950053,0.42312951748388355,Event study around 2021; 2020 is omitted reference year.,
m12_event_study,C(index_case_cause)[T.借款合同纠纷],-0.21774545753653418,0.12183865892689098,0.07391126112498449,-0.45654484095790004,0.02105392588483171,5119,0.23587848425950053,0.42312951748388355,Event study around 2021; 2020 is omitted reference year.,
m12_event_study,C(index_case_cause)[T.借用合同纠纷],-0.2285121796465639,0.15923394253052406,0.15126656847281952,-0.5406049721227117,0.08358061282958401,5119,0.23587848425950053,0.42312951748388355,Event study around 2021; 2020 is omitted reference year.,
m12_event_study,C(index_case_cause)[T.债券质权纠纷],-0.08840879433356562,0.37753827544291757,0.8148516544477216,-0.8283702169870468,0.6515526283199156,5119,0.23587848425950053,0.42312951748388355,Event study around 2021; 2020 is omitted reference year.,
m12_event_study,C(index_case_cause)[T.债务加入纠纷],-0.8231498203695442,0.03378723723385658,4.248086981577046e-131,-0.8893715884850139,-0.7569280522540746,5119,0.23587848425950053,0.42312951748388355,Event study around 2021; 2020 is omitted reference year.,
m12_event_study,C(index_case_cause)[T.债务转移合同纠纷],-0.39284041761015903,0.04034735553600713,2.1076875611291825e-22,-0.4719197813321658,-0.3137610538881523,5119,0.23587848425950053,0.42312951748388355,Event study around 2021; 2020 is omitted reference year.,
m12_event_study,C(index_case_cause)[T.债权人撤销权纠纷],-0.06504017921184346,0.26481115108776904,0.8059844035639004,-0.5840604980484655,0.45398013962477857,5119,0.23587848425950053,0.42312951748388355,Event study around 2021; 2020 is omitted reference year.,
m12_event_study,C(index_case_cause)[T.债权转让合同纠纷],-0.25151985327938625,0.162329294242523,0.1212754640947987,-0.5696794236305365,0.06663971707176397,5119,0.23587848425950053,0.42312951748388355,Event study around 2021; 2020 is omitted reference year.,
m12_event_study,C(index_case_cause)[T.储蓄存款合同纠纷],-0.36633020005846556,0.05669699074675507,1.0388072295337231e-10,-0.4774542599539062,-0.2552061401630249,5119,0.23587848425950053,0.42312951748388355,Event study around 2021; 2020 is omitted reference year.,
m12_event_study,C(index_case_cause)[T.公益事业捐赠合同纠纷],-1.064869735834564,0.03925299808481607,4.55813229843645e-162,-1.1418041983660232,-0.9879352733031048,5119,0.23587848425950053,0.42312951748388355,Event study around 2021; 2020 is omitted reference year.,
m12_event_study,C(index_case_cause)[T.共有纠纷],-0.40951623695057887,0.06591400076148816,5.201986714207385e-10,-0.5387053045200414,-0.28032716938111635,5119,0.23587848425950053,0.42312951748388355,Event study around 2021; 2020 is omitted reference year.,
m12_event_study,C(index_case_cause)[T.再保险合同纠纷],-0.5680070101374532,0.040669724942006054,2.5017268156287536e-44,-0.6477182062849355,-0.488295813989971,5119,0.23587848425950053,0.42312951748388355,Event study around 2021; 2020 is omitted reference year.,
m12_event_study,C(index_case_cause)[T.分期付款买卖合同纠纷],-0.8067641353395155,0.038525540970359706,2.265554928946546e-97,-0.8822728081263428,-0.7312554625526883,5119,0.23587848425950053,0.42312951748388355,Event study around 2021; 2020 is omitted reference year.,
m12_event_study,C(index_case_cause)[T.劳务合同纠纷],-0.429406727592996,0.10320906345764046,3.174786151510298e-05,-0.6316927748480803,-0.2271206803379117,5119,0.23587848425950053,0.42312951748388355,Event study around 2021; 2020 is omitted reference year.,
m12_event_study,C(index_case_cause)[T.劳动争议],-0.4258325423114127,0.07938697271130002,8.139424235598144e-08,-0.5814281496672249,-0.2702369349556006,5119,0.23587848425950053,0.42312951748388355,Event study around 2021; 2020 is omitted reference year.,
m12_event_study,C(index_case_cause)[T.劳动合同纠纷],-0.3904276123610428,0.10571909425316493,0.00022156632586575148,-0.5976332295754414,-0.1832219951466441,5119,0.23587848425950053,0.42312951748388355,Event study around 2021; 2020 is omitted reference year.,
m12_event_study,C(index_case_cause)[T.占有物返还纠纷],-0.9022589790514707,0.05982491725992852,2.1382902211527138e-51,-1.0195136622590193,-0.7850042958439221,5119,0.23587848425950053,0.42312951748388355,Event study around 2021; 2020 is omitted reference year.,
m12_event_study,C(index_case_cause)[T.发起人责任纠纷],-0.4605961777994811,0.08950388477106695,2.659539416738082e-07,-0.6360205684271953,-0.28517178717176683,5119,0.23587848425950053,0.42312951748388355,Event study around 2021; 2020 is omitted reference year.,
m12_event_study,C(index_case_cause)[T.合伙企业纠纷],-0.48567048329821516,0.15713577537192494,0.0019963845247007008,-0.7936509437099641,-0.17769002288646624,5119,0.23587848425950053,0.42312951748388355,Event study around 2021; 2020 is omitted reference year.,
m12_event_study,C(index_case_cause)[T.合伙协议纠纷],-0.4535579996377182,0.06881695907464148,4.374977373034355e-11,-0.5884367609495824,-0.31867923832585404,5119,0.23587848425950053,0.42312951748388355,Event study around 2021; 2020 is omitted reference year.,
m12_event_study,C(index_case_cause)[T.合伙合同纠纷],-0.19236173896565412,0.0880784766937054,0.028963628090734213,-0.3649923810984672,-0.019731096832840994,5119,0.23587848425950053,0.42312951748388355,Event study around 2021; 2020 is omitted reference year.,
m12_event_study,C(index_case_cause)[T.合作创作合同纠纷],-0.4427253518184307,0.04214532360770056,8.215536028807388e-26,-0.5253286682063095,-0.3601220354305519,5119,0.23587848425950053,0.42312951748388355,Event study around 2021; 2020 is omitted reference year.,
m12_event_study,C(index_case_cause)[T.合同、准合同纠纷],0.28431942975171426,0.04643872538138699,9.213917163223542e-10,0.19330120051624966,0.37533765898717886,5119,0.23587848425950053,0.42312951748388355,Event study around 2021; 2020 is omitted reference year.,
m12_event_study,C(index_case_cause)[T.合同、无因管理、不当得利],-0.5755462698480389,0.09772180796610051,3.870377886175914e-09,-0.7670774939657352,-0.38401504573034256,5119,0.23587848425950053,0.42312951748388355,Event study around 2021; 2020 is omitted reference year.,
m12_event_study,C(index_case_cause)[T.合同纠纷],-0.25612829771141143,0.03268541163074249,4.64513232760564e-15,-0.3201905273275333,-0.19206606809528956,5119,0.23587848425950053,0.42312951748388355,Event study around 2021; 2020 is omitted reference year.,
m12_event_study,C(index_case_cause)[T.名誉权纠纷],-0.05756969843837572,0.041477341168888314,0.16514329359184698,-0.13886379330387727,0.023724396427125836,5119,0.23587848425950053,0.42312951748388355,Event study around 2021; 2020 is omitted reference year.,
m12_event_study,C(index_case_cause)[T.商品房销售合同纠纷],-0.6770113415801919,0.03745338309345661,4.9159201061402995e-73,-0.7504186235425483,-0.6036040596178356,5119,0.23587848425950053,0.42312951748388355,Event study around 2021; 2020 is omitted reference year.,
m12_event_study,C(index_case_cause)[T.商品房预售合同纠纷],-0.65838596315733,0.1307401831005945,4.757707695369659e-07,-0.9146320133666674,-0.4021399129479926,5119,0.23587848425950053,0.42312951748388355,Event study around 2021; 2020 is omitted reference year.,
m12_event_study,C(index_case_cause)[T.土地租赁合同纠纷],-0.5796926889833375,0.04114382429649225,4.411596807698211e-45,-0.6603331027907063,-0.4990522751759686,5119,0.23587848425950053,0.42312951748388355,Event study around 2021; 2020 is omitted reference year.,
m12_event_study,C(index_case_cause)[T.委托合同纠纷],-0.27949236631198415,0.03751142050946211,9.273328438140101e-14,-0.35301339951946703,-0.20597133310450128,5119,0.23587848425950053,0.42312951748388355,Event study around 2021; 2020 is omitted reference year.,
m12_event_study,C(index_case_cause)[T.委托理财合同纠纷],-0.14483557758512827,0.04840465405999152,0.0027699026970401295,-0.23970695622683214,-0.049964198943424395,5119,0.23587848425950053,0.42312951748388355,Event study around 2021; 2020 is omitted reference year.,
m12_event_study,C(index_case_cause)[T.娱乐服务合同纠纷],-0.40025214719624985,0.051299463965846975,6.080452252240245e-15,-0.5007972489955202,-0.2997070453969795,5119,0.23587848425950053,0.42312951748388355,Event study around 2021; 2020 is omitted reference year.,
m12_event_study,C(index_case_cause)[T.婚约财产纠纷],0.10419483292548189,0.20296715939675727,0.6077008575579119,-0.2936134895365628,0.5020031553875266,5119,0.23587848425950053,0.42312951748388355,Event study around 2021; 2020 is omitted reference year.,
m12_event_study,C(index_case_cause)[T.定作合同纠纷],-0.5124938906248844,0.060996307913855574,4.3875940972200476e-17,-0.6320444573259568,-0.392943323923812,5119,0.23587848425950053,0.42312951748388355,Event study around 2021; 2020 is omitted reference year.,
m12_event_study,C(index_case_cause)[T.定金合同纠纷],-0.15816799529479247,0.2812961000214377,0.5739232667292595,-0.709498220328387,0.39316222973880205,5119,0.23587848425950053,0.42312951748388355,Event study around 2021; 2020 is omitted reference year.,
m12_event_study,C(index_case_cause)[T.广告合同纠纷],-0.2853424557610392,0.1481799854687895,0.05414837202112432,-0.5757698905095352,0.005084978987456745,5119,0.23587848425950053,0.42312951748388355,Event study around 2021; 2020 is omitted reference year.,
m12_event_study,C(index_case_cause)[T.建设工程合同纠纷],-0.4881254825646072,0.055768055049905195,2.08161373781301e-18,-0.5974288619502685,-0.37882210317894593,5119,0.23587848425950053,0.42312951748388355,Event study around 2021; 2020 is omitted reference year.,
m12_event_study,C(index_case_cause)[T.建设工程施工合同纠纷],0.1574598699320862,0.12797308925395065,0.2185421447163316,-0.09336277599598689,0.4082825158601593,5119,0.23587848425950053,0.42312951748388355,Event study around 2021; 2020 is omitted reference year.,
m12_event_study,C(index_case_cause)[T.悬赏广告纠纷],0.514871649637521,0.06764480163389898,2.711424472880417e-14,0.3822902746937228,0.6474530245813191,5119,0.23587848425950053,0.42312951748388355,Event study around 2021; 2020 is omitted reference year.,
m12_event_study,C(index_case_cause)[T.房屋买卖合同纠纷],-0.5836962760665464,0.07769263779253628,5.78359272954905e-14,-0.7359710480038331,-0.4314215041292598,5119,0.23587848425950053,0.42312951748388355,Event study around 2021; 2020 is omitted reference year.,
m12_event_study,C(index_case_cause)[T.房屋租赁合同纠纷],-0.29608760144692287,0.10972981399735547,0.006968764855585498,-0.5111540849120186,-0.08102111798182704,5119,0.23587848425950053,0.42312951748388355,Event study around 2021; 2020 is omitted reference year.,
m12_event_study,C(index_case_cause)[T.所有权确认纠纷],-0.757725666523228,0.03319020582382718,2.320306156643973e-115,-0.8227772745774009,-0.6926740584690552,5119,0.23587848425950053,0.42312951748388355,Event study around 2021; 2020 is omitted reference year.,
m12_event_study,C(index_case_cause)[T.所有权纠纷],-0.4069764451003638,0.26528633225833514,0.12500442025014602,-0.926928101917427,0.11297521171669944,5119,0.23587848425950053,0.42312951748388355,Event study around 2021; 2020 is omitted reference year.,
m12_event_study,C(index_case_cause)[T.执行异议之诉],-0.15445419247831005,0.29248273996552276,0.5974440318764782,-0.7277098289103285,0.41880144395370844,5119,0.23587848425950053,0.42312951748388355,Event study around 2021; 2020 is omitted reference year.,
m12_event_study,C(index_case_cause)[T.技术委托开发合同纠纷],-0.40440208302766883,0.04035332643263842,1.2258993435131512e-23,-0.4834931494920283,-0.32531101656330935,5119,0.23587848425950053,0.42312951748388355,Event study around 2021; 2020 is omitted reference year.,
m12_event_study,C(index_case_cause)[T.抵押合同纠纷],0.055587541530204114,0.31665780513267366,0.8606517941190339,-0.565050351953339,0.6762254350137471,5119,0.23587848425950053,0.42312951748388355,Event study around 2021; 2020 is omitted reference year.,
m12_event_study,C(index_case_cause)[T.担保物权确认纠纷],-0.39651431659048225,0.06643334843913201,2.392928194018337e-09,-0.5267212869035812,-0.2663073462773833,5119,0.23587848425950053,0.42312951748388355,Event study around 2021; 2020 is omitted reference year.,
m12_event_study,C(index_case_cause)[T.损害公司债权人利益责任纠纷],-0.4515398593061233,0.10786427540605015,2.8368161074919516e-05,-0.6629499543204911,-0.24012976429175548,5119,0.23587848425950053,0.42312951748388355,Event study around 2021; 2020 is omitted reference year.,
m12_event_study,C(index_case_cause)[T.损害公司利益责任纠纷],-0.42203085531663753,0.05370070897615739,3.8738589961678884e-15,-0.5272823108541729,-0.31677939977910224,5119,0.23587848425950053,0.42312951748388355,Event study around 2021; 2020 is omitted reference year.,
m12_event_study,C(index_case_cause)[T.排除妨害纠纷],0.23599481219635468,0.0387154502438594,1.090116443769288e-09,0.1601139240731378,0.31187570031957157,5119,0.23587848425950053,0.42312951748388355,Event study around 2021; 2020 is omitted reference year.,
m12_event_study,C(index_case_cause)[T.教育培训合同纠纷],-0.5156390570984776,0.06311420611103258,3.085517817576983e-16,-0.6393406279889392,-0.39193748620801594,5119,0.23587848425950053,0.42312951748388355,Event study around 2021; 2020 is omitted reference year.,
m12_event_study,C(index_case_cause)[T.旅游合同纠纷],-0.39433700853846,0.05355762493031675,1.800183346465656e-13,-0.49930802449938533,-0.28936599257753465,5119,0.23587848425950053,0.42312951748388355,Event study around 2021; 2020 is omitted reference year.,
m12_event_study,C(index_case_cause)[T.服务合同纠纷],-0.35498985957465645,0.06302449007286857,1.7754362115239515e-08,-0.47851559026148105,-0.23146412888783188,5119,0.23587848425950053,0.42312951748388355,Event study around 2021; 2020 is omitted reference year.,
m12_event_study,C(index_case_cause)[T.机动车交通事故责任纠纷],-0.07183414584428412,0.03819452497513449,0.060006672208369895,-0.1466940392021633,0.0030257475135950784,5119,0.23587848425950053,0.42312951748388355,Event study around 2021; 2020 is omitted reference year.,
m12_event_study,C(index_case_cause)[T.案外人执行异议之诉],-0.4776079985053758,0.07203035136833329,3.342134454984199e-11,-0.6187848929810744,-0.33643110402967713,5119,0.23587848425950053,0.42312951748388355,Event study around 2021; 2020 is omitted reference year.,
m12_event_study,C(index_case_cause)[T.民间借贷纠纷],-0.33011322167483437,0.03230495953254839,1.635957175865533e-24,-0.3934297788806531,-0.2667966644690156,5119,0.23587848425950053,0.42312951748388355,Event study around 2021; 2020 is omitted reference year.,
m12_event_study,C(index_case_cause)[T.民间委托理财合同纠纷],-0.04210192726061908,0.05022337781617273,0.40186592930847587,-0.14053793896226555,0.05633408444102739,5119,0.23587848425950053,0.42312951748388355,Event study around 2021; 2020 is omitted reference year.,
m12_event_study,C(index_case_cause)[T.法律服务合同纠纷],-0.44698330882862497,0.050397997607276084,7.376008866157185e-19,-0.5457615690318219,-0.348205048625428,5119,0.23587848425950053,0.42312951748388355,Event study around 2021; 2020 is omitted reference year.,
m12_event_study,C(index_case_cause)[T.消费者权益保护民事公益诉讼],0.4122160631067127,0.0674085474284802,9.64420960238149e-10,0.2800977378967314,0.544334388316694,5119,0.23587848425950053,0.42312951748388355,Event study around 2021; 2020 is omitted reference year.,
m12_event_study,C(index_case_cause)[T.清算责任纠纷],0.10719560511001885,0.2086178880590155,0.6073659054679641,-0.3016879420164601,0.5160791522364978,5119,0.23587848425950053,0.42312951748388355,Event study around 2021; 2020 is omitted reference year.,
m12_event_study,C(index_case_cause)[T.演出合同纠纷],-0.45778538086930165,0.06857287070865638,2.4572551187141492e-11,-0.5921857377747898,-0.3233850239638135,5119,0.23587848425950053,0.42312951748388355,Event study around 2021; 2020 is omitted reference year.,
m12_event_study,C(index_case_cause)[T.物业服务合同纠纷],-0.5918794087012089,0.053239182040150074,1.0327750910286897e-28,-0.6962262880662747,-0.4875325293361431,5119,0.23587848425950053,0.42312951748388355,Event study around 2021; 2020 is omitted reference year.,
m12_event_study,C(index_case_cause)[T.物权保护纠纷],0.20394460428196612,0.05145821533127646,7.39192320876655e-05,0.10308835552395741,0.30480085303997484,5119,0.23587848425950053,0.42312951748388355,Event study around 2021; 2020 is omitted reference year.,
m12_event_study,C(index_case_cause)[T.物权纠纷],0.5198722876361804,0.07156494611703722,3.748567942122553e-13,0.3796075706912379,0.660137004581123,5119,0.23587848425950053,0.42312951748388355,Event study around 2021; 2020 is omitted reference year.,
m12_event_study,C(index_case_cause)[T.特许经营合同纠纷],-0.5174399829114271,0.06213026381772985,8.20058263174682e-17,-0.6392130623441497,-0.3956669034787046,5119,0.23587848425950053,0.42312951748388355,Event study around 2021; 2020 is omitted reference year.,
m12_event_study,C(index_case_cause)[T.确认合同效力纠纷],-0.34802704516342464,0.15766887105774866,0.0272910943375815,-0.6570523539197017,-0.0390017364071476,5119,0.23587848425950053,0.42312951748388355,Event study around 2021; 2020 is omitted reference year.,
m12_event_study,C(index_case_cause)[T.确认合同无效纠纷],0.11705322684167342,0.09629341396441006,0.22414147883374036,-0.07167839647697659,0.3057848501603234,5119,0.23587848425950053,0.42312951748388355,Event study around 2021; 2020 is omitted reference year.,
m12_event_study,C(index_case_cause)[T.确认合同有效纠纷],0.47280095832519126,0.0965463918343714,9.72427846126319e-07,0.28357350749253135,0.6620284091578512,5119,0.23587848425950053,0.42312951748388355,Event study around 2021; 2020 is omitted reference year.,
m12_event_study,C(index_case_cause)[T.离婚后财产纠纷],-0.662184971810808,0.08166930562313644,5.140666715378374e-16,-0.82225386947455,-0.502116074147066,5119,0.23587848425950053,0.42312951748388355,Event study around 2021; 2020 is omitted reference year.,
m12_event_study,C(index_case_cause)[T.离婚纠纷],-0.22512410909450573,0.3822278792615357,0.5558755101406825,-0.9742769863342399,0.5240287681452284,5119,0.23587848425950053,0.42312951748388355,Event study around 2021; 2020 is omitted reference year.,
m12_event_study,C(index_case_cause)[T.种植、养殖回收合同纠纷],-0.5556956280499001,0.04195645309730399,4.849829892495754e-40,-0.6379287650396599,-0.4734624910601403,5119,0.23587848425950053,0.42312951748388355,Event study around 2021; 2020 is omitted reference year.,
m12_event_study,C(index_case_cause)[T.租赁合同纠纷],-0.5051336937998744,0.06957426980928812,3.8608407861290786e-13,-0.6414967568767516,-0.36877063072299726,5119,0.23587848425950053,0.42312951748388355,Event study around 2021; 2020 is omitted reference year.,
m12_event_study,C(index_case_cause)[T.竞业限制纠纷],-0.39036265691436123,0.07269875504515495,7.89149509276777e-08,-0.5328495985237645,-0.24787571530495797,5119,0.23587848425950053,0.42312951748388355,Event study around 2021; 2020 is omitted reference year.,
m12_event_study,C(index_case_cause)[T.缔约过失责任纠纷],-0.021091328836264127,0.33626929043693266,0.9499882421524745,-0.6801670271994913,0.6379843695269631,5119,0.23587848425950053,0.42312951748388355,Event study around 2021; 2020 is omitted reference year.,
m12_event_study,C(index_case_cause)[T.网络侵害虚拟财产纠纷],-0.4543519036086492,0.2213387012865126,0.04009731907534294,-0.8881677865150832,-0.020536020702215163,5119,0.23587848425950053,0.42312951748388355,Event study around 2021; 2020 is omitted reference year.,
m12_event_study,C(index_case_cause)[T.网络侵权责任纠纷],-0.31991100410519585,0.10799621904772394,0.0030540701410912427,-0.5315797039052333,-0.10824230430515835,5119,0.23587848425950053,0.42312951748388355,Event study around 2021; 2020 is omitted reference year.,
m12_event_study,C(index_case_cause)[T.网络域名合同纠纷],-0.3940144603771221,0.05549200004334391,1.2441151387122687e-12,-0.5027767818921713,-0.28525213886207296,5119,0.23587848425950053,0.42312951748388355,Event study around 2021; 2020 is omitted reference year.,
m12_event_study,C(index_case_cause)[T.网络服务合同纠纷],-0.4389214250437734,0.04860765286731572,1.7185522195757845e-19,-0.5341906740367373,-0.3436521760508095,5119,0.23587848425950053,0.42312951748388355,Event study around 2021; 2020 is omitted reference year.,
m12_event_study,C(index_case_cause)[T.联营合同纠纷],-0.3974092739008347,0.0477878380869281,9.089175661967703e-17,-0.49107171545024525,-0.30374683235142413,5119,0.23587848425950053,0.42312951748388355,Event study around 2021; 2020 is omitted reference year.,
m12_event_study,C(index_case_cause)[T.股东出资纠纷],-0.7426794867988903,0.14923881361442398,6.476101083653708e-07,-1.0351821865786472,-0.4501767870191334,5119,0.23587848425950053,0.42312951748388355,Event study around 2021; 2020 is omitted reference year.,
m12_event_study,C(index_case_cause)[T.股东损害公司债权人利益责任纠纷],-0.46041717495510576,0.18123221924801144,0.011069981939567498,-0.815625797519475,-0.10520855239073656,5119,0.23587848425950053,0.42312951748388355,Event study around 2021; 2020 is omitted reference year.,
m12_event_study,C(index_case_cause)[T.股东资格确认纠纷],-0.7261690400506579,0.04494380412492003,1.0093860270052512e-58,-0.8142572774637238,-0.6380808026375919,5119,0.23587848425950053,0.42312951748388355,Event study around 2021; 2020 is omitted reference year.,
m12_event_study,C(index_case_cause)[T.股权转让纠纷],-0.4600468363305267,0.15763889647507115,0.00351879374298023,-0.7690133959843042,-0.15108027667674917,5119,0.23587848425950053,0.42312951748388355,Event study around 2021; 2020 is omitted reference year.,
m12_event_study,C(index_case_cause)[T.著作权合同纠纷],-0.32593604608998594,0.046040752956920075,1.4489025216855463e-12,-0.4161742637066553,-0.2356978284733166,5119,0.23587848425950053,0.42312951748388355,Event study around 2021; 2020 is omitted reference year.,
m12_event_study,C(index_case_cause)[T.著作权权属纠纷],-0.5193108218743441,0.11135459055588422,3.107582769504887e-06,-0.7375618088770812,-0.301059834871607,5119,0.23587848425950053,0.42312951748388355,Event study around 2021; 2020 is omitted reference year.,
m12_event_study,C(index_case_cause)[T.著作权许可使用合同纠纷],-0.4407579658604434,0.06071176309912371,3.8753527152132357e-13,-0.5597508349726538,-0.32176509674823306,5119,0.23587848425950053,0.42312951748388355,Event study around 2021; 2020 is omitted reference year.,
m12_event_study,C(index_case_cause)[T.融资租赁合同纠纷],-0.6266443543160146,0.05668500748318006,2.0767964938631543e-28,-0.7377449274464309,-0.5155437811855983,5119,0.23587848425950053,0.42312951748388355,Event study around 2021; 2020 is omitted reference year.,
m12_event_study,C(index_case_cause)[T.行纪合同纠纷],-0.13098874402150568,0.2737649267647594,0.6323145793233955,-0.6675581407106796,0.40558065266766824,5119,0.23587848425950053,0.42312951748388355,Event study around 2021; 2020 is omitted reference year.,
m12_event_study,C(index_case_cause)[T.被继承人债务清偿纠纷],-0.38040400231841376,0.12619859463183802,0.0025754889705165104,-0.627748702696386,-0.13305930194044144,5119,0.23587848425950053,0.42312951748388355,Event study around 2021; 2020 is omitted reference year.,
m12_event_study,C(index_case_cause)[T.装饰装修合同纠纷],-0.4159433096537254,0.048125367535448174,5.479819521981941e-18,-0.510267296765957,-0.32161932254149384,5119,0.23587848425950053,0.42312951748388355,Event study around 2021; 2020 is omitted reference year.,
m12_event_study,C(index_case_cause)[T.计算机软件开发合同纠纷],-0.285264529549935,0.08801226005446244,0.0011903147569851272,-0.4577653894546546,-0.11276366964521534,5119,0.23587848425950053,0.42312951748388355,Event study around 2021; 2020 is omitted reference year.,
m12_event_study,C(index_case_cause)[T.计算机软件著作权许可使用合同纠纷],-0.447291997960656,0.042142851004353735,2.5732423402991106e-26,-0.5298904681350269,-0.36469352778628505,5119,0.23587848425950053,0.42312951748388355,Event study around 2021; 2020 is omitted reference year.,
m12_event_study,C(index_case_cause)[T.财产保险合同纠纷],-0.7056375017287676,0.0346401922920705,3.0563895728198002e-92,-0.7735310310387677,-0.6377439724187675,5119,0.23587848425950053,0.42312951748388355,Event study around 2021; 2020 is omitted reference year.,
m12_event_study,C(index_case_cause)[T.财产损失保险合同纠纷],-0.5697868198176926,0.0406343561719107,1.138761090871189e-44,-0.6494286944496105,-0.4901449451857748,5119,0.23587848425950053,0.42312951748388355,Event study around 2021; 2020 is omitted reference year.,
m12_event_study,C(index_case_cause)[T.财产损害赔偿纠纷],-0.05914350897240778,0.11196704428924133,0.5973449336686092,-0.2785948832347219,0.16030786528990637,5119,0.23587848425950053,0.42312951748388355,Event study around 2021; 2020 is omitted reference year.,
m12_event_study,C(index_case_cause)[T.赠与合同纠纷],0.08782795722566038,0.08367225863573821,0.29387152399481975,-0.07616665620550704,0.2518225706568278,5119,0.23587848425950053,0.42312951748388355,Event study around 2021; 2020 is omitted reference year.,
m12_event_study,C(index_case_cause)[T.车辆租赁合同纠纷],-0.4832962951272245,0.045524570041443134,2.5065107092306603e-26,-0.5725228128201242,-0.3940697774343248,5119,0.23587848425950053,0.42312951748388355,Event study around 2021; 2020 is omitted reference year.,
m12_event_study,C(index_case_cause)[T.运输合同纠纷],-0.18348741367688945,0.27378025535742495,0.5027305680330589,-0.7200868538556215,0.3531120265018426,5119,0.23587848425950053,0.42312951748388355,Event study around 2021; 2020 is omitted reference year.,
m12_event_study,C(index_case_cause)[T.返还原物纠纷],-0.28156826347763964,0.09650635671631479,0.003527210861165565,-0.47071724692079175,-0.09241928003448749,5119,0.23587848425950053,0.42312951748388355,Event study around 2021; 2020 is omitted reference year.,
m12_event_study,C(index_case_cause)[T.追偿权纠纷],-0.47142807985175206,0.12391295719681106,0.00014208519515814596,-0.714293013175355,-0.2285631465281491,5119,0.23587848425950053,0.42312951748388355,Event study around 2021; 2020 is omitted reference year.,
m12_event_study,C(index_case_cause)[T.追加、变更被执行人异议之诉],-0.7341765340639594,0.04550322712171392,1.4574018476323938e-58,-0.8233612204028649,-0.644991847725054,5119,0.23587848425950053,0.42312951748388355,Event study around 2021; 2020 is omitted reference year.,
m12_event_study,C(index_case_cause)[T.金融借款合同纠纷],-0.6305815602744175,0.0370636787783935,6.526250773821205e-65,-0.7032250358146303,-0.5579380847342047,5119,0.23587848425950053,0.42312951748388355,Event study around 2021; 2020 is omitted reference year.,
m12_event_study,C(index_case_cause)[T.铁路运输财产损害责任纠纷],0.253354064339949,0.0343914026336704,1.747922159007555e-13,0.18594815380013907,0.32075997487975894,5119,0.23587848425950053,0.42312951748388355,Event study around 2021; 2020 is omitted reference year.,
m12_event_study,C(index_case_cause)[T.银行卡纠纷],-0.7272722587573859,0.04023897971433188,5.1235671023172374e-73,-0.8061392097721142,-0.6484053077426576,5119,0.23587848425950053,0.42312951748388355,Event study around 2021; 2020 is omitted reference year.,
m12_event_study,C(index_case_cause)[T.餐饮服务合同纠纷],0.5944868567554009,0.05923618199323663,1.0601634574708676e-23,0.478386073466997,0.7105876400438048,5119,0.23587848425950053,0.42312951748388355,Event study around 2021; 2020 is omitted reference year.,
m12_event_study,event_m6,-0.3151257607682713,0.04839873163171058,7.463551816799804e-11,-0.40998553166384355,-0.22026598987269908,5119,0.23587848425950053,0.42312951748388355,Event study around 2021; 2020 is omitted reference year.,
m12_event_study,event_m5,-0.11085377892692141,0.06335198547643138,0.08015153717960974,-0.23502138880983148,0.013313830955988662,5119,0.23587848425950053,0.42312951748388355,Event study around 2021; 2020 is omitted reference year.,
m12_event_study,event_m4,-0.011129396122403868,0.04006345001432682,0.7811703039614062,-0.08965231524690515,0.06739352300209742,5119,0.23587848425950053,0.42312951748388355,Event study around 2021; 2020 is omitted reference year.,
m12_event_study,event_m3,-0.05505072755522333,0.029552057678013822,0.0624849117413695,-0.1129716962731808,0.0028702411627341343,5119,0.23587848425950053,0.42312951748388355,Event study around 2021; 2020 is omitted reference year.,
m12_event_study,event_m2,0.041697637578823554,0.02349592779768564,0.0759515520762794,-0.004353534687993807,0.08774880984564092,5119,0.23587848425950053,0.42312951748388355,Event study around 2021; 2020 is omitted reference year.,
m12_event_study,event_p0,0.05041043335952855,0.020897988110061022,0.015855942986125464,0.009451129314462674,0.09136973740459442,5119,0.23587848425950053,0.42312951748388355,Event study around 2021; 2020 is omitted reference year.,
m12_event_study,event_p1,0.11925236158069455,0.022703213178215807,1.499144784858944e-07,0.07475488141805643,0.16374984174333268,5119,0.23587848425950053,0.42312951748388355,Event study around 2021; 2020 is omitted reference year.,
m12_event_study,event_p2,0.12991514089234346,0.024129827843111896,7.284602317777871e-08,0.08262154736669233,0.1772087344179946,5119,0.23587848425950053,0.42312951748388355,Event study around 2021; 2020 is omitted reference year.,
m12_event_study,event_p3,0.17069031042472804,0.023441909597330734,3.3033276597050795e-13,0.12474501188511597,0.21663560896434012,5119,0.23587848425950053,0.42312951748388355,Event study around 2021; 2020 is omitted reference year.,
m12_event_study,log_amount_master,-0.005179613930968586,0.0036558837782991677,0.1565447860278467,-0.01234501446809917,0.001985786606161999,5119,0.23587848425950053,0.42312951748388355,Event study around 2021; 2020 is omitted reference year.,
m12_event_study,amount_llm_regex_conflict_flag,-0.041076627084373804,0.03169219489292275,0.19493697763656537,-0.10319218766552662,0.021038933496779016,5119,0.23587848425950053,0.42312951748388355,Event study around 2021; 2020 is omitted reference year.,
m12_event_study,amount_regex_fallback_flag,0.2596343050225353,0.04726961359367437,3.9600100158122525e-08,0.1669875648158086,0.35228104522926207,5119,0.23587848425950053,0.42312951748388355,Event study around 2021; 2020 is omitted reference year.,
