model,term,coef,std_err,p_value,ci_low,ci_high,nobs,rsquared,dep_mean,note
m01_policy_baseline,Intercept,0.40637000965442593,0.1104732204999316,0.00023465741426648487,0.18984647621840803,0.6228935430904439,5166,0.09991523111430423,0.4248935346496322,2021政策冲击基准模型；控制金额、金额质量标记、法院层级和案由。
m01_policy_baseline,C(court_level_code)[T.High],0.05920608153542592,0.07540256810805378,0.43233643165110736,-0.08858023629818795,0.2069923993690398,5166,0.09991523111430423,0.4248935346496322,2021政策冲击基准模型；控制金额、金额质量标记、法院层级和案由。
m01_policy_baseline,C(court_level_code)[T.Intermediate],-0.006823985949504746,0.01824035327280578,0.7083189149201213,-0.042574421429491374,0.028926449530481884,5166,0.09991523111430423,0.4248935346496322,2021政策冲击基准模型；控制金额、金额质量标记、法院层级和案由。
m01_policy_baseline,C(court_level_code)[T.Supreme],-0.028903301062684593,0.08794360560939615,0.742414791940794,-0.20126960072769573,0.14346299860232653,5166,0.09991523111430423,0.4248935346496322,2021政策冲击基准模型；控制金额、金额质量标记、法院层级和案由。
m01_policy_baseline,C(cause_code)[T.Cause01],0.13889185689423122,0.07256464795811142,0.055614660935634046,-0.0033322396544951394,0.2811159534429576,5166,0.09991523111430423,0.4248935346496322,2021政策冲击基准模型；控制金额、金额质量标记、法院层级和案由。
m01_policy_baseline,C(cause_code)[T.Cause02],0.13606838565743404,0.024567944477979622,3.0515654212587015e-08,0.08791609930641428,0.1842206720084538,5166,0.09991523111430423,0.4248935346496322,2021政策冲击基准模型；控制金额、金额质量标记、法院层级和案由。
m01_policy_baseline,C(cause_code)[T.Cause03],0.13214382529617358,0.030032315758512288,1.0822370744637094e-05,0.07328156803715477,0.19100608255519239,5166,0.09991523111430423,0.4248935346496322,2021政策冲击基准模型；控制金额、金额质量标记、法院层级和案由。
m01_policy_baseline,C(cause_code)[T.Cause04],0.40272070576829855,0.030768279804521983,3.8145082958054173e-39,0.34241598548518437,0.4630254260514127,5166,0.09991523111430423,0.4248935346496322,2021政策冲击基准模型；控制金额、金额质量标记、法院层级和案由。
m01_policy_baseline,C(cause_code)[T.Cause05],-0.2759175047447715,0.022683737872146392,4.852841549869257e-34,-0.3203768140089257,-0.23145819548061733,5166,0.09991523111430423,0.4248935346496322,2021政策冲击基准模型；控制金额、金额质量标记、法院层级和案由。
m01_policy_baseline,C(cause_code)[T.Cause06],0.3057681546857986,0.03227369968963129,2.687591979706068e-21,0.24251286564625973,0.36902344372533746,5166,0.09991523111430423,0.4248935346496322,2021政策冲击基准模型；控制金额、金额质量标记、法院层级和案由。
m01_policy_baseline,C(cause_code)[T.Cause07],0.39163728157552075,0.03843023197575473,2.1781883698222087e-24,0.3163154109855219,0.4669591521655196,5166,0.09991523111430423,0.4248935346496322,2021政策冲击基准模型；控制金额、金额质量标记、法院层级和案由。
m01_policy_baseline,C(cause_code)[T.Cause08],-0.21522171870624268,0.074995420979202,0.004107339325727121,-0.3622100428308982,-0.06823339458158717,5166,0.09991523111430423,0.4248935346496322,2021政策冲击基准模型；控制金额、金额质量标记、法院层级和案由。
m01_policy_baseline,C(cause_code)[T.Cause09],-0.15818707683137762,0.048004480101837645,0.000983318682211478,-0.2522741289275491,-0.06410002473520617,5166,0.09991523111430423,0.4248935346496322,2021政策冲击基准模型；控制金额、金额质量标记、法院层级和案由。
m01_policy_baseline,C(cause_code)[T.Cause10],0.25856584156439755,0.06096837806767841,2.2254321091979452e-05,0.13907001635592614,0.37806166677286895,5166,0.09991523111430423,0.4248935346496322,2021政策冲击基准模型；控制金额、金额质量标记、法院层级和案由。
m01_policy_baseline,C(cause_code)[T.Cause11],-0.15263537183428605,0.06136819690280095,0.012875067899766505,-0.2729148275599384,-0.0323559161086337,5166,0.09991523111430423,0.4248935346496322,2021政策冲击基准模型；控制金额、金额质量标记、法院层级和案由。
m01_policy_baseline,C(cause_code)[T.Cause12],-0.22265635647789325,0.05358594149948611,3.25107862398763e-05,-0.3276828718945563,-0.11762984106123021,5166,0.09991523111430423,0.4248935346496322,2021政策冲击基准模型；控制金额、金额质量标记、法院层级和案由。
m01_policy_baseline,C(cause_code)[T.Cause13],0.15914897904368389,0.0911700676713349,0.08087569717293086,-0.019541070060212024,0.3378390281475798,5166,0.09991523111430423,0.4248935346496322,2021政策冲击基准模型；控制金额、金额质量标记、法院层级和案由。
m01_policy_baseline,C(cause_code)[T.Cause14],0.1980709938537081,0.10209523410851078,0.05237226283633733,-0.002031987992158313,0.3981739756995745,5166,0.09991523111430423,0.4248935346496322,2021政策冲击基准模型；控制金额、金额质量标记、法院层级和案由。
m01_policy_baseline,C(cause_code)[T.Cause15],-0.2308504587612017,0.06898789328103239,0.0008191370209487258,-0.36606424496131795,-0.09563667256108543,5166,0.09991523111430423,0.4248935346496322,2021政策冲击基准模型；控制金额、金额质量标记、法院层级和案由。
m01_policy_baseline,C(cause_code)[T.Cause16],-0.20042852458365237,0.12115586820177769,0.09806594975538624,-0.4378896627748182,0.037032613607513476,5166,0.09991523111430423,0.4248935346496322,2021政策冲击基准模型；控制金额、金额质量标记、法院层级和案由。
m01_policy_baseline,C(cause_code)[T.Cause17],-0.14304874525979647,0.08176253055266525,0.08019364963736708,-0.3033003604278761,0.017202869908283208,5166,0.09991523111430423,0.4248935346496322,2021政策冲击基准模型；控制金额、金额质量标记、法院层级和案由。
m01_policy_baseline,C(cause_code)[T.Cause18],-0.25611643048124855,0.05973888247178704,1.8088631230498214e-05,-0.3732024886026223,-0.1390303723598748,5166,0.09991523111430423,0.4248935346496322,2021政策冲击基准模型；控制金额、金额质量标记、法院层级和案由。
m01_policy_baseline,C(cause_code)[T.Cause19],-0.10135419579236182,0.11568570511937479,0.3809665123194481,-0.32809401135245736,0.1253856197677337,5166,0.09991523111430423,0.4248935346496322,2021政策冲击基准模型；控制金额、金额质量标记、法院层级和案由。
m01_policy_baseline,C(cause_code)[T.CauseOther],-0.013568665994433503,0.02742161023303097,0.6207296357156569,-0.0673140344492692,0.0401767024604022,5166,0.09991523111430423,0.4248935346496322,2021政策冲击基准模型；控制金额、金额质量标记、法院层级和案由。
m01_policy_baseline,post2021,0.08378437116327822,0.038912038191948044,0.031305042087991924,0.007518177742012966,0.16005056458454348,5166,0.09991523111430423,0.4248935346496322,2021政策冲击基准模型；控制金额、金额质量标记、法院层级和案由。
m01_policy_baseline,amount_log,-0.008354468927234848,0.007697302407750258,0.27775506389990434,-0.023440904424538795,0.0067319665700690985,5166,0.09991523111430423,0.4248935346496322,2021政策冲击基准模型；控制金额、金额质量标记、法院层级和案由。
m01_policy_baseline,amount_llm_regex_conflict_flag,-0.1063769323613411,0.03916955384186752,0.00661145296385593,-0.18314784718190397,-0.029606017540778254,5166,0.09991523111430423,0.4248935346496322,2021政策冲击基准模型；控制金额、金额质量标记、法院层级和案由。
m02_add_transaction,Intercept,0.31674071003828946,0.07761902295309644,4.489837678108265e-05,0.16461022053503263,0.4688711995415463,5166,0.1666964254569081,0.4248935346496322,加入交易类型，用于检验交易结构的解释力增量。
m02_add_transaction,C(court_level_code)[T.High],0.09506170832766737,0.070180302710625,0.1755656095882403,-0.042489157409276376,0.2326125740646111,5166,0.1666964254569081,0.4248935346496322,加入交易类型，用于检验交易结构的解释力增量。
m02_add_transaction,C(court_level_code)[T.Intermediate],-0.010227411076245757,0.015992302805941563,0.5224841546209187,-0.041571748605750074,0.021116926453258557,5166,0.1666964254569081,0.4248935346496322,加入交易类型，用于检验交易结构的解释力增量。
m02_add_transaction,C(court_level_code)[T.Supreme],-0.03409755147878771,0.08190084838502872,0.6771705863345276,-0.19462026461671944,0.12642516165914403,5166,0.1666964254569081,0.4248935346496322,加入交易类型，用于检验交易结构的解释力增量。
m02_add_transaction,C(cause_code)[T.Cause01],0.12934300670694585,0.06386740989312195,0.04284887566372412,0.004165183530569688,0.25452082988332203,5166,0.1666964254569081,0.4248935346496322,加入交易类型，用于检验交易结构的解释力增量。
m02_add_transaction,C(cause_code)[T.Cause02],0.017722016306419355,0.03619203406246182,0.6243701131813157,-0.05321306698325266,0.08865709959609137,5166,0.1666964254569081,0.4248935346496322,加入交易类型，用于检验交易结构的解释力增量。
m02_add_transaction,C(cause_code)[T.Cause03],0.013032290495517332,0.03283690003088621,0.6914563662527189,-0.05132685092896184,0.0773914319199965,5166,0.1666964254569081,0.4248935346496322,加入交易类型，用于检验交易结构的解释力增量。
m02_add_transaction,C(cause_code)[T.Cause04],0.3525211972007553,0.029759747646749313,2.2686842915935507e-32,0.294193163624126,0.4108492307773846,5166,0.1666964254569081,0.4248935346496322,加入交易类型，用于检验交易结构的解释力增量。
m02_add_transaction,C(cause_code)[T.Cause05],-0.09281970282564408,0.05478286700985082,0.09020450739180581,-0.20019214913479916,0.014552743483511002,5166,0.1666964254569081,0.4248935346496322,加入交易类型，用于检验交易结构的解释力增量。
m02_add_transaction,C(cause_code)[T.Cause06],0.12254480213542632,0.03612790250540807,0.0006939175238917667,0.051735414387852105,0.19335418988300052,5166,0.1666964254569081,0.4248935346496322,加入交易类型，用于检验交易结构的解释力增量。
m02_add_transaction,C(cause_code)[T.Cause07],0.20875418753708916,0.043322130144130486,1.4453275708098995e-06,0.12384437272103639,0.29366400235314194,5166,0.1666964254569081,0.4248935346496322,加入交易类型，用于检验交易结构的解释力增量。
m02_add_transaction,C(cause_code)[T.Cause08],-0.032850275236437014,0.04514427807728583,0.4668137417297754,-0.12133143437597835,0.055630883903104326,5166,0.1666964254569081,0.4248935346496322,加入交易类型，用于检验交易结构的解释力增量。
m02_add_transaction,C(cause_code)[T.Cause09],-0.044867864219002886,0.07964147592706496,0.573180858813737,-0.2009622887116639,0.11122656027365815,5166,0.1666964254569081,0.4248935346496322,加入交易类型，用于检验交易结构的解释力增量。
m02_add_transaction,C(cause_code)[T.Cause10],0.4734175251937667,0.08134416299416312,5.887145251330138e-09,0.3139858953726511,0.6328491550148823,5166,0.1666964254569081,0.4248935346496322,加入交易类型，用于检验交易结构的解释力增量。
m02_add_transaction,C(cause_code)[T.Cause11],-0.12888590575339914,0.05358648035139072,0.016163862047563888,-0.23391347730038822,-0.023858334206410065,5166,0.1666964254569081,0.4248935346496322,加入交易类型，用于检验交易结构的解释力增量。
m02_add_transaction,C(cause_code)[T.Cause12],-0.09329726159828028,0.05407245635747267,0.08445326181138163,-0.1992773286145406,0.012682805417980031,5166,0.1666964254569081,0.4248935346496322,加入交易类型，用于检验交易结构的解释力增量。
m02_add_transaction,C(cause_code)[T.Cause13],0.1653223653635195,0.08660125172248236,0.05626123392114079,-0.004412969028633251,0.33505769975567223,5166,0.1666964254569081,0.4248935346496322,加入交易类型，用于检验交易结构的解释力增量。
m02_add_transaction,C(cause_code)[T.Cause14],0.14976552554118325,0.10636415966803485,0.15911773893491987,-0.05870439665403285,0.35823544773639937,5166,0.1666964254569081,0.4248935346496322,加入交易类型，用于检验交易结构的解释力增量。
m02_add_transaction,C(cause_code)[T.Cause15],-0.33879356750582484,0.07443754783876554,5.3295188097609375e-06,-0.4846884803672826,-0.19289865464436706,5166,0.1666964254569081,0.4248935346496322,加入交易类型，用于检验交易结构的解释力增量。
m02_add_transaction,C(cause_code)[T.Cause16],-0.0006018009455879911,0.1283061882233042,0.996257655774437,-0.25207730885688145,0.2508737069657055,5166,0.1666964254569081,0.4248935346496322,加入交易类型，用于检验交易结构的解释力增量。
m02_add_transaction,C(cause_code)[T.Cause17],-0.2464207901419426,0.08821913377337738,0.005217641877230135,-0.41932711508508336,-0.07351446519880181,5166,0.1666964254569081,0.4248935346496322,加入交易类型，用于检验交易结构的解释力增量。
m02_add_transaction,C(cause_code)[T.Cause18],-0.1954011680923387,0.06349864926553718,0.0020892055821522255,-0.3198562337197323,-0.07094610246494508,5166,0.1666964254569081,0.4248935346496322,加入交易类型，用于检验交易结构的解释力增量。
m02_add_transaction,C(cause_code)[T.Cause19],0.0020865806442188885,0.10424452745192664,0.9840304392161987,-0.2022289387469543,0.20640210003539206,5166,0.1666964254569081,0.4248935346496322,加入交易类型，用于检验交易结构的解释力增量。
m02_add_transaction,C(cause_code)[T.CauseOther],0.09142794277292582,0.04820256149724057,0.057861669194123375,-0.0030473417242428136,0.18590322727009445,5166,0.1666964254569081,0.4248935346496322,加入交易类型，用于检验交易结构的解释力增量。
m02_add_transaction,"C(transaction_code, Treatment(reference='Lending'))[T.ICO]",0.4358660632721875,0.12219658618336549,0.0003611947439886444,0.19636515531904639,0.6753669712253286,5166,0.1666964254569081,0.4248935346496322,加入交易类型，用于检验交易结构的解释力增量。
m02_add_transaction,"C(transaction_code, Treatment(reference='Lending'))[T.Investment]",0.25543684176821446,0.02847539128517765,2.953273146480753e-19,0.19962610040358053,0.3112475831328484,5166,0.1666964254569081,0.4248935346496322,加入交易类型，用于检验交易结构的解释力增量。
m02_add_transaction,"C(transaction_code, Treatment(reference='Lending'))[T.Mining]",0.06988386242492632,0.04666463059797569,0.13424327012605172,-0.02157713289897184,0.16134485774882448,5166,0.1666964254569081,0.4248935346496322,加入交易类型，用于检验交易结构的解释力增量。
m02_add_transaction,"C(transaction_code, Treatment(reference='Lending'))[T.OtherCivil]",-0.16688888106958136,0.04543490869808328,0.00023958605537385832,-0.2559396657586902,-0.07783809638047248,5166,0.1666964254569081,0.4248935346496322,加入交易类型，用于检验交易结构的解释力增量。
m02_add_transaction,"C(transaction_code, Treatment(reference='Lending'))[T.OtherUnclassified]",-0.08230513953653092,0.04380626766182035,0.06026580842793232,-0.16816384645082044,0.0035535673777586235,5166,0.1666964254569081,0.4248935346496322,加入交易类型，用于检验交易结构的解释力增量。
m02_add_transaction,"C(transaction_code, Treatment(reference='Lending'))[T.TechService]",-0.1365989067191085,0.06335987392171986,0.031089804832986425,-0.260781977670678,-0.012415835767538963,5166,0.1666964254569081,0.4248935346496322,加入交易类型，用于检验交易结构的解释力增量。
m02_add_transaction,"C(transaction_code, Treatment(reference='Lending'))[T.Trading]",0.17929069709801057,0.03444695295402473,1.9416933351117254e-07,0.11177590993097647,0.24680548426504467,5166,0.1666964254569081,0.4248935346496322,加入交易类型，用于检验交易结构的解释力增量。
m02_add_transaction,post2021,0.08010073829993977,0.030118121829331605,0.007824444125140403,0.021070304232460216,0.13913117236741934,5166,0.1666964254569081,0.4248935346496322,加入交易类型，用于检验交易结构的解释力增量。
m02_add_transaction,amount_log,-0.006587670121432521,0.005659333885899206,0.24440929815370205,-0.017679760714282077,0.004504420471417036,5166,0.1666964254569081,0.4248935346496322,加入交易类型，用于检验交易结构的解释力增量。
m02_add_transaction,amount_llm_regex_conflict_flag,-0.07657300764758528,0.034029075136417446,0.024434792776953356,-0.1432687693421709,-0.009877245952999658,5166,0.1666964254569081,0.4248935346496322,加入交易类型，用于检验交易结构的解释力增量。
m03_add_region,Intercept,0.346322147266176,0.07170363055486904,1.3659415489147683e-06,0.2057856138178669,0.4868586807144851,5166,0.169266663498165,0.4248935346496322,加入宏观地区，用于检验地区结构是否吸收政策冲击。
m03_add_region,C(court_level_code)[T.High],0.10391322811361668,0.06911266593275454,0.13270145186072124,-0.031545107990130564,0.23937156421736394,5166,0.169266663498165,0.4248935346496322,加入宏观地区，用于检验地区结构是否吸收政策冲击。
m03_add_region,C(court_level_code)[T.Intermediate],-0.008214349329247925,0.015666518438445135,0.6000524205089484,-0.03892016123173308,0.022491462573237225,5166,0.169266663498165,0.4248935346496322,加入宏观地区，用于检验地区结构是否吸收政策冲击。
m03_add_region,C(court_level_code)[T.Supreme],-0.03256639637203597,0.04424717816252531,0.4617241888457496,-0.11928927198811275,0.05415647924404081,5166,0.169266663498165,0.4248935346496322,加入宏观地区，用于检验地区结构是否吸收政策冲击。
m03_add_region,C(cause_code)[T.Cause01],0.13266191827958781,0.06342335762597259,0.036466375084237945,0.008354421554077743,0.2569694150050979,5166,0.169266663498165,0.4248935346496322,加入宏观地区，用于检验地区结构是否吸收政策冲击。
m03_add_region,C(cause_code)[T.Cause02],0.014985001438750277,0.037293859964893906,0.6878247389925174,-0.05810962093692198,0.08807962381442253,5166,0.169266663498165,0.4248935346496322,加入宏观地区，用于检验地区结构是否吸收政策冲击。
m03_add_region,C(cause_code)[T.Cause03],0.018674664891948096,0.03215004150763007,0.561334985274025,-0.04433825856447467,0.08168758834837085,5166,0.169266663498165,0.4248935346496322,加入宏观地区，用于检验地区结构是否吸收政策冲击。
m03_add_region,C(cause_code)[T.Cause04],0.35096761048504166,0.030703247697797146,2.928515150552262e-30,0.29079035078894694,0.4111448701811364,5166,0.169266663498165,0.4248935346496322,加入宏观地区，用于检验地区结构是否吸收政策冲击。
m03_add_region,C(cause_code)[T.Cause05],-0.08725970920427273,0.05027112126709558,0.08260238169259462,-0.18578929635022562,0.011269877941680162,5166,0.169266663498165,0.4248935346496322,加入宏观地区，用于检验地区结构是否吸收政策冲击。
m03_add_region,C(cause_code)[T.Cause06],0.12311882300013945,0.03507823868681057,0.0004483851715506179,0.05436673853289113,0.19187090746738777,5166,0.169266663498165,0.4248935346496322,加入宏观地区，用于检验地区结构是否吸收政策冲击。
m03_add_region,C(cause_code)[T.Cause07],0.2067885559526255,0.04262669699708509,1.2274687070097413e-06,0.12324176505843705,0.29033534684681395,5166,0.169266663498165,0.4248935346496322,加入宏观地区，用于检验地区结构是否吸收政策冲击。
m03_add_region,C(cause_code)[T.Cause08],-0.0269181079182399,0.042448082374898506,0.5259882155835289,-0.11011482058583041,0.05627860474935062,5166,0.169266663498165,0.4248935346496322,加入宏观地区，用于检验地区结构是否吸收政策冲击。
m03_add_region,C(cause_code)[T.Cause09],-0.04160591282743985,0.07687068955296499,0.5883383975027574,-0.19226969581801062,0.10905787016313091,5166,0.169266663498165,0.4248935346496322,加入宏观地区，用于检验地区结构是否吸收政策冲击。
m03_add_region,C(cause_code)[T.Cause10],0.4697167965390036,0.08368041402926912,1.9859278373926157e-08,0.30570619883023586,0.6337273942477714,5166,0.169266663498165,0.4248935346496322,加入宏观地区，用于检验地区结构是否吸收政策冲击。
m03_add_region,C(cause_code)[T.Cause11],-0.13633587222864055,0.05248357310323755,0.009385412275475428,-0.23920178529096123,-0.03346995916631987,5166,0.169266663498165,0.4248935346496322,加入宏观地区，用于检验地区结构是否吸收政策冲击。
m03_add_region,C(cause_code)[T.Cause12],-0.09817090027523966,0.05616228940950122,0.0804664373119963,-0.20824696480717736,0.011905164256698034,5166,0.169266663498165,0.4248935346496322,加入宏观地区，用于检验地区结构是否吸收政策冲击。
m03_add_region,C(cause_code)[T.Cause13],0.1604294812453813,0.08742368981766767,0.06649380881202473,-0.010917802192848353,0.33177676468361095,5166,0.169266663498165,0.4248935346496322,加入宏观地区，用于检验地区结构是否吸收政策冲击。
m03_add_region,C(cause_code)[T.Cause14],0.14662725045895353,0.10731925874567881,0.17185374583135038,-0.06371463153011217,0.3569691324480192,5166,0.169266663498165,0.4248935346496322,加入宏观地区，用于检验地区结构是否吸收政策冲击。
m03_add_region,C(cause_code)[T.Cause15],-0.3469786042980866,0.07754412062928155,7.655596042577948e-06,-0.49896228794430786,-0.1949949206518653,5166,0.169266663498165,0.4248935346496322,加入宏观地区，用于检验地区结构是否吸收政策冲击。
m03_add_region,C(cause_code)[T.Cause16],0.002125610046964152,0.1270393571446084,0.9866504967734455,-0.24686695457558952,0.2511181746695178,5166,0.169266663498165,0.4248935346496322,加入宏观地区，用于检验地区结构是否吸收政策冲击。
m03_add_region,C(cause_code)[T.Cause17],-0.2525480679635884,0.08720521386128315,0.0037792797443120772,-0.4234671463958165,-0.08162898953136036,5166,0.169266663498165,0.4248935346496322,加入宏观地区，用于检验地区结构是否吸收政策冲击。
m03_add_region,C(cause_code)[T.Cause18],-0.18839318375726213,0.06399251550827628,0.0032401279115995486,-0.31381620943360455,-0.06297015808091974,5166,0.169266663498165,0.4248935346496322,加入宏观地区，用于检验地区结构是否吸收政策冲击。
m03_add_region,C(cause_code)[T.Cause19],0.007062144401644164,0.10524162221484755,0.9464988294701389,-0.19920764481402753,0.21333193361731584,5166,0.169266663498165,0.4248935346496322,加入宏观地区，用于检验地区结构是否吸收政策冲击。
m03_add_region,C(cause_code)[T.CauseOther],0.09346007751723531,0.04867113411294753,0.05482806089954953,-0.0019335924308606783,0.1888537474653313,5166,0.169266663498165,0.4248935346496322,加入宏观地区，用于检验地区结构是否吸收政策冲击。
m03_add_region,"C(transaction_code, Treatment(reference='Lending'))[T.ICO]",0.433656591993891,0.12355154324565852,0.0004482339016056374,0.19150001699805733,0.6758131669897247,5166,0.169266663498165,0.4248935346496322,加入宏观地区，用于检验地区结构是否吸收政策冲击。
m03_add_region,"C(transaction_code, Treatment(reference='Lending'))[T.Investment]",0.25279215954816364,0.027664221981512912,6.369240880080778e-20,0.19857128080407704,0.30701303829225024,5166,0.169266663498165,0.4248935346496322,加入宏观地区，用于检验地区结构是否吸收政策冲击。
m03_add_region,"C(transaction_code, Treatment(reference='Lending'))[T.Mining]",0.06847481596698181,0.04677207244649299,0.14319101636673193,-0.02319676151044267,0.1601463934444063,5166,0.169266663498165,0.4248935346496322,加入宏观地区，用于检验地区结构是否吸收政策冲击。
m03_add_region,"C(transaction_code, Treatment(reference='Lending'))[T.OtherCivil]",-0.1684084131772079,0.046293837352047784,0.00027496086929906436,-0.25914266709337663,-0.07767415926103913,5166,0.169266663498165,0.4248935346496322,加入宏观地区，用于检验地区结构是否吸收政策冲击。
m03_add_region,"C(transaction_code, Treatment(reference='Lending'))[T.OtherUnclassified]",-0.08256786860251066,0.045974482577408105,0.07250248109058754,-0.17267619866209474,0.007540461457073433,5166,0.169266663498165,0.4248935346496322,加入宏观地区，用于检验地区结构是否吸收政策冲击。
m03_add_region,"C(transaction_code, Treatment(reference='Lending'))[T.TechService]",-0.139348236722939,0.06599828801107963,0.034738658933066734,-0.2687025042659567,-0.009993969179921292,5166,0.169266663498165,0.4248935346496322,加入宏观地区，用于检验地区结构是否吸收政策冲击。
m03_add_region,"C(transaction_code, Treatment(reference='Lending'))[T.Trading]",0.17895255504526164,0.03458704401563,2.2916358490137323e-07,0.11116319444292523,0.24674191564759806,5166,0.169266663498165,0.4248935346496322,加入宏观地区，用于检验地区结构是否吸收政策冲击。
m03_add_region,C(region_macro_code)[T.East],-0.035578242640304465,0.03282479771350736,0.2784166453479271,-0.09991366395859161,0.02875717867798267,5166,0.169266663498165,0.4248935346496322,加入宏观地区，用于检验地区结构是否吸收政策冲击。
m03_add_region,C(region_macro_code)[T.Northeast],-0.1158031374094709,0.027361946878175933,2.3134480338428696e-05,-0.1694315678375939,-0.06217470698134791,5166,0.169266663498165,0.4248935346496322,加入宏观地区，用于检验地区结构是否吸收政策冲击。
m03_add_region,C(region_macro_code)[T.Unmapped],-0.03256639637204072,0.04424717816252503,0.46172418884568134,-0.11928927198811695,0.054156479244035514,5166,0.169266663498165,0.4248935346496322,加入宏观地区，用于检验地区结构是否吸收政策冲击。
m03_add_region,C(region_macro_code)[T.West],-0.019969891272705344,0.03428283088562259,0.5602271468338462,-0.08716300509660303,0.04722322255119234,5166,0.169266663498165,0.4248935346496322,加入宏观地区，用于检验地区结构是否吸收政策冲击。
m03_add_region,post2021,0.08070834417151387,0.02962129058604342,0.0064365111211770595,0.02265168144727342,0.13876500689575433,5166,0.169266663498165,0.4248935346496322,加入宏观地区，用于检验地区结构是否吸收政策冲击。
m03_add_region,amount_log,-0.006617298791782711,0.006071033261587088,0.2757223926449872,-0.018516305333438142,0.005281707749872718,5166,0.169266663498165,0.4248935346496322,加入宏观地区，用于检验地区结构是否吸收政策冲击。
m03_add_region,amount_llm_regex_conflict_flag,-0.06982978204457194,0.03486566991517831,0.045196239636523305,-0.1381652393751831,-0.0014943247139607707,5166,0.169266663498165,0.4248935346496322,加入宏观地区，用于检验地区结构是否吸收政策冲击。
m04_linear_time_trend,Intercept,0.3755496785070659,0.07272038722170293,2.413442180986863e-07,0.23302033861072138,0.5180790184034104,5166,0.17310679356776848,0.4248935346496322,加入线性时间趋势，检验2021冲击是否只是长期趋势。
m04_linear_time_trend,C(court_level_code)[T.High],0.12281307096224334,0.07102084571834873,0.0837636721822493,-0.01638522879729587,0.26201137072178254,5166,0.17310679356776848,0.4248935346496322,加入线性时间趋势，检验2021冲击是否只是长期趋势。
m04_linear_time_trend,C(court_level_code)[T.Intermediate],-0.0059319874443807645,0.01574560100813457,0.7063673188839008,-0.03679279833526209,0.02492882344650056,5166,0.17310679356776848,0.4248935346496322,加入线性时间趋势，检验2021冲击是否只是长期趋势。
m04_linear_time_trend,C(court_level_code)[T.Supreme],-0.03228043507143083,0.04365410203515705,0.45962809870910526,-0.11784090283777533,0.05328003269491367,5166,0.17310679356776848,0.4248935346496322,加入线性时间趋势，检验2021冲击是否只是长期趋势。
m04_linear_time_trend,C(cause_code)[T.Cause01],0.1304731468690506,0.06312104152736171,0.038731237037746266,0.006758178808764517,0.2541881149293367,5166,0.17310679356776848,0.4248935346496322,加入线性时间趋势，检验2021冲击是否只是长期趋势。
m04_linear_time_trend,C(cause_code)[T.Cause02],0.017014472476405678,0.037644752132543334,0.6512872676135906,-0.056767885910316646,0.09079683086312801,5166,0.17310679356776848,0.4248935346496322,加入线性时间趋势，检验2021冲击是否只是长期趋势。
m04_linear_time_trend,C(cause_code)[T.Cause03],0.016552267938210116,0.03179976928830875,0.6027044342538688,-0.04577413458355794,0.07887867045997818,5166,0.17310679356776848,0.4248935346496322,加入线性时间趋势，检验2021冲击是否只是长期趋势。
m04_linear_time_trend,C(cause_code)[T.Cause04],0.3458003037616809,0.03004299909752673,1.1723452096545829e-30,0.2869171075429592,0.40468349998040265,5166,0.17310679356776848,0.4248935346496322,加入线性时间趋势，检验2021冲击是否只是长期趋势。
m04_linear_time_trend,C(cause_code)[T.Cause05],-0.10704774555931351,0.04751805724844487,0.024273001868099237,-0.20018142638157793,-0.013914064737049106,5166,0.17310679356776848,0.4248935346496322,加入线性时间趋势，检验2021冲击是否只是长期趋势。
m04_linear_time_trend,C(cause_code)[T.Cause06],0.11597224670707366,0.03567762181686043,0.001151780034046247,0.046045392891986725,0.1858991005221606,5166,0.17310679356776848,0.4248935346496322,加入线性时间趋势，检验2021冲击是否只是长期趋势。
m04_linear_time_trend,C(cause_code)[T.Cause07],0.19565420695127791,0.04180825937742172,2.8715775421849935e-06,0.11371152431522236,0.2775968895873335,5166,0.17310679356776848,0.4248935346496322,加入线性时间趋势，检验2021冲击是否只是长期趋势。
m04_linear_time_trend,C(cause_code)[T.Cause08],-0.004536219511653412,0.043244107145313494,0.916456761390409,-0.08929311206005906,0.08022067303675225,5166,0.17310679356776848,0.4248935346496322,加入线性时间趋势，检验2021冲击是否只是长期趋势。
m04_linear_time_trend,C(cause_code)[T.Cause09],-0.053454711462667386,0.07206801003573425,0.45825340856281804,-0.1947054155701777,0.08779599264484292,5166,0.17310679356776848,0.4248935346496322,加入线性时间趋势，检验2021冲击是否只是长期趋势。
m04_linear_time_trend,C(cause_code)[T.Cause10],0.4523878707716592,0.08297888143176828,4.985033372000243e-08,0.2897522516879739,0.6150234898553445,5166,0.17310679356776848,0.4248935346496322,加入线性时间趋势，检验2021冲击是否只是长期趋势。
m04_linear_time_trend,C(cause_code)[T.Cause11],-0.12612310923236483,0.053730410659990215,0.018908400971927048,-0.23143277900049264,-0.020813439464237013,5166,0.17310679356776848,0.4248935346496322,加入线性时间趋势，检验2021冲击是否只是长期趋势。
m04_linear_time_trend,C(cause_code)[T.Cause12],-0.08900486761592954,0.054856489580965305,0.10469550134554716,-0.19652161151291825,0.018511876281059172,5166,0.17310679356776848,0.4248935346496322,加入线性时间趋势，检验2021冲击是否只是长期趋势。
m04_linear_time_trend,C(cause_code)[T.Cause13],0.15880137457453264,0.08623370114660694,0.06554490141087886,-0.010213573926407343,0.3278163230754726,5166,0.17310679356776848,0.4248935346496322,加入线性时间趋势，检验2021冲击是否只是长期趋势。
m04_linear_time_trend,C(cause_code)[T.Cause14],0.14970922292828828,0.10585048071696229,0.15726028441460788,-0.05775390702320929,0.3571723528797859,5166,0.17310679356776848,0.4248935346496322,加入线性时间趋势，检验2021冲击是否只是长期趋势。
m04_linear_time_trend,C(cause_code)[T.Cause15],-0.3341025059190113,0.07651498868257761,1.2625473891822604e-05,-0.48406912801435326,-0.18413588382366936,5166,0.17310679356776848,0.4248935346496322,加入线性时间趋势，检验2021冲击是否只是长期趋势。
m04_linear_time_trend,C(cause_code)[T.Cause16],0.0003260364799136115,0.12248090386651757,0.9978760838779848,-0.23973212389237347,0.2403841968522007,5166,0.17310679356776848,0.4248935346496322,加入线性时间趋势，检验2021冲击是否只是长期趋势。
m04_linear_time_trend,C(cause_code)[T.Cause17],-0.2569400557209404,0.08867048264498885,0.0037591540597942236,-0.43073100819690247,-0.08314910324497837,5166,0.17310679356776848,0.4248935346496322,加入线性时间趋势，检验2021冲击是否只是长期趋势。
m04_linear_time_trend,C(cause_code)[T.Cause18],-0.18520111574379133,0.06974538712075247,0.007921706017796168,-0.3218995625882699,-0.04850266889931276,5166,0.17310679356776848,0.4248935346496322,加入线性时间趋势，检验2021冲击是否只是长期趋势。
m04_linear_time_trend,C(cause_code)[T.Cause19],0.010256516057237269,0.10493479871700792,0.9221373232407917,-0.19541191015305814,0.21592494226753267,5166,0.17310679356776848,0.4248935346496322,加入线性时间趋势，检验2021冲击是否只是长期趋势。
m04_linear_time_trend,C(cause_code)[T.CauseOther],0.0964516176936921,0.04987623928473302,0.05313538953410205,-0.0013040149886864028,0.1942072503760706,5166,0.17310679356776848,0.4248935346496322,加入线性时间趋势，检验2021冲击是否只是长期趋势。
m04_linear_time_trend,"C(transaction_code, Treatment(reference='Lending'))[T.ICO]",0.4499796903508225,0.1257114088211701,0.0003442972825372566,0.20358985661553827,0.6963695240861068,5166,0.17310679356776848,0.4248935346496322,加入线性时间趋势，检验2021冲击是否只是长期趋势。
m04_linear_time_trend,"C(transaction_code, Treatment(reference='Lending'))[T.Investment]",0.2552800722062507,0.02758161229974061,2.1334156636688274e-20,0.20122110546321215,0.30933903894928927,5166,0.17310679356776848,0.4248935346496322,加入线性时间趋势，检验2021冲击是否只是长期趋势。
m04_linear_time_trend,"C(transaction_code, Treatment(reference='Lending'))[T.Mining]",0.0668176826109192,0.047044746271851276,0.15552017881651148,-0.025388325743734286,0.15902369096557267,5166,0.17310679356776848,0.4248935346496322,加入线性时间趋势，检验2021冲击是否只是长期趋势。
m04_linear_time_trend,"C(transaction_code, Treatment(reference='Lending'))[T.OtherCivil]",-0.16355941182226985,0.04583578739911551,0.0003591981457924485,-0.2533959043275711,-0.07372291931696862,5166,0.17310679356776848,0.4248935346496322,加入线性时间趋势，检验2021冲击是否只是长期趋势。
m04_linear_time_trend,"C(transaction_code, Treatment(reference='Lending'))[T.OtherUnclassified]",-0.08577222299920492,0.04608488852911346,0.06271891439906266,-0.17609694474781037,0.00455249874940053,5166,0.17310679356776848,0.4248935346496322,加入线性时间趋势，检验2021冲击是否只是长期趋势。
m04_linear_time_trend,"C(transaction_code, Treatment(reference='Lending'))[T.TechService]",-0.11627039316190857,0.05916605434072679,0.0493964458958942,-0.23223372877707282,-0.00030705754674432983,5166,0.17310679356776848,0.4248935346496322,加入线性时间趋势，检验2021冲击是否只是长期趋势。
m04_linear_time_trend,"C(transaction_code, Treatment(reference='Lending'))[T.Trading]",0.17924932503385552,0.03432411378068032,1.7675593640557116e-07,0.11197529822246713,0.2465233518452439,5166,0.17310679356776848,0.4248935346496322,加入线性时间趋势，检验2021冲击是否只是长期趋势。
m04_linear_time_trend,C(region_macro_code)[T.East],-0.029637276780350087,0.03240990321310144,0.36047977825248867,-0.09315951982045789,0.03388496625975771,5166,0.17310679356776848,0.4248935346496322,加入线性时间趋势，检验2021冲击是否只是长期趋势。
m04_linear_time_trend,C(region_macro_code)[T.Northeast],-0.1076393067028513,0.027189192590566458,7.529561179249129e-05,-0.16092914494908483,-0.05434946845661775,5166,0.17310679356776848,0.4248935346496322,加入线性时间趋势，检验2021冲击是否只是长期趋势。
m04_linear_time_trend,C(region_macro_code)[T.Unmapped],-0.03228043507141247,0.043654102035160784,0.4596280987093988,-0.11784090283776429,0.05328003269493935,5166,0.17310679356776848,0.4248935346496322,加入线性时间趋势，检验2021冲击是否只是长期趋势。
m04_linear_time_trend,C(region_macro_code)[T.West],-0.022559587942554093,0.03591941975088753,0.529963957414844,-0.09296035699987033,0.04784118111476214,5166,0.17310679356776848,0.4248935346496322,加入线性时间趋势，检验2021冲击是否只是长期趋势。
m04_linear_time_trend,post2021,-0.0053709431434885635,0.033473234849967136,0.8725227789444943,-0.07097727789547514,0.06023539160849802,5166,0.17310679356776848,0.4248935346496322,加入线性时间趋势，检验2021冲击是否只是长期趋势。
m04_linear_time_trend,year_c,0.02626769472811141,0.006994250234043938,0.00017291795354925686,0.012559216170524447,0.03997617328569837,5166,0.17310679356776848,0.4248935346496322,加入线性时间趋势，检验2021冲击是否只是长期趋势。
m04_linear_time_trend,amount_log,-0.00730218628284286,0.006122307394755608,0.23297983040635373,-0.0193016882788471,0.0046973157131613786,5166,0.17310679356776848,0.4248935346496322,加入线性时间趋势，检验2021冲击是否只是长期趋势。
m04_linear_time_trend,amount_llm_regex_conflict_flag,-0.07101346943866062,0.03429801348062768,0.038407093862296925,-0.13823634060196013,-0.003790598275361101,5166,0.17310679356776848,0.4248935346496322,加入线性时间趋势，检验2021冲击是否只是长期趋势。
m05_post2017,Intercept,0.2065746685522493,0.08361656505568522,0.013492456896184116,0.042689212532155824,0.3704601245723428,5166,0.16638609947928085,0.4248935346496322,2017政策节点基准检验。
m05_post2017,C(court_level_code)[T.High],0.11332330966347157,0.07807613890921011,0.14665567242555225,-0.039703110650526646,0.26634972997746975,5166,0.16638609947928085,0.4248935346496322,2017政策节点基准检验。
m05_post2017,C(court_level_code)[T.Intermediate],-0.01321171557332516,0.013985002600771113,0.3448090037224366,-0.04062181699453553,0.01419838584788521,5166,0.16638609947928085,0.4248935346496322,2017政策节点基准检验。
m05_post2017,C(court_level_code)[T.Supreme],-0.029156170545250548,0.04357882988242722,0.5034671782013557,-0.11456910760320578,0.056256766512704684,5166,0.16638609947928085,0.4248935346496322,2017政策节点基准检验。
m05_post2017,C(cause_code)[T.Cause01],0.12234433042442969,0.0588192017150024,0.03752492337472449,0.007060813463628399,0.23762784738523096,5166,0.16638609947928085,0.4248935346496322,2017政策节点基准检验。
m05_post2017,C(cause_code)[T.Cause02],0.0041838916779108025,0.03839332946760875,0.9132227614480661,-0.07106565132518271,0.07943343468100432,5166,0.16638609947928085,0.4248935346496322,2017政策节点基准检验。
m05_post2017,C(cause_code)[T.Cause03],0.01399267803621924,0.03283446002901869,0.6699924926800386,-0.05036168107247738,0.07834703714491587,5166,0.16638609947928085,0.4248935346496322,2017政策节点基准检验。
m05_post2017,C(cause_code)[T.Cause04],0.3439016737736258,0.030978799470381256,1.237786132968976e-28,0.28318434252739005,0.40461900501986153,5166,0.16638609947928085,0.4248935346496322,2017政策节点基准检验。
m05_post2017,C(cause_code)[T.Cause05],-0.11020538618779528,0.04398995528896503,0.012236840264340007,-0.196424114235694,-0.02398665813989656,5166,0.16638609947928085,0.4248935346496322,2017政策节点基准检验。
m05_post2017,C(cause_code)[T.Cause06],0.11988529219157038,0.03652366027658691,0.0010292718872049324,0.0483002334658838,0.19147035091725695,5166,0.16638609947928085,0.4248935346496322,2017政策节点基准检验。
m05_post2017,C(cause_code)[T.Cause07],0.21396334418255786,0.04178813064530014,3.0522117876665853e-07,0.13206011313651506,0.29586657522860066,5166,0.16638609947928085,0.4248935346496322,2017政策节点基准检验。
m05_post2017,C(cause_code)[T.Cause08],-0.07804349444027235,0.04219992337478442,0.06440364465401756,-0.16075382440519978,0.0046668355246550774,5166,0.16638609947928085,0.4248935346496322,2017政策节点基准检验。
m05_post2017,C(cause_code)[T.Cause09],-0.06638865180704141,0.06922426214666808,0.33753993778175073,-0.20206571247087018,0.06928840885678737,5166,0.16638609947928085,0.4248935346496322,2017政策节点基准检验。
m05_post2017,C(cause_code)[T.Cause10],0.4836394038464127,0.08080007666156663,2.155532037014968e-09,0.3252741636416667,0.6420046440511586,5166,0.16638609947928085,0.4248935346496322,2017政策节点基准检验。
m05_post2017,C(cause_code)[T.Cause11],-0.16686947790466686,0.05884950639979422,0.004574987134127784,-0.28221239095622297,-0.05152656485311076,5166,0.16638609947928085,0.4248935346496322,2017政策节点基准检验。
m05_post2017,C(cause_code)[T.Cause12],-0.09177641764333,0.057194125622360634,0.10857137498747228,-0.20387484399041633,0.020322008703756347,5166,0.16638609947928085,0.4248935346496322,2017政策节点基准检验。
m05_post2017,C(cause_code)[T.Cause13],0.1793161465213048,0.08241908029656736,0.02958046603350321,0.01777771750111795,0.3408545755414916,5166,0.16638609947928085,0.4248935346496322,2017政策节点基准检验。
m05_post2017,C(cause_code)[T.Cause14],0.13057935912544794,0.10449537902929906,0.21143894067679414,-0.07422782032284025,0.3353865385737361,5166,0.16638609947928085,0.4248935346496322,2017政策节点基准检验。
m05_post2017,C(cause_code)[T.Cause15],-0.3558357131220008,0.07724080849533557,4.08842809646078e-06,-0.5072249159096139,-0.20444651033438763,5166,0.16638609947928085,0.4248935346496322,2017政策节点基准检验。
m05_post2017,C(cause_code)[T.Cause16],-0.017723998421472844,0.12147834659674761,0.883998332280827,-0.255817182652572,0.2203691858096263,5166,0.16638609947928085,0.4248935346496322,2017政策节点基准检验。
m05_post2017,C(cause_code)[T.Cause17],-0.23841654338509544,0.08802047365934193,0.006755782637656379,-0.4109335016595621,-0.06589958511062877,5166,0.16638609947928085,0.4248935346496322,2017政策节点基准检验。
m05_post2017,C(cause_code)[T.Cause18],-0.19806334521374258,0.07258167912706577,0.006355871232665112,-0.3403208222402341,-0.055805868187251084,5166,0.16638609947928085,0.4248935346496322,2017政策节点基准检验。
m05_post2017,C(cause_code)[T.Cause19],-0.01376320021280366,0.1002546351932808,0.8908075556036078,-0.21025867447483584,0.1827322740492285,5166,0.16638609947928085,0.4248935346496322,2017政策节点基准检验。
m05_post2017,C(cause_code)[T.CauseOther],0.09323434760379015,0.04847715401634559,0.054446948694816956,-0.001779128341248437,0.18824782354882874,5166,0.16638609947928085,0.4248935346496322,2017政策节点基准检验。
m05_post2017,"C(transaction_code, Treatment(reference='Lending'))[T.ICO]",0.4415942424774198,0.13748460287327882,0.0013183540811434965,0.17212937241700127,0.7110591125378383,5166,0.16638609947928085,0.4248935346496322,2017政策节点基准检验。
m05_post2017,"C(transaction_code, Treatment(reference='Lending'))[T.Investment]",0.25347146110061536,0.0268418029739304,3.617004640979147e-21,0.20086249399159167,0.30608042820963904,5166,0.16638609947928085,0.4248935346496322,2017政策节点基准检验。
m05_post2017,"C(transaction_code, Treatment(reference='Lending'))[T.Mining]",0.07878982492052769,0.04720371260930239,0.09508871396930534,-0.013727751730284204,0.17130740157133958,5166,0.16638609947928085,0.4248935346496322,2017政策节点基准检验。
m05_post2017,"C(transaction_code, Treatment(reference='Lending'))[T.OtherCivil]",-0.1652571426882049,0.04313577899699077,0.00012757572968367462,-0.2498017159673861,-0.0807125694090237,5166,0.16638609947928085,0.4248935346496322,2017政策节点基准检验。
m05_post2017,"C(transaction_code, Treatment(reference='Lending'))[T.OtherUnclassified]",-0.08407807514480001,0.04695880051948621,0.07337923561402106,-0.17611563292019378,0.007959482630593748,5166,0.16638609947928085,0.4248935346496322,2017政策节点基准检验。
m05_post2017,"C(transaction_code, Treatment(reference='Lending'))[T.TechService]",-0.11431512823914007,0.05858834710817282,0.051038241125345905,-0.22914617848489022,0.0005159220066100756,5166,0.16638609947928085,0.4248935346496322,2017政策节点基准检验。
m05_post2017,"C(transaction_code, Treatment(reference='Lending'))[T.Trading]",0.18894997436691083,0.035309834356782,8.737304463211787e-08,0.11974397072754309,0.25815597800627854,5166,0.16638609947928085,0.4248935346496322,2017政策节点基准检验。
m05_post2017,C(region_macro_code)[T.East],-0.03128613559252652,0.03208154342916308,0.3294577471726243,-0.09416480528214377,0.03159253409709073,5166,0.16638609947928085,0.4248935346496322,2017政策节点基准检验。
m05_post2017,C(region_macro_code)[T.Northeast],-0.10690801930171183,0.026257432774659088,4.670462740262449e-05,-0.15837164186652525,-0.055444396736898396,5166,0.16638609947928085,0.4248935346496322,2017政策节点基准检验。
m05_post2017,C(region_macro_code)[T.Unmapped],-0.029156170545247797,0.043578829882428234,0.5034671782014059,-0.11456910760320502,0.056256766512709416,5166,0.16638609947928085,0.4248935346496322,2017政策节点基准检验。
m05_post2017,C(region_macro_code)[T.West],-0.012184240986571374,0.034576484494595064,0.7245494088205822,-0.07995290530798532,0.05558442333484257,5166,0.16638609947928085,0.4248935346496322,2017政策节点基准检验。
m05_post2017,post2017,0.20271656416887726,0.06300631936259167,0.001293578815093072,0.07922644741976893,0.3262066809179856,5166,0.16638609947928085,0.4248935346496322,2017政策节点基准检验。
m05_post2017,amount_log,-0.007579075385202698,0.0056102393468816115,0.1767158731041557,-0.018574942449740173,0.0034167916793347757,5166,0.16638609947928085,0.4248935346496322,2017政策节点基准检验。
m05_post2017,amount_llm_regex_conflict_flag,-0.07202590988873496,0.03346011466705033,0.03135091124786937,-0.13760652955473401,-0.006445290222735892,5166,0.16638609947928085,0.4248935346496322,2017政策节点基准检验。
m06_policy_by_transaction,Intercept,0.3552149597122515,0.06506904290841369,4.786971965038586e-08,0.22768197910326923,0.4827479403212337,5166,0.17731553057242044,0.4248935346496322,2021政策冲击与交易类型交互，检验政策效应是否随交易结构变化。
m06_policy_by_transaction,"C(transaction_code, Treatment(reference='Lending'))[T.ICO]",0.24302614274293147,0.17648704554650393,0.16850614981284728,-0.10288211026609637,0.5889343957519593,5166,0.17731553057242044,0.4248935346496322,2021政策冲击与交易类型交互，检验政策效应是否随交易结构变化。
m06_policy_by_transaction,"C(transaction_code, Treatment(reference='Lending'))[T.Investment]",0.2575658331435762,0.05038986587746045,3.1967686166024155e-07,0.15880351083794988,0.3563281554492025,5166,0.17731553057242044,0.4248935346496322,2021政策冲击与交易类型交互，检验政策效应是否随交易结构变化。
m06_policy_by_transaction,"C(transaction_code, Treatment(reference='Lending'))[T.Mining]",-0.15512602723193253,0.05155573709865212,0.0026219590541857237,-0.2561734151417062,-0.05407863932215884,5166,0.17731553057242044,0.4248935346496322,2021政策冲击与交易类型交互，检验政策效应是否随交易结构变化。
m06_policy_by_transaction,"C(transaction_code, Treatment(reference='Lending'))[T.OtherCivil]",-0.12783443554581245,0.0464826519492392,0.005956732363857267,-0.21893875927223183,-0.03673011181939308,5166,0.17731553057242044,0.4248935346496322,2021政策冲击与交易类型交互，检验政策效应是否随交易结构变化。
m06_policy_by_transaction,"C(transaction_code, Treatment(reference='Lending'))[T.OtherUnclassified]",-0.037723675583820705,0.06358181038215933,0.5529742162659093,-0.1623417340047079,0.08689438283706649,5166,0.17731553057242044,0.4248935346496322,2021政策冲击与交易类型交互，检验政策效应是否随交易结构变化。
m06_policy_by_transaction,"C(transaction_code, Treatment(reference='Lending'))[T.TechService]",-0.1470473669294706,0.07864617692840782,0.06152087870772158,-0.3011910412309149,0.00709630737197367,5166,0.17731553057242044,0.4248935346496322,2021政策冲击与交易类型交互，检验政策效应是否随交易结构变化。
m06_policy_by_transaction,"C(transaction_code, Treatment(reference='Lending'))[T.Trading]",0.12738520779347273,0.04580520301583975,0.005418831813005817,0.037608659577881356,0.21716175600906412,5166,0.17731553057242044,0.4248935346496322,2021政策冲击与交易类型交互，检验政策效应是否随交易结构变化。
m06_policy_by_transaction,C(court_level_code)[T.High],0.08626915404286617,0.07339340911294985,0.23982087920332906,-0.05757928452112934,0.23011759260686168,5166,0.17731553057242044,0.4248935346496322,2021政策冲击与交易类型交互，检验政策效应是否随交易结构变化。
m06_policy_by_transaction,C(court_level_code)[T.Intermediate],-0.007814718632023779,0.014689919326854305,0.5947410098473328,-0.03660643144845709,0.020976994184409535,5166,0.17731553057242044,0.4248935346496322,2021政策冲击与交易类型交互，检验政策效应是否随交易结构变化。
m06_policy_by_transaction,C(court_level_code)[T.Supreme],-0.02252963228057259,0.04377362488991729,0.6067730906351883,-0.10832436053757656,0.06326509597643139,5166,0.17731553057242044,0.4248935346496322,2021政策冲击与交易类型交互，检验政策效应是否随交易结构变化。
m06_policy_by_transaction,C(cause_code)[T.Cause01],0.128357221720683,0.05876143694362588,0.028934443954413736,0.01318692163135489,0.24352752181001114,5166,0.17731553057242044,0.4248935346496322,2021政策冲击与交易类型交互，检验政策效应是否随交易结构变化。
m06_policy_by_transaction,C(cause_code)[T.Cause02],0.014267206445693485,0.038239740314661645,0.7090748101333586,-0.060681307349207694,0.08921572024059467,5166,0.17731553057242044,0.4248935346496322,2021政策冲击与交易类型交互，检验政策效应是否随交易结构变化。
m06_policy_by_transaction,C(cause_code)[T.Cause03],0.015478602720989986,0.03235975996817618,0.632416254657601,-0.04794536136499633,0.0789025668069763,5166,0.17731553057242044,0.4248935346496322,2021政策冲击与交易类型交互，检验政策效应是否随交易结构变化。
m06_policy_by_transaction,C(cause_code)[T.Cause04],0.35440946519713473,0.030544238321221325,3.971712852264635e-31,0.29454385815233275,0.4142750722419367,5166,0.17731553057242044,0.4248935346496322,2021政策冲击与交易类型交互，检验政策效应是否随交易结构变化。
m06_policy_by_transaction,C(cause_code)[T.Cause05],-0.08364874605353062,0.0477081132301451,0.0795429341281337,-0.17715492975497388,0.009857437647912637,5166,0.17731553057242044,0.4248935346496322,2021政策冲击与交易类型交互，检验政策效应是否随交易结构变化。
m06_policy_by_transaction,C(cause_code)[T.Cause06],0.12236628869975157,0.035332661081205426,0.0005336670059397703,0.05311554550262888,0.19161703189687423,5166,0.17731553057242044,0.4248935346496322,2021政策冲击与交易类型交互，检验政策效应是否随交易结构变化。
m06_policy_by_transaction,C(cause_code)[T.Cause07],0.2092479883629602,0.04248714495402776,8.437254541871242e-07,0.12597471444713312,0.2925212622787873,5166,0.17731553057242044,0.4248935346496322,2021政策冲击与交易类型交互，检验政策效应是否随交易结构变化。
m06_policy_by_transaction,C(cause_code)[T.Cause08],-0.05196423668603613,0.05187010040279731,0.31643302526697015,-0.1536277653499954,0.04969929197792315,5166,0.17731553057242044,0.4248935346496322,2021政策冲击与交易类型交互，检验政策效应是否随交易结构变化。
m06_policy_by_transaction,C(cause_code)[T.Cause09],-0.034693440363416796,0.07404366224893583,0.6393885968226372,-0.17981635165477902,0.11042947092794544,5166,0.17731553057242044,0.4248935346496322,2021政策冲击与交易类型交互，检验政策效应是否随交易结构变化。
m06_policy_by_transaction,C(cause_code)[T.Cause10],0.5041031409627362,0.08302252601687667,1.2641830178023487e-09,0.34138198006411835,0.6668243018613541,5166,0.17731553057242044,0.4248935346496322,2021政策冲击与交易类型交互，检验政策效应是否随交易结构变化。
m06_policy_by_transaction,C(cause_code)[T.Cause11],-0.11632260798179139,0.052300974810625706,0.026141704165141715,-0.21883063496695435,-0.01381458099662844,5166,0.17731553057242044,0.4248935346496322,2021政策冲击与交易类型交互，检验政策效应是否随交易结构变化。
m06_policy_by_transaction,C(cause_code)[T.Cause12],-0.04520771830777395,0.0744043805362018,0.5434562184326683,-0.19103762445074246,0.10062218783519455,5166,0.17731553057242044,0.4248935346496322,2021政策冲击与交易类型交互，检验政策效应是否随交易结构变化。
m06_policy_by_transaction,C(cause_code)[T.Cause13],0.15379562891691548,0.09030696774984415,0.08856213598764665,-0.02320277542579921,0.3307940332596302,5166,0.17731553057242044,0.4248935346496322,2021政策冲击与交易类型交互，检验政策效应是否随交易结构变化。
m06_policy_by_transaction,C(cause_code)[T.Cause14],0.12794578033739146,0.10764694676860896,0.2346094719130405,-0.08303835837478246,0.3389299190495654,5166,0.17731553057242044,0.4248935346496322,2021政策冲击与交易类型交互，检验政策效应是否随交易结构变化。
m06_policy_by_transaction,C(cause_code)[T.Cause15],-0.3522427629770247,0.07578118121023188,3.349153560055109e-06,-0.5007711488549826,-0.20371437709906678,5166,0.17731553057242044,0.4248935346496322,2021政策冲击与交易类型交互，检验政策效应是否随交易结构变化。
m06_policy_by_transaction,C(cause_code)[T.Cause16],-0.021372403886833567,0.1273438613852057,0.8667152683890823,-0.2709617858540977,0.22821697808043054,5166,0.17731553057242044,0.4248935346496322,2021政策冲击与交易类型交互，检验政策效应是否随交易结构变化。
m06_policy_by_transaction,C(cause_code)[T.Cause17],-0.2805766674058657,0.08661683969802451,0.0011982958731526466,-0.45034255366867293,-0.11081078114305842,5166,0.17731553057242044,0.4248935346496322,2021政策冲击与交易类型交互，检验政策效应是否随交易结构变化。
m06_policy_by_transaction,C(cause_code)[T.Cause18],-0.13125349596662805,0.05161779691060557,0.010996960510332107,-0.23242251887271784,-0.03008447306053827,5166,0.17731553057242044,0.4248935346496322,2021政策冲击与交易类型交互，检验政策效应是否随交易结构变化。
m06_policy_by_transaction,C(cause_code)[T.Cause19],0.012466220935410666,0.10420469249823602,0.904774630178296,-0.1917712233812031,0.21670366525202442,5166,0.17731553057242044,0.4248935346496322,2021政策冲击与交易类型交互，检验政策效应是否随交易结构变化。
m06_policy_by_transaction,C(cause_code)[T.CauseOther],0.10458605671849372,0.04518411765397021,0.020631319857419506,0.016026813443491675,0.19314529999349578,5166,0.17731553057242044,0.4248935346496322,2021政策冲击与交易类型交互，检验政策效应是否随交易结构变化。
m06_policy_by_transaction,C(region_macro_code)[T.East],-0.032214606165865266,0.03177644733399097,0.3106835443754067,-0.09449529849712139,0.03006608616539086,5166,0.17731553057242044,0.4248935346496322,2021政策冲击与交易类型交互，检验政策效应是否随交易结构变化。
m06_policy_by_transaction,C(region_macro_code)[T.Northeast],-0.11123848310758255,0.028243139573970337,8.195778658417036e-05,-0.16659401948290234,-0.05588294673226277,5166,0.17731553057242044,0.4248935346496322,2021政策冲击与交易类型交互，检验政策效应是否随交易结构变化。
m06_policy_by_transaction,C(region_macro_code)[T.Unmapped],-0.02252963228056977,0.04377362488992017,0.6067730906352569,-0.10832436053757939,0.06326509597643985,5166,0.17731553057242044,0.4248935346496322,2021政策冲击与交易类型交互，检验政策效应是否随交易结构变化。
m06_policy_by_transaction,C(region_macro_code)[T.West],-0.018460957184317766,0.03339600542913286,0.5804076404235414,-0.0839159250529223,0.046994010684286755,5166,0.17731553057242044,0.4248935346496322,2021政策冲击与交易类型交互，检验政策效应是否随交易结构变化。
m06_policy_by_transaction,post2021,0.06602846369905889,0.031088494017400343,0.033679552255572974,0.005096135091365278,0.1269607923067525,5166,0.17731553057242044,0.4248935346496322,2021政策冲击与交易类型交互，检验政策效应是否随交易结构变化。
m06_policy_by_transaction,"post2021:C(transaction_code, Treatment(reference='Lending'))[T.ICO]",0.33670763442790974,0.1928392785462131,0.08080171242339702,-0.04125040632735544,0.7146656751831749,5166,0.17731553057242044,0.4248935346496322,2021政策冲击与交易类型交互，检验政策效应是否随交易结构变化。
m06_policy_by_transaction,"post2021:C(transaction_code, Treatment(reference='Lending'))[T.Investment]",-0.00635222014185155,0.05414116707331403,0.9066009381849754,-0.1124669576865129,0.0997625174028098,5166,0.17731553057242044,0.4248935346496322,2021政策冲击与交易类型交互，检验政策效应是否随交易结构变化。
m06_policy_by_transaction,"post2021:C(transaction_code, Treatment(reference='Lending'))[T.Mining]",0.32554946545137964,0.060196468660228326,6.369128730152222e-08,0.20756655488083803,0.44353237602192125,5166,0.17731553057242044,0.4248935346496322,2021政策冲击与交易类型交互，检验政策效应是否随交易结构变化。
m06_policy_by_transaction,"post2021:C(transaction_code, Treatment(reference='Lending'))[T.OtherCivil]",-0.08147657660828862,0.042460899795263185,0.05500189177689888,-0.16469841095816862,0.0017452577415913717,5166,0.17731553057242044,0.4248935346496322,2021政策冲击与交易类型交互，检验政策效应是否随交易结构变化。
m06_policy_by_transaction,"post2021:C(transaction_code, Treatment(reference='Lending'))[T.OtherUnclassified]",-0.11746410305104116,0.07564395807937316,0.12045776520540967,-0.2657235365346702,0.030795330432587864,5166,0.17731553057242044,0.4248935346496322,2021政策冲击与交易类型交互，检验政策效应是否随交易结构变化。
m06_policy_by_transaction,"post2021:C(transaction_code, Treatment(reference='Lending'))[T.TechService]",0.00244462415683043,0.03868752305195097,0.9496160397620677,-0.07338152767605659,0.07827077598971745,5166,0.17731553057242044,0.4248935346496322,2021政策冲击与交易类型交互，检验政策效应是否随交易结构变化。
m06_policy_by_transaction,"post2021:C(transaction_code, Treatment(reference='Lending'))[T.Trading]",0.08539874251308589,0.04558596945316022,0.06101926246555668,-0.003948115815451209,0.174745600841623,5166,0.17731553057242044,0.4248935346496322,2021政策冲击与交易类型交互，检验政策效应是否随交易结构变化。
m06_policy_by_transaction,amount_log,-0.006836727437410067,0.0057889948577380035,0.23760790364972906,-0.01818294886526413,0.004509493990443994,5166,0.17731553057242044,0.4248935346496322,2021政策冲击与交易类型交互，检验政策效应是否随交易结构变化。
m06_policy_by_transaction,amount_llm_regex_conflict_flag,-0.06004094947118788,0.034947544011647826,0.08579103677897892,-0.12853687708214606,0.008454978139770294,5166,0.17731553057242044,0.4248935346496322,2021政策冲击与交易类型交互，检验政策效应是否随交易结构变化。
m07_policy_by_amount_q4,Intercept,0.32070293080748735,0.08959563206234089,0.0003443203874264671,0.14509871879319708,0.4963071428217776,5166,0.16993670076988365,0.4248935346496322,2021政策冲击与高金额案件交互，检验金额规模异质性。
m07_policy_by_amount_q4,C(court_level_code)[T.High],0.11729724933739492,0.06935899310939873,0.09080598802495596,-0.018643879160988377,0.25323837783577824,5166,0.16993670076988365,0.4248935346496322,2021政策冲击与高金额案件交互，检验金额规模异质性。
m07_policy_by_amount_q4,C(court_level_code)[T.Intermediate],-0.008532082900425928,0.01581608543589289,0.5895722182992966,-0.03953104073118447,0.022466874930332614,5166,0.16993670076988365,0.4248935346496322,2021政策冲击与高金额案件交互，检验金额规模异质性。
m07_policy_by_amount_q4,C(court_level_code)[T.Supreme],-0.030315712814220477,0.044645714000042164,0.49711979547074614,-0.11781970431837879,0.05718827868993784,5166,0.16993670076988365,0.4248935346496322,2021政策冲击与高金额案件交互，检验金额规模异质性。
m07_policy_by_amount_q4,C(cause_code)[T.Cause01],0.13188628698188465,0.06266668531636403,0.035328948498984415,0.0090618407313061,0.2547107332324632,5166,0.16993670076988365,0.4248935346496322,2021政策冲击与高金额案件交互，检验金额规模异质性。
m07_policy_by_amount_q4,C(cause_code)[T.Cause02],0.014657483393803367,0.037187453622733534,0.6934693341933051,-0.05822858638350792,0.08754355317111465,5166,0.16993670076988365,0.4248935346496322,2021政策冲击与高金额案件交互，检验金额规模异质性。
m07_policy_by_amount_q4,C(cause_code)[T.Cause03],0.018260948665242457,0.032049576529599326,0.5688324049822999,-0.04455506705253244,0.08107696438301736,5166,0.16993670076988365,0.4248935346496322,2021政策冲击与高金额案件交互，检验金额规模异质性。
m07_policy_by_amount_q4,C(cause_code)[T.Cause04],0.3506896884989901,0.030703807170219866,3.257961847213725e-30,0.2905113322570965,0.41086804474088373,5166,0.16993670076988365,0.4248935346496322,2021政策冲击与高金额案件交互，检验金额规模异质性。
m07_policy_by_amount_q4,C(cause_code)[T.Cause05],-0.08286282126906841,0.04926690213655721,0.09258501037513535,-0.17942417508657998,0.013698532548443165,5166,0.16993670076988365,0.4248935346496322,2021政策冲击与高金额案件交互，检验金额规模异质性。
m07_policy_by_amount_q4,C(cause_code)[T.Cause06],0.123410222722171,0.03483530093603509,0.0003960873731229221,0.055134287496927795,0.19168615794741423,5166,0.16993670076988365,0.4248935346496322,2021政策冲击与高金额案件交互，检验金额规模异质性。
m07_policy_by_amount_q4,C(cause_code)[T.Cause07],0.20782420641284283,0.04265986768717879,1.106666524723602e-06,0.12421240216072839,0.2914360106649573,5166,0.16993670076988365,0.4248935346496322,2021政策冲击与高金额案件交互，检验金额规模异质性。
m07_policy_by_amount_q4,C(cause_code)[T.Cause08],-0.03237289890889805,0.042855987229608705,0.450016205269435,-0.1163690904008396,0.051623292583043504,5166,0.16993670076988365,0.4248935346496322,2021政策冲击与高金额案件交互，检验金额规模异质性。
m07_policy_by_amount_q4,C(cause_code)[T.Cause09],-0.03629292167494148,0.0780837189857421,0.6420782732339729,-0.18933419866594242,0.11674835531605947,5166,0.16993670076988365,0.4248935346496322,2021政策冲击与高金额案件交互，检验金额规模异质性。
m07_policy_by_amount_q4,C(cause_code)[T.Cause10],0.4697282842860279,0.08307834983161017,1.5672002983751953e-08,0.30689771072105276,0.6325588578510031,5166,0.16993670076988365,0.4248935346496322,2021政策冲击与高金额案件交互，检验金额规模异质性。
m07_policy_by_amount_q4,C(cause_code)[T.Cause11],-0.13561377868116847,0.052966636601598525,0.010456309660574812,-0.2394264788025226,-0.03180107855981436,5166,0.16993670076988365,0.4248935346496322,2021政策冲击与高金额案件交互，检验金额规模异质性。
m07_policy_by_amount_q4,C(cause_code)[T.Cause12],-0.09123301296999932,0.05660921753410678,0.10704286415656773,-0.20218504052984193,0.019719014589843306,5166,0.16993670076988365,0.4248935346496322,2021政策冲击与高金额案件交互，检验金额规模异质性。
m07_policy_by_amount_q4,C(cause_code)[T.Cause13],0.1593247362985768,0.08774520958560571,0.06940633073695851,-0.012652714305129098,0.3313021869022827,5166,0.16993670076988365,0.4248935346496322,2021政策冲击与高金额案件交互，检验金额规模异质性。
m07_policy_by_amount_q4,C(cause_code)[T.Cause14],0.14364238373483898,0.10774860916811645,0.18249072819761658,-0.06754100961895154,0.3548257770886295,5166,0.16993670076988365,0.4248935346496322,2021政策冲击与高金额案件交互，检验金额规模异质性。
m07_policy_by_amount_q4,C(cause_code)[T.Cause15],-0.35011750956360205,0.07538677158160884,3.4125934624995563e-06,-0.497872866774303,-0.2023621523529011,5166,0.16993670076988365,0.4248935346496322,2021政策冲击与高金额案件交互，检验金额规模异质性。
m07_policy_by_amount_q4,C(cause_code)[T.Cause16],-0.004437235090689691,0.12989889081106618,0.9727502448096781,-0.2590343827120804,0.25015991253070097,5166,0.16993670076988365,0.4248935346496322,2021政策冲击与高金额案件交互，检验金额规模异质性。
m07_policy_by_amount_q4,C(cause_code)[T.Cause17],-0.2495943470072159,0.08611754685009254,0.0037519344860427084,-0.41838163727033806,-0.08080705674409372,5166,0.16993670076988365,0.4248935346496322,2021政策冲击与高金额案件交互，检验金额规模异质性。
m07_policy_by_amount_q4,C(cause_code)[T.Cause18],-0.1931705387295473,0.06438977861070867,0.0026996304807793865,-0.3193721857790438,-0.06696889168005077,5166,0.16993670076988365,0.4248935346496322,2021政策冲击与高金额案件交互，检验金额规模异质性。
m07_policy_by_amount_q4,C(cause_code)[T.Cause19],0.007597258561969273,0.1041474382291048,0.9418481753928601,-0.19652796944918613,0.21172248657312467,5166,0.16993670076988365,0.4248935346496322,2021政策冲击与高金额案件交互，检验金额规模异质性。
m07_policy_by_amount_q4,C(cause_code)[T.CauseOther],0.09389683670125264,0.04777548159078245,0.049370609771695016,0.0002586134392626588,0.1875350599632426,5166,0.16993670076988365,0.4248935346496322,2021政策冲击与高金额案件交互，检验金额规模异质性。
m07_policy_by_amount_q4,"C(transaction_code, Treatment(reference='Lending'))[T.ICO]",0.4424191697934693,0.12041793545118923,0.00023875419740543595,0.2064043532164694,0.6784339863704691,5166,0.16993670076988365,0.4248935346496322,2021政策冲击与高金额案件交互，检验金额规模异质性。
m07_policy_by_amount_q4,"C(transaction_code, Treatment(reference='Lending'))[T.Investment]",0.2526594840018723,0.02791151408379562,1.4016806043361321e-19,0.19795392164365042,0.3073650463600942,5166,0.16993670076988365,0.4248935346496322,2021政策冲击与高金额案件交互，检验金额规模异质性。
m07_policy_by_amount_q4,"C(transaction_code, Treatment(reference='Lending'))[T.Mining]",0.07089890499750275,0.047674737504870564,0.1369784156692605,-0.02254186348444452,0.16433967347945,5166,0.16993670076988365,0.4248935346496322,2021政策冲击与高金额案件交互，检验金额规模异质性。
m07_policy_by_amount_q4,"C(transaction_code, Treatment(reference='Lending'))[T.OtherCivil]",-0.16535919888569367,0.04594084903345406,0.0003189600816296788,-0.2554016084104554,-0.07531678936093196,5166,0.16993670076988365,0.4248935346496322,2021政策冲击与高金额案件交互，检验金额规模异质性。
m07_policy_by_amount_q4,"C(transaction_code, Treatment(reference='Lending'))[T.OtherUnclassified]",-0.0842286408466003,0.04527874007660798,0.06285371010304362,-0.1729733406621023,0.004516058968901712,5166,0.16993670076988365,0.4248935346496322,2021政策冲击与高金额案件交互，检验金额规模异质性。
m07_policy_by_amount_q4,"C(transaction_code, Treatment(reference='Lending'))[T.TechService]",-0.14056332789960638,0.06653648252101224,0.034637136756887246,-0.2709724372987692,-0.010154218500443568,5166,0.16993670076988365,0.4248935346496322,2021政策冲击与高金额案件交互，检验金额规模异质性。
m07_policy_by_amount_q4,"C(transaction_code, Treatment(reference='Lending'))[T.Trading]",0.18041259279285246,0.03474388394074497,2.07329284579722e-07,0.11231583158595275,0.24850935399975216,5166,0.16993670076988365,0.4248935346496322,2021政策冲击与高金额案件交互，检验金额规模异质性。
m07_policy_by_amount_q4,C(region_macro_code)[T.East],-0.035563226729948556,0.0321119442306115,0.26808792501295675,-0.09850148089550587,0.02737502743560876,5166,0.16993670076988365,0.4248935346496322,2021政策冲击与高金额案件交互，检验金额规模异质性。
m07_policy_by_amount_q4,C(region_macro_code)[T.Northeast],-0.11661214173287318,0.027111584979520997,1.6988151757034877e-05,-0.16974987185653143,-0.06347441160921494,5166,0.16993670076988365,0.4248935346496322,2021政策冲击与高金额案件交互，检验金额规模异质性。
m07_policy_by_amount_q4,C(region_macro_code)[T.Unmapped],-0.030315712814197,0.04464571400004571,0.4971197954711135,-0.11781970431836226,0.05718827868996827,5166,0.16993670076988365,0.4248935346496322,2021政策冲击与高金额案件交互，检验金额规模异质性。
m07_policy_by_amount_q4,C(region_macro_code)[T.West],-0.020849012537213836,0.034237918482386276,0.5425608320872128,-0.0879540996683092,0.04625607459388153,5166,0.16993670076988365,0.4248935346496322,2021政策冲击与高金额案件交互，检验金额规模异质性。
m07_policy_by_amount_q4,post2021,0.07203946446396814,0.03275000974671723,0.02782977363659888,0.007850624867066627,0.13622830406086966,5166,0.16993670076988365,0.4248935346496322,2021政策冲击与高金额案件交互，检验金额规模异质性。
m07_policy_by_amount_q4,q4_amount,-0.06916464859201817,0.0484579359726336,0.1534896557271576,-0.16414045786352793,0.0258111606794916,5166,0.16993670076988365,0.4248935346496322,2021政策冲击与高金额案件交互，检验金额规模异质性。
m07_policy_by_amount_q4,post2021:q4_amount,0.0720140026651405,0.05648297862711542,0.20232049104943306,-0.038690601183551346,0.18271860651383237,5166,0.16993670076988365,0.4248935346496322,2021政策冲击与高金额案件交互，检验金额规模异质性。
m07_policy_by_amount_q4,amount_log,-0.003692037170784385,0.007865707851249877,0.6387952049557745,-0.01910854127214808,0.011724466930579311,5166,0.16993670076988365,0.4248935346496322,2021政策冲击与高金额案件交互，检验金额规模异质性。
m07_policy_by_amount_q4,amount_llm_regex_conflict_flag,-0.06972686324739925,0.034839999105110604,0.04535520721508291,-0.13801200671482375,-0.0014417197799747594,5166,0.16993670076988365,0.4248935346496322,2021政策冲击与高金额案件交互，检验金额规模异质性。
m08_policy_by_big4,Intercept,0.3393144928481701,0.06351566922274933,9.181660732547838e-08,0.21482606871762228,0.46380291697871795,5166,0.17465148984991774,0.4248935346496322,2021政策冲击与北上广浙地区交互，检验地区异质性。
m08_policy_by_big4,C(court_level_code)[T.High],0.11798194193647847,0.06769531714152695,0.0813619918792718,-0.014698441582931307,0.25066232545588824,5166,0.17465148984991774,0.4248935346496322,2021政策冲击与北上广浙地区交互，检验地区异质性。
m08_policy_by_big4,C(court_level_code)[T.Intermediate],-0.009262309589252454,0.015399062812050768,0.547516813901862,-0.03944391809654205,0.020919298918037142,5166,0.17465148984991774,0.4248935346496322,2021政策冲击与北上广浙地区交互，检验地区异质性。
m08_policy_by_big4,C(court_level_code)[T.Supreme],-0.04676993221204173,0.042085582339888794,0.26643694347287183,-0.1292561578666187,0.03571629344253524,5166,0.17465148984991774,0.4248935346496322,2021政策冲击与北上广浙地区交互，检验地区异质性。
m08_policy_by_big4,C(cause_code)[T.Cause01],0.12881448856356312,0.057468335433665065,0.024994589710843496,0.016178620862112567,0.24145035626501365,5166,0.17465148984991774,0.4248935346496322,2021政策冲击与北上广浙地区交互，检验地区异质性。
m08_policy_by_big4,C(cause_code)[T.Cause02],0.015210013968976433,0.038145820293542805,0.6900896287796029,-0.059554419967104574,0.08997444790505744,5166,0.17465148984991774,0.4248935346496322,2021政策冲击与北上广浙地区交互，检验地区异质性。
m08_policy_by_big4,C(cause_code)[T.Cause03],0.01907228638101734,0.031524020465619966,0.5451736430653071,-0.042713658379501376,0.08085823114153606,5166,0.17465148984991774,0.4248935346496322,2021政策冲击与北上广浙地区交互，检验地区异质性。
m08_policy_by_big4,C(cause_code)[T.Cause04],0.3480711418601666,0.03041291666604828,2.4954776880508855e-30,0.288462920529894,0.4076793631904392,5166,0.17465148984991774,0.4248935346496322,2021政策冲击与北上广浙地区交互，检验地区异质性。
m08_policy_by_big4,C(cause_code)[T.Cause05],-0.07131206016756814,0.048336035923050705,0.14012130803684858,-0.1660489497321818,0.023424829397045516,5166,0.17465148984991774,0.4248935346496322,2021政策冲击与北上广浙地区交互，检验地区异质性。
m08_policy_by_big4,C(cause_code)[T.Cause06],0.12761486392158258,0.0368072325086629,0.0005260791063867549,0.05547401383401143,0.19975571400915373,5166,0.17465148984991774,0.4248935346496322,2021政策冲击与北上广浙地区交互，检验地区异质性。
m08_policy_by_big4,C(cause_code)[T.Cause07],0.2096542264353206,0.04248685343233308,8.03287526587094e-07,0.1263815238915158,0.2929269289791254,5166,0.17465148984991774,0.4248935346496322,2021政策冲击与北上广浙地区交互，检验地区异质性。
m08_policy_by_big4,C(cause_code)[T.Cause08],-0.055949932188244234,0.04835490612405449,0.24724443006531527,-0.15072380666720633,0.03882394229071787,5166,0.17465148984991774,0.4248935346496322,2021政策冲击与北上广浙地区交互，检验地区异质性。
m08_policy_by_big4,C(cause_code)[T.Cause09],-0.03387068729547722,0.07486867017010577,0.6509798761568593,-0.18061058439929284,0.11286920980833838,5166,0.17465148984991774,0.4248935346496322,2021政策冲击与北上广浙地区交互，检验地区异质性。
m08_policy_by_big4,C(cause_code)[T.Cause10],0.46894420906784406,0.08289332903321497,1.5386169696095796e-08,0.30647626960411434,0.6314121485315738,5166,0.17465148984991774,0.4248935346496322,2021政策冲击与北上广浙地区交互，检验地区异质性。
m08_policy_by_big4,C(cause_code)[T.Cause11],-0.149666142043433,0.05420795866056174,0.005763129010640712,-0.2559117886935701,-0.0434204953932959,5166,0.17465148984991774,0.4248935346496322,2021政策冲击与北上广浙地区交互，检验地区异质性。
m08_policy_by_big4,C(cause_code)[T.Cause12],-0.0856383193388355,0.06614419708695203,0.1954162928781915,-0.21527856341558063,0.04400192473790962,5166,0.17465148984991774,0.4248935346496322,2021政策冲击与北上广浙地区交互，检验地区异质性。
m08_policy_by_big4,C(cause_code)[T.Cause13],0.15301853248833622,0.08495158107262088,0.07166441744548588,-0.013483506843735255,0.3195205718204077,5166,0.17465148984991774,0.4248935346496322,2021政策冲击与北上广浙地区交互，检验地区异质性。
m08_policy_by_big4,C(cause_code)[T.Cause14],0.14004316562296096,0.09951159196750867,0.15933695337381137,-0.05499597067760137,0.3350823019235233,5166,0.17465148984991774,0.4248935346496322,2021政策冲击与北上广浙地区交互，检验地区异质性。
m08_policy_by_big4,C(cause_code)[T.Cause15],-0.35085976062686713,0.07131691408500708,8.666492552349469e-07,-0.4906383437220183,-0.21108117753171596,5166,0.17465148984991774,0.4248935346496322,2021政策冲击与北上广浙地区交互，检验地区异质性。
m08_policy_by_big4,C(cause_code)[T.Cause16],0.02565142653492276,0.12377817391362263,0.8358247151917658,-0.21694933640791284,0.26825218947775836,5166,0.17465148984991774,0.4248935346496322,2021政策冲击与北上广浙地区交互，检验地区异质性。
m08_policy_by_big4,C(cause_code)[T.Cause17],-0.24334275752173007,0.0869562703311216,0.005134855017754335,-0.41377391560065724,-0.07291159944280287,5166,0.17465148984991774,0.4248935346496322,2021政策冲击与北上广浙地区交互，检验地区异质性。
m08_policy_by_big4,C(cause_code)[T.Cause18],-0.18913633107206856,0.05838692943390202,0.0011979792156208413,-0.30357260993039814,-0.07470005221373899,5166,0.17465148984991774,0.4248935346496322,2021政策冲击与北上广浙地区交互，检验地区异质性。
m08_policy_by_big4,C(cause_code)[T.Cause19],0.0397228042839608,0.11606035608069191,0.7321553206330902,-0.1877513136670896,0.26719692223501124,5166,0.17465148984991774,0.4248935346496322,2021政策冲击与北上广浙地区交互，检验地区异质性。
m08_policy_by_big4,C(cause_code)[T.CauseOther],0.09766400902914818,0.04855147582754486,0.044266769114515825,0.0025048650108932397,0.1928231530474031,5166,0.17465148984991774,0.4248935346496322,2021政策冲击与北上广浙地区交互，检验地区异质性。
m08_policy_by_big4,"C(transaction_code, Treatment(reference='Lending'))[T.ICO]",0.4519835033114225,0.11823642699522367,0.0001319932930522184,0.2202443647400847,0.6837226418827603,5166,0.17465148984991774,0.4248935346496322,2021政策冲击与北上广浙地区交互，检验地区异质性。
m08_policy_by_big4,"C(transaction_code, Treatment(reference='Lending'))[T.Investment]",0.2509965194254804,0.02596959151850874,4.245532710778738e-22,0.20009705535598643,0.3018959834949744,5166,0.17465148984991774,0.4248935346496322,2021政策冲击与北上广浙地区交互，检验地区异质性。
m08_policy_by_big4,"C(transaction_code, Treatment(reference='Lending'))[T.Mining]",0.07775161860823418,0.04234417480015329,0.06633071933532411,-0.005241438955134806,0.16074467617160315,5166,0.17465148984991774,0.4248935346496322,2021政策冲击与北上广浙地区交互，检验地区异质性。
m08_policy_by_big4,"C(transaction_code, Treatment(reference='Lending'))[T.OtherCivil]",-0.16053773358360734,0.0433640573142877,0.00021382897224365025,-0.24552972414314195,-0.07554574302407276,5166,0.17465148984991774,0.4248935346496322,2021政策冲击与北上广浙地区交互，检验地区异质性。
m08_policy_by_big4,"C(transaction_code, Treatment(reference='Lending'))[T.OtherUnclassified]",-0.0727650611433294,0.04586386644641341,0.11261586526038499,-0.16265658757005472,0.017126465283395925,5166,0.17465148984991774,0.4248935346496322,2021政策冲击与北上广浙地区交互，检验地区异质性。
m08_policy_by_big4,"C(transaction_code, Treatment(reference='Lending'))[T.TechService]",-0.11882977530984865,0.05778012036012287,0.039726084877120246,-0.23207673023807895,-0.0055828203816183225,5166,0.17465148984991774,0.4248935346496322,2021政策冲击与北上广浙地区交互，检验地区异质性。
m08_policy_by_big4,"C(transaction_code, Treatment(reference='Lending'))[T.Trading]",0.17999608217981597,0.034823723229376595,2.35630036597151e-07,0.11174283884264698,0.24824932551698498,5166,0.17465148984991774,0.4248935346496322,2021政策冲击与北上广浙地区交互，检验地区异质性。
m08_policy_by_big4,C(region_macro_code)[T.East],0.017870962950165676,0.03459709987235511,0.6054737373781272,-0.04993810676918564,0.08568003266951699,5166,0.17465148984991774,0.4248935346496322,2021政策冲击与北上广浙地区交互，检验地区异质性。
m08_policy_by_big4,C(region_macro_code)[T.Northeast],-0.11511724186300103,0.027128203463264458,2.2010701324846234e-05,-0.16828754361627413,-0.06194694010972793,5166,0.17465148984991774,0.4248935346496322,2021政策冲击与北上广浙地区交互，检验地区异质性。
m08_policy_by_big4,C(region_macro_code)[T.Unmapped],-0.04676993221203863,0.04208558233989071,0.26643694347292524,-0.12925615786661934,0.03571629344254209,5166,0.17465148984991774,0.4248935346496322,2021政策冲击与北上广浙地区交互，检验地区异质性。
m08_policy_by_big4,C(region_macro_code)[T.West],-0.018755362256089723,0.034072662979488355,0.5820094558044131,-0.08553655455325812,0.04802583004107867,5166,0.17465148984991774,0.4248935346496322,2021政策冲击与北上广浙地区交互，检验地区异质性。
m08_policy_by_big4,post2021,0.0610826301130915,0.03524074279968007,0.08304311380881055,-0.007987956562720673,0.13015321678890368,5166,0.17465148984991774,0.4248935346496322,2021政策冲击与北上广浙地区交互，检验地区异质性。
m08_policy_by_big4,region_big4,-0.1315955704256865,0.04600121266260873,0.004227096969609837,-0.22175629048956752,-0.04143485036180551,5166,0.17465148984991774,0.4248935346496322,2021政策冲击与北上广浙地区交互，检验地区异质性。
m08_policy_by_big4,post2021:region_big4,0.06176722188205703,0.04701561159305108,0.1889270397500753,-0.03038168355144693,0.15391612731556098,5166,0.17465148984991774,0.4248935346496322,2021政策冲击与北上广浙地区交互，检验地区异质性。
m08_policy_by_big4,amount_log,-0.005076296962158058,0.005225365125878274,0.33131318949061583,-0.015317824414951081,0.005165230490634966,5166,0.17465148984991774,0.4248935346496322,2021政策冲击与北上广浙地区交互，检验地区异质性。
m08_policy_by_big4,amount_llm_regex_conflict_flag,-0.0642290846140395,0.034399044992251375,0.0618769596712213,-0.1316499739014251,0.0031918046733460936,5166,0.17465148984991774,0.4248935346496322,2021政策冲击与北上广浙地区交互，检验地区异质性。
m09_strict_dv,Intercept,0.3273734401539693,0.07244265614400762,6.2111833792284625e-06,0.1853884431672951,0.4693584371406435,5095,0.17234942384227359,0.4168792934249264,使用更严格的合同效力因变量。
m09_strict_dv,C(court_level_code)[T.High],-0.02920999093852704,0.09447777914447578,0.7571898304402152,-0.214383035401029,0.15596305352397494,5095,0.17234942384227359,0.4168792934249264,使用更严格的合同效力因变量。
m09_strict_dv,C(court_level_code)[T.Intermediate],-0.00952634468720695,0.01560348903730838,0.5415130462495097,-0.040108621233496934,0.021055931859083034,5095,0.17234942384227359,0.4168792934249264,使用更严格的合同效力因变量。
m09_strict_dv,C(court_level_code)[T.Supreme],-0.03771104881159492,0.04651401473633587,0.4175115827598256,-0.12887684247117856,0.05345474484798871,5095,0.17234942384227359,0.4168792934249264,使用更严格的合同效力因变量。
m09_strict_dv,C(cause_code)[T.Cause01],0.1445088698209357,0.0653439374449185,0.027000435658062767,0.016437105820857195,0.27258063382101416,5095,0.17234942384227359,0.4168792934249264,使用更严格的合同效力因变量。
m09_strict_dv,C(cause_code)[T.Cause02],0.02381141481835533,0.03898408838923285,0.5413331206448075,-0.05259599439466714,0.1002188240313778,5095,0.17234942384227359,0.4168792934249264,使用更严格的合同效力因变量。
m09_strict_dv,C(cause_code)[T.Cause03],0.027173934001806843,0.03191795340141374,0.3945647904751466,-0.0353841051251918,0.08973197312880549,5095,0.17234942384227359,0.4168792934249264,使用更严格的合同效力因变量。
m09_strict_dv,C(cause_code)[T.Cause04],0.35692151826952245,0.03237127482315556,2.86727456906126e-28,0.29347498548248935,0.42036805105655556,5095,0.17234942384227359,0.4168792934249264,使用更严格的合同效力因变量。
m09_strict_dv,C(cause_code)[T.Cause05],-0.06812691164914003,0.055486034229411306,0.21951421380977176,-0.17687754038374284,0.04062371708546278,5095,0.17234942384227359,0.4168792934249264,使用更严格的合同效力因变量。
m09_strict_dv,C(cause_code)[T.Cause06],0.125177540991791,0.03543180200861178,0.0004110047597816819,0.05573248514755795,0.194622596836024,5095,0.17234942384227359,0.4168792934249264,使用更严格的合同效力因变量。
m09_strict_dv,C(cause_code)[T.Cause07],0.21545553265609926,0.04256985565559081,4.165756244779226e-07,0.13202014874407253,0.298890916568126,5095,0.17234942384227359,0.4168792934249264,使用更严格的合同效力因变量。
m09_strict_dv,C(cause_code)[T.Cause08],-0.007295962316635715,0.04256573277326776,0.863905639564144,-0.09072326552779676,0.07613134089452532,5095,0.17234942384227359,0.4168792934249264,使用更严格的合同效力因变量。
m09_strict_dv,C(cause_code)[T.Cause09],-0.020686398643001692,0.08067984445651569,0.7976411598422717,-0.17881598805606597,0.13744319077006256,5095,0.17234942384227359,0.4168792934249264,使用更严格的合同效力因变量。
m09_strict_dv,C(cause_code)[T.Cause10],0.4380908120477366,0.0886704119158838,7.785652431537289e-07,0.2642999981982731,0.6118816258972001,5095,0.17234942384227359,0.4168792934249264,使用更严格的合同效力因变量。
m09_strict_dv,C(cause_code)[T.Cause11],-0.110320585517141,0.0509284799194457,0.030296938545600623,-0.2101385719466259,-0.010502599087656078,5095,0.17234942384227359,0.4168792934249264,使用更严格的合同效力因变量。
m09_strict_dv,C(cause_code)[T.Cause12],-0.0590102038961692,0.06673330537307075,0.376550932065566,-0.18980507899670115,0.07178467120436274,5095,0.17234942384227359,0.4168792934249264,使用更严格的合同效力因变量。
m09_strict_dv,C(cause_code)[T.Cause13],0.14774118319767313,0.08803920220420774,0.09332181907944898,-0.024812482350213383,0.32029484874555963,5095,0.17234942384227359,0.4168792934249264,使用更严格的合同效力因变量。
m09_strict_dv,C(cause_code)[T.Cause14],0.165313567525045,0.10853052893824587,0.12770898526490562,-0.04740236041699902,0.378029495467089,5095,0.17234942384227359,0.4168792934249264,使用更严格的合同效力因变量。
m09_strict_dv,C(cause_code)[T.Cause15],-0.3336825917800429,0.08063688486779502,3.5021080530183246e-05,-0.491727981946424,-0.17563720161366178,5095,0.17234942384227359,0.4168792934249264,使用更严格的合同效力因变量。
m09_strict_dv,C(cause_code)[T.Cause16],0.0347928915655982,0.12931596713175977,0.7878886438624778,-0.21866174663861634,0.2882475297698127,5095,0.17234942384227359,0.4168792934249264,使用更严格的合同效力因变量。
m09_strict_dv,C(cause_code)[T.Cause17],-0.2737617793102238,0.104640930624574,0.008891402032021052,-0.4788542346431432,-0.06866932397730435,5095,0.17234942384227359,0.4168792934249264,使用更严格的合同效力因变量。
m09_strict_dv,C(cause_code)[T.Cause18],-0.17421806873238552,0.0633710372948591,0.005974548663178768,-0.2984230194932539,-0.05001311797151711,5095,0.17234942384227359,0.4168792934249264,使用更严格的合同效力因变量。
m09_strict_dv,C(cause_code)[T.Cause19],-0.0064314394845132235,0.10858410957815068,0.9527688954205642,-0.21925238355103926,0.20638950458201283,5095,0.17234942384227359,0.4168792934249264,使用更严格的合同效力因变量。
m09_strict_dv,C(cause_code)[T.CauseOther],0.10031800420517431,0.05118375458634486,0.050000711108206815,-3.1137759842758683e-07,0.20063631978794705,5095,0.17234942384227359,0.4168792934249264,使用更严格的合同效力因变量。
m09_strict_dv,"C(transaction_code, Treatment(reference='Lending'))[T.ICO]",0.4363456316757216,0.12112033529530834,0.0003150750467954886,0.19895413670150172,0.6737371266499415,5095,0.17234942384227359,0.4168792934249264,使用更严格的合同效力因变量。
m09_strict_dv,"C(transaction_code, Treatment(reference='Lending'))[T.Investment]",0.24877934204132002,0.027866131313521343,4.351150896360191e-19,0.19416272827835435,0.3033959558042857,5095,0.17234942384227359,0.4168792934249264,使用更严格的合同效力因变量。
m09_strict_dv,"C(transaction_code, Treatment(reference='Lending'))[T.Mining]",0.06418742868917503,0.04716529045979505,0.17354405448094923,-0.028254841932393873,0.15662969931074394,5095,0.17234942384227359,0.4168792934249264,使用更严格的合同效力因变量。
m09_strict_dv,"C(transaction_code, Treatment(reference='Lending'))[T.OtherCivil]",-0.17377176636920433,0.0460742452350137,0.0001622303348430728,-0.2640756276446974,-0.08346790509371127,5095,0.17234942384227359,0.4168792934249264,使用更严格的合同效力因变量。
m09_strict_dv,"C(transaction_code, Treatment(reference='Lending'))[T.OtherUnclassified]",-0.1107540928845929,0.04316167833639478,0.01028704018545372,-0.19534942793622934,-0.026158757832956445,5095,0.17234942384227359,0.4168792934249264,使用更严格的合同效力因变量。
m09_strict_dv,"C(transaction_code, Treatment(reference='Lending'))[T.TechService]",-0.15360228348407412,0.06845432766424352,0.024841075954560598,-0.2877703002918953,-0.019434266676252948,5095,0.17234942384227359,0.4168792934249264,使用更严格的合同效力因变量。
m09_strict_dv,"C(transaction_code, Treatment(reference='Lending'))[T.Trading]",0.17476952212794383,0.03543754523639481,8.149136890982362e-07,0.10531320976410105,0.24422583449178661,5095,0.17234942384227359,0.4168792934249264,使用更严格的合同效力因变量。
m09_strict_dv,C(region_macro_code)[T.East],-0.03884996021859781,0.03396362740161489,0.2526777283111692,-0.1054174467101007,0.02771752627290508,5095,0.17234942384227359,0.4168792934249264,使用更严格的合同效力因变量。
m09_strict_dv,C(region_macro_code)[T.Northeast],-0.10979372261806157,0.02911810830186013,0.00016283348655524537,-0.1668641661876442,-0.05272327904847896,5095,0.17234942384227359,0.4168792934249264,使用更严格的合同效力因变量。
m09_strict_dv,C(region_macro_code)[T.Unmapped],-0.03771104881157733,0.046514014736344055,0.4175115827601247,-0.12887684247117703,0.05345474484802236,5095,0.17234942384227359,0.4168792934249264,使用更严格的合同效力因变量。
m09_strict_dv,C(region_macro_code)[T.West],-0.022746198417399575,0.035483904100734265,0.5215040822655952,-0.09229337248571187,0.046800975650912714,5095,0.17234942384227359,0.4168792934249264,使用更严格的合同效力因变量。
m09_strict_dv,post2021,0.08571977945511298,0.029227459624016024,0.003358652112033602,0.02843501123244299,0.14300454767778298,5095,0.17234942384227359,0.4168792934249264,使用更严格的合同效力因变量。
m09_strict_dv,amount_log,-0.005783657121485037,0.006190058520903542,0.3501253845658674,-0.017915948884651256,0.006348634641681183,5095,0.17234942384227359,0.4168792934249264,使用更严格的合同效力因变量。
m09_strict_dv,amount_llm_regex_conflict_flag,-0.07793834408187261,0.03435659053143359,0.023298007494922543,-0.1452760241550723,-0.010600664008672933,5095,0.17234942384227359,0.4168792934249264,使用更严格的合同效力因变量。
m10_llm_amount,Intercept,0.32811377951180315,0.07076608362893892,3.5419278158010273e-06,0.18941480427213334,0.466812754751473,5058,0.16999505467067988,0.4211150652431791,使用DSV4/LLM顶层金额替代主金额。
m10_llm_amount,C(court_level_code)[T.High],0.10042115726267158,0.06901782640838439,0.14566837968772792,-0.034851296788999245,0.2356936113143424,5058,0.16999505467067988,0.4211150652431791,使用DSV4/LLM顶层金额替代主金额。
m10_llm_amount,C(court_level_code)[T.Intermediate],-0.010013873388043833,0.015433944664507893,0.5164538318110545,-0.04026384906986343,0.020236102293775766,5058,0.16999505467067988,0.4211150652431791,使用DSV4/LLM顶层金额替代主金额。
m10_llm_amount,C(court_level_code)[T.Supreme],-0.03527083679713816,0.043826577640984674,0.4209455433644582,-0.12116935053911652,0.0506276769448402,5058,0.16999505467067988,0.4211150652431791,使用DSV4/LLM顶层金额替代主金额。
m10_llm_amount,C(cause_code)[T.Cause01],0.1299193499337807,0.06503047606655686,0.04573590433790977,0.002461958945835313,0.25737674092172613,5058,0.16999505467067988,0.4211150652431791,使用DSV4/LLM顶层金额替代主金额。
m10_llm_amount,C(cause_code)[T.Cause02],0.009921023092965997,0.03844485647545351,0.7963617371848216,-0.06542951098973436,0.08527155717566635,5058,0.16999505467067988,0.4211150652431791,使用DSV4/LLM顶层金额替代主金额。
m10_llm_amount,C(cause_code)[T.Cause03],0.013863179458263632,0.03450361613670713,0.6878391895492934,-0.05376266550607738,0.08148902442260464,5058,0.16999505467067988,0.4211150652431791,使用DSV4/LLM顶层金额替代主金额。
m10_llm_amount,C(cause_code)[T.Cause04],0.34556838247737387,0.030544748121743667,1.1249436390216558e-29,0.28570177624190884,0.4054349887128389,5058,0.16999505467067988,0.4211150652431791,使用DSV4/LLM顶层金额替代主金额。
m10_llm_amount,C(cause_code)[T.Cause05],-0.09745065668126036,0.052846102790352435,0.0651764029301406,-0.2010271148736528,0.006125801511132067,5058,0.16999505467067988,0.4211150652431791,使用DSV4/LLM顶层金额替代主金额。
m10_llm_amount,C(cause_code)[T.Cause06],0.11736951944995899,0.035928079514147504,0.0010877403013045627,0.046951777568538564,0.1877872613313794,5058,0.16999505467067988,0.4211150652431791,使用DSV4/LLM顶层金额替代主金额。
m10_llm_amount,C(cause_code)[T.Cause07],0.20413574956357072,0.04404202815472075,3.569002985999703e-06,0.117814960574219,0.2904565385529224,5058,0.16999505467067988,0.4211150652431791,使用DSV4/LLM顶层金额替代主金额。
m10_llm_amount,C(cause_code)[T.Cause08],-0.022749209412837663,0.04310865255931109,0.5976951183122825,-0.10724061585113782,0.061742197025462506,5058,0.16999505467067988,0.4211150652431791,使用DSV4/LLM顶层金额替代主金额。
m10_llm_amount,C(cause_code)[T.Cause09],-0.06451450469728659,0.0698541791085908,0.35571560417146797,-0.20142617991973483,0.07239717052516165,5058,0.16999505467067988,0.4211150652431791,使用DSV4/LLM顶层金额替代主金额。
m10_llm_amount,C(cause_code)[T.Cause10],0.48707979586308936,0.07901728716148719,7.083223666515475e-10,0.33220875887051526,0.6419508328556635,5058,0.16999505467067988,0.4211150652431791,使用DSV4/LLM顶层金额替代主金额。
m10_llm_amount,C(cause_code)[T.Cause11],-0.13871724381908612,0.05372604540483824,0.00982476275718098,-0.24401835784433273,-0.03341612979383951,5058,0.16999505467067988,0.4211150652431791,使用DSV4/LLM顶层金额替代主金额。
m10_llm_amount,C(cause_code)[T.Cause12],-0.08238351716455991,0.061348107744123755,0.17930887902397186,-0.20262359886272524,0.03785656453360543,5058,0.16999505467067988,0.4211150652431791,使用DSV4/LLM顶层金额替代主金额。
m10_llm_amount,C(cause_code)[T.Cause13],0.1628968843633485,0.08857588428899746,0.06590550045913322,-0.010708658741873711,0.33650242746857073,5058,0.16999505467067988,0.4211150652431791,使用DSV4/LLM顶层金额替代主金额。
m10_llm_amount,C(cause_code)[T.Cause14],0.155243222387567,0.13157299314299886,0.23803924079564265,-0.10263510551084626,0.41312155028598024,5058,0.16999505467067988,0.4211150652431791,使用DSV4/LLM顶层金额替代主金额。
m10_llm_amount,C(cause_code)[T.Cause15],-0.3841563743920014,0.05917259300034528,8.462920157649972e-11,-0.500132525544525,-0.26818022323947777,5058,0.16999505467067988,0.4211150652431791,使用DSV4/LLM顶层金额替代主金额。
m10_llm_amount,C(cause_code)[T.Cause16],0.0037710280792074054,0.12382653531669174,0.975704883885909,-0.23892452147188548,0.24646657763030028,5058,0.16999505467067988,0.4211150652431791,使用DSV4/LLM顶层金额替代主金额。
m10_llm_amount,C(cause_code)[T.Cause17],-0.25097697945302166,0.08560192155434095,0.0033688626520226865,-0.4187536627069529,-0.08320029619909045,5058,0.16999505467067988,0.4211150652431791,使用DSV4/LLM顶层金额替代主金额。
m10_llm_amount,C(cause_code)[T.Cause18],-0.19037955468694348,0.06744023190721804,0.004758585812352299,-0.3225599803341198,-0.05819912903976712,5058,0.16999505467067988,0.4211150652431791,使用DSV4/LLM顶层金额替代主金额。
m10_llm_amount,C(cause_code)[T.Cause19],0.027663576081747226,0.11261137201158272,0.8059491068915395,-0.19305065731059678,0.24837780947409122,5058,0.16999505467067988,0.4211150652431791,使用DSV4/LLM顶层金额替代主金额。
m10_llm_amount,C(cause_code)[T.CauseOther],0.09544356422768693,0.050082530136128255,0.056685804607179494,-0.0027163910937663405,0.1936035195491402,5058,0.16999505467067988,0.4211150652431791,使用DSV4/LLM顶层金额替代主金额。
m10_llm_amount,"C(transaction_code, Treatment(reference='Lending'))[T.ICO]",0.402815811847234,0.13150118093861995,0.0021897589080587068,0.1450782332830538,0.6605533904114141,5058,0.16999505467067988,0.4211150652431791,使用DSV4/LLM顶层金额替代主金额。
m10_llm_amount,"C(transaction_code, Treatment(reference='Lending'))[T.Investment]",0.2602037973785394,0.027058731405445593,6.826831009484793e-22,0.20716965835652312,0.31323793640055564,5058,0.16999505467067988,0.4211150652431791,使用DSV4/LLM顶层金额替代主金额。
m10_llm_amount,"C(transaction_code, Treatment(reference='Lending'))[T.Mining]",0.07159047434468942,0.049546714210909025,0.14848355539096955,-0.02551930106099115,0.16870024975036998,5058,0.16999505467067988,0.4211150652431791,使用DSV4/LLM顶层金额替代主金额。
m10_llm_amount,"C(transaction_code, Treatment(reference='Lending'))[T.OtherCivil]",-0.16573146658559815,0.048217700877020334,0.0005878701218489694,-0.2602364237218834,-0.07122650944931291,5058,0.16999505467067988,0.4211150652431791,使用DSV4/LLM顶层金额替代主金额。
m10_llm_amount,"C(transaction_code, Treatment(reference='Lending'))[T.OtherUnclassified]",-0.07167095919668001,0.04346137322291363,0.09913276478418531,-0.1568536854322442,0.013511767038884195,5058,0.16999505467067988,0.4211150652431791,使用DSV4/LLM顶层金额替代主金额。
m10_llm_amount,"C(transaction_code, Treatment(reference='Lending'))[T.TechService]",-0.12350794124911323,0.06789884236162408,0.06891154918096407,-0.25658722686985896,0.009571344371632526,5058,0.16999505467067988,0.4211150652431791,使用DSV4/LLM顶层金额替代主金额。
m10_llm_amount,"C(transaction_code, Treatment(reference='Lending'))[T.Trading]",0.18571377069560085,0.0353200503131299,1.4560931315788362e-07,0.11648774414972358,0.25493979724147814,5058,0.16999505467067988,0.4211150652431791,使用DSV4/LLM顶层金额替代主金额。
m10_llm_amount,C(region_macro_code)[T.East],-0.037305879948982254,0.03395724733657074,0.2719368203124014,-0.10386086174277957,0.029249101844815065,5058,0.16999505467067988,0.4211150652431791,使用DSV4/LLM顶层金额替代主金额。
m10_llm_amount,C(region_macro_code)[T.Northeast],-0.12214144339748773,0.026348245382760888,3.558045497207691e-06,-0.17378305540352285,-0.0704998313914526,5058,0.16999505467067988,0.4211150652431791,使用DSV4/LLM顶层金额替代主金额。
m10_llm_amount,C(region_macro_code)[T.Unmapped],-0.03527083679713366,0.04382657764098552,0.4209455433645265,-0.12116935053911368,0.05062767694484637,5058,0.16999505467067988,0.4211150652431791,使用DSV4/LLM顶层金额替代主金额。
m10_llm_amount,C(region_macro_code)[T.West],-0.019186810298947435,0.03501837768317491,0.5837558397930841,-0.08782156935499144,0.04944794875709657,5058,0.16999505467067988,0.4211150652431791,使用DSV4/LLM顶层金额替代主金额。
m10_llm_amount,post2021,0.07846149426035931,0.029201655180187826,0.007212174202255595,0.021227301818233665,0.13569568670248494,5058,0.16999505467067988,0.4211150652431791,使用DSV4/LLM顶层金额替代主金额。
m10_llm_amount,amount_log_llm,-0.005327235411354646,0.00596360631600824,0.3717013957559604,-0.01701568900870639,0.006361218185997096,5058,0.16999505467067988,0.4211150652431791,使用DSV4/LLM顶层金额替代主金额。
m10_llm_amount,amount_llm_regex_conflict_flag,-0.06715247441073155,0.03636290396683773,0.06478624651811818,-0.13842245655902216,0.004117507737559062,5058,0.16999505467067988,0.4211150652431791,使用DSV4/LLM顶层金额替代主金额。
m11_regex_amount,Intercept,0.4133694743531991,0.05996342601106623,5.436212407766662e-12,0.295843318981877,0.5308956297245212,5166,0.17123049700461945,0.4248935346496322,使用全文正则最大金额作为替代金额口径，仅作为稳健性参考。
m11_regex_amount,C(court_level_code)[T.High],0.12891378379644106,0.06993884313967864,0.065294581039281,-0.00816382987772532,0.2659913974706074,5166,0.17123049700461945,0.4248935346496322,使用全文正则最大金额作为替代金额口径，仅作为稳健性参考。
m11_regex_amount,C(court_level_code)[T.Intermediate],-0.0037536072605491963,0.015559114291065417,0.8093628082487537,-0.03424891090237987,0.026741696381281477,5166,0.17123049700461945,0.4248935346496322,使用全文正则最大金额作为替代金额口径，仅作为稳健性参考。
m11_regex_amount,C(court_level_code)[T.Supreme],-0.016880234202041353,0.04619313221052438,0.7147924234450312,-0.10741710966776623,0.07365664126368353,5166,0.17123049700461945,0.4248935346496322,使用全文正则最大金额作为替代金额口径，仅作为稳健性参考。
m11_regex_amount,C(cause_code)[T.Cause01],0.13225100559420302,0.06193159408321388,0.03272534675566489,0.010867311685949912,0.25363469950245615,5166,0.17123049700461945,0.4248935346496322,使用全文正则最大金额作为替代金额口径，仅作为稳健性参考。
m11_regex_amount,C(cause_code)[T.Cause02],0.01646856344228968,0.03735932287041728,0.659346671123731,-0.056754363870531746,0.08969149075511111,5166,0.17123049700461945,0.4248935346496322,使用全文正则最大金额作为替代金额口径，仅作为稳健性参考。
m11_regex_amount,C(cause_code)[T.Cause03],0.01802547728113482,0.03240647066111135,0.5780530825925777,-0.04549003808069735,0.08154099264296699,5166,0.17123049700461945,0.4248935346496322,使用全文正则最大金额作为替代金额口径，仅作为稳健性参考。
m11_regex_amount,C(cause_code)[T.Cause04],0.3470136724800459,0.03056752688791274,7.218478117503383e-30,0.2871024206832772,0.4069249242768146,5166,0.17123049700461945,0.4248935346496322,使用全文正则最大金额作为替代金额口径，仅作为稳健性参考。
m11_regex_amount,C(cause_code)[T.Cause05],-0.09748576355225219,0.04875543209572282,0.04555588459705845,-0.19304465451055713,-0.0019268725939472486,5166,0.17123049700461945,0.4248935346496322,使用全文正则最大金额作为替代金额口径，仅作为稳健性参考。
m11_regex_amount,C(cause_code)[T.Cause06],0.1240714967223196,0.03585150058086215,0.0005387612102088506,0.05380384679211295,0.19433914665252625,5166,0.17123049700461945,0.4248935346496322,使用全文正则最大金额作为替代金额口径，仅作为稳健性参考。
m11_regex_amount,C(cause_code)[T.Cause07],0.20999955297101838,0.041837754335393024,5.183873742318278e-07,0.12799906127961355,0.29200004466242324,5166,0.17123049700461945,0.4248935346496322,使用全文正则最大金额作为替代金额口径，仅作为稳健性参考。
m11_regex_amount,C(cause_code)[T.Cause08],0.0033437414300636144,0.0493728979566227,0.9460051619179415,-0.09342536037728809,0.10011284323741533,5166,0.17123049700461945,0.4248935346496322,使用全文正则最大金额作为替代金额口径，仅作为稳健性参考。
m11_regex_amount,C(cause_code)[T.Cause09],-0.04274672791570692,0.07580373674301491,0.5728132047829847,-0.1913193218255717,0.10582586599415789,5166,0.17123049700461945,0.4248935346496322,使用全文正则最大金额作为替代金额口径，仅作为稳健性参考。
m11_regex_amount,C(cause_code)[T.Cause10],0.4687983335687142,0.08253769266204794,1.3484519787364524e-08,0.30702742858406434,0.6305692385533641,5166,0.17123049700461945,0.4248935346496322,使用全文正则最大金额作为替代金额口径，仅作为稳健性参考。
m11_regex_amount,C(cause_code)[T.Cause11],-0.13619514676014483,0.05272829939353104,0.009795636405792698,-0.23954071453751086,-0.03284957898277881,5166,0.17123049700461945,0.4248935346496322,使用全文正则最大金额作为替代金额口径，仅作为稳健性参考。
m11_regex_amount,C(cause_code)[T.Cause12],-0.09062856835114436,0.06644455069865478,0.17257608627504606,-0.2208574946894534,0.039600357987164686,5166,0.17123049700461945,0.4248935346496322,使用全文正则最大金额作为替代金额口径，仅作为稳健性参考。
m11_regex_amount,C(cause_code)[T.Cause13],0.15949346717386753,0.08704318627644668,0.06689948930083117,-0.011108043027579062,0.3300949773753141,5166,0.17123049700461945,0.4248935346496322,使用全文正则最大金额作为替代金额口径，仅作为稳健性参考。
m11_regex_amount,C(cause_code)[T.Cause14],0.14518701674810616,0.10645059846397949,0.17260186329474014,-0.06345232237402842,0.35382635587024075,5166,0.17123049700461945,0.4248935346496322,使用全文正则最大金额作为替代金额口径，仅作为稳健性参考。
m11_regex_amount,C(cause_code)[T.Cause15],-0.33022256573548076,0.07583928735709489,1.3352849393313413e-05,-0.47886483756857057,-0.18158029390239092,5166,0.17123049700461945,0.4248935346496322,使用全文正则最大金额作为替代金额口径，仅作为稳健性参考。
m11_regex_amount,C(cause_code)[T.Cause16],-0.009483182714239258,0.1272477079109621,0.9405923536995339,-0.2588841073349975,0.239917741906519,5166,0.17123049700461945,0.4248935346496322,使用全文正则最大金额作为替代金额口径，仅作为稳健性参考。
m11_regex_amount,C(cause_code)[T.Cause17],-0.2560419973494606,0.08892669129034092,0.003986247403046771,-0.4303351095428405,-0.08174888515608067,5166,0.17123049700461945,0.4248935346496322,使用全文正则最大金额作为替代金额口径，仅作为稳健性参考。
m11_regex_amount,C(cause_code)[T.Cause18],-0.19279961779163257,0.06359101294019545,0.0024304469486509405,-0.3174357128948362,-0.06816352268842896,5166,0.17123049700461945,0.4248935346496322,使用全文正则最大金额作为替代金额口径，仅作为稳健性参考。
m11_regex_amount,C(cause_code)[T.Cause19],-0.0007540762220519745,0.10578002191889128,0.9943121520643141,-0.2080791094669364,0.20657095702283243,5166,0.17123049700461945,0.4248935346496322,使用全文正则最大金额作为替代金额口径，仅作为稳健性参考。
m11_regex_amount,C(cause_code)[T.CauseOther],0.09803939305660925,0.04878280907725804,0.044461687276088645,0.002426844200489872,0.1936519419127286,5166,0.17123049700461945,0.4248935346496322,使用全文正则最大金额作为替代金额口径，仅作为稳健性参考。
m11_regex_amount,"C(transaction_code, Treatment(reference='Lending'))[T.ICO]",0.4275520556715919,0.11677005993503227,0.0002507555936820612,0.1986869437263451,0.6564171676168387,5166,0.17123049700461945,0.4248935346496322,使用全文正则最大金额作为替代金额口径，仅作为稳健性参考。
m11_regex_amount,"C(transaction_code, Treatment(reference='Lending'))[T.Investment]",0.25162732816818995,0.027141977847140362,1.8478811487310753e-20,0.19843002911861085,0.30482462721776904,5166,0.17123049700461945,0.4248935346496322,使用全文正则最大金额作为替代金额口径，仅作为稳健性参考。
m11_regex_amount,"C(transaction_code, Treatment(reference='Lending'))[T.Mining]",0.0768739374117844,0.04633000277487053,0.09706159888798709,-0.0139311994306026,0.1676790742541714,5166,0.17123049700461945,0.4248935346496322,使用全文正则最大金额作为替代金额口径，仅作为稳健性参考。
m11_regex_amount,"C(transaction_code, Treatment(reference='Lending'))[T.OtherCivil]",-0.16130796978660666,0.04358489365553043,0.0002147460704475,-0.24673279162145462,-0.07588314795175873,5166,0.17123049700461945,0.4248935346496322,使用全文正则最大金额作为替代金额口径，仅作为稳健性参考。
m11_regex_amount,"C(transaction_code, Treatment(reference='Lending'))[T.OtherUnclassified]",-0.0750496303979339,0.045739381631741356,0.10083688167687552,-0.16469717107127985,0.014597910275412046,5166,0.17123049700461945,0.4248935346496322,使用全文正则最大金额作为替代金额口径，仅作为稳健性参考。
m11_regex_amount,"C(transaction_code, Treatment(reference='Lending'))[T.TechService]",-0.13685362686522695,0.061841267976145045,0.026898871064119093,-0.25806028485676147,-0.015646968873692463,5166,0.17123049700461945,0.4248935346496322,使用全文正则最大金额作为替代金额口径，仅作为稳健性参考。
m11_regex_amount,"C(transaction_code, Treatment(reference='Lending'))[T.Trading]",0.1779397445126508,0.03407728843360758,1.7733389447457097e-07,0.11114948649199659,0.244730002533305,5166,0.17123049700461945,0.4248935346496322,使用全文正则最大金额作为替代金额口径，仅作为稳健性参考。
m11_regex_amount,C(region_macro_code)[T.East],-0.032493703622631216,0.03205976238776201,0.310804503209669,-0.0953296832555566,0.030342276010294163,5166,0.17123049700461945,0.4248935346496322,使用全文正则最大金额作为替代金额口径，仅作为稳健性参考。
m11_regex_amount,C(region_macro_code)[T.Northeast],-0.11638208659705569,0.027780012907413207,2.7967079751299435e-05,-0.1708299113856434,-0.06193426180846797,5166,0.17123049700461945,0.4248935346496322,使用全文正则最大金额作为替代金额口径，仅作为稳健性参考。
m11_regex_amount,C(region_macro_code)[T.Unmapped],-0.016880234202029325,0.046193132210530265,0.7147924234452603,-0.10741710966776574,0.07365664126370708,5166,0.17123049700461945,0.4248935346496322,使用全文正则最大金额作为替代金额口径，仅作为稳健性参考。
m11_regex_amount,C(region_macro_code)[T.West],-0.01945088248314178,0.034134048187232674,0.5687874854040855,-0.08635238757667255,0.04745062261038899,5166,0.17123049700461945,0.4248935346496322,使用全文正则最大金额作为替代金额口径，仅作为稳健性参考。
m11_regex_amount,post2021,0.08061660236626268,0.029261854143888003,0.005869094496722527,0.023264422123378058,0.1379687826091473,5166,0.17123049700461945,0.4248935346496322,使用全文正则最大金额作为替代金额口径，仅作为稳健性参考。
m11_regex_amount,amount_log_regex,-0.011929928824125293,0.004792415111600593,0.012798214766091089,-0.02132288984182796,-0.0025369678064226277,5166,0.17123049700461945,0.4248935346496322,使用全文正则最大金额作为替代金额口径，仅作为稳健性参考。
m11_regex_amount,amount_llm_regex_conflict_flag,-0.07002229099714183,0.03417661056968993,0.040478094405066466,-0.13700721682738504,-0.00303736516689862,5166,0.17123049700461945,0.4248935346496322,使用全文正则最大金额作为替代金额口径，仅作为稳健性参考。
m12_winsor_amount,Intercept,0.36023508682182054,0.07570174061786411,1.949303105356328e-06,0.21186240164381395,0.5086077719998271,5166,0.16940477353481453,0.4248935346496322,对金额在1%和99%分位缩尾后重估。
m12_winsor_amount,C(court_level_code)[T.High],0.10529764851764083,0.06930155059587575,0.12865867475602205,-0.030530894723055965,0.2411261917583376,5166,0.16940477353481453,0.4248935346496322,对金额在1%和99%分位缩尾后重估。
m12_winsor_amount,C(court_level_code)[T.Intermediate],-0.007797385026675179,0.015568856346411057,0.616489201486752,-0.038311782746118704,0.022717012692768344,5166,0.16940477353481453,0.4248935346496322,对金额在1%和99%分位缩尾后重估。
m12_winsor_amount,C(court_level_code)[T.Supreme],-0.03190010936283402,0.044425165575389544,0.47271786395719706,-0.11897183389782616,0.055171615172158114,5166,0.16940477353481453,0.4248935346496322,对金额在1%和99%分位缩尾后重估。
m12_winsor_amount,C(cause_code)[T.Cause01],0.13243350536298246,0.06312479475401092,0.035908383766581155,0.008711181113638111,0.2561558296123268,5166,0.16940477353481453,0.4248935346496322,对金额在1%和99%分位缩尾后重估。
m12_winsor_amount,C(cause_code)[T.Cause02],0.01518622798168254,0.037306178894956736,0.6839565422932137,-0.05793253905324093,0.088304995016606,5166,0.16940477353481453,0.4248935346496322,对金额在1%和99%分位缩尾后重估。
m12_winsor_amount,C(cause_code)[T.Cause03],0.018532001792334905,0.032157479998661774,0.5644198609130211,-0.04449550083860932,0.08155950442327914,5166,0.16940477353481453,0.4248935346496322,对金额在1%和99%分位缩尾后重估。
m12_winsor_amount,C(cause_code)[T.Cause04],0.3506993716592967,0.030653828394271106,2.6195032753121035e-30,0.29061897201825404,0.4107797713003394,5166,0.16940477353481453,0.4248935346496322,对金额在1%和99%分位缩尾后重估。
m12_winsor_amount,C(cause_code)[T.Cause05],-0.08797160377623424,0.050467494235506984,0.0813102153825741,-0.18688607486781073,0.010942867315342233,5166,0.16940477353481453,0.4248935346496322,对金额在1%和99%分位缩尾后重估。
m12_winsor_amount,C(cause_code)[T.Cause06],0.12340754630762109,0.03511134642944564,0.00044017091201088986,0.05459057185719861,0.19222452075804358,5166,0.16940477353481453,0.4248935346496322,对金额在1%和99%分位缩尾后重估。
m12_winsor_amount,C(cause_code)[T.Cause07],0.20706299386776242,0.04254634152682419,1.1344048312460764e-06,0.12367369680124611,0.2904522909342787,5166,0.16940477353481453,0.4248935346496322,对金额在1%和99%分位缩尾后重估。
m12_winsor_amount,C(cause_code)[T.Cause08],-0.029035919971872617,0.04251795777918525,0.4946639906947511,-0.11236958591527034,0.054297745971525105,5166,0.16940477353481453,0.4248935346496322,对金额在1%和99%分位缩尾后重估。
m12_winsor_amount,C(cause_code)[T.Cause09],-0.04175664756204056,0.07715061382031334,0.588345302657618,-0.19296907203501285,0.10945577691093172,5166,0.16940477353481453,0.4248935346496322,对金额在1%和99%分位缩尾后重估。
m12_winsor_amount,C(cause_code)[T.Cause10],0.4702816997206929,0.08361625559368227,1.8627727951742216e-08,0.3063968502349798,0.6341665492064059,5166,0.16940477353481453,0.4248935346496322,对金额在1%和99%分位缩尾后重估。
m12_winsor_amount,C(cause_code)[T.Cause11],-0.136740143468643,0.05249274643894471,0.00918919412292456,-0.2396240359385678,-0.033856250998718196,5166,0.16940477353481453,0.4248935346496322,对金额在1%和99%分位缩尾后重估。
m12_winsor_amount,C(cause_code)[T.Cause12],-0.09715773307650606,0.05620615932996674,0.08388145509056973,-0.20731978107256083,0.01300431491954869,5166,0.16940477353481453,0.4248935346496322,对金额在1%和99%分位缩尾后重估。
m12_winsor_amount,C(cause_code)[T.Cause13],0.16013923428141008,0.08730197234484803,0.0666073900665616,-0.01096948729380387,0.33124795585662403,5166,0.16940477353481453,0.4248935346496322,对金额在1%和99%分位缩尾后重估。
m12_winsor_amount,C(cause_code)[T.Cause14],0.14695639406023298,0.10730058140228779,0.1708190249993905,-0.06334888100845942,0.3572616691289254,5166,0.16940477353481453,0.4248935346496322,对金额在1%和99%分位缩尾后重估。
m12_winsor_amount,C(cause_code)[T.Cause15],-0.3459898003330032,0.07788479720168058,8.899084432606149e-06,-0.4986411977915031,-0.19333840287450327,5166,0.16940477353481453,0.4248935346496322,对金额在1%和99%分位缩尾后重估。
m12_winsor_amount,C(cause_code)[T.Cause16],0.0017194075703764354,0.12718945664097484,0.9892141455255175,-0.24756734665915303,0.2510061617999059,5166,0.16940477353481453,0.4248935346496322,对金额在1%和99%分位缩尾后重估。
m12_winsor_amount,C(cause_code)[T.Cause17],-0.2524322823379321,0.08757249882874442,0.003944680117152775,-0.4240712260784472,-0.08079333859741694,5166,0.16940477353481453,0.4248935346496322,对金额在1%和99%分位缩尾后重估。
m12_winsor_amount,C(cause_code)[T.Cause18],-0.18945421355933828,0.06395904130798914,0.0030553088434065187,-0.31481163100870657,-0.06409679610996996,5166,0.16940477353481453,0.4248935346496322,对金额在1%和99%分位缩尾后重估。
m12_winsor_amount,C(cause_code)[T.Cause19],0.007114358324983228,0.10511084965786041,0.9460369168097867,-0.19889912138882745,0.2131278380387939,5166,0.16940477353481453,0.4248935346496322,对金额在1%和99%分位缩尾后重估。
m12_winsor_amount,C(cause_code)[T.CauseOther],0.09358691178829963,0.04859332421743595,0.054114217739099676,-0.0016542535669528402,0.1888280771435521,5166,0.16940477353481453,0.4248935346496322,对金额在1%和99%分位缩尾后重估。
m12_winsor_amount,"C(transaction_code, Treatment(reference='Lending'))[T.ICO]",0.43427989866724387,0.12285261001150057,0.0004078263829977542,0.19349320763795788,0.6750665896965299,5166,0.16940477353481453,0.4248935346496322,对金额在1%和99%分位缩尾后重估。
m12_winsor_amount,"C(transaction_code, Treatment(reference='Lending'))[T.Investment]",0.252602679706502,0.027592920184258934,5.454980631951217e-20,0.1985215499170662,0.3066838094959378,5166,0.16940477353481453,0.4248935346496322,对金额在1%和99%分位缩尾后重估。
m12_winsor_amount,"C(transaction_code, Treatment(reference='Lending'))[T.Mining]",0.0693600453862645,0.04658016109136627,0.13647501389180228,-0.021935392746887328,0.16065548351941633,5166,0.16940477353481453,0.4248935346496322,对金额在1%和99%分位缩尾后重估。
m12_winsor_amount,"C(transaction_code, Treatment(reference='Lending'))[T.OtherCivil]",-0.16847111105358498,0.046215904582787105,0.0002670738969677047,-0.25905261954878733,-0.07788960255838262,5166,0.16940477353481453,0.4248935346496322,对金额在1%和99%分位缩尾后重估。
m12_winsor_amount,"C(transaction_code, Treatment(reference='Lending'))[T.OtherUnclassified]",-0.08273684643755248,0.045940881494784605,0.0717120790144813,-0.17277931958535295,0.007305626710247981,5166,0.16940477353481453,0.4248935346496322,对金额在1%和99%分位缩尾后重估。
m12_winsor_amount,"C(transaction_code, Treatment(reference='Lending'))[T.TechService]",-0.13948495168099365,0.06598775502679956,0.03453230752038642,-0.2688185749541727,-0.010151328407814603,5166,0.16940477353481453,0.4248935346496322,对金额在1%和99%分位缩尾后重估。
m12_winsor_amount,"C(transaction_code, Treatment(reference='Lending'))[T.Trading]",0.17858503814097398,0.03461854817404956,2.487343106252016e-07,0.110733930522772,0.24643614575917597,5166,0.16940477353481453,0.4248935346496322,对金额在1%和99%分位缩尾后重估。
m12_winsor_amount,C(region_macro_code)[T.East],-0.03519414954652674,0.03279454787488083,0.28319451173857246,-0.09947028227056773,0.029081983177514252,5166,0.16940477353481453,0.4248935346496322,对金额在1%和99%分位缩尾后重估。
m12_winsor_amount,C(region_macro_code)[T.Northeast],-0.115833126920499,0.027261483930414793,2.1475920613351052e-05,-0.16926465358922943,-0.06240160025176857,5166,0.16940477353481453,0.4248935346496322,对金额在1%和99%分位缩尾后重估。
m12_winsor_amount,C(region_macro_code)[T.Unmapped],-0.031900109362824614,0.04442516557539287,0.4727178639573607,-0.11897183389782326,0.05517161517217403,5166,0.16940477353481453,0.4248935346496322,对金额在1%和99%分位缩尾后重估。
m12_winsor_amount,C(region_macro_code)[T.West],-0.019788222242311904,0.03429664819989691,0.5639580448178731,-0.08700841750455032,0.04743197301992652,5166,0.16940477353481453,0.4248935346496322,对金额在1%和99%分位缩尾后重估。
m12_winsor_amount,post2021,0.080693294224529,0.029562909785396812,0.006342178197295947,0.022751055766944514,0.13863553268211348,5166,0.16940477353481453,0.4248935346496322,对金额在1%和99%分位缩尾后重估。
m12_winsor_amount,amount_log_winsor,-0.007844225717252112,0.0064333499952721656,0.22272786766359431,-0.020453360007926483,0.004764908573422259,5166,0.16940477353481453,0.4248935346496322,对金额在1%和99%分位缩尾后重估。
m12_winsor_amount,amount_llm_regex_conflict_flag,-0.0692080662609259,0.03476527270757208,0.046511227559567055,-0.13734674868048047,-0.0010693838413713408,5166,0.16940477353481453,0.4248935346496322,对金额在1%和99%分位缩尾后重估。
m13_exclude_top1_amount,Intercept,0.3410138460973992,0.07379537651469649,3.817598019130633e-06,0.19637756590302116,0.4856501262917773,5114,0.16834815714100215,0.42588971450919044,剔除金额最高1%的案件。
m13_exclude_top1_amount,C(court_level_code)[T.High],0.1838599794618532,0.08595656758851059,0.03243672234049713,0.015388202753689517,0.3523317561700169,5114,0.16834815714100215,0.42588971450919044,剔除金额最高1%的案件。
m13_exclude_top1_amount,C(court_level_code)[T.Intermediate],-0.007657971557066761,0.01570431622821711,0.6258085210559104,-0.0384378657662002,0.02312192265206668,5114,0.16834815714100215,0.42588971450919044,剔除金额最高1%的案件。
m13_exclude_top1_amount,C(court_level_code)[T.Supreme],-0.019502299794545763,0.05013850394403339,0.6972994318749518,-0.11777196176357066,0.07876736217447913,5114,0.16834815714100215,0.42588971450919044,剔除金额最高1%的案件。
m13_exclude_top1_amount,C(cause_code)[T.Cause01],0.13029525918434856,0.06451733228649108,0.04343124338171716,0.0038436115242228286,0.2567469068444743,5114,0.16834815714100215,0.42588971450919044,剔除金额最高1%的案件。
m13_exclude_top1_amount,C(cause_code)[T.Cause02],0.017718931780325787,0.03727389252493207,0.6345224802419063,-0.05533655513215782,0.09077441869280939,5114,0.16834815714100215,0.42588971450919044,剔除金额最高1%的案件。
m13_exclude_top1_amount,C(cause_code)[T.Cause03],0.02067663135227651,0.03154636531464507,0.5121869192886382,-0.041153108507571395,0.08250637121212441,5114,0.16834815714100215,0.42588971450919044,剔除金额最高1%的案件。
m13_exclude_top1_amount,C(cause_code)[T.Cause04],0.34740806188741863,0.031069933053589995,5.02408486875824e-29,0.28651211210031163,0.4083040116745256,5114,0.16834815714100215,0.42588971450919044,剔除金额最高1%的案件。
m13_exclude_top1_amount,C(cause_code)[T.Cause05],-0.08983963684036927,0.049727519012719025,0.07081870490023187,-0.18730378314582935,0.007624509465090801,5114,0.16834815714100215,0.42588971450919044,剔除金额最高1%的案件。
m13_exclude_top1_amount,C(cause_code)[T.Cause06],0.12193423716654953,0.03505596568871047,0.0005046546913140574,0.053225806973405135,0.19064266735969393,5114,0.16834815714100215,0.42588971450919044,剔除金额最高1%的案件。
m13_exclude_top1_amount,C(cause_code)[T.Cause07],0.20750421084769194,0.042835947446897046,1.2714802952649297e-06,0.12354729660812325,0.29146112508726063,5114,0.16834815714100215,0.42588971450919044,剔除金额最高1%的案件。
m13_exclude_top1_amount,C(cause_code)[T.Cause08],-0.030428870399479734,0.04385670151276059,0.48779204151552324,-0.1163864258452138,0.05552868504625433,5114,0.16834815714100215,0.42588971450919044,剔除金额最高1%的案件。
m13_exclude_top1_amount,C(cause_code)[T.Cause09],-0.04347488775477803,0.07712204124790566,0.5729477871786504,-0.19463131101488562,0.10768153550532955,5114,0.16834815714100215,0.42588971450919044,剔除金额最高1%的案件。
m13_exclude_top1_amount,C(cause_code)[T.Cause10],0.4644417787520764,0.08512367819433787,4.867548782146365e-08,0.2976024352595966,0.6312811222445561,5114,0.16834815714100215,0.42588971450919044,剔除金额最高1%的案件。
m13_exclude_top1_amount,C(cause_code)[T.Cause11],-0.14227322798171427,0.05360593989955556,0.007953035628003638,-0.24733893954226185,-0.03720751642116668,5114,0.16834815714100215,0.42588971450919044,剔除金额最高1%的案件。
m13_exclude_top1_amount,C(cause_code)[T.Cause12],-0.11022778058722542,0.05701274583410087,0.053188371025489345,-0.2219707090817991,0.0015151479073482882,5114,0.16834815714100215,0.42588971450919044,剔除金额最高1%的案件。
m13_exclude_top1_amount,C(cause_code)[T.Cause13],0.15881436584203565,0.0881265827810005,0.07152708373104137,-0.013910562489312994,0.3315392941733843,5114,0.16834815714100215,0.42588971450919044,剔除金额最高1%的案件。
m13_exclude_top1_amount,C(cause_code)[T.Cause14],0.14481057703224925,0.10748624811722143,0.17790054047432569,-0.06585859811084094,0.35547975217533945,5114,0.16834815714100215,0.42588971450919044,剔除金额最高1%的案件。
m13_exclude_top1_amount,C(cause_code)[T.Cause15],-0.3455905995032696,0.08020989941392098,1.6430760971023388e-05,-0.5027991135581351,-0.18838208544840407,5114,0.16834815714100215,0.42588971450919044,剔除金额最高1%的案件。
m13_exclude_top1_amount,C(cause_code)[T.Cause16],-0.019413550732870617,0.13187006462418457,0.8829605306810113,-0.2778741280352418,0.23904702656950058,5114,0.16834815714100215,0.42588971450919044,剔除金额最高1%的案件。
m13_exclude_top1_amount,C(cause_code)[T.Cause17],-0.2434824779851424,0.09229949638315313,0.00834061569059914,-0.4243861666873075,-0.06257878928297728,5114,0.16834815714100215,0.42588971450919044,剔除金额最高1%的案件。
m13_exclude_top1_amount,C(cause_code)[T.Cause18],-0.18982959655236958,0.06437663889506642,0.0031907827769390067,-0.3160054902324402,-0.06365370287229896,5114,0.16834815714100215,0.42588971450919044,剔除金额最高1%的案件。
m13_exclude_top1_amount,C(cause_code)[T.Cause19],-0.002600808213976312,0.10688623828022258,0.9805873983472349,-0.21209398568617902,0.20689236925822638,5114,0.16834815714100215,0.42588971450919044,剔除金额最高1%的案件。
m13_exclude_top1_amount,C(cause_code)[T.CauseOther],0.08463220996563822,0.04967975006210176,0.08846416665594779,-0.012738310917032744,0.1820027308483092,5114,0.16834815714100215,0.42588971450919044,剔除金额最高1%的案件。
m13_exclude_top1_amount,"C(transaction_code, Treatment(reference='Lending'))[T.ICO]",0.43644045403616627,0.12295983138184471,0.00038602865362716813,0.19544361298263271,0.6774372950896999,5114,0.16834815714100215,0.42588971450919044,剔除金额最高1%的案件。
m13_exclude_top1_amount,"C(transaction_code, Treatment(reference='Lending'))[T.Investment]",0.2524867774434564,0.02757134447681484,5.3074404598373095e-20,0.19844793526355195,0.3065256196233608,5114,0.16834815714100215,0.42588971450919044,剔除金额最高1%的案件。
m13_exclude_top1_amount,"C(transaction_code, Treatment(reference='Lending'))[T.Mining]",0.0695087400578849,0.04729226640853257,0.1416241389817152,-0.023182398850112335,0.16219987896588214,5114,0.16834815714100215,0.42588971450919044,剔除金额最高1%的案件。
m13_exclude_top1_amount,"C(transaction_code, Treatment(reference='Lending'))[T.OtherCivil]",-0.16247803850646017,0.046822488874230905,0.0005202927641112991,-0.25424843036648015,-0.07070764664644022,5114,0.16834815714100215,0.42588971450919044,剔除金额最高1%的案件。
m13_exclude_top1_amount,"C(transaction_code, Treatment(reference='Lending'))[T.OtherUnclassified]",-0.06730791613622576,0.04871978395739908,0.16711559982488833,-0.16279693802730028,0.028181105754848737,5114,0.16834815714100215,0.42588971450919044,剔除金额最高1%的案件。
m13_exclude_top1_amount,"C(transaction_code, Treatment(reference='Lending'))[T.TechService]",-0.13435568133448977,0.0663620830966463,0.042909990635431675,-0.26442297414297083,-0.004288388526008713,5114,0.16834815714100215,0.42588971450919044,剔除金额最高1%的案件。
m13_exclude_top1_amount,"C(transaction_code, Treatment(reference='Lending'))[T.Trading]",0.18251081248421328,0.03467730203382591,1.4163083349478433e-07,0.11454454941689693,0.25047707555152965,5114,0.16834815714100215,0.42588971450919044,剔除金额最高1%的案件。
m13_exclude_top1_amount,C(region_macro_code)[T.East],-0.03808019704709166,0.03305008486528002,0.24924027419268802,-0.10285717306903283,0.02669677897484951,5114,0.16834815714100215,0.42588971450919044,剔除金额最高1%的案件。
m13_exclude_top1_amount,C(region_macro_code)[T.Northeast],-0.11728295284976577,0.0275617990548372,2.0879499814651223e-05,-0.17130308634637678,-0.06326281935315475,5114,0.16834815714100215,0.42588971450919044,剔除金额最高1%的案件。
m13_exclude_top1_amount,C(region_macro_code)[T.Unmapped],-0.01950229979454397,0.050138503944033644,0.6972994318749797,-0.11777196176356937,0.07876736217448142,5114,0.16834815714100215,0.42588971450919044,剔除金额最高1%的案件。
m13_exclude_top1_amount,C(region_macro_code)[T.West],-0.02227588072641798,0.0344151963029148,0.5174580297664493,-0.089728426001007,0.04517666454817104,5114,0.16834815714100215,0.42588971450919044,剔除金额最高1%的案件。
m13_exclude_top1_amount,post2021,0.08033544068668916,0.030291365584139033,0.00799951146185471,0.020965455099240554,0.13970542627413776,5114,0.16834815714100215,0.42588971450919044,剔除金额最高1%的案件。
m13_exclude_top1_amount,amount_log,-0.00601526901672818,0.0062515156869612405,0.33594427893930034,-0.018268014611959385,0.006237476578503027,5114,0.16834815714100215,0.42588971450919044,剔除金额最高1%的案件。
m13_exclude_top1_amount,amount_llm_regex_conflict_flag,-0.07264123446968539,0.03570765599326401,0.041918112444128956,-0.14262695418882865,-0.0026555147505421123,5114,0.16834815714100215,0.42588971450919044,剔除金额最高1%的案件。
