model,term,coef,std_err,p_value,ci_low,ci_high,nobs,rsquared,dep_mean,note,error
m0_post2017_baseline,Intercept,0.1725082569375402,0.06045749966023566,0.004325677920316396,0.05401373500813576,0.29100277886694464,5058,0.13184278333495292,0.4211150652431791,2017 policy baseline.,
m0_post2017_baseline,C(court_level_group)[T.基层法院],0.01494878902424644,0.014771271052387801,0.3115295494861837,-0.01400237024431271,0.04389994829280559,5058,0.13184278333495292,0.4211150652431791,2017 policy baseline.,
m0_post2017_baseline,C(court_level_group)[T.最高人民法院],-0.06985812490591929,0.12169932018156307,0.5659527041705792,-0.30838440940479145,0.1686681595929529,5058,0.13184278333495292,0.4211150652431791,2017 policy baseline.,
m0_post2017_baseline,C(court_level_group)[T.高级法院],-0.01829936987411442,0.11555943785943192,0.8741773772943222,-0.24479170615229537,0.2081929664040665,5058,0.13184278333495292,0.4211150652431791,2017 policy baseline.,
m0_post2017_baseline,C(cause_group)[T.不当得利纠纷],0.4216608074610892,0.029760542213030195,1.4363226954113017e-45,0.363331216563166,0.47999039835901236,5058,0.13184278333495292,0.4211150652431791,2017 policy baseline.,
m0_post2017_baseline,C(cause_group)[T.不正当竞争纠纷],0.32927227697977524,0.1811346050320395,0.06908981776101045,-0.025745025236909802,0.6842895791964603,5058,0.13184278333495292,0.4211150652431791,2017 policy baseline.,
m0_post2017_baseline,C(cause_group)[T.与公司有关的纠纷],-0.07965512103249961,0.21802685230882932,0.7148535467020449,-0.5069798992204386,0.3476696571554394,5058,0.13184278333495292,0.4211150652431791,2017 policy baseline.,
m0_post2017_baseline,C(cause_group)[T.专利行政管理],4.0419027152003337e-13,8.318626829966405e-14,1.1806472503857884e-06,2.411481816444058e-13,5.672323613956609e-13,5058,0.13184278333495292,0.4211150652431791,2017 policy baseline.,
m0_post2017_baseline,C(cause_group)[T.业主撤销权纠纷],0.18904183990381873,0.24550520596443853,0.44129305170349475,-0.29213952180356884,0.6702232016112063,5058,0.13184278333495292,0.4211150652431791,2017 policy baseline.,
m0_post2017_baseline,C(cause_group)[T.中介合同纠纷],-0.334945613171862,0.013086553893029996,1.7503297082045067e-144,-0.36059478748394325,-0.30929643885978075,5058,0.13184278333495292,0.4211150652431791,2017 policy baseline.,
m0_post2017_baseline,C(cause_group)[T.买卖合同纠纷],0.15792144134802194,0.02604001927811152,1.3230962346646552e-09,0.10688394140619467,0.2089589412898492,5058,0.13184278333495292,0.4211150652431791,2017 policy baseline.,
m0_post2017_baseline,C(cause_group)[T.互易纠纷],-0.3392557682348589,0.01387649201145797,5.2543986201973326e-132,-0.3664531928090743,-0.31205834366064356,5058,0.13184278333495292,0.4211150652431791,2017 policy baseline.,
m0_post2017_baseline,C(cause_group)[T.交通肇事罪],2.9935291191770665e-14,5.805909657169209e-15,2.5227602438864525e-07,1.8555917366225723e-14,4.1314665017315606e-14,5058,0.13184278333495292,0.4211150652431791,2017 policy baseline.,
m0_post2017_baseline,C(cause_group)[T.产品责任纠纷],-8.646399219665148e-14,1.7825609249721243e-14,1.2312017460033154e-06,-1.2140154432858916e-13,-5.152644006471379e-14,5058,0.13184278333495292,0.4211150652431791,2017 policy baseline.,
m0_post2017_baseline,C(cause_group)[T.人身保险合同纠纷],-0.3233955314985529,0.014793370023209074,6.130236507803772e-106,-0.35239000395401715,-0.2944010590430886,5058,0.13184278333495292,0.4211150652431791,2017 policy baseline.,
m0_post2017_baseline,C(cause_group)[T.仓储合同纠纷],0.640742890542264,0.015186084390899779,0.0,0.6109787120699145,0.6705070690146134,5058,0.13184278333495292,0.4211150652431791,2017 policy baseline.,
m0_post2017_baseline,C(cause_group)[T.仿冒纠纷],-4.945725692279912e-14,1.0274397829495913e-14,1.4820535997637293e-06,-6.959470663144761e-14,-2.931980721415063e-14,5058,0.13184278333495292,0.4211150652431791,2017 policy baseline.,
m0_post2017_baseline,C(cause_group)[T.企业承包经营合同纠纷],-0.3199968241476007,0.01551154995933935,1.4892541270768055e-94,-0.35039890341229957,-0.2895947448829019,5058,0.13184278333495292,0.4211150652431791,2017 policy baseline.,
m0_post2017_baseline,C(cause_group)[T.传播淫秽物品罪],1.885779745934484e-14,4.4093928282963665e-15,1.8965572537766084e-05,1.0215546322194753e-14,2.7500048596494924e-14,5058,0.13184278333495292,0.4211150652431791,2017 policy baseline.,
m0_post2017_baseline,C(cause_group)[T.伪造、变造、买卖国家机关公文、证件、印章罪],4.983516754333486e-14,1.0278298599762625e-14,1.2434749724534975e-06,2.969007246545165e-14,6.998026262121807e-14,5058,0.13184278333495292,0.4211150652431791,2017 policy baseline.,
m0_post2017_baseline,C(cause_group)[T.伪造、变造、买卖身份证件罪],5.192074717055257e-15,1.0292173605832854e-15,4.542752704411674e-07,3.1748457580486436e-15,7.209303676061871e-15,5058,0.13184278333495292,0.4211150652431791,2017 policy baseline.,
m0_post2017_baseline,C(cause_group)[T.伪造、变造金融票证罪],-3.618776581427238e-14,7.536112663669303e-15,1.5715609571742163e-06,-5.095827521850043e-14,-2.1417256410044333e-14,5058,0.13184278333495292,0.4211150652431791,2017 policy baseline.,
m0_post2017_baseline,C(cause_group)[T.供用电合同纠纷],-0.3204673296306693,0.014847122758580595,2.5133412807424846e-103,-0.3495671555115323,-0.29136750374980636,5058,0.13184278333495292,0.4211150652431791,2017 policy baseline.,
m0_post2017_baseline,C(cause_group)[T.侵占罪],3.115733433655392e-14,6.29489883653108e-15,7.435990596273684e-07,1.8819559330629916e-14,4.3495109342477924e-14,5058,0.13184278333495292,0.4211150652431791,2017 policy baseline.,
m0_post2017_baseline,C(cause_group)[T.侵害作品信息网络传播权纠纷],0.1782008355967368,0.20195720703766257,0.3775771420520284,-0.21762801661538098,0.5740296878088545,5058,0.13184278333495292,0.4211150652431791,2017 policy baseline.,
m0_post2017_baseline,C(cause_group)[T.侵害作品发行权纠纷],-2.969407880795996e-14,6.106140989786292e-15,1.1562796508047723e-06,-4.1661895232464853e-14,-1.772626238345507e-14,5058,0.13184278333495292,0.4211150652431791,2017 policy baseline.,
m0_post2017_baseline,C(cause_group)[T.侵害作品复制权纠纷],-2.326171748723268e-14,4.607488402910591e-15,4.4488181149750544e-07,-3.229222881612341e-14,-1.423120615834195e-14,5058,0.13184278333495292,0.4211150652431791,2017 policy baseline.,
m0_post2017_baseline,C(cause_group)[T.侵害作品展览权纠纷],-6.066107867339426e-14,1.2502343196556488e-14,1.2223694779390545e-06,-8.516522106100434e-14,-3.615693628578417e-14,5058,0.13184278333495292,0.4211150652431791,2017 policy baseline.,
m0_post2017_baseline,C(cause_group)[T.侵害作品广播权纠纷],-3.963153495540888e-14,8.061735268451495e-15,8.832791491518691e-07,-5.5432245734470154e-14,-2.3830824176347603e-14,5058,0.13184278333495292,0.4211150652431791,2017 policy baseline.,
m0_post2017_baseline,C(cause_group)[T.侵害作品改编权纠纷],-0.2604505092910386,0.11295316567651184,0.02112027610525324,-0.4818346459567876,-0.03906637262528956,5058,0.13184278333495292,0.4211150652431791,2017 policy baseline.,
m0_post2017_baseline,C(cause_group)[T.侵害其他著作财产权纠纷],2.4233653500705516e-14,4.844688958275453e-15,5.670704210490436e-07,1.4738237626186756e-14,3.372906937522427e-14,5058,0.13184278333495292,0.4211150652431791,2017 policy baseline.,
m0_post2017_baseline,C(cause_group)[T.侵害发明专利权纠纷],0.7471656012756852,0.12065547741214214,5.919692791619641e-10,0.5106852110104007,0.9836459915409698,5058,0.13184278333495292,0.4211150652431791,2017 policy baseline.,
m0_post2017_baseline,C(cause_group)[T.侵害商标权纠纷],0.17862881145837398,0.17870101384157214,0.31750607913655937,-0.17161873967190108,0.528876362588649,5058,0.13184278333495292,0.4211150652431791,2017 policy baseline.,
m0_post2017_baseline,C(cause_group)[T.侵害外观设计专利权纠纷],0.3361806939937944,0.3107250909269783,0.27928664178474893,-0.27282929331601663,0.9451906813036055,5058,0.13184278333495292,0.4211150652431791,2017 policy baseline.,
m0_post2017_baseline,C(cause_group)[T.侵害实用新型专利权纠纷],-2.1081948982813273e-14,4.371073067352404e-15,1.4137220804800203e-06,-2.964909476861701e-14,-1.2514803197009539e-14,5058,0.13184278333495292,0.4211150652431791,2017 policy baseline.,
m0_post2017_baseline,C(cause_group)[T.侵害录音录像制作者权纠纷],-1.7911558107013e-14,3.844331572226996e-15,3.1742123359891435e-06,-2.5446309533208154e-14,-1.0376806680817845e-14,5058,0.13184278333495292,0.4211150652431791,2017 policy baseline.,
m0_post2017_baseline,C(cause_group)[T.侵害计算机软件著作权纠纷],3.789109347188849e-14,7.663215554898027e-15,7.63229682459193e-07,2.2871466978521235e-14,5.2910719965255746e-14,5058,0.13184278333495292,0.4211150652431791,2017 policy baseline.,
m0_post2017_baseline,C(cause_group)[T.侵权责任纠纷],0.30989272727322564,0.15990208449662577,0.052621324636831404,-0.003509599393041407,0.6232950539394927,5058,0.13184278333495292,0.4211150652431791,2017 policy baseline.,
m0_post2017_baseline,C(cause_group)[T.侵犯公民个人信息罪],-3.5615197595646937e-14,7.222540396722804e-15,8.176040324767513e-07,-4.9771116650109265e-14,-2.145927854118461e-14,5058,0.13184278333495292,0.4211150652431791,2017 policy baseline.,
m0_post2017_baseline,C(cause_group)[T.侵犯著作权罪],-7.274521920653876e-16,3.1060599864625553e-16,0.01917857347821026,-1.3362287627941452e-15,-1.1867562133662993e-16,5058,0.13184278333495292,0.4211150652431791,2017 policy baseline.,
m0_post2017_baseline,C(cause_group)[T.保管合同纠纷],-0.05982018109551584,0.22133515198800557,0.7869527881338944,-0.49362910750470573,0.37398874531367404,5058,0.13184278333495292,0.4211150652431791,2017 policy baseline.,
m0_post2017_baseline,C(cause_group)[T.保证合同纠纷],0.3556106882247359,0.10389816194581299,0.0006200587035570645,0.15197403275103247,0.5592473436984393,5058,0.13184278333495292,0.4211150652431791,2017 policy baseline.,
m0_post2017_baseline,C(cause_group)[T.保险代理合同纠纷],0.6684020165099659,0.01341737245128542,0.0,0.6421044497382866,0.6946995832816452,5058,0.13184278333495292,0.4211150652431791,2017 policy baseline.,
m0_post2017_baseline,C(cause_group)[T.信息网络买卖合同纠纷],-0.09046065704061755,0.09473090360884821,0.3396169666017722,-0.2761298163368955,0.09520850225566037,5058,0.13184278333495292,0.4211150652431791,2017 policy baseline.,
m0_post2017_baseline,C(cause_group)[T.信用卡纠纷],-0.32176281296117704,0.024011828848750225,6.031722369265633e-41,-0.36882513270766737,-0.2747004932146867,5058,0.13184278333495292,0.4211150652431791,2017 policy baseline.,
m0_post2017_baseline,C(cause_group)[T.信用卡诈骗罪],-7.760660741656828e-15,1.654486719828363e-15,2.7230420807811878e-06,-1.100339512542023e-14,-4.517926357893426e-15,5058,0.13184278333495292,0.4211150652431791,2017 policy baseline.,
m0_post2017_baseline,C(cause_group)[T.修理合同纠纷],-0.3633888579293623,0.016192835718021437,1.5550466194289393e-111,-0.3951262327442581,-0.3316514831144665,5058,0.13184278333495292,0.4211150652431791,2017 policy baseline.,
m0_post2017_baseline,C(cause_group)[T.借款合同纠纷],0.09948333811224781,0.1134241490583071,0.3804370317543212,-0.1228239090191368,0.3217905852436324,5058,0.13184278333495292,0.4211150652431791,2017 policy baseline.,
m0_post2017_baseline,C(cause_group)[T.借用合同纠纷],-0.31021645950285776,0.018242044295815232,7.466846513717834e-65,-0.3459702093270399,-0.2744627096786756,5058,0.13184278333495292,0.4211150652431791,2017 policy baseline.,
m0_post2017_baseline,C(cause_group)[T.债券质权纠纷],0.41606572581088924,0.34596587886833247,0.229123135362029,-0.2620149366507894,1.094146388272568,5058,0.13184278333495292,0.4211150652431791,2017 policy baseline.,
m0_post2017_baseline,C(cause_group)[T.债务加入纠纷],-0.3344630292787855,0.013125124032622199,3.069300469006591e-143,-0.36018779967534614,-0.3087382588822249,5058,0.13184278333495292,0.4211150652431791,2017 policy baseline.,
m0_post2017_baseline,C(cause_group)[T.债务转移合同纠纷],-0.32927577183679557,0.013730157231178087,4.292294594930871e-127,-0.3561863855119768,-0.30236515816161436,5058,0.13184278333495292,0.4211150652431791,2017 policy baseline.,
m0_post2017_baseline,C(cause_group)[T.债权人撤销权纠纷],0.35437994030719444,0.26491230543284894,0.18098594256525347,-0.16483863740266402,0.8735985180170529,5058,0.13184278333495292,0.4211150652431791,2017 policy baseline.,
m0_post2017_baseline,C(cause_group)[T.债权转让合同纠纷],0.1438376325994796,0.16189319852567946,0.37428671581301776,-0.1734672058528451,0.4611424710518043,5058,0.13184278333495292,0.4211150652431791,2017 policy baseline.,
m0_post2017_baseline,C(cause_group)[T.假冒注册商标罪],-3.2787320317060734e-15,8.518270992798092e-16,0.00011857286348944899,-4.948282467349724e-15,-1.6091815960624222e-15,5058,0.13184278333495292,0.4211150652431791,2017 policy baseline.,
m0_post2017_baseline,C(cause_group)[T.偷越国（边）境罪],9.983471207943737e-15,2.0142871970437335e-15,7.183732135823554e-07,6.035540847217883e-15,1.393140156866959e-14,5058,0.13184278333495292,0.4211150652431791,2017 policy baseline.,
m0_post2017_baseline,C(cause_group)[T.储蓄存款合同纠纷],-0.08607049321159707,0.041832544178823663,0.03963807782243466,-0.16806077318377216,-0.004080213239421995,5058,0.13184278333495292,0.4211150652431791,2017 policy baseline.,
m0_post2017_baseline,C(cause_group)[T.公司减资纠纷],7.48530477515126e-15,1.6039915347286922e-15,3.0611518438126785e-06,4.341539135575895e-15,1.0629070414726624e-14,5058,0.13184278333495292,0.4211150652431791,2017 policy baseline.,
m0_post2017_baseline,C(cause_group)[T.公司解散纠纷],-1.73905083891912e-15,3.331669232695437e-16,1.7915671093586074e-07,-2.3920460093674454e-15,-1.0860556684707946e-15,5058,0.13184278333495292,0.4211150652431791,2017 policy baseline.,
m0_post2017_baseline,C(cause_group)[T.公安行政管理],-9.852618776175785e-17,1.247941311931987e-16,0.4298141126769689,-3.4311819038239384e-16,1.4606581485887815e-16,5058,0.13184278333495292,0.4211150652431791,2017 policy baseline.,
m0_post2017_baseline,C(cause_group)[T.公益事业捐赠合同纠纷],-0.31471721583059004,0.017324195106561406,9.535063541884979e-74,-0.3486720143005954,-0.28076241736058466,5058,0.13184278333495292,0.4211150652431791,2017 policy baseline.,
m0_post2017_baseline,C(cause_group)[T.共有物分割纠纷],1.7375042976214926e-14,3.668170334691654e-15,2.172203560618883e-06,1.0185561231061049e-14,2.4564524721368804e-14,5058,0.13184278333495292,0.4211150652431791,2017 policy baseline.,
m0_post2017_baseline,C(cause_group)[T.共有纠纷],-0.3454772647044277,0.013054453135648845,2.4965157670797547e-154,-0.3710635226881654,-0.31989100672069,5058,0.13184278333495292,0.4211150652431791,2017 policy baseline.,
m0_post2017_baseline,C(cause_group)[T.其他案由],4.06264912907432e-14,8.373641226268168e-15,1.2240059699499364e-06,2.4214456067797777e-14,5.703852651368863e-14,5058,0.13184278333495292,0.4211150652431791,2017 policy baseline.,
m0_post2017_baseline,C(cause_group)[T.其他行政行为],-1.5601957335661396e-14,3.2254359115368795e-15,1.3170581324849342e-06,-2.1923695556715802e-14,-9.280219114606993e-15,5058,0.13184278333495292,0.4211150652431791,2017 policy baseline.,
m0_post2017_baseline,C(cause_group)[T.再保险合同纠纷],-0.33737383670011356,0.01294079349978491,7.865154371840046e-150,-0.362737325891062,-0.3120103475091651,5058,0.13184278333495292,0.4211150652431791,2017 policy baseline.,
m0_post2017_baseline,C(cause_group)[T.出售、购买、运输假币罪],6.210183219906652e-14,1.2768930917112303e-14,1.1532178584030738e-06,3.70751874804464e-14,8.712847691768664e-14,5058,0.13184278333495292,0.4211150652431791,2017 policy baseline.,
m0_post2017_baseline,C(cause_group)[T.分家析产纠纷],-3.462754511666202e-15,8.23444962008926e-16,2.608461213533127e-05,-5.07667698045465e-15,-1.848832042877754e-15,5058,0.13184278333495292,0.4211150652431791,2017 policy baseline.,
m0_post2017_baseline,C(cause_group)[T.分期付款买卖合同纠纷],-0.33960121043838953,0.012879500321212975,3.227195350748959e-153,-0.364844567206839,-0.31435785366994007,5058,0.13184278333495292,0.4211150652431791,2017 policy baseline.,
m0_post2017_baseline,C(cause_group)[T.制作、复制、出版、贩卖、传播淫秽物品牟利罪],-3.523844951262485e-15,7.17149477698524e-16,8.938138210990607e-07,-4.929432099083303e-15,-2.1182578034416674e-15,5058,0.13184278333495292,0.4211150652431791,2017 policy baseline.,
m0_post2017_baseline,C(cause_group)[T.制作、贩卖、传播淫秽物品罪],4.877356804216276e-15,9.615290992903707e-16,3.926221739039137e-07,2.9927943995199117e-15,6.76191920891264e-15,5058,0.13184278333495292,0.4211150652431791,2017 policy baseline.,
m0_post2017_baseline,C(cause_group)[T.劳务合同纠纷],-0.3321741748583576,0.02068727873153529,5.112407163346316e-58,-0.3727204961103082,-0.291627853606407,5058,0.13184278333495292,0.4211150652431791,2017 policy baseline.,
m0_post2017_baseline,C(cause_group)[T.劳动争议],-0.15832857021008725,0.06490986555504984,0.014719551601847953,-0.28554956893932193,-0.03110757148085258,5058,0.13184278333495292,0.4211150652431791,2017 policy baseline.,
m0_post2017_baseline,C(cause_group)[T.劳动合同纠纷],-0.1578872709793099,0.10484935863133985,0.13210601683136794,-0.36338823769885986,0.04761369574024005,5058,0.13184278333495292,0.4211150652431791,2017 policy baseline.,
m0_post2017_baseline,C(cause_group)[T.占有物返还纠纷],-3.30181530800466e-16,7.178881516860348e-17,4.238213188728095e-06,-4.708850230237315e-16,-1.8947803857720042e-16,5058,0.13184278333495292,0.4211150652431791,2017 policy baseline.,
m0_post2017_baseline,C(cause_group)[T.危险驾驶罪],-2.4971762577726216e-15,4.0793135577773245e-16,9.266363036583931e-10,-3.2967070232615727e-15,-1.6976454922836706e-15,5058,0.13184278333495292,0.4211150652431791,2017 policy baseline.,
m0_post2017_baseline,C(cause_group)[T.发起人责任纠纷],-0.08695630648093343,0.21989263716177118,0.6925116098663755,-0.5179379557835389,0.34402534282167196,5058,0.13184278333495292,0.4211150652431791,2017 policy baseline.,
m0_post2017_baseline,C(cause_group)[T.受贿罪],5.365254054428967e-16,1.8869283773790304e-16,0.004463784133208051,1.6669423933594638e-16,9.06356571549847e-16,5058,0.13184278333495292,0.4211150652431791,2017 policy baseline.,
m0_post2017_baseline,C(cause_group)[T.合伙企业纠纷],-0.19243079907635194,0.129862772158022,0.13839322542745602,-0.4469571554386059,0.062095557285902075,5058,0.13184278333495292,0.4211150652431791,2017 policy baseline.,
m0_post2017_baseline,C(cause_group)[T.合伙协议纠纷],-0.1517254882514488,0.06543841927743746,0.02041676056692358,-0.2799824332404578,-0.0234685432624398,5058,0.13184278333495292,0.4211150652431791,2017 policy baseline.,
m0_post2017_baseline,C(cause_group)[T.合伙合同纠纷],0.2113401398728567,0.09071353159274594,0.019819199354937152,0.03354488504063832,0.3891353947050751,5058,0.13184278333495292,0.4211150652431791,2017 policy baseline.,
m0_post2017_baseline,C(cause_group)[T.合作创作合同纠纷],-0.3440874520752869,0.01296937839892132,4.282736974091126e-155,-0.3695069666390444,-0.3186679375115294,5058,0.13184278333495292,0.4211150652431791,2017 policy baseline.,
m0_post2017_baseline,C(cause_group)[T.合同、准合同纠纷],0.6952167085635242,0.019956013822927603,6.594501545074109e-266,0.6561036401956026,0.7343297769314459,5058,0.13184278333495292,0.4211150652431791,2017 policy baseline.,
m0_post2017_baseline,C(cause_group)[T.合同、无因管理、不当得利],-0.34100632456542035,0.013794382400687581,6.41253696614154e-135,-0.3680428172597412,-0.3139698318710995,5058,0.13184278333495292,0.4211150652431791,2017 policy baseline.,
m0_post2017_baseline,C(cause_group)[T.合同纠纷],0.15539088034371792,0.019646545731065092,2.587919030534919e-15,0.1168843582902112,0.19389740239722464,5058,0.13184278333495292,0.4211150652431791,2017 policy baseline.,
m0_post2017_baseline,C(cause_group)[T.合同诈骗罪],3.6588711730549046e-16,7.805724519425688e-17,2.7667036384448253e-06,2.1289772799233476e-16,5.188765066186461e-16,5058,0.13184278333495292,0.4211150652431791,2017 policy baseline.,
m0_post2017_baseline,C(cause_group)[T.名誉权纠纷],0.6984893191876271,0.021044969525169696,1.4848417488705882e-241,0.6572419368625515,0.7397367015127028,5058,0.13184278333495292,0.4211150652431791,2017 policy baseline.,
m0_post2017_baseline,C(cause_group)[T.商品房销售合同纠纷],-0.3633499399372895,0.016182744601203697,1.1982400128881469e-111,-0.3950675365266587,-0.33163234334792024,5058,0.13184278333495292,0.4211150652431791,2017 policy baseline.,
m0_post2017_baseline,C(cause_group)[T.商品房预售合同纠纷],-0.31754236482100534,0.014384591236397817,5.475228018848834e-108,-0.3457356455766756,-0.2893490840653351,5058,0.13184278333495292,0.4211150652431791,2017 policy baseline.,
m0_post2017_baseline,C(cause_group)[T.商标权权属、侵权纠纷],5.238641997696329e-16,6.855133557083386e-17,2.1399698670643128e-14,3.8950605095867906e-16,6.582223485805868e-16,5058,0.13184278333495292,0.4211150652431791,2017 policy baseline.,
m0_post2017_baseline,C(cause_group)[T.商标权权属纠纷],3.409844040280729e-17,6.771210579249875e-17,0.6145567764721123,-9.861484826785622e-17,1.6681172907347081e-16,5058,0.13184278333495292,0.4211150652431791,2017 policy baseline.,
m0_post2017_baseline,C(cause_group)[T.因申请诉中财产保全损害责任纠纷],6.245899147899534e-16,3.238650890361231e-17,7.110362217706435e-83,5.611135237538875e-16,6.880663058260193e-16,5058,0.13184278333495292,0.4211150652431791,2017 policy baseline.,
m0_post2017_baseline,C(cause_group)[T.因申请财产保全损害责任纠纷],-3.5092630767738256e-16,7.977409828699768e-17,1.0875051685033349e-05,-5.072806672190565e-16,-1.9457194813570868e-16,5058,0.13184278333495292,0.4211150652431791,2017 policy baseline.,
m0_post2017_baseline,C(cause_group)[T.国有公司、企业、事业单位人员失职罪],-8.353504878912618e-17,2.1357017129583815e-17,9.177667198763196e-05,-1.2539403318031546e-16,-4.16760643979369e-17,5058,0.13184278333495292,0.4211150652431791,2017 policy baseline.,
m0_post2017_baseline,C(cause_group)[T.土地租赁合同纠纷],-0.35851445811261207,0.015020029859839575,6.416341762351703e-126,-0.38795317568461385,-0.3290757405406103,5058,0.13184278333495292,0.4211150652431791,2017 policy baseline.,
m0_post2017_baseline,C(cause_group)[T.妨害信用卡管理罪],-2.1667009999033575e-16,2.2752555375681434e-17,1.6842732726664891e-21,-2.6126428908292454e-16,-1.7207591089774693e-16,5058,0.13184278333495292,0.4211150652431791,2017 policy baseline.,
m0_post2017_baseline,C(cause_group)[T.委托合同纠纷],0.15409170436203037,0.027526501478111896,2.1691376134018244e-08,0.10014075284454249,0.20804265587951826,5058,0.13184278333495292,0.4211150652431791,2017 policy baseline.,
m0_post2017_baseline,C(cause_group)[T.委托理财合同纠纷],0.326745369085787,0.04028565998370177,5.032417619201555e-16,0.24778692642430505,0.40570381174726894,5058,0.13184278333495292,0.4211150652431791,2017 policy baseline.,
m0_post2017_baseline,C(cause_group)[T.娱乐服务合同纠纷],-0.34347282577751426,0.017780138207424842,3.8066191494448574e-83,-0.3783212563042115,-0.30862439525081703,5058,0.13184278333495292,0.4211150652431791,2017 policy baseline.,
m0_post2017_baseline,C(cause_group)[T.婚约财产纠纷],0.3890032264100012,0.24066432912446423,0.10601377962965017,-0.08269019103744268,0.860696643857445,5058,0.13184278333495292,0.4211150652431791,2017 policy baseline.,
m0_post2017_baseline,C(cause_group)[T.定作合同纠纷],-0.34343221767342663,0.015752482607891707,2.231499303825301e-105,-0.37430651625198796,-0.3125579190948653,5058,0.13184278333495292,0.4211150652431791,2017 policy baseline.,
m0_post2017_baseline,C(cause_group)[T.定金合同纠纷],0.14861445261667902,0.34904810879222503,0.6702749494643581,-0.5355072694879006,0.8327361747212587,5058,0.13184278333495292,0.4211150652431791,2017 policy baseline.,
m0_post2017_baseline,C(cause_group)[T.容留他人吸毒罪],-3.6412211787046713e-16,4.15296672592522e-17,1.822572696654508e-18,-4.455187699885337e-16,-2.827254657524006e-16,5058,0.13184278333495292,0.4211150652431791,2017 policy baseline.,
m0_post2017_baseline,C(cause_group)[T.小额借款合同纠纷],-5.904681458613746e-17,7.747600972558921e-17,0.4459822399303901,-2.1089700331416727e-16,9.280337414189235e-17,5058,0.13184278333495292,0.4211150652431791,2017 policy baseline.,
m0_post2017_baseline,C(cause_group)[T.帮助信息网络犯罪活动],-4.201466879013729e-16,1.441916464251812e-17,1.183095798525196e-186,-4.484077312878618e-16,-3.91885644514884e-16,5058,0.13184278333495292,0.4211150652431791,2017 policy baseline.,
m0_post2017_baseline,C(cause_group)[T.帮助信息网络犯罪活动罪],3.368221865514554e-16,4.289542716590771e-17,4.0889969215036846e-15,2.5274869420481524e-16,4.208956788980956e-16,5058,0.13184278333495292,0.4211150652431791,2017 policy baseline.,
m0_post2017_baseline,C(cause_group)[T.广告合同纠纷],-0.16190722430187823,0.15622063159767285,0.3000150876445521,-0.468094035875417,0.14427958727166054,5058,0.13184278333495292,0.4211150652431791,2017 policy baseline.,
m0_post2017_baseline,C(cause_group)[T.建筑物和物件损害责任纠纷],-4.671341955039026e-16,2.018997961964214e-17,1.968235511959637e-118,-5.067058284069989e-16,-4.2756256260080634e-16,5058,0.13184278333495292,0.4211150652431791,2017 policy baseline.,
m0_post2017_baseline,C(cause_group)[T.建设工程合同纠纷],-0.2993472059234143,0.0212875246117825,6.49345055213418e-45,-0.341069987482518,-0.2576244243643106,5058,0.13184278333495292,0.4211150652431791,2017 policy baseline.,
m0_post2017_baseline,C(cause_group)[T.建设工程施工合同纠纷],0.37112589726576933,0.12004052896552822,0.0019903288939563646,0.13585078380819687,0.6064010107233417,5058,0.13184278333495292,0.4211150652431791,2017 policy baseline.,
m0_post2017_baseline,C(cause_group)[T.开设赌场罪],2.367719932227154e-16,1.198745079373544e-16,0.048249368900939706,1.8222750010398987e-18,4.717217114443909e-16,5058,0.13184278333495292,0.4211150652431791,2017 policy baseline.,
m0_post2017_baseline,C(cause_group)[T.悬赏广告纠纷],0.608930246919603,0.025198721723930593,5.178159527544175e-129,0.559541659884252,0.6583188339549539,5058,0.13184278333495292,0.4211150652431791,2017 policy baseline.,
m0_post2017_baseline,C(cause_group)[T.房屋买卖合同纠纷],-0.23364989797802968,0.05893198269831842,7.347646502409491e-05,-0.3491544616042714,-0.11814533435178799,5058,0.13184278333495292,0.4211150652431791,2017 policy baseline.,
m0_post2017_baseline,C(cause_group)[T.房屋拆迁安置补偿合同纠纷],0.952972945715682,0.04376653606043899,4.092255936778058e-105,0.8671921113091481,1.038753780122216,5058,0.13184278333495292,0.4211150652431791,2017 policy baseline.,
m0_post2017_baseline,C(cause_group)[T.房屋租赁合同纠纷],0.00013104573327607852,0.10784703078130058,0.9990304847444337,-0.21124525043765566,0.2115073419042078,5058,0.13184278333495292,0.4211150652431791,2017 policy baseline.,
m0_post2017_baseline,C(cause_group)[T.所有权确认纠纷],-0.34064614239399,0.012874964511228482,2.9498875184145773e-154,-0.3658806091382292,-0.3154116756497508,5058,0.13184278333495292,0.4211150652431791,2017 policy baseline.,
m0_post2017_baseline,C(cause_group)[T.所有权纠纷],0.6612199877648429,0.016933232433523206,0.0,0.6280314620532919,0.694408513476394,5058,0.13184278333495292,0.4211150652431791,2017 policy baseline.,
m0_post2017_baseline,C(cause_group)[T.执行异议之诉],-0.007045328514931116,0.27694980870998065,0.9797047969489445,-0.5498569791117506,0.5357663220818883,5058,0.13184278333495292,0.4211150652431791,2017 policy baseline.,
m0_post2017_baseline,C(cause_group)[T.执行程序中的异议之诉],-3.4374224361749423e-16,3.8280523036904724e-17,2.7185234691459105e-19,-4.1877069007918337e-16,-2.687137971558051e-16,5058,0.13184278333495292,0.4211150652431791,2017 policy baseline.,
m0_post2017_baseline,C(cause_group)[T.技术合同纠纷],-0.06696784091228357,0.04289273288493728,0.11845618880643276,-0.15103605256525743,0.017100370740690304,5058,0.13184278333495292,0.4211150652431791,2017 policy baseline.,
m0_post2017_baseline,C(cause_group)[T.技术委托开发合同纠纷],-0.3501920399212648,0.013534975624278009,1.336924239044158e-147,-0.3767201046764772,-0.3236639751660524,5058,0.13184278333495292,0.4211150652431791,2017 policy baseline.,
m0_post2017_baseline,C(cause_group)[T.技术服务合同纠纷],-0.0646939978002075,0.0430697089224254,0.13307735217538716,-0.1491090761127847,0.019721080512369704,5058,0.13184278333495292,0.4211150652431791,2017 policy baseline.,
m0_post2017_baseline,C(cause_group)[T.抢劫罪],2.910041889381625e-16,2.346435497648466e-26,0.0,2.910041888921732e-16,2.910041889841518e-16,5058,0.13184278333495292,0.4211150652431791,2017 policy baseline.,
m0_post2017_baseline,C(cause_group)[T.抢夺罪],-4.020858859410701e-16,5.325405967611689e-26,0.0,-4.0208588604544614e-16,-4.02085885836694e-16,5058,0.13184278333495292,0.4211150652431791,2017 policy baseline.,
m0_post2017_baseline,C(cause_group)[T.抵押合同纠纷],0.20537882721076312,0.3642713421165801,0.5728853105554016,-0.5085798839378024,0.9193375383593285,5058,0.13184278333495292,0.4211150652431791,2017 policy baseline.,
m0_post2017_baseline,C(cause_group)[T.担保物权确认纠纷],-0.32195542403146954,0.015106284960737407,8.659331031234042e-101,-0.3515631984947139,-0.2923476495682252,5058,0.13184278333495292,0.4211150652431791,2017 policy baseline.,
m0_post2017_baseline,C(cause_group)[T.拒不执行判决、裁定罪],-7.07941124512433e-17,2.5470666748567748e-26,0.0,-7.07941125011649e-17,-7.079411240132171e-17,5058,0.13184278333495292,0.4211150652431791,2017 policy baseline.,
m0_post2017_baseline,C(cause_group)[T.拒不支付劳动报酬罪],-5.689705543884651e-17,9.003077304392917e-26,0.0,-5.689705561530359e-17,-5.689705526238943e-17,5058,0.13184278333495292,0.4211150652431791,2017 policy baseline.,
m0_post2017_baseline,C(cause_group)[T.持有、使用假币罪],-4.939288751614044e-17,1.2360498666950457e-25,0.0,-4.939288775840176e-17,-4.9392887273879114e-17,5058,0.13184278333495292,0.4211150652431791,2017 policy baseline.,
m0_post2017_baseline,C(cause_group)[T.挪用公款罪],-9.597126080165634e-17,2.0134380915493917e-26,0.0,-9.5971260841119e-17,-9.597126076219369e-17,5058,0.13184278333495292,0.4211150652431791,2017 policy baseline.,
m0_post2017_baseline,C(cause_group)[T.挪用资金罪],3.9660966672250747e-17,6.610723469506624e-29,0.0,3.9660966672121176e-17,3.966096667238032e-17,5058,0.13184278333495292,0.4211150652431791,2017 policy baseline.,
m0_post2017_baseline,C(cause_group)[T.损害公司债权人利益责任纠纷],-0.31458831337363236,0.017131405630042718,2.5864570279073604e-75,-0.3481652514130628,-0.2810113753342019,5058,0.13184278333495292,0.4211150652431791,2017 policy baseline.,
m0_post2017_baseline,C(cause_group)[T.损害公司利益责任纠纷],-0.30743738854047736,0.01682296568630058,1.3121972800322746e-74,-0.34040979539877964,-0.2744649816821751,5058,0.13184278333495292,0.4211150652431791,2017 policy baseline.,
m0_post2017_baseline,C(cause_group)[T.排除妨害纠纷],0.6368552220693156,0.023124136878281052,5.7173050491914e-167,0.5915327466143102,0.6821776975243209,5058,0.13184278333495292,0.4211150652431791,2017 policy baseline.,
m0_post2017_baseline,C(cause_group)[T.掩饰、隐瞒犯罪所得、犯罪所得收益],1.4824159262073189e-16,6.113358438453338e-27,0.0,1.4824159260874993e-16,1.4824159263271384e-16,5058,0.13184278333495292,0.4211150652431791,2017 policy baseline.,
m0_post2017_baseline,C(cause_group)[T.掩饰、隐瞒犯罪所得、犯罪所得收益罪],1.7565122727777055e-17,3.2349552413632814e-26,0.0,1.7565122664373096e-17,1.7565122791181014e-17,5058,0.13184278333495292,0.4211150652431791,2017 policy baseline.,
m0_post2017_baseline,C(cause_group)[T.提供侵入、非法控制计算机信息系统程序、工具],1.8884139930062747e-16,1.3260060882167741e-27,0.0,1.8884139929802855e-16,1.888413993032264e-16,5058,0.13184278333495292,0.4211150652431791,2017 policy baseline.,
m0_post2017_baseline,C(cause_group)[T.提供侵入、非法控制计算机信息系统程序、工具罪],4.659940764040235e-17,1.5021513811434803e-26,0.0,4.659940761096072e-17,4.6599407669843975e-17,5058,0.13184278333495292,0.4211150652431791,2017 policy baseline.,
m0_post2017_baseline,C(cause_group)[T.提供劳务者受害责任纠纷],2.1839341414304653e-16,1.1092589762516538e-26,0.0,2.1839341412130545e-16,2.183934141647876e-16,5058,0.13184278333495292,0.4211150652431791,2017 policy baseline.,
m0_post2017_baseline,C(cause_group)[T.故意伤害罪],3.960640978176161e-17,1.0243810489448817e-26,0.0,3.960640976168411e-17,3.960640980183911e-17,5058,0.13184278333495292,0.4211150652431791,2017 policy baseline.,
m0_post2017_baseline,C(cause_group)[T.故意杀人罪],-1.2745299004901739e-16,1.366914266487978e-26,0.0,-1.274529900758084e-16,-1.2745299002222636e-16,5058,0.13184278333495292,0.4211150652431791,2017 policy baseline.,
m0_post2017_baseline,C(cause_group)[T.故意毁坏财物罪],1.9655855236571213e-16,1.379118666334372e-26,0.0,1.965585523386819e-16,1.9655855239274235e-16,5058,0.13184278333495292,0.4211150652431791,2017 policy baseline.,
m0_post2017_baseline,C(cause_group)[T.教育培训合同纠纷],-0.3593153571584515,0.015906610687754754,5.551840130561037e-113,-0.3904917412225507,-0.32813897309435225,5058,0.13184278333495292,0.4211150652431791,2017 policy baseline.,
m0_post2017_baseline,C(cause_group)[T.文化行政管理],-1.7694662447268365e-16,1.3000197586901256e-26,0.0,-1.7694662449816356e-16,-1.7694662444720374e-16,5058,0.13184278333495292,0.4211150652431791,2017 policy baseline.,
m0_post2017_baseline,C(cause_group)[T.旅游合同纠纷],-0.35211750963554533,0.013811331238528908,2.249594793004043e-143,-0.379187221441615,-0.3250477978294757,5058,0.13184278333495292,0.4211150652431791,2017 policy baseline.,
m0_post2017_baseline,C(cause_group)[T.服务合同纠纷],-0.15720470934005618,0.05329922848861986,0.0031831495529560548,-0.2616692775815223,-0.05274014109859004,5058,0.13184278333495292,0.4211150652431791,2017 policy baseline.,
m0_post2017_baseline,C(cause_group)[T.未分类],0.0024453243229010193,0.19023972110885443,0.989744345786677,-0.37041767747939797,0.3753083261252,5058,0.13184278333495292,0.4211150652431791,2017 policy baseline.,
m0_post2017_baseline,C(cause_group)[T.机动车交通事故责任纠纷],0.677307476369741,0.01546063023456795,0.0,0.6470051979316968,0.7076097548077852,5058,0.13184278333495292,0.4211150652431791,2017 policy baseline.,
m0_post2017_baseline,C(cause_group)[T.案外人执行异议之诉],-0.32307468541064155,0.015169052992537983,1.1777521015407177e-100,-0.35280548295559555,-0.29334388786568755,5058,0.13184278333495292,0.4211150652431791,2017 policy baseline.,
m0_post2017_baseline,C(cause_group)[T.欺诈客户责任纠纷],1.337294581549425e-16,8.38720060868547e-27,0.0,1.337294581385039e-16,1.337294581713811e-16,5058,0.13184278333495292,0.4211150652431791,2017 policy baseline.,
m0_post2017_baseline,C(cause_group)[T.民间借贷纠纷],0.025479638488788366,0.016369638275223093,0.11958493879935017,-0.006604262970597265,0.057563539948173995,5058,0.13184278333495292,0.4211150652431791,2017 policy baseline.,
m0_post2017_baseline,C(cause_group)[T.民间委托理财合同纠纷],0.4262468286053717,0.04228995267234151,6.831366431976454e-24,0.34336004445967894,0.5091336127510645,5058,0.13184278333495292,0.4211150652431791,2017 policy baseline.,
m0_post2017_baseline,C(cause_group)[T.法定继承纠纷],-6.190701408939272e-17,2.4484585911856716e-28,0.0,-6.190701408987261e-17,-6.190701408891284e-17,5058,0.13184278333495292,0.4211150652431791,2017 policy baseline.,
m0_post2017_baseline,C(cause_group)[T.法律服务合同纠纷],-0.3414406784596191,0.012881898187114875,8.38411508170369e-155,-0.3666887349588761,-0.31619262196036213,5058,0.13184278333495292,0.4211150652431791,2017 policy baseline.,
m0_post2017_baseline,C(cause_group)[T.洗钱罪],-3.0573132440452623e-18,2.058879103397944e-31,0.0,-3.057313244045666e-18,-3.0573132440448586e-18,5058,0.13184278333495292,0.4211150652431791,2017 policy baseline.,
m0_post2017_baseline,C(cause_group)[T.消费者权益保护民事公益诉讼],0.6454384831300152,0.020541056866161034,1.0171638482376917e-216,0.6051787514679503,0.68569821479208,5058,0.13184278333495292,0.4211150652431791,2017 policy baseline.,
m0_post2017_baseline,C(cause_group)[T.清算责任纠纷],0.402238400482252,0.21806203704462013,0.0650949679799529,-0.0251553385206425,0.8296321394851465,5058,0.13184278333495292,0.4211150652431791,2017 policy baseline.,
m0_post2017_baseline,C(cause_group)[T.演出合同纠纷],-0.34509271186151336,0.015268215545173387,4.1387260446889387e-113,-0.3750178644382478,-0.3151675592847789,5058,0.13184278333495292,0.4211150652431791,2017 policy baseline.,
m0_post2017_baseline,C(cause_group)[T.物业服务合同纠纷],-0.3859740131370371,0.02335156645100089,2.2752663168195583e-61,-0.43174224236359265,-0.34020578391048156,5058,0.13184278333495292,0.4211150652431791,2017 policy baseline.,
m0_post2017_baseline,C(cause_group)[T.物权保护纠纷],0.6657219327898414,0.014363028528616291,0.0,0.6375709141648321,0.6938729514148506,5058,0.13184278333495292,0.4211150652431791,2017 policy baseline.,
m0_post2017_baseline,C(cause_group)[T.物权确认纠纷],0.0,0.0,,0.0,0.0,5058,0.13184278333495292,0.4211150652431791,2017 policy baseline.,
m0_post2017_baseline,C(cause_group)[T.物权纠纷],0.7771238872191503,0.0358703136793626,4.406310194598711e-104,0.7068193642934452,0.8474284101448554,5058,0.13184278333495292,0.4211150652431791,2017 policy baseline.,
m0_post2017_baseline,C(cause_group)[T.特许经营合同纠纷],-0.3546922395431864,0.017028443816816653,2.343868223648335e-96,-0.38806737613691084,-0.321317102949462,5058,0.13184278333495292,0.4211150652431791,2017 policy baseline.,
m0_post2017_baseline,C(cause_group)[T.生产、销售伪劣产品罪],0.0,0.0,,0.0,0.0,5058,0.13184278333495292,0.4211150652431791,2017 policy baseline.,
m0_post2017_baseline,C(cause_group)[T.生产、销售有毒、有害食品罪],0.0,0.0,,0.0,0.0,5058,0.13184278333495292,0.4211150652431791,2017 policy baseline.,
m0_post2017_baseline,C(cause_group)[T.生命权、身体权、健康权纠纷],0.0,0.0,,0.0,0.0,5058,0.13184278333495292,0.4211150652431791,2017 policy baseline.,
m0_post2017_baseline,C(cause_group)[T.申请诉前停止侵害注册商标专用权],0.0,0.0,,0.0,0.0,5058,0.13184278333495292,0.4211150652431791,2017 policy baseline.,
m0_post2017_baseline,C(cause_group)[T.电信服务合同纠纷],0.0,0.0,,0.0,0.0,5058,0.13184278333495292,0.4211150652431791,2017 policy baseline.,
m0_post2017_baseline,C(cause_group)[T.盗伐林木罪],0.0,0.0,,0.0,0.0,5058,0.13184278333495292,0.4211150652431791,2017 policy baseline.,
m0_post2017_baseline,C(cause_group)[T.盗窃罪],0.0,0.0,,0.0,0.0,5058,0.13184278333495292,0.4211150652431791,2017 policy baseline.,
m0_post2017_baseline,C(cause_group)[T.相邻关系纠纷],0.0,0.0,,0.0,0.0,5058,0.13184278333495292,0.4211150652431791,2017 policy baseline.,
m0_post2017_baseline,C(cause_group)[T.破坏计算机信息系统罪],0.0,0.0,,0.0,0.0,5058,0.13184278333495292,0.4211150652431791,2017 policy baseline.,
m0_post2017_baseline,C(cause_group)[T.确认不侵害著作权纠纷],0.0,0.0,,0.0,0.0,5058,0.13184278333495292,0.4211150652431791,2017 policy baseline.,
m0_post2017_baseline,C(cause_group)[T.确认合同效力纠纷],0.11964655172773898,0.167276970205157,0.4744483041357269,-0.20821028531734842,0.44750338877282636,5058,0.13184278333495292,0.4211150652431791,2017 policy baseline.,
m0_post2017_baseline,C(cause_group)[T.确认合同无效纠纷],0.6187152220200278,0.055936310990714784,1.9378084266936576e-28,0.5090820670501949,0.7283483769898608,5058,0.13184278333495292,0.4211150652431791,2017 policy baseline.,
m0_post2017_baseline,C(cause_group)[T.确认合同有效纠纷],0.7057936459988803,0.022854577066146606,2.0880058903554494e-209,0.6609994980673378,0.7505877939304227,5058,0.13184278333495292,0.4211150652431791,2017 policy baseline.,
m0_post2017_baseline,C(cause_group)[T.离婚后财产纠纷],-0.326364731440543,0.01290915122365482,5.08341193571964e-141,-0.35166620290988765,-0.30106325997119837,5058,0.13184278333495292,0.4211150652431791,2017 policy baseline.,
m0_post2017_baseline,C(cause_group)[T.离婚纠纷],0.15709833104409912,0.36230279170209934,0.6645712357363612,-0.5530020921903328,0.867198754278531,5058,0.13184278333495292,0.4211150652431791,2017 policy baseline.,
m0_post2017_baseline,C(cause_group)[T.种植、养殖回收合同纠纷],-0.3151012523504777,0.016826518442664997,3.0125357290750283e-78,-0.3480806224833001,-0.28212188221765533,5058,0.13184278333495292,0.4211150652431791,2017 policy baseline.,
m0_post2017_baseline,C(cause_group)[T.租赁合同纠纷],-0.23242704692366162,0.063048803488045,0.0002273929711808343,-0.35600043102857315,-0.1088536628187501,5058,0.13184278333495292,0.4211150652431791,2017 policy baseline.,
m0_post2017_baseline,C(cause_group)[T.窃取、收买、非法提供信用卡信息罪],0.0,0.0,,0.0,0.0,5058,0.13184278333495292,0.4211150652431791,2017 policy baseline.,
m0_post2017_baseline,C(cause_group)[T.窝藏、包庇罪],0.0,0.0,,0.0,0.0,5058,0.13184278333495292,0.4211150652431791,2017 policy baseline.,
m0_post2017_baseline,C(cause_group)[T.竞业限制纠纷],-0.3309606725146739,0.013496658225353599,8.675727954543634e-133,-0.3574136365480133,-0.30450770848133457,5058,0.13184278333495292,0.4211150652431791,2017 policy baseline.,
m0_post2017_baseline,C(cause_group)[T.组织、领导传销活动],0.0,0.0,,0.0,0.0,5058,0.13184278333495292,0.4211150652431791,2017 policy baseline.,
m0_post2017_baseline,C(cause_group)[T.组织、领导传销活动罪],0.0,0.0,,0.0,0.0,5058,0.13184278333495292,0.4211150652431791,2017 policy baseline.,
m0_post2017_baseline,C(cause_group)[T.组织他人偷越国（边）境罪],0.0,0.0,,0.0,0.0,5058,0.13184278333495292,0.4211150652431791,2017 policy baseline.,
m0_post2017_baseline,C(cause_group)[T.组织卖淫罪],0.0,0.0,,0.0,0.0,5058,0.13184278333495292,0.4211150652431791,2017 policy baseline.,
m0_post2017_baseline,C(cause_group)[T.组织淫秽表演罪],0.0,0.0,,0.0,0.0,5058,0.13184278333495292,0.4211150652431791,2017 policy baseline.,
m0_post2017_baseline,C(cause_group)[T.绑架罪],0.0,0.0,,0.0,0.0,5058,0.13184278333495292,0.4211150652431791,2017 policy baseline.,
m0_post2017_baseline,C(cause_group)[T.缔约过失责任纠纷],0.3326973096732927,0.27685050206337136,0.22947129561653934,-0.20991970347274713,0.8753143228193325,5058,0.13184278333495292,0.4211150652431791,2017 policy baseline.,
m0_post2017_baseline,C(cause_group)[T.网络侵害虚拟财产纠纷],0.1473623699656164,0.35784259030764454,0.6804803036165392,-0.5539962191718888,0.8487209591031215,5058,0.13184278333495292,0.4211150652431791,2017 policy baseline.,
m0_post2017_baseline,C(cause_group)[T.网络侵权责任纠纷],-0.0689586745112706,0.10365076538568926,0.505859739262704,-0.2721104416372324,0.13419309261469123,5058,0.13184278333495292,0.4211150652431791,2017 policy baseline.,
m0_post2017_baseline,C(cause_group)[T.网络域名合同纠纷],-0.23487776461057083,0.04337994770268493,6.148366109217144e-08,-0.3199008997590643,-0.1498546294620773,5058,0.13184278333495292,0.4211150652431791,2017 policy baseline.,
m0_post2017_baseline,C(cause_group)[T.网络域名权属纠纷],0.0,0.0,,0.0,0.0,5058,0.13184278333495292,0.4211150652431791,2017 policy baseline.,
m0_post2017_baseline,C(cause_group)[T.网络服务合同纠纷],-0.25512238989578345,0.0258241419765176,5.122991392482933e-23,-0.305736778101407,-0.20450800169015995,5058,0.13184278333495292,0.4211150652431791,2017 policy baseline.,
m0_post2017_baseline,C(cause_group)[T.职务侵占罪],0.0,0.0,,0.0,0.0,5058,0.13184278333495292,0.4211150652431791,2017 policy baseline.,
m0_post2017_baseline,C(cause_group)[T.联营合同纠纷],-0.2859843906729911,0.03608627789763809,2.2811385747376407e-15,-0.3567121956884655,-0.21525658565751665,5058,0.13184278333495292,0.4211150652431791,2017 policy baseline.,
m0_post2017_baseline,C(cause_group)[T.肖像权纠纷],0.9855433982185592,0.11867525444443261,1.0020690150013702e-16,0.7529441736513443,1.2181426227857741,5058,0.13184278333495292,0.4211150652431791,2017 policy baseline.,
m0_post2017_baseline,C(cause_group)[T.股东出资纠纷],-0.33009018793245526,0.013350524867285354,5.776484514918239e-135,-0.35625673584704093,-0.3039236400178696,5058,0.13184278333495292,0.4211150652431791,2017 policy baseline.,
m0_post2017_baseline,C(cause_group)[T.股东损害公司债权人利益责任纠纷],-0.11775100810428518,0.17555139652073165,0.5023801353175368,-0.4618254227206294,0.226323406512059,5058,0.13184278333495292,0.4211150652431791,2017 policy baseline.,
m0_post2017_baseline,C(cause_group)[T.股东知情权纠纷],0.0,0.0,,0.0,0.0,5058,0.13184278333495292,0.4211150652431791,2017 policy baseline.,
m0_post2017_baseline,C(cause_group)[T.股东资格确认纠纷],-0.32375803584053037,0.014717617034012372,3.0100581931040867e-107,-0.3526040351654478,-0.29491203651561293,5058,0.13184278333495292,0.4211150652431791,2017 policy baseline.,
m0_post2017_baseline,C(cause_group)[T.股权转让纠纷],-0.1262519130107355,0.13338559447871762,0.3438842665752173,-0.38768287424548675,0.13517904822401575,5058,0.13184278333495292,0.4211150652431791,2017 policy baseline.,
m0_post2017_baseline,C(cause_group)[T.著作权合同纠纷],-0.19371960391357942,0.08109230868503627,0.016899929321008162,-0.35265760835945514,-0.034781599467703705,5058,0.13184278333495292,0.4211150652431791,2017 policy baseline.,
m0_post2017_baseline,C(cause_group)[T.著作权权属、侵权纠纷],0.0,0.0,,0.0,0.0,5058,0.13184278333495292,0.4211150652431791,2017 policy baseline.,
m0_post2017_baseline,C(cause_group)[T.著作权权属纠纷],-0.2860813691103741,0.049715323763253765,8.695512842636178e-09,-0.3835216131660998,-0.1886411250546484,5058,0.13184278333495292,0.4211150652431791,2017 policy baseline.,
m0_post2017_baseline,C(cause_group)[T.著作权许可使用合同纠纷],-0.29568612192037047,0.04186554704269713,1.6323281663965206e-12,-0.3777410863171242,-0.21363115752361672,5058,0.13184278333495292,0.4211150652431791,2017 policy baseline.,
m0_post2017_baseline,C(cause_group)[T.虚假诉讼罪],0.0,0.0,,0.0,0.0,5058,0.13184278333495292,0.4211150652431791,2017 policy baseline.,
m0_post2017_baseline,C(cause_group)[T.融资租赁合同纠纷],-0.24940738982517524,0.03678063258047017,1.1939360234688949e-11,-0.3214961050114973,-0.1773186746388532,5058,0.13184278333495292,0.4211150652431791,2017 policy baseline.,
m0_post2017_baseline,C(cause_group)[T.行政],0.0,0.0,,0.0,0.0,5058,0.13184278333495292,0.4211150652431791,2017 policy baseline.,
m0_post2017_baseline,C(cause_group)[T.行政处罚],0.0,0.0,,0.0,0.0,5058,0.13184278333495292,0.4211150652431791,2017 policy baseline.,
m0_post2017_baseline,C(cause_group)[T.行政复议],0.0,0.0,,0.0,0.0,5058,0.13184278333495292,0.4211150652431791,2017 policy baseline.,
m0_post2017_baseline,C(cause_group)[T.行政强制],0.0,0.0,,0.0,0.0,5058,0.13184278333495292,0.4211150652431791,2017 policy baseline.,
m0_post2017_baseline,C(cause_group)[T.行政强制措施],0.0,0.0,,0.0,0.0,5058,0.13184278333495292,0.4211150652431791,2017 policy baseline.,
m0_post2017_baseline,C(cause_group)[T.行政拘留],0.0,0.0,,0.0,0.0,5058,0.13184278333495292,0.4211150652431791,2017 policy baseline.,
m0_post2017_baseline,C(cause_group)[T.行政撤销],0.0,0.0,,0.0,0.0,5058,0.13184278333495292,0.4211150652431791,2017 policy baseline.,
m0_post2017_baseline,C(cause_group)[T.行政监察],0.0,0.0,,0.0,0.0,5058,0.13184278333495292,0.4211150652431791,2017 policy baseline.,
m0_post2017_baseline,C(cause_group)[T.行政确认],0.0,0.0,,0.0,0.0,5058,0.13184278333495292,0.4211150652431791,2017 policy baseline.,
m0_post2017_baseline,C(cause_group)[T.行政非诉执行],0.0,0.0,,0.0,0.0,5058,0.13184278333495292,0.4211150652431791,2017 policy baseline.,
m0_post2017_baseline,C(cause_group)[T.行纪合同纠纷],0.17675564320851664,0.35374285444124676,0.6173055661846196,-0.5165676112847217,0.8700788977017551,5058,0.13184278333495292,0.4211150652431791,2017 policy baseline.,
m0_post2017_baseline,C(cause_group)[T.被继承人债务清偿纠纷],-0.1925447589654804,0.09605347508926308,0.045010323789861376,-0.3808061107303513,-0.004283407200609518,5058,0.13184278333495292,0.4211150652431791,2017 policy baseline.,
m0_post2017_baseline,C(cause_group)[T.装饰装修合同纠纷],-0.018652144770057326,0.1916353113562341,0.9224631726011105,-0.3942504531943958,0.3569461636542811,5058,0.13184278333495292,0.4211150652431791,2017 policy baseline.,
m0_post2017_baseline,C(cause_group)[T.计算机软件开发合同纠纷],-0.15171307529079806,0.08526029211003142,0.07517245499664713,-0.3188201771378242,0.015394026556228041,5058,0.13184278333495292,0.4211150652431791,2017 policy baseline.,
m0_post2017_baseline,C(cause_group)[T.计算机软件著作权许可使用合同纠纷],-0.310323603244056,0.018148722446759653,1.5117274301103728e-65,-0.34589444560511856,-0.27475276088299344,5058,0.13184278333495292,0.4211150652431791,2017 policy baseline.,
m0_post2017_baseline,C(cause_group)[T.诈骗],0.0,0.0,,0.0,0.0,5058,0.13184278333495292,0.4211150652431791,2017 policy baseline.,
m0_post2017_baseline,C(cause_group)[T.诈骗罪],0.0,0.0,,0.0,0.0,5058,0.13184278333495292,0.4211150652431791,2017 policy baseline.,
m0_post2017_baseline,C(cause_group)[T.诬告陷害罪],0.0,0.0,,0.0,0.0,5058,0.13184278333495292,0.4211150652431791,2017 policy baseline.,
m0_post2017_baseline,C(cause_group)[T.财产保险合同纠纷],-0.33298690787187185,0.016046059717661987,1.1773734216226625e-95,-0.3644366070122683,-0.3015372087314754,5058,0.13184278333495292,0.4211150652431791,2017 policy baseline.,
m0_post2017_baseline,C(cause_group)[T.财产损失保险合同纠纷],-0.34059369950248775,0.012874822352100568,3.260707467248298e-154,-0.3658278876199561,-0.3153595113850194,5058,0.13184278333495292,0.4211150652431791,2017 policy baseline.,
m0_post2017_baseline,C(cause_group)[T.财产损害赔偿纠纷],0.22698309377414352,0.11680086044231626,0.05197580521151854,-0.0019423860560854322,0.4559085736043725,5058,0.13184278333495292,0.4211150652431791,2017 policy baseline.,
m0_post2017_baseline,C(cause_group)[T.贪污罪],0.0,0.0,,0.0,0.0,5058,0.13184278333495292,0.4211150652431791,2017 policy baseline.,
m0_post2017_baseline,C(cause_group)[T.贷款诈骗罪],0.0,0.0,,0.0,0.0,5058,0.13184278333495292,0.4211150652431791,2017 policy baseline.,
m0_post2017_baseline,C(cause_group)[T.赌博罪],0.0,0.0,,0.0,0.0,5058,0.13184278333495292,0.4211150652431791,2017 policy baseline.,
m0_post2017_baseline,C(cause_group)[T.赠与合同纠纷],0.31948914598559947,0.07162924808213625,8.183855024855909e-06,0.17909839950492767,0.45987989246627126,5058,0.13184278333495292,0.4211150652431791,2017 policy baseline.,
m0_post2017_baseline,C(cause_group)[T.走私、贩卖、运输、制造毒品],0.0,0.0,,0.0,0.0,5058,0.13184278333495292,0.4211150652431791,2017 policy baseline.,
m0_post2017_baseline,C(cause_group)[T.走私、贩卖、运输、制造毒品罪],0.0,0.0,,0.0,0.0,5058,0.13184278333495292,0.4211150652431791,2017 policy baseline.,
m0_post2017_baseline,C(cause_group)[T.走私普通货物、物品罪],0.0,0.0,,0.0,0.0,5058,0.13184278333495292,0.4211150652431791,2017 policy baseline.,
m0_post2017_baseline,C(cause_group)[T.走私武器、弹药罪],0.0,0.0,,0.0,0.0,5058,0.13184278333495292,0.4211150652431791,2017 policy baseline.,
m0_post2017_baseline,C(cause_group)[T.走私罪],0.0,0.0,,0.0,0.0,5058,0.13184278333495292,0.4211150652431791,2017 policy baseline.,
m0_post2017_baseline,C(cause_group)[T.车辆租赁合同纠纷],-0.32749398216563935,0.014311963485541424,6.935393988948425e-116,-0.35554491514535286,-0.29944304918592585,5058,0.13184278333495292,0.4211150652431791,2017 policy baseline.,
m0_post2017_baseline,C(cause_group)[T.运输合同纠纷],-0.013815130280507796,0.2735600799646346,0.959722940818582,-0.5499830346190889,0.5223527740580732,5058,0.13184278333495292,0.4211150652431791,2017 policy baseline.,
m0_post2017_baseline,C(cause_group)[T.运送他人偷越国（边）境罪],0.0,0.0,,0.0,0.0,5058,0.13184278333495292,0.4211150652431791,2017 policy baseline.,
m0_post2017_baseline,C(cause_group)[T.返还原物纠纷],0.2250791710568511,0.10832971264278729,0.03773484917503028,0.012756835821414653,0.4374015062922876,5058,0.13184278333495292,0.4211150652431791,2017 policy baseline.,
m0_post2017_baseline,C(cause_group)[T.追偿权纠纷],-0.1974568141715898,0.13020280186432182,0.12938469369388136,-0.4526496165118652,0.057735988168685554,5058,0.13184278333495292,0.4211150652431791,2017 policy baseline.,
m0_post2017_baseline,C(cause_group)[T.追加、变更被执行人异议之诉],-0.3189543456163864,0.015815683553320345,1.9100457890572457e-90,-0.3499525157717768,-0.28795617546099606,5058,0.13184278333495292,0.4211150652431791,2017 policy baseline.,
m0_post2017_baseline,C(cause_group)[T.追索劳动报酬纠纷],0.0,0.0,,0.0,0.0,5058,0.13184278333495292,0.4211150652431791,2017 policy baseline.,
m0_post2017_baseline,C(cause_group)[T.金融借款合同纠纷],-0.3373518317635174,0.012393252060140867,3.70455499008895e-163,-0.3616421594527203,-0.3130615040743145,5058,0.13184278333495292,0.4211150652431791,2017 policy baseline.,
m0_post2017_baseline,C(cause_group)[T.铁路运输财产损害责任纠纷],0.6793982554214913,0.015417080200144834,0.0,0.6491813334824419,0.7096151773605408,5058,0.13184278333495292,0.4211150652431791,2017 policy baseline.,
m0_post2017_baseline,C(cause_group)[T.银行卡纠纷],-0.35076274442389016,0.019509547912633197,2.844257110164208e-72,-0.3890007556873098,-0.3125247331604705,5058,0.13184278333495292,0.4211150652431791,2017 policy baseline.,
m0_post2017_baseline,C(cause_group)[T.销售假冒注册商标的商品罪],0.0,0.0,,0.0,0.0,5058,0.13184278333495292,0.4211150652431791,2017 policy baseline.,
m0_post2017_baseline,C(cause_group)[T.隐私权纠纷],0.0,0.0,,0.0,0.0,5058,0.13184278333495292,0.4211150652431791,2017 policy baseline.,
m0_post2017_baseline,C(cause_group)[T.集资诈骗罪],0.0,0.0,,0.0,0.0,5058,0.13184278333495292,0.4211150652431791,2017 policy baseline.,
m0_post2017_baseline,C(cause_group)[T.非法侵入计算机信息系统罪],0.0,0.0,,0.0,0.0,5058,0.13184278333495292,0.4211150652431791,2017 policy baseline.,
m0_post2017_baseline,C(cause_group)[T.非法出售增值税专用发票罪],0.0,0.0,,0.0,0.0,5058,0.13184278333495292,0.4211150652431791,2017 policy baseline.,
m0_post2017_baseline,C(cause_group)[T.非法利用信息网络],0.0,0.0,,0.0,0.0,5058,0.13184278333495292,0.4211150652431791,2017 policy baseline.,
m0_post2017_baseline,C(cause_group)[T.非法利用信息网络罪],0.0,0.0,,0.0,0.0,5058,0.13184278333495292,0.4211150652431791,2017 policy baseline.,
m0_post2017_baseline,C(cause_group)[T.非法制造、买卖、运输、邮寄、储存枪支、弹药、爆炸物罪],0.0,0.0,,0.0,0.0,5058,0.13184278333495292,0.4211150652431791,2017 policy baseline.,
m0_post2017_baseline,C(cause_group)[T.非法吸收公众存款],0.0,0.0,,0.0,0.0,5058,0.13184278333495292,0.4211150652431791,2017 policy baseline.,
m0_post2017_baseline,C(cause_group)[T.非法吸收公众存款罪],0.0,0.0,,0.0,0.0,5058,0.13184278333495292,0.4211150652431791,2017 policy baseline.,
m0_post2017_baseline,C(cause_group)[T.非法拘禁罪],0.0,0.0,,0.0,0.0,5058,0.13184278333495292,0.4211150652431791,2017 policy baseline.,
m0_post2017_baseline,C(cause_group)[T.非法持有毒品罪],0.0,0.0,,0.0,0.0,5058,0.13184278333495292,0.4211150652431791,2017 policy baseline.,
m0_post2017_baseline,C(cause_group)[T.非法种植毒品原植物罪],0.0,0.0,,0.0,0.0,5058,0.13184278333495292,0.4211150652431791,2017 policy baseline.,
m0_post2017_baseline,C(cause_group)[T.非法获取计算机信息系统数据、非法控制计算机信息系统罪],0.0,0.0,,0.0,0.0,5058,0.13184278333495292,0.4211150652431791,2017 policy baseline.,
m0_post2017_baseline,C(cause_group)[T.食品、药品监管渎职罪],0.0,0.0,,0.0,0.0,5058,0.13184278333495292,0.4211150652431791,2017 policy baseline.,
m0_post2017_baseline,C(cause_group)[T.餐饮服务合同纠纷],0.7681878861535905,0.03577968643142636,2.9737250322122525e-102,0.6980609893698584,0.8383147829373225,5058,0.13184278333495292,0.4211150652431791,2017 policy baseline.,
m0_post2017_baseline,post2017,0.2618652036845217,0.042872911118970555,1.0092476246042448e-09,0.17783584197895258,0.34589456539009084,5058,0.13184278333495292,0.4211150652431791,2017 policy baseline.,
m0_post2017_baseline,log_amount_master,-0.009370466074043822,0.004008210882958035,0.01939671055973212,-0.01722641504708306,-0.0015145171010045849,5058,0.13184278333495292,0.4211150652431791,2017 policy baseline.,
m0_post2017_baseline,amount_llm_regex_conflict_flag,-0.10891661209919688,0.03525031628762732,0.002002877815654158,-0.1780059624665921,-0.03982726173180168,5058,0.13184278333495292,0.4211150652431791,2017 policy baseline.,
m0_post2017_baseline,amount_regex_fallback_flag,0.0,0.0,,0.0,0.0,5058,0.13184278333495292,0.4211150652431791,2017 policy baseline.,
m1_policy_baseline,Intercept,0.3590183916196947,0.050116528916765594,7.854401412017572e-13,0.2607917999126739,0.4572449833267154,5058,0.13407354459329313,0.4211150652431791,"Civil main sample; 2021 post indicator, master amount, amount-quality flags, court level and cause controls.",
m1_policy_baseline,C(court_level_group)[T.基层法院],0.009792938125157013,0.014774308776387315,0.507435837550164,-0.019164174973036158,0.038750051223350186,5058,0.13407354459329313,0.4211150652431791,"Civil main sample; 2021 post indicator, master amount, amount-quality flags, court level and cause controls.",
m1_policy_baseline,C(court_level_group)[T.最高人民法院],-0.07444500756024057,0.11633336303735312,0.522219234958944,-0.30245420931387584,0.15356419419339468,5058,0.13407354459329313,0.4211150652431791,"Civil main sample; 2021 post indicator, master amount, amount-quality flags, court level and cause controls.",
m1_policy_baseline,C(court_level_group)[T.高级法院],-0.04715391643014027,0.107469058566366,0.6608301042126912,-0.2577894006726434,0.16348156781236287,5058,0.13407354459329313,0.4211150652431791,"Civil main sample; 2021 post indicator, master amount, amount-quality flags, court level and cause controls.",
m1_policy_baseline,C(cause_group)[T.不当得利纠纷],0.43132914558753155,0.029596729990859508,4.1387292486287616e-48,0.37332062074529043,0.48933767042977266,5058,0.13407354459329313,0.4211150652431791,"Civil main sample; 2021 post indicator, master amount, amount-quality flags, court level and cause controls.",
m1_policy_baseline,C(cause_group)[T.不正当竞争纠纷],0.34937243619174846,0.17817980572804018,0.049904013066439795,0.00014643419244608769,0.6985984381910508,5058,0.13407354459329313,0.4211150652431791,"Civil main sample; 2021 post indicator, master amount, amount-quality flags, court level and cause controls.",
m1_policy_baseline,C(cause_group)[T.与公司有关的纠纷],-0.08085774152665419,0.23611070245857274,0.7320070667092713,-0.5436262147099096,0.38191073165660117,5058,0.13407354459329313,0.4211150652431791,"Civil main sample; 2021 post indicator, master amount, amount-quality flags, court level and cause controls.",
m1_policy_baseline,C(cause_group)[T.专利行政管理],5.997812885006507e-16,8.018019235263485e-16,0.45443499446789337,-9.71721604345931e-16,2.1712841813472325e-15,5058,0.13407354459329313,0.4211150652431791,"Civil main sample; 2021 post indicator, master amount, amount-quality flags, court level and cause controls.",
m1_policy_baseline,C(cause_group)[T.业主撤销权纠纷],0.1852708186729936,0.23686733216743422,0.43411393474095905,-0.2789806214892633,0.6495222588352505,5058,0.13407354459329313,0.4211150652431791,"Civil main sample; 2021 post indicator, master amount, amount-quality flags, court level and cause controls.",
m1_policy_baseline,C(cause_group)[T.中介合同纠纷],-0.35511154538867207,0.01406013456488987,9.578345669451133e-141,-0.38266890275364296,-0.3275541880237012,5058,0.13407354459329313,0.4211150652431791,"Civil main sample; 2021 post indicator, master amount, amount-quality flags, court level and cause controls.",
m1_policy_baseline,C(cause_group)[T.买卖合同纠纷],0.16512800303543199,0.026026537913772407,2.2300239296313653e-10,0.11411692608217183,0.21613907998869214,5058,0.13407354459329313,0.4211150652431791,"Civil main sample; 2021 post indicator, master amount, amount-quality flags, court level and cause controls.",
m1_policy_baseline,C(cause_group)[T.互易纠纷],-0.3042545466316292,0.027676530052993465,4.119015307613714e-28,-0.3584995487525368,-0.2500095445107216,5058,0.13407354459329313,0.4211150652431791,"Civil main sample; 2021 post indicator, master amount, amount-quality flags, court level and cause controls.",
m1_policy_baseline,C(cause_group)[T.交通肇事罪],-1.1754515633317928e-15,4.998734041706166e-16,0.01869796468629368,-2.1551854323356356e-15,-1.9571769432795004e-16,5058,0.13407354459329313,0.4211150652431791,"Civil main sample; 2021 post indicator, master amount, amount-quality flags, court level and cause controls.",
m1_policy_baseline,C(cause_group)[T.产品责任纠纷],3.040132368503151e-15,7.210478234386422e-16,2.4837626556843663e-05,1.6269046034324165e-15,4.453360133573886e-15,5058,0.13407354459329313,0.4211150652431791,"Civil main sample; 2021 post indicator, master amount, amount-quality flags, court level and cause controls.",
m1_policy_baseline,C(cause_group)[T.人身保险合同纠纷],-0.34514809794859197,0.015744430242692804,1.6055109500923008e-106,-0.3760066141813731,-0.31428958171581084,5058,0.13407354459329313,0.4211150652431791,"Civil main sample; 2021 post indicator, master amount, amount-quality flags, court level and cause controls.",
m1_policy_baseline,C(cause_group)[T.仓储合同纠纷],0.6239166275467393,0.0158188247452825,0.0,0.5929123007682345,0.654920954325244,5058,0.13407354459329313,0.4211150652431791,"Civil main sample; 2021 post indicator, master amount, amount-quality flags, court level and cause controls.",
m1_policy_baseline,C(cause_group)[T.仿冒纠纷],-7.44020393686351e-16,1.6822976183284396e-16,9.75001972658285e-06,-1.0737446680064762e-15,-4.1429611936622585e-16,5058,0.13407354459329313,0.4211150652431791,"Civil main sample; 2021 post indicator, master amount, amount-quality flags, court level and cause controls.",
m1_policy_baseline,C(cause_group)[T.企业承包经营合同纠纷],-0.26035366888259787,0.016850438694408342,7.445040780653729e-54,-0.29337992184733835,-0.22732741591785738,5058,0.13407354459329313,0.4211150652431791,"Civil main sample; 2021 post indicator, master amount, amount-quality flags, court level and cause controls.",
m1_policy_baseline,C(cause_group)[T.传播淫秽物品罪],-9.865287814965004e-16,2.8920903790305176e-16,0.0006469493101835879,-1.5533680797899612e-15,-4.1968948320303956e-16,5058,0.13407354459329313,0.4211150652431791,"Civil main sample; 2021 post indicator, master amount, amount-quality flags, court level and cause controls.",
m1_policy_baseline,C(cause_group)[T.伪造、变造、买卖国家机关公文、证件、印章罪],8.448571003361271e-16,1.7378396557217722e-16,1.1647806845127e-06,5.042467867241112e-16,1.1854674139481431e-15,5058,0.13407354459329313,0.4211150652431791,"Civil main sample; 2021 post indicator, master amount, amount-quality flags, court level and cause controls.",
m1_policy_baseline,C(cause_group)[T.伪造、变造、买卖身份证件罪],-7.452389782178063e-16,1.63703130429406e-16,5.304222979043184e-06,-1.066091218015905e-15,-4.243867384197075e-16,5058,0.13407354459329313,0.4211150652431791,"Civil main sample; 2021 post indicator, master amount, amount-quality flags, court level and cause controls.",
m1_policy_baseline,C(cause_group)[T.伪造、变造金融票证罪],-9.939308629049662e-17,2.6433955115613946e-16,0.7069129163070949,-6.174890862460132e-16,4.187029136650199e-16,5058,0.13407354459329313,0.4211150652431791,"Civil main sample; 2021 post indicator, master amount, amount-quality flags, court level and cause controls.",
m1_policy_baseline,C(cause_group)[T.供用电合同纠纷],-0.3070949798505359,0.01904897405396875,1.8065040868534982e-58,-0.3444302829387526,-0.2697596767623192,5058,0.13407354459329313,0.4211150652431791,"Civil main sample; 2021 post indicator, master amount, amount-quality flags, court level and cause controls.",
m1_policy_baseline,C(cause_group)[T.侵占罪],-8.584124488394219e-16,3.3626324988210777e-16,0.010686118061034049,-1.5174763079327457e-15,-1.9934858974609805e-16,5058,0.13407354459329313,0.4211150652431791,"Civil main sample; 2021 post indicator, master amount, amount-quality flags, court level and cause controls.",
m1_policy_baseline,C(cause_group)[T.侵害作品信息网络传播权纠纷],0.20029664694550203,0.1970512344716615,0.30940567802556906,-0.1859166757281121,0.5865099696191162,5058,0.13407354459329313,0.4211150652431791,"Civil main sample; 2021 post indicator, master amount, amount-quality flags, court level and cause controls.",
m1_policy_baseline,C(cause_group)[T.侵害作品发行权纠纷],-1.1805394941181223e-15,1.4769456275984963e-16,1.315722395185397e-15,-1.4700155178398182e-15,-8.910634703964264e-16,5058,0.13407354459329313,0.4211150652431791,"Civil main sample; 2021 post indicator, master amount, amount-quality flags, court level and cause controls.",
m1_policy_baseline,C(cause_group)[T.侵害作品复制权纠纷],5.351119960723524e-16,2.6578509594634404e-16,0.044080363842571225,1.4182780389995435e-17,1.0560412117547093e-15,5058,0.13407354459329313,0.4211150652431791,"Civil main sample; 2021 post indicator, master amount, amount-quality flags, court level and cause controls.",
m1_policy_baseline,C(cause_group)[T.侵害作品展览权纠纷],1.9867669434492694e-15,3.0738892180726313e-16,1.02399573083366e-10,1.3842957274604347e-15,2.589238159438104e-15,5058,0.13407354459329313,0.4211150652431791,"Civil main sample; 2021 post indicator, master amount, amount-quality flags, court level and cause controls.",
m1_policy_baseline,C(cause_group)[T.侵害作品广播权纠纷],-9.943657432705382e-16,2.1100116484286082e-16,2.4456658075443545e-06,-1.4079204270585445e-15,-5.80811059482532e-16,5058,0.13407354459329313,0.4211150652431791,"Civil main sample; 2021 post indicator, master amount, amount-quality flags, court level and cause controls.",
m1_policy_baseline,C(cause_group)[T.侵害作品改编权纠纷],-0.1776188985658171,0.10515844547352066,0.09120797849623259,-0.3837256643641367,0.028487867232502434,5058,0.13407354459329313,0.4211150652431791,"Civil main sample; 2021 post indicator, master amount, amount-quality flags, court level and cause controls.",
m1_policy_baseline,C(cause_group)[T.侵害其他著作财产权纠纷],1.1874295557846927e-15,3.605293295985703e-16,0.0009892275773341298,4.808050544011243e-16,1.894054057168261e-15,5058,0.13407354459329313,0.4211150652431791,"Civil main sample; 2021 post indicator, master amount, amount-quality flags, court level and cause controls.",
m1_policy_baseline,C(cause_group)[T.侵害发明专利权纠纷],0.7268010089386122,0.11549170274582675,3.1118469243695847e-10,0.5004414310435861,0.9531605868336384,5058,0.13407354459329313,0.4211150652431791,"Civil main sample; 2021 post indicator, master amount, amount-quality flags, court level and cause controls.",
m1_policy_baseline,C(cause_group)[T.侵害商标权纠纷],0.2219161538803186,0.17012725103006732,0.19209289327891954,-0.11152713092741817,0.5553594386880554,5058,0.13407354459329313,0.4211150652431791,"Civil main sample; 2021 post indicator, master amount, amount-quality flags, court level and cause controls.",
m1_policy_baseline,C(cause_group)[T.侵害外观设计专利权纠纷],0.4181769633003203,0.31632287835346407,0.1861701319830258,-0.20180448575851395,1.0381584123591545,5058,0.13407354459329313,0.4211150652431791,"Civil main sample; 2021 post indicator, master amount, amount-quality flags, court level and cause controls.",
m1_policy_baseline,C(cause_group)[T.侵害实用新型专利权纠纷],-1.4247783804457025e-16,1.3122320774390066e-16,0.2775820579516517,-3.9967059915843306e-16,1.1471492306929256e-16,5058,0.13407354459329313,0.4211150652431791,"Civil main sample; 2021 post indicator, master amount, amount-quality flags, court level and cause controls.",
m1_policy_baseline,C(cause_group)[T.侵害录音录像制作者权纠纷],-2.1585829654152121e-16,2.13707644729943e-16,0.3124648569796393,-6.347175834330905e-16,2.0300099035004812e-16,5058,0.13407354459329313,0.4211150652431791,"Civil main sample; 2021 post indicator, master amount, amount-quality flags, court level and cause controls.",
m1_policy_baseline,C(cause_group)[T.侵害计算机软件著作权纠纷],-6.450322935162643e-17,1.6155960802657422e-16,0.6897064699769544,-3.8115424244012015e-16,2.521477837368673e-16,5058,0.13407354459329313,0.4211150652431791,"Civil main sample; 2021 post indicator, master amount, amount-quality flags, court level and cause controls.",
m1_policy_baseline,C(cause_group)[T.侵权责任纠纷],0.30661779714160714,0.1530590950721946,0.04514894389973157,0.006627483293813685,0.6066081109894006,5058,0.13407354459329313,0.4211150652431791,"Civil main sample; 2021 post indicator, master amount, amount-quality flags, court level and cause controls.",
m1_policy_baseline,C(cause_group)[T.侵犯公民个人信息罪],-9.874362038766025e-16,2.1293632569026366e-16,3.53097497436684e-06,-1.4047837332298104e-15,-5.700886745233947e-16,5058,0.13407354459329313,0.4211150652431791,"Civil main sample; 2021 post indicator, master amount, amount-quality flags, court level and cause controls.",
m1_policy_baseline,C(cause_group)[T.侵犯著作权罪],9.173771657101433e-16,1.2743175282150215e-16,6.06697941040866e-13,6.676155196931887e-16,1.1671388117270978e-15,5058,0.13407354459329313,0.4211150652431791,"Civil main sample; 2021 post indicator, master amount, amount-quality flags, court level and cause controls.",
m1_policy_baseline,C(cause_group)[T.保管合同纠纷],-0.04328187595355208,0.2089938917472655,0.8359345983862614,-0.4529023767670553,0.3663386248599511,5058,0.13407354459329313,0.4211150652431791,"Civil main sample; 2021 post indicator, master amount, amount-quality flags, court level and cause controls.",
m1_policy_baseline,C(cause_group)[T.保证合同纠纷],0.3655490640067759,0.10023986376204004,0.0002655848770438931,0.16908254121797572,0.5620155867955761,5058,0.13407354459329313,0.4211150652431791,"Civil main sample; 2021 post indicator, master amount, amount-quality flags, court level and cause controls.",
m1_policy_baseline,C(cause_group)[T.保险代理合同纠纷],0.6477762205446798,0.014396325789172111,0.0,0.6195599404881973,0.6759925006011622,5058,0.13407354459329313,0.4211150652431791,"Civil main sample; 2021 post indicator, master amount, amount-quality flags, court level and cause controls.",
m1_policy_baseline,C(cause_group)[T.信息网络买卖合同纠纷],-0.10891537295882238,0.0946237716524465,0.2497174023088765,-0.29437455747895963,0.07654381156131486,5058,0.13407354459329313,0.4211150652431791,"Civil main sample; 2021 post indicator, master amount, amount-quality flags, court level and cause controls.",
m1_policy_baseline,C(cause_group)[T.信用卡纠纷],-0.32422396914890234,0.026302971255303637,6.520636724869877e-35,-0.37577684549568974,-0.27267109280211493,5058,0.13407354459329313,0.4211150652431791,"Civil main sample; 2021 post indicator, master amount, amount-quality flags, court level and cause controls.",
m1_policy_baseline,C(cause_group)[T.信用卡诈骗罪],3.0307639972166546e-16,1.1484335004446897e-16,0.008314073208537553,7.798756977057988e-17,5.28165229672751e-16,5058,0.13407354459329313,0.4211150652431791,"Civil main sample; 2021 post indicator, master amount, amount-quality flags, court level and cause controls.",
m1_policy_baseline,C(cause_group)[T.修理合同纠纷],-0.3796475428112804,0.016747890535839253,9.191518323561595e-114,-0.41247280507854456,-0.3468222805440162,5058,0.13407354459329313,0.4211150652431791,"Civil main sample; 2021 post indicator, master amount, amount-quality flags, court level and cause controls.",
m1_policy_baseline,C(cause_group)[T.借款合同纠纷],0.10399512022689715,0.11475621707349343,0.36481600121263735,-0.1209229322392104,0.3289131726930047,5058,0.13407354459329313,0.4211150652431791,"Civil main sample; 2021 post indicator, master amount, amount-quality flags, court level and cause controls.",
m1_policy_baseline,C(cause_group)[T.借用合同纠纷],-0.3337794345181116,0.01908686243916078,1.7875424380590554e-68,-0.37118899747673706,-0.29636987155948613,5058,0.13407354459329313,0.4211150652431791,"Civil main sample; 2021 post indicator, master amount, amount-quality flags, court level and cause controls.",
m1_policy_baseline,C(cause_group)[T.债券质权纠纷],0.21893935503754955,0.34659025274395006,0.5275861481059722,-0.4603650577332272,0.8982437678083264,5058,0.13407354459329313,0.4211150652431791,"Civil main sample; 2021 post indicator, master amount, amount-quality flags, court level and cause controls.",
m1_policy_baseline,C(cause_group)[T.债务加入纠纷],-0.35469525402468133,0.014100198747196821,1.2354035062723658e-139,-0.38233113574404387,-0.3270593723053188,5058,0.13407354459329313,0.4211150652431791,"Civil main sample; 2021 post indicator, master amount, amount-quality flags, court level and cause controls.",
m1_policy_baseline,C(cause_group)[T.债务转移合同纠纷],-0.2652556315382005,0.01592856453770671,2.8863848566586736e-62,-0.29647504435752753,-0.23403621871887342,5058,0.13407354459329313,0.4211150652431791,"Civil main sample; 2021 post indicator, master amount, amount-quality flags, court level and cause controls.",
m1_policy_baseline,C(cause_group)[T.债权人撤销权纠纷],0.38671053789008214,0.2889717751791398,0.18082165383100723,-0.17966373400963742,0.9530848097898017,5058,0.13407354459329313,0.4211150652431791,"Civil main sample; 2021 post indicator, master amount, amount-quality flags, court level and cause controls.",
m1_policy_baseline,C(cause_group)[T.债权转让合同纠纷],0.12114291561489175,0.1667704380033581,0.467590396100779,-0.20572113655766006,0.4480069677874436,5058,0.13407354459329313,0.4211150652431791,"Civil main sample; 2021 post indicator, master amount, amount-quality flags, court level and cause controls.",
m1_policy_baseline,C(cause_group)[T.假冒注册商标罪],-8.691078899430707e-16,1.3422366514983922e-16,9.476676941670666e-11,-1.1321814395097195e-15,-6.060343403764219e-16,5058,0.13407354459329313,0.4211150652431791,"Civil main sample; 2021 post indicator, master amount, amount-quality flags, court level and cause controls.",
m1_policy_baseline,C(cause_group)[T.偷越国（边）境罪],2.4327121531261166e-16,1.0052002234210012e-16,0.015515089429107317,4.625559179693385e-17,4.402868388282895e-16,5058,0.13407354459329313,0.4211150652431791,"Civil main sample; 2021 post indicator, master amount, amount-quality flags, court level and cause controls.",
m1_policy_baseline,C(cause_group)[T.储蓄存款合同纠纷],-0.2813522434776899,0.015387128520129592,1.0914569676639025e-74,-0.311510461202633,-0.2511940257527468,5058,0.13407354459329313,0.4211150652431791,"Civil main sample; 2021 post indicator, master amount, amount-quality flags, court level and cause controls.",
m1_policy_baseline,C(cause_group)[T.公司减资纠纷],1.1059668548250272e-15,1.4648858935901861e-16,4.357603157472712e-14,8.188544955352733e-16,1.393079214114781e-15,5058,0.13407354459329313,0.4211150652431791,"Civil main sample; 2021 post indicator, master amount, amount-quality flags, court level and cause controls.",
m1_policy_baseline,C(cause_group)[T.公司解散纠纷],-2.7419464671481896e-16,7.741475611294294e-17,0.0003972692331315108,-4.259247805681391e-16,-1.224645128614988e-16,5058,0.13407354459329313,0.4211150652431791,"Civil main sample; 2021 post indicator, master amount, amount-quality flags, court level and cause controls.",
m1_policy_baseline,C(cause_group)[T.公安行政管理],-7.177715382974764e-17,6.837979448191197e-17,0.29386357276744746,-2.0579908828454581e-16,6.224478062505053e-17,5058,0.13407354459329313,0.4211150652431791,"Civil main sample; 2021 post indicator, master amount, amount-quality flags, court level and cause controls.",
m1_policy_baseline,C(cause_group)[T.公益事业捐赠合同纠纷],-0.2526969837576652,0.01909676231541994,5.699737812995786e-40,-0.29012595011721,-0.21526801739812038,5058,0.13407354459329313,0.4211150652431791,"Civil main sample; 2021 post indicator, master amount, amount-quality flags, court level and cause controls.",
m1_policy_baseline,C(cause_group)[T.共有物分割纠纷],6.150969418753214e-17,1.6174648640516942e-16,0.7037341827521473,-2.555075937924974e-16,3.7852698216756165e-16,5058,0.13407354459329313,0.4211150652431791,"Civil main sample; 2021 post indicator, master amount, amount-quality flags, court level and cause controls.",
m1_policy_baseline,C(cause_group)[T.共有纠纷],-0.27923152601267004,0.015223984391720114,3.856176325117088e-75,-0.3090699871216414,-0.2493930649036987,5058,0.13407354459329313,0.4211150652431791,"Civil main sample; 2021 post indicator, master amount, amount-quality flags, court level and cause controls.",
m1_policy_baseline,C(cause_group)[T.其他案由],-7.113037348681515e-17,6.2533400935235e-17,0.2553384785783285,-1.9369358715067907e-16,5.1432840177048785e-17,5058,0.13407354459329313,0.4211150652431791,"Civil main sample; 2021 post indicator, master amount, amount-quality flags, court level and cause controls.",
m1_policy_baseline,C(cause_group)[T.其他行政行为],1.090093890084588e-16,8.325441229532071e-17,0.19041490794434957,-5.416626064441846e-17,2.7218503866133607e-16,5058,0.13407354459329313,0.4211150652431791,"Civil main sample; 2021 post indicator, master amount, amount-quality flags, court level and cause controls.",
m1_policy_baseline,C(cause_group)[T.再保险合同纠纷],-0.3572062039530872,0.013902989918508784,1.408228026574522e-145,-0.3844555634707879,-0.32995684443538653,5058,0.13407354459329313,0.4211150652431791,"Civil main sample; 2021 post indicator, master amount, amount-quality flags, court level and cause controls.",
m1_policy_baseline,C(cause_group)[T.出售、购买、运输假币罪],-1.1746884187207508e-16,1.127913304590189e-16,0.2976572435465974,-3.385357873401077e-16,1.0359810359595757e-16,5058,0.13407354459329313,0.4211150652431791,"Civil main sample; 2021 post indicator, master amount, amount-quality flags, court level and cause controls.",
m1_policy_baseline,C(cause_group)[T.分家析产纠纷],1.058226577079892e-16,9.933436636840622e-17,0.2867321902384904,-8.886912280119379e-17,3.005144382171722e-16,5058,0.13407354459329313,0.4211150652431791,"Civil main sample; 2021 post indicator, master amount, amount-quality flags, court level and cause controls.",
m1_policy_baseline,C(cause_group)[T.分期付款买卖合同纠纷],-0.35912760345470723,0.01382548784740446,9.305453758031437e-149,-0.3862250617043162,-0.33203014520509827,5058,0.13407354459329313,0.4211150652431791,"Civil main sample; 2021 post indicator, master amount, amount-quality flags, court level and cause controls.",
m1_policy_baseline,C(cause_group)[T.制作、复制、出版、贩卖、传播淫秽物品牟利罪],3.3077634839884206e-16,1.1176195931526534e-16,0.0030798814044756965,1.117269332992912e-16,5.498257634983929e-16,5058,0.13407354459329313,0.4211150652431791,"Civil main sample; 2021 post indicator, master amount, amount-quality flags, court level and cause controls.",
m1_policy_baseline,C(cause_group)[T.制作、贩卖、传播淫秽物品罪],1.1440643887921756e-16,8.554389257388672e-17,0.18109196353974477,-5.32565096629638e-17,2.820693874213989e-16,5058,0.13407354459329313,0.4211150652431791,"Civil main sample; 2021 post indicator, master amount, amount-quality flags, court level and cause controls.",
m1_policy_baseline,C(cause_group)[T.劳务合同纠纷],-0.32044565052507823,0.028194662111686565,6.212754240392424e-30,-0.3757061728202599,-0.26518512822989654,5058,0.13407354459329313,0.4211150652431791,"Civil main sample; 2021 post indicator, master amount, amount-quality flags, court level and cause controls.",
m1_policy_baseline,C(cause_group)[T.劳动争议],-0.16644988573582437,0.06515363257969853,0.010627044803732793,-0.294148659053989,-0.038751112417659744,5058,0.13407354459329313,0.4211150652431791,"Civil main sample; 2021 post indicator, master amount, amount-quality flags, court level and cause controls.",
m1_policy_baseline,C(cause_group)[T.劳动合同纠纷],-0.15894668249359312,0.10813328068763489,0.14158489870526297,-0.37088401817151806,0.052990653184331854,5058,0.13407354459329313,0.4211150652431791,"Civil main sample; 2021 post indicator, master amount, amount-quality flags, court level and cause controls.",
m1_policy_baseline,C(cause_group)[T.占有物返还纠纷],3.7288123289651204e-16,2.772400899322013e-16,0.17863302509139223,-1.704993584412481e-16,9.162618242342721e-16,5058,0.13407354459329313,0.4211150652431791,"Civil main sample; 2021 post indicator, master amount, amount-quality flags, court level and cause controls.",
m1_policy_baseline,C(cause_group)[T.危险驾驶罪],6.619155855590832e-17,1.0091191134390427e-16,0.511866559536772,-1.31592153289243e-16,2.639752704010596e-16,5058,0.13407354459329313,0.4211150652431791,"Civil main sample; 2021 post indicator, master amount, amount-quality flags, court level and cause controls.",
m1_policy_baseline,C(cause_group)[T.发起人责任纠纷],-0.021881091461625785,0.2198024645725726,0.9207024716991757,-0.45268600573700923,0.4089238228137577,5058,0.13407354459329313,0.4211150652431791,"Civil main sample; 2021 post indicator, master amount, amount-quality flags, court level and cause controls.",
m1_policy_baseline,C(cause_group)[T.受贿罪],-6.578776377197675e-16,7.552828160910625e-17,3.029425544033672e-18,-8.059103494878147e-16,-5.098449259517203e-16,5058,0.13407354459329313,0.4211150652431791,"Civil main sample; 2021 post indicator, master amount, amount-quality flags, court level and cause controls.",
m1_policy_baseline,C(cause_group)[T.合伙企业纠纷],-0.17790892423105978,0.12604876981928106,0.1581180749686557,-0.42495997337242997,0.06914212491031044,5058,0.13407354459329313,0.4211150652431791,"Civil main sample; 2021 post indicator, master amount, amount-quality flags, court level and cause controls.",
m1_policy_baseline,C(cause_group)[T.合伙协议纠纷],-0.1175361917197607,0.06388272053019627,0.0657866571410018,-0.2427440231933829,0.007671639753861495,5058,0.13407354459329313,0.4211150652431791,"Civil main sample; 2021 post indicator, master amount, amount-quality flags, court level and cause controls.",
m1_policy_baseline,C(cause_group)[T.合伙合同纠纷],0.19330299531566775,0.09130960098634817,0.03425931797109922,0.01433946593970234,0.3722665246916331,5058,0.13407354459329313,0.4211150652431791,"Civil main sample; 2021 post indicator, master amount, amount-quality flags, court level and cause controls.",
m1_policy_baseline,C(cause_group)[T.合作创作合同纠纷],-0.27803263188588595,0.015163014352357921,4.2522856330424793e-75,-0.30775159391357143,-0.2483136698582005,5058,0.13407354459329313,0.4211150652431791,"Civil main sample; 2021 post indicator, master amount, amount-quality flags, court level and cause controls.",
m1_policy_baseline,C(cause_group)[T.合同、准合同纠纷],0.6709073794797092,0.020752214594994055,2.699504677531566e-229,0.6302337862740744,0.711580972685344,5058,0.13407354459329313,0.4211150652431791,"Civil main sample; 2021 post indicator, master amount, amount-quality flags, court level and cause controls.",
m1_policy_baseline,C(cause_group)[T.合同、无因管理、不当得利],-0.2769259269223956,0.015651361980824598,4.7136742894628086e-70,-0.30760203271381126,-0.2462498211309799,5058,0.13407354459329313,0.4211150652431791,"Civil main sample; 2021 post indicator, master amount, amount-quality flags, court level and cause controls.",
m1_policy_baseline,C(cause_group)[T.合同纠纷],0.16845222387895323,0.019652093462141473,1.019515697235957e-17,0.1299348284723409,0.20696961928556556,5058,0.13407354459329313,0.4211150652431791,"Civil main sample; 2021 post indicator, master amount, amount-quality flags, court level and cause controls.",
m1_policy_baseline,C(cause_group)[T.合同诈骗罪],-2.33670101917905e-16,6.345499062880686e-17,0.0002309993039807549,-3.5803959818969307e-16,-1.0930060564611693e-16,5058,0.13407354459329313,0.4211150652431791,"Civil main sample; 2021 post indicator, master amount, amount-quality flags, court level and cause controls.",
m1_policy_baseline,C(cause_group)[T.名誉权纠纷],0.7586953701010732,0.022646378543900152,4.531176130282169e-246,0.7143092837747683,0.8030814564273782,5058,0.13407354459329313,0.4211150652431791,"Civil main sample; 2021 post indicator, master amount, amount-quality flags, court level and cause controls.",
m1_policy_baseline,C(cause_group)[T.商品房销售合同纠纷],-0.3796139709821327,0.01673851658909223,7.209855402819406e-114,-0.4124208606513797,-0.3468070813128857,5058,0.13407354459329313,0.4211150652431791,"Civil main sample; 2021 post indicator, master amount, amount-quality flags, court level and cause controls.",
m1_policy_baseline,C(cause_group)[T.商品房预售合同纠纷],-0.3416501487211998,0.015514415093200782,1.793706866415104e-107,-0.372057843545078,-0.31124245389732164,5058,0.13407354459329313,0.4211150652431791,"Civil main sample; 2021 post indicator, master amount, amount-quality flags, court level and cause controls.",
m1_policy_baseline,C(cause_group)[T.商标权权属、侵权纠纷],2.3229302402663086e-16,6.248517488766675e-17,0.00020114810381858096,1.0982433167911742e-16,3.547617163741443e-16,5058,0.13407354459329313,0.4211150652431791,"Civil main sample; 2021 post indicator, master amount, amount-quality flags, court level and cause controls.",
m1_policy_baseline,C(cause_group)[T.商标权权属纠纷],-5.593179175426506e-17,6.955218546911501e-17,0.4212987126778689,-1.9225157031978058e-16,8.038798681125045e-17,5058,0.13407354459329313,0.4211150652431791,"Civil main sample; 2021 post indicator, master amount, amount-quality flags, court level and cause controls.",
m1_policy_baseline,C(cause_group)[T.因申请诉中财产保全损害责任纠纷],-7.192973095420705e-17,4.65625168141262e-17,0.12239488125356,-1.631905869394351e-16,1.9331125031021e-17,5058,0.13407354459329313,0.4211150652431791,"Civil main sample; 2021 post indicator, master amount, amount-quality flags, court level and cause controls.",
m1_policy_baseline,C(cause_group)[T.因申请财产保全损害责任纠纷],1.085484741228404e-16,5.803391304107183e-17,0.061423884972640404,-5.1959053195897526e-18,2.2229285356527056e-16,5058,0.13407354459329313,0.4211150652431791,"Civil main sample; 2021 post indicator, master amount, amount-quality flags, court level and cause controls.",
m1_policy_baseline,C(cause_group)[T.国有公司、企业、事业单位人员失职罪],-2.743467646026472e-16,7.127985904067908e-17,0.00011866495314748919,-4.1405272114547e-16,-1.3464080805982444e-16,5058,0.13407354459329313,0.4211150652431791,"Civil main sample; 2021 post indicator, master amount, amount-quality flags, court level and cause controls.",
m1_policy_baseline,C(cause_group)[T.土地租赁合同纠纷],-0.3754427390921528,0.01566696267591024,6.606962897029045e-127,-0.40614942168407014,-0.3447360565002355,5058,0.13407354459329313,0.4211150652431791,"Civil main sample; 2021 post indicator, master amount, amount-quality flags, court level and cause controls.",
m1_policy_baseline,C(cause_group)[T.妨害信用卡管理罪],6.459695121119403e-17,1.8707200957863275e-17,0.0005542806574383122,2.7931511082228814e-17,1.0126239134015925e-16,5058,0.13407354459329313,0.4211150652431791,"Civil main sample; 2021 post indicator, master amount, amount-quality flags, court level and cause controls.",
m1_policy_baseline,C(cause_group)[T.委托合同纠纷],0.16228318573365502,0.027370671596848004,3.0461739130076174e-09,0.10863765517115953,0.2159287162961505,5058,0.13407354459329313,0.4211150652431791,"Civil main sample; 2021 post indicator, master amount, amount-quality flags, court level and cause controls.",
m1_policy_baseline,C(cause_group)[T.委托理财合同纠纷],0.3358176616399812,0.040004386428296713,4.677974380647241e-17,0.2574105050168967,0.41422481826306573,5058,0.13407354459329313,0.4211150652431791,"Civil main sample; 2021 post indicator, master amount, amount-quality flags, court level and cause controls.",
m1_policy_baseline,C(cause_group)[T.娱乐服务合同纠纷],-0.2806047731569189,0.018813142965162497,2.6186674930921176e-50,-0.3174778558046405,-0.24373169050919732,5058,0.13407354459329313,0.4211150652431791,"Civil main sample; 2021 post indicator, master amount, amount-quality flags, court level and cause controls.",
m1_policy_baseline,C(cause_group)[T.婚约财产纠纷],0.3924604936164313,0.21819208555692723,0.07206731727708732,-0.03518813578682817,0.8201091230196909,5058,0.13407354459329313,0.4211150652431791,"Civil main sample; 2021 post indicator, master amount, amount-quality flags, court level and cause controls.",
m1_policy_baseline,C(cause_group)[T.定作合同纠纷],-0.36398351357723835,0.015570160669941106,7.326994007162557e-121,-0.39450046772382497,-0.33346655943065173,5058,0.13407354459329313,0.4211150652431791,"Civil main sample; 2021 post indicator, master amount, amount-quality flags, court level and cause controls.",
m1_policy_baseline,C(cause_group)[T.定金合同纠纷],0.12915570528028542,0.3511463624602283,0.7130137191784351,-0.5590785184440097,0.8173899290045805,5058,0.13407354459329313,0.4211150652431791,"Civil main sample; 2021 post indicator, master amount, amount-quality flags, court level and cause controls.",
m1_policy_baseline,C(cause_group)[T.容留他人吸毒罪],-1.6194866281920477e-16,5.467927705631048e-17,0.0030585400844274665,-2.691180765502606e-16,-5.4779249088148924e-17,5058,0.13407354459329313,0.4211150652431791,"Civil main sample; 2021 post indicator, master amount, amount-quality flags, court level and cause controls.",
m1_policy_baseline,C(cause_group)[T.小额借款合同纠纷],-8.952683146606476e-17,3.084494864756185e-17,0.003702213766674163,-1.4998181992027344e-16,-2.907184301185608e-17,5058,0.13407354459329313,0.4211150652431791,"Civil main sample; 2021 post indicator, master amount, amount-quality flags, court level and cause controls.",
m1_policy_baseline,C(cause_group)[T.帮助信息网络犯罪活动],-3.7980902634397703e-16,6.053535743159823e-17,3.515079184373142e-10,-4.984561467011687e-16,-2.6116190598678536e-16,5058,0.13407354459329313,0.4211150652431791,"Civil main sample; 2021 post indicator, master amount, amount-quality flags, court level and cause controls.",
m1_policy_baseline,C(cause_group)[T.帮助信息网络犯罪活动罪],-4.6409285635394e-17,8.8338969044912e-17,0.5993366929779271,-2.195504833948202e-16,1.2673191212403224e-16,5058,0.13407354459329313,0.4211150652431791,"Civil main sample; 2021 post indicator, master amount, amount-quality flags, court level and cause controls.",
m1_policy_baseline,C(cause_group)[T.广告合同纠纷],-0.12837337172904525,0.14567399274612208,0.3781893362643809,-0.41388915099559365,0.1571424075375031,5058,0.13407354459329313,0.4211150652431791,"Civil main sample; 2021 post indicator, master amount, amount-quality flags, court level and cause controls.",
m1_policy_baseline,C(cause_group)[T.建筑物和物件损害责任纠纷],-2.4053410025879665e-16,3.334393965254343e-17,5.444057903357465e-13,-3.0588702108045877e-16,-1.7518117943713453e-16,5058,0.13407354459329313,0.4211150652431791,"Civil main sample; 2021 post indicator, master amount, amount-quality flags, court level and cause controls.",
m1_policy_baseline,C(cause_group)[T.建设工程合同纠纷],-0.32595445803539,0.021045812647155663,4.1905082017458136e-54,-0.3672034928491927,-0.2847054232215874,5058,0.13407354459329313,0.4211150652431791,"Civil main sample; 2021 post indicator, master amount, amount-quality flags, court level and cause controls.",
m1_policy_baseline,C(cause_group)[T.建设工程施工合同纠纷],0.3743786526147233,0.12175553954191712,0.0021061638166988673,0.13574218019432333,0.6130151250351232,5058,0.13407354459329313,0.4211150652431791,"Civil main sample; 2021 post indicator, master amount, amount-quality flags, court level and cause controls.",
m1_policy_baseline,C(cause_group)[T.开设赌场罪],4.203726390998021e-17,4.6890893227652247e-17,0.36999058323762835,-4.986719801913132e-17,1.3394172583909174e-16,5058,0.13407354459329313,0.4211150652431791,"Civil main sample; 2021 post indicator, master amount, amount-quality flags, court level and cause controls.",
m1_policy_baseline,C(cause_group)[T.悬赏广告纠纷],0.5964740854392498,0.025357413355094675,2.391226731696773e-122,0.5467744685221693,0.6461737023563304,5058,0.13407354459329313,0.4211150652431791,"Civil main sample; 2021 post indicator, master amount, amount-quality flags, court level and cause controls.",
m1_policy_baseline,C(cause_group)[T.房屋买卖合同纠纷],-0.22963359958903112,0.06046586902511506,0.00014602185490116007,-0.34814452517217265,-0.11112267400588957,5058,0.13407354459329313,0.4211150652431791,"Civil main sample; 2021 post indicator, master amount, amount-quality flags, court level and cause controls.",
m1_policy_baseline,C(cause_group)[T.房屋拆迁安置补偿合同纠纷],0.7492254635076782,0.0179028284528793,0.0,0.7141365645186358,0.7843143624967205,5058,0.13407354459329313,0.4211150652431791,"Civil main sample; 2021 post indicator, master amount, amount-quality flags, court level and cause controls.",
m1_policy_baseline,C(cause_group)[T.房屋租赁合同纠纷],0.005357274788535427,0.11214226753157046,0.9618978496079902,-0.21443753071799815,0.225152080295069,5058,0.13407354459329313,0.4211150652431791,"Civil main sample; 2021 post indicator, master amount, amount-quality flags, court level and cause controls.",
m1_policy_baseline,C(cause_group)[T.所有权确认纠纷],-0.360028993151558,0.01381146049010947,8.54125169365961e-150,-0.3870989582860705,-0.3329590280170455,5058,0.13407354459329313,0.4211150652431791,"Civil main sample; 2021 post indicator, master amount, amount-quality flags, court level and cause controls.",
m1_policy_baseline,C(cause_group)[T.所有权纠纷],0.6384784504057545,0.01790894231501551,2.2433223289412222e-278,0.6033775684671187,0.6735793323443903,5058,0.13407354459329313,0.4211150652431791,"Civil main sample; 2021 post indicator, master amount, amount-quality flags, court level and cause controls.",
m1_policy_baseline,C(cause_group)[T.执行异议之诉],-0.028533147317250387,0.27619712293349397,0.9177191732070421,-0.5698695609004804,0.5128032662659795,5058,0.13407354459329313,0.4211150652431791,"Civil main sample; 2021 post indicator, master amount, amount-quality flags, court level and cause controls.",
m1_policy_baseline,C(cause_group)[T.执行程序中的异议之诉],1.0900133042373977e-16,1.6118454372801723e-17,1.3561425393239921e-11,7.740974036659624e-17,1.405929204808833e-16,5058,0.13407354459329313,0.4211150652431791,"Civil main sample; 2021 post indicator, master amount, amount-quality flags, court level and cause controls.",
m1_policy_baseline,C(cause_group)[T.技术合同纠纷],-0.26487372172052914,0.015989251753623864,1.2326281424471991e-61,-0.2962120792973758,-0.23353536414368248,5058,0.13407354459329313,0.4211150652431791,"Civil main sample; 2021 post indicator, master amount, amount-quality flags, court level and cause controls.",
m1_policy_baseline,C(cause_group)[T.技术委托开发合同纠纷],-0.28329863275646455,0.015597362042905781,1.0089048308001545e-73,-0.313868900614392,-0.2527283648985371,5058,0.13407354459329313,0.4211150652431791,"Civil main sample; 2021 post indicator, master amount, amount-quality flags, court level and cause controls.",
m1_policy_baseline,C(cause_group)[T.技术服务合同纠纷],-0.2635122836376536,0.018086322893508474,4.3781470342717044e-48,-0.2989608251216925,-0.22806374215361475,5058,0.13407354459329313,0.4211150652431791,"Civil main sample; 2021 post indicator, master amount, amount-quality flags, court level and cause controls.",
m1_policy_baseline,C(cause_group)[T.抢劫罪],5.857085957314409e-17,2.9703121309230923e-30,0.0,5.857085957313827e-17,5.85708595731499e-17,5058,0.13407354459329313,0.4211150652431791,"Civil main sample; 2021 post indicator, master amount, amount-quality flags, court level and cause controls.",
m1_policy_baseline,C(cause_group)[T.抢夺罪],-1.960497950428305e-16,4.1155121292127804e-30,0.0,-1.9604979504283856e-16,-1.9604979504282244e-16,5058,0.13407354459329313,0.4211150652431791,"Civil main sample; 2021 post indicator, master amount, amount-quality flags, court level and cause controls.",
m1_policy_baseline,C(cause_group)[T.抵押合同纠纷],0.26153613031698564,0.3632357027197134,0.4715141060212438,-0.4503927649127504,0.9734650255467217,5058,0.13407354459329313,0.4211150652431791,"Civil main sample; 2021 post indicator, master amount, amount-quality flags, court level and cause controls.",
m1_policy_baseline,C(cause_group)[T.担保物权确认纠纷],-0.25894087960271567,0.017172161550048064,2.222511065766067e-51,-0.2925976977775134,-0.22528406142791796,5058,0.13407354459329313,0.4211150652431791,"Civil main sample; 2021 post indicator, master amount, amount-quality flags, court level and cause controls.",
m1_policy_baseline,C(cause_group)[T.拒不执行判决、裁定罪],7.394542273713035e-17,2.833398070115201e-30,0.0,7.394542273712479e-17,7.394542273713591e-17,5058,0.13407354459329313,0.4211150652431791,"Civil main sample; 2021 post indicator, master amount, amount-quality flags, court level and cause controls.",
m1_policy_baseline,C(cause_group)[T.拒不支付劳动报酬罪],-6.78156791777347e-17,1.2914683376555929e-30,0.0,-6.781567917773723e-17,-6.781567917773218e-17,5058,0.13407354459329313,0.4211150652431791,"Civil main sample; 2021 post indicator, master amount, amount-quality flags, court level and cause controls.",
m1_policy_baseline,C(cause_group)[T.持有、使用假币罪],-1.062501218620399e-16,4.5802944620991665e-30,0.0,-1.0625012186204887e-16,-1.0625012186203092e-16,5058,0.13407354459329313,0.4211150652431791,"Civil main sample; 2021 post indicator, master amount, amount-quality flags, court level and cause controls.",
m1_policy_baseline,C(cause_group)[T.挪用公款罪],-1.7442084134764082e-16,2.65174479231647e-30,0.0,-1.7442084134764602e-16,-1.7442084134763562e-16,5058,0.13407354459329313,0.4211150652431791,"Civil main sample; 2021 post indicator, master amount, amount-quality flags, court level and cause controls.",
m1_policy_baseline,C(cause_group)[T.挪用资金罪],-1.5394249232751935e-16,1.8891994130303803e-30,0.0,-1.5394249232752305e-16,-1.5394249232751565e-16,5058,0.13407354459329313,0.4211150652431791,"Civil main sample; 2021 post indicator, master amount, amount-quality flags, court level and cause controls.",
m1_policy_baseline,C(cause_group)[T.损害公司债权人利益责任纠纷],-0.2966194260063308,0.03994285877739609,1.1185147847684045e-13,-0.37490599064959673,-0.21833286136306487,5058,0.13407354459329313,0.4211150652431791,"Civil main sample; 2021 post indicator, master amount, amount-quality flags, court level and cause controls.",
m1_policy_baseline,C(cause_group)[T.损害公司利益责任纠纷],-0.24951952241608918,0.018127847476836968,4.171503380602051e-43,-0.2850494505879249,-0.21398959424425343,5058,0.13407354459329313,0.4211150652431791,"Civil main sample; 2021 post indicator, master amount, amount-quality flags, court level and cause controls.",
m1_policy_baseline,C(cause_group)[T.排除妨害纠纷],0.7024256099290237,0.02380376735726566,2.206227161465582e-191,0.6557710832124128,0.7490801366456346,5058,0.13407354459329313,0.4211150652431791,"Civil main sample; 2021 post indicator, master amount, amount-quality flags, court level and cause controls.",
m1_policy_baseline,C(cause_group)[T.掩饰、隐瞒犯罪所得、犯罪所得收益],-4.6471609840878133e-17,1.491489861732903e-30,0.0,-4.6471609840881054e-17,-4.647160984087521e-17,5058,0.13407354459329313,0.4211150652431791,"Civil main sample; 2021 post indicator, master amount, amount-quality flags, court level and cause controls.",
m1_policy_baseline,C(cause_group)[T.掩饰、隐瞒犯罪所得、犯罪所得收益罪],4.558850198823307e-16,1.424353215957187e-29,0.0,4.5588501988230275e-16,4.558850198823586e-16,5058,0.13407354459329313,0.4211150652431791,"Civil main sample; 2021 post indicator, master amount, amount-quality flags, court level and cause controls.",
m1_policy_baseline,C(cause_group)[T.提供侵入、非法控制计算机信息系统程序、工具],-5.775222698913418e-17,1.3250946264220852e-30,0.0,-5.775222698913678e-17,-5.775222698913158e-17,5058,0.13407354459329313,0.4211150652431791,"Civil main sample; 2021 post indicator, master amount, amount-quality flags, court level and cause controls.",
m1_policy_baseline,C(cause_group)[T.提供侵入、非法控制计算机信息系统程序、工具罪],-8.174790789326676e-17,2.016319829193291e-30,0.0,-8.174790789327072e-17,-8.174790789326281e-17,5058,0.13407354459329313,0.4211150652431791,"Civil main sample; 2021 post indicator, master amount, amount-quality flags, court level and cause controls.",
m1_policy_baseline,C(cause_group)[T.提供劳务者受害责任纠纷],9.794604825472543e-17,5.270288040589421e-30,0.0,9.79460482547151e-17,9.794604825473576e-17,5058,0.13407354459329313,0.4211150652431791,"Civil main sample; 2021 post indicator, master amount, amount-quality flags, court level and cause controls.",
m1_policy_baseline,C(cause_group)[T.故意伤害罪],-8.056996356813108e-19,9.328231234654677e-31,0.0,-8.0569963568313905e-19,-8.056996356794825e-19,5058,0.13407354459329313,0.4211150652431791,"Civil main sample; 2021 post indicator, master amount, amount-quality flags, court level and cause controls.",
m1_policy_baseline,C(cause_group)[T.故意杀人罪],-1.1750196189358542e-16,1.2918589247954462e-30,0.0,-1.1750196189358796e-16,-1.1750196189358288e-16,5058,0.13407354459329313,0.4211150652431791,"Civil main sample; 2021 post indicator, master amount, amount-quality flags, court level and cause controls.",
m1_policy_baseline,C(cause_group)[T.故意毁坏财物罪],1.6658009698003636e-16,4.383010658186355e-30,0.0,1.6658009698002778e-16,1.6658009698004493e-16,5058,0.13407354459329313,0.4211150652431791,"Civil main sample; 2021 post indicator, master amount, amount-quality flags, court level and cause controls.",
m1_policy_baseline,C(cause_group)[T.教育培训合同纠纷],-0.33365114947932273,0.03733833256687851,4.0392180019866455e-19,-0.4068329365531836,-0.26046936240546187,5058,0.13407354459329313,0.4211150652431791,"Civil main sample; 2021 post indicator, master amount, amount-quality flags, court level and cause controls.",
m1_policy_baseline,C(cause_group)[T.文化行政管理],1.6199235570614373e-16,7.45532396057067e-31,0.0,1.6199235570614227e-16,1.6199235570614518e-16,5058,0.13407354459329313,0.4211150652431791,"Civil main sample; 2021 post indicator, master amount, amount-quality flags, court level and cause controls.",
m1_policy_baseline,C(cause_group)[T.旅游合同纠纷],-0.2849596007771426,0.0158207973420372,1.5768361785018835e-72,-0.31596779377424256,-0.25395140778004266,5058,0.13407354459329313,0.4211150652431791,"Civil main sample; 2021 post indicator, master amount, amount-quality flags, court level and cause controls.",
m1_policy_baseline,C(cause_group)[T.服务合同纠纷],-0.14583506785680012,0.05148254660746587,0.004615539717984104,-0.24673900503983798,-0.044931130673762254,5058,0.13407354459329313,0.4211150652431791,"Civil main sample; 2021 post indicator, master amount, amount-quality flags, court level and cause controls.",
m1_policy_baseline,C(cause_group)[T.未分类],0.011628846809321438,0.1962066510874485,0.9527383603240481,-0.3729291228492943,0.39618681646793713,5058,0.13407354459329313,0.4211150652431791,"Civil main sample; 2021 post indicator, master amount, amount-quality flags, court level and cause controls.",
m1_policy_baseline,C(cause_group)[T.机动车交通事故责任纠纷],0.7373209397591888,0.016787184515703612,0.0,0.7044186627065813,0.7702232168117963,5058,0.13407354459329313,0.4211150652431791,"Civil main sample; 2021 post indicator, master amount, amount-quality flags, court level and cause controls.",
m1_policy_baseline,C(cause_group)[T.案外人执行异议之诉],-0.30238885728381654,0.0360231677970354,4.687245864619938e-17,-0.372992968775049,-0.23178474579258407,5058,0.13407354459329313,0.4211150652431791,"Civil main sample; 2021 post indicator, master amount, amount-quality flags, court level and cause controls.",
m1_policy_baseline,C(cause_group)[T.欺诈客户责任纠纷],-1.628868740402317e-16,2.3019378826348116e-30,0.0,-1.6288687404023622e-16,-1.628868740402272e-16,5058,0.13407354459329313,0.4211150652431791,"Civil main sample; 2021 post indicator, master amount, amount-quality flags, court level and cause controls.",
m1_policy_baseline,C(cause_group)[T.民间借贷纠纷],0.030624779718046714,0.016218944108928053,0.058997703782070796,-0.001163766602720353,0.06241332603881378,5058,0.13407354459329313,0.4211150652431791,"Civil main sample; 2021 post indicator, master amount, amount-quality flags, court level and cause controls.",
m1_policy_baseline,C(cause_group)[T.民间委托理财合同纠纷],0.42466657563269355,0.04219726400342864,7.982154750249749e-24,0.341961457939845,0.5073716933255421,5058,0.13407354459329313,0.4211150652431791,"Civil main sample; 2021 post indicator, master amount, amount-quality flags, court level and cause controls.",
m1_policy_baseline,C(cause_group)[T.法定继承纠纷],-6.398078104683153e-17,4.886063770358956e-31,0.0,-6.398078104683249e-17,-6.398078104683056e-17,5058,0.13407354459329313,0.4211150652431791,"Civil main sample; 2021 post indicator, master amount, amount-quality flags, court level and cause controls.",
m1_policy_baseline,C(cause_group)[T.法律服务合同纠纷],-0.360714383831299,0.013810390436035058,2.2150187434591563e-150,-0.3877822516983641,-0.3336465159642339,5058,0.13407354459329313,0.4211150652431791,"Civil main sample; 2021 post indicator, master amount, amount-quality flags, court level and cause controls.",
m1_policy_baseline,C(cause_group)[T.洗钱罪],-5.675818647519986e-18,2.3146979913265966e-31,0.0,-5.6758186475204395e-18,-5.675818647519532e-18,5058,0.13407354459329313,0.4211150652431791,"Civil main sample; 2021 post indicator, master amount, amount-quality flags, court level and cause controls.",
m1_policy_baseline,C(cause_group)[T.消费者权益保护民事公益诉讼],0.6248648503982348,0.021254753267634974,5.684273327382921e-190,0.5832062994933852,0.6665234013030844,5058,0.13407354459329313,0.4211150652431791,"Civil main sample; 2021 post indicator, master amount, amount-quality flags, court level and cause controls.",
m1_policy_baseline,C(cause_group)[T.清算责任纠纷],0.40429865027038564,0.22545968473110495,0.07293787072041866,-0.03759421176833522,0.8461915123091065,5058,0.13407354459329313,0.4211150652431791,"Civil main sample; 2021 post indicator, master amount, amount-quality flags, court level and cause controls.",
m1_policy_baseline,C(cause_group)[T.演出合同纠纷],-0.3365772035582729,0.027617207955750196,3.6358031772846016e-34,-0.39070593650509633,-0.2824484706114495,5058,0.13407354459329313,0.4211150652431791,"Civil main sample; 2021 post indicator, master amount, amount-quality flags, court level and cause controls.",
m1_policy_baseline,C(cause_group)[T.物业服务合同纠纷],-0.3991301761988968,0.02356650859873182,2.4280617577673226e-64,-0.4453196842937647,-0.3529406681040289,5058,0.13407354459329313,0.4211150652431791,"Civil main sample; 2021 post indicator, master amount, amount-quality flags, court level and cause controls.",
m1_policy_baseline,C(cause_group)[T.物权保护纠纷],0.687946769002806,0.02836145895662331,5.660620842706502e-130,0.6323593308988135,0.7435342071067986,5058,0.13407354459329313,0.4211150652431791,"Civil main sample; 2021 post indicator, master amount, amount-quality flags, court level and cause controls.",
m1_policy_baseline,C(cause_group)[T.物权确认纠纷],0.0,0.0,,0.0,0.0,5058,0.13407354459329313,0.4211150652431791,"Civil main sample; 2021 post indicator, master amount, amount-quality flags, court level and cause controls.",
m1_policy_baseline,C(cause_group)[T.物权纠纷],0.7541765177661682,0.036047851502780885,3.409352658683524e-97,0.6835240271006696,0.8248290084316668,5058,0.13407354459329313,0.4211150652431791,"Civil main sample; 2021 post indicator, master amount, amount-quality flags, court level and cause controls.",
m1_policy_baseline,C(cause_group)[T.特许经营合同纠纷],-0.3721455785267106,0.016992421736642338,2.5593681189675504e-106,-0.40545011314064516,-0.33884104391277603,5058,0.13407354459329313,0.4211150652431791,"Civil main sample; 2021 post indicator, master amount, amount-quality flags, court level and cause controls.",
m1_policy_baseline,C(cause_group)[T.生产、销售伪劣产品罪],0.0,0.0,,0.0,0.0,5058,0.13407354459329313,0.4211150652431791,"Civil main sample; 2021 post indicator, master amount, amount-quality flags, court level and cause controls.",
m1_policy_baseline,C(cause_group)[T.生产、销售有毒、有害食品罪],0.0,0.0,,0.0,0.0,5058,0.13407354459329313,0.4211150652431791,"Civil main sample; 2021 post indicator, master amount, amount-quality flags, court level and cause controls.",
m1_policy_baseline,C(cause_group)[T.生命权、身体权、健康权纠纷],0.0,0.0,,0.0,0.0,5058,0.13407354459329313,0.4211150652431791,"Civil main sample; 2021 post indicator, master amount, amount-quality flags, court level and cause controls.",
m1_policy_baseline,C(cause_group)[T.申请诉前停止侵害注册商标专用权],0.0,0.0,,0.0,0.0,5058,0.13407354459329313,0.4211150652431791,"Civil main sample; 2021 post indicator, master amount, amount-quality flags, court level and cause controls.",
m1_policy_baseline,C(cause_group)[T.电信服务合同纠纷],0.0,0.0,,0.0,0.0,5058,0.13407354459329313,0.4211150652431791,"Civil main sample; 2021 post indicator, master amount, amount-quality flags, court level and cause controls.",
m1_policy_baseline,C(cause_group)[T.盗伐林木罪],0.0,0.0,,0.0,0.0,5058,0.13407354459329313,0.4211150652431791,"Civil main sample; 2021 post indicator, master amount, amount-quality flags, court level and cause controls.",
m1_policy_baseline,C(cause_group)[T.盗窃罪],0.0,0.0,,0.0,0.0,5058,0.13407354459329313,0.4211150652431791,"Civil main sample; 2021 post indicator, master amount, amount-quality flags, court level and cause controls.",
m1_policy_baseline,C(cause_group)[T.相邻关系纠纷],0.0,0.0,,0.0,0.0,5058,0.13407354459329313,0.4211150652431791,"Civil main sample; 2021 post indicator, master amount, amount-quality flags, court level and cause controls.",
m1_policy_baseline,C(cause_group)[T.破坏计算机信息系统罪],0.0,0.0,,0.0,0.0,5058,0.13407354459329313,0.4211150652431791,"Civil main sample; 2021 post indicator, master amount, amount-quality flags, court level and cause controls.",
m1_policy_baseline,C(cause_group)[T.确认不侵害著作权纠纷],0.0,0.0,,0.0,0.0,5058,0.13407354459329313,0.4211150652431791,"Civil main sample; 2021 post indicator, master amount, amount-quality flags, court level and cause controls.",
m1_policy_baseline,C(cause_group)[T.确认合同效力纠纷],0.1442552589974416,0.16630909580299708,0.385727000954015,-0.18170457907785412,0.47021509707273734,5058,0.13407354459329313,0.4211150652431791,"Civil main sample; 2021 post indicator, master amount, amount-quality flags, court level and cause controls.",
m1_policy_baseline,C(cause_group)[T.确认合同无效纠纷],0.6336666132612313,0.05381488939313998,5.256004556211731e-32,0.5281913682186704,0.7391418583037922,5058,0.13407354459329313,0.4211150652431791,"Civil main sample; 2021 post indicator, master amount, amount-quality flags, court level and cause controls.",
m1_policy_baseline,C(cause_group)[T.确认合同有效纠纷],0.7209626644652396,0.045363499738985236,7.083988114045424e-57,0.6320518387641364,0.8098734901663428,5058,0.13407354459329313,0.4211150652431791,"Civil main sample; 2021 post indicator, master amount, amount-quality flags, court level and cause controls.",
m1_policy_baseline,C(cause_group)[T.离婚后财产纠纷],-0.32042188501931057,0.02628083374946756,3.4194805443322034e-34,-0.37193137265195175,-0.2689123973866694,5058,0.13407354459329313,0.4211150652431791,"Civil main sample; 2021 post indicator, master amount, amount-quality flags, court level and cause controls.",
m1_policy_baseline,C(cause_group)[T.离婚纠纷],0.22143909206624734,0.36039734482174157,0.5389309388551379,-0.4849267239082291,0.9278049080407238,5058,0.13407354459329313,0.4211150652431791,"Civil main sample; 2021 post indicator, master amount, amount-quality flags, court level and cause controls.",
m1_policy_baseline,C(cause_group)[T.种植、养殖回收合同纠纷],-0.3379932035779133,0.017714535141060972,3.703096249421079e-81,-0.372713054457262,-0.3032733526985646,5058,0.13407354459329313,0.4211150652431791,"Civil main sample; 2021 post indicator, master amount, amount-quality flags, court level and cause controls.",
m1_policy_baseline,C(cause_group)[T.租赁合同纠纷],-0.2186964665194925,0.0612450873630584,0.00035583691853240443,-0.33873463198109616,-0.09865830105788886,5058,0.13407354459329313,0.4211150652431791,"Civil main sample; 2021 post indicator, master amount, amount-quality flags, court level and cause controls.",
m1_policy_baseline,C(cause_group)[T.窃取、收买、非法提供信用卡信息罪],0.0,0.0,,0.0,0.0,5058,0.13407354459329313,0.4211150652431791,"Civil main sample; 2021 post indicator, master amount, amount-quality flags, court level and cause controls.",
m1_policy_baseline,C(cause_group)[T.窝藏、包庇罪],0.0,0.0,,0.0,0.0,5058,0.13407354459329313,0.4211150652431791,"Civil main sample; 2021 post indicator, master amount, amount-quality flags, court level and cause controls.",
m1_policy_baseline,C(cause_group)[T.竞业限制纠纷],-0.26670907748089234,0.01571616958006108,1.3609196168915731e-64,-0.297512203832736,-0.23590595112904864,5058,0.13407354459329313,0.4211150652431791,"Civil main sample; 2021 post indicator, master amount, amount-quality flags, court level and cause controls.",
m1_policy_baseline,C(cause_group)[T.组织、领导传销活动],0.0,0.0,,0.0,0.0,5058,0.13407354459329313,0.4211150652431791,"Civil main sample; 2021 post indicator, master amount, amount-quality flags, court level and cause controls.",
m1_policy_baseline,C(cause_group)[T.组织、领导传销活动罪],0.0,0.0,,0.0,0.0,5058,0.13407354459329313,0.4211150652431791,"Civil main sample; 2021 post indicator, master amount, amount-quality flags, court level and cause controls.",
m1_policy_baseline,C(cause_group)[T.组织他人偷越国（边）境罪],0.0,0.0,,0.0,0.0,5058,0.13407354459329313,0.4211150652431791,"Civil main sample; 2021 post indicator, master amount, amount-quality flags, court level and cause controls.",
m1_policy_baseline,C(cause_group)[T.组织卖淫罪],0.0,0.0,,0.0,0.0,5058,0.13407354459329313,0.4211150652431791,"Civil main sample; 2021 post indicator, master amount, amount-quality flags, court level and cause controls.",
m1_policy_baseline,C(cause_group)[T.组织淫秽表演罪],0.0,0.0,,0.0,0.0,5058,0.13407354459329313,0.4211150652431791,"Civil main sample; 2021 post indicator, master amount, amount-quality flags, court level and cause controls.",
m1_policy_baseline,C(cause_group)[T.绑架罪],0.0,0.0,,0.0,0.0,5058,0.13407354459329313,0.4211150652431791,"Civil main sample; 2021 post indicator, master amount, amount-quality flags, court level and cause controls.",
m1_policy_baseline,C(cause_group)[T.缔约过失责任纠纷],0.3396848031865701,0.28863660483557,0.23925148874062296,-0.22603254691106672,0.9054021532842069,5058,0.13407354459329313,0.4211150652431791,"Civil main sample; 2021 post indicator, master amount, amount-quality flags, court level and cause controls.",
m1_policy_baseline,C(cause_group)[T.网络侵害虚拟财产纠纷],0.1296267893603654,0.35761787898488534,0.7169986719731184,-0.5712913736776133,0.8305449523983441,5058,0.13407354459329313,0.4211150652431791,"Civil main sample; 2021 post indicator, master amount, amount-quality flags, court level and cause controls.",
m1_policy_baseline,C(cause_group)[T.网络侵权责任纠纷],-0.039637639367945586,0.10672508649794356,0.71034002859234,-0.24881496515083698,0.1695396864149458,5058,0.13407354459329313,0.4211150652431791,"Civil main sample; 2021 post indicator, master amount, amount-quality flags, court level and cause controls.",
m1_policy_baseline,C(cause_group)[T.网络域名合同纠纷],-0.17984967374213787,0.044032440146114835,4.4175403592615176e-05,-0.26615167057993855,-0.0935476769043372,5058,0.13407354459329313,0.4211150652431791,"Civil main sample; 2021 post indicator, master amount, amount-quality flags, court level and cause controls.",
m1_policy_baseline,C(cause_group)[T.网络域名权属纠纷],0.0,0.0,,0.0,0.0,5058,0.13407354459329313,0.4211150652431791,"Civil main sample; 2021 post indicator, master amount, amount-quality flags, court level and cause controls.",
m1_policy_baseline,C(cause_group)[T.网络服务合同纠纷],-0.24645101199920239,0.025397822140143172,2.9096507584877676e-22,-0.296229828679637,-0.19667219531876778,5058,0.13407354459329313,0.4211150652431791,"Civil main sample; 2021 post indicator, master amount, amount-quality flags, court level and cause controls.",
m1_policy_baseline,C(cause_group)[T.职务侵占罪],0.0,0.0,,0.0,0.0,5058,0.13407354459329313,0.4211150652431791,"Civil main sample; 2021 post indicator, master amount, amount-quality flags, court level and cause controls.",
m1_policy_baseline,C(cause_group)[T.联营合同纠纷],-0.27320581455662035,0.0216142834147649,1.2695887850025122e-36,-0.315569031601201,-0.23084259751203973,5058,0.13407354459329313,0.4211150652431791,"Civil main sample; 2021 post indicator, master amount, amount-quality flags, court level and cause controls.",
m1_policy_baseline,C(cause_group)[T.肖像权纠纷],0.8086900445466466,0.1044660397283565,9.850109895480248e-15,0.6039403690715375,1.0134397200217558,5058,0.13407354459329313,0.4211150652431791,"Civil main sample; 2021 post indicator, master amount, amount-quality flags, court level and cause controls.",
m1_policy_baseline,C(cause_group)[T.股东出资纠纷],-0.3519572218367411,0.01388644004310554,1.0102448706818519e-141,-0.3791741441947028,-0.3247402994787794,5058,0.13407354459329313,0.4211150652431791,"Civil main sample; 2021 post indicator, master amount, amount-quality flags, court level and cause controls.",
m1_policy_baseline,C(cause_group)[T.股东损害公司债权人利益责任纠纷],-0.12452690937119508,0.17411530884762969,0.4744867447540576,-0.4657866438696175,0.2167328251272273,5058,0.13407354459329313,0.4211150652431791,"Civil main sample; 2021 post indicator, master amount, amount-quality flags, court level and cause controls.",
m1_policy_baseline,C(cause_group)[T.股东知情权纠纷],0.0,0.0,,0.0,0.0,5058,0.13407354459329313,0.4211150652431791,"Civil main sample; 2021 post indicator, master amount, amount-quality flags, court level and cause controls.",
m1_policy_baseline,C(cause_group)[T.股东资格确认纠纷],-0.34546080508437654,0.01567085177714728,1.0715105823119652e-107,-0.3761751101746507,-0.31474649999410237,5058,0.13407354459329313,0.4211150652431791,"Civil main sample; 2021 post indicator, master amount, amount-quality flags, court level and cause controls.",
m1_policy_baseline,C(cause_group)[T.股权转让纠纷],-0.16342734106461315,0.12964556523761414,0.20746372705027205,-0.4175279796856749,0.0906732975564486,5058,0.13407354459329313,0.4211150652431791,"Civil main sample; 2021 post indicator, master amount, amount-quality flags, court level and cause controls.",
m1_policy_baseline,C(cause_group)[T.著作权合同纠纷],-0.26281837272520686,0.018888465297408237,5.191901147732112e-44,-0.29983908443136165,-0.22579766101905208,5058,0.13407354459329313,0.4211150652431791,"Civil main sample; 2021 post indicator, master amount, amount-quality flags, court level and cause controls.",
m1_policy_baseline,C(cause_group)[T.著作权权属、侵权纠纷],0.0,0.0,,0.0,0.0,5058,0.13407354459329313,0.4211150652431791,"Civil main sample; 2021 post indicator, master amount, amount-quality flags, court level and cause controls.",
m1_policy_baseline,C(cause_group)[T.著作权权属纠纷],-0.24475819942305682,0.05213388241914528,2.668664869412181e-06,-0.34693873133882747,-0.14257766750728618,5058,0.13407354459329313,0.4211150652431791,"Civil main sample; 2021 post indicator, master amount, amount-quality flags, court level and cause controls.",
m1_policy_baseline,C(cause_group)[T.著作权许可使用合同纠纷],-0.2887189675658122,0.06196021867290185,3.1659767245001417e-06,-0.410158764638926,-0.16727917049269847,5058,0.13407354459329313,0.4211150652431791,"Civil main sample; 2021 post indicator, master amount, amount-quality flags, court level and cause controls.",
m1_policy_baseline,C(cause_group)[T.虚假诉讼罪],0.0,0.0,,0.0,0.0,5058,0.13407354459329313,0.4211150652431791,"Civil main sample; 2021 post indicator, master amount, amount-quality flags, court level and cause controls.",
m1_policy_baseline,C(cause_group)[T.融资租赁合同纠纷],-0.183745220486597,0.03696540367538456,6.669961244271354e-07,-0.2561960803643353,-0.11129436060885872,5058,0.13407354459329313,0.4211150652431791,"Civil main sample; 2021 post indicator, master amount, amount-quality flags, court level and cause controls.",
m1_policy_baseline,C(cause_group)[T.行政],0.0,0.0,,0.0,0.0,5058,0.13407354459329313,0.4211150652431791,"Civil main sample; 2021 post indicator, master amount, amount-quality flags, court level and cause controls.",
m1_policy_baseline,C(cause_group)[T.行政处罚],0.0,0.0,,0.0,0.0,5058,0.13407354459329313,0.4211150652431791,"Civil main sample; 2021 post indicator, master amount, amount-quality flags, court level and cause controls.",
m1_policy_baseline,C(cause_group)[T.行政复议],0.0,0.0,,0.0,0.0,5058,0.13407354459329313,0.4211150652431791,"Civil main sample; 2021 post indicator, master amount, amount-quality flags, court level and cause controls.",
m1_policy_baseline,C(cause_group)[T.行政强制],0.0,0.0,,0.0,0.0,5058,0.13407354459329313,0.4211150652431791,"Civil main sample; 2021 post indicator, master amount, amount-quality flags, court level and cause controls.",
m1_policy_baseline,C(cause_group)[T.行政强制措施],0.0,0.0,,0.0,0.0,5058,0.13407354459329313,0.4211150652431791,"Civil main sample; 2021 post indicator, master amount, amount-quality flags, court level and cause controls.",
m1_policy_baseline,C(cause_group)[T.行政拘留],0.0,0.0,,0.0,0.0,5058,0.13407354459329313,0.4211150652431791,"Civil main sample; 2021 post indicator, master amount, amount-quality flags, court level and cause controls.",
m1_policy_baseline,C(cause_group)[T.行政撤销],0.0,0.0,,0.0,0.0,5058,0.13407354459329313,0.4211150652431791,"Civil main sample; 2021 post indicator, master amount, amount-quality flags, court level and cause controls.",
m1_policy_baseline,C(cause_group)[T.行政监察],0.0,0.0,,0.0,0.0,5058,0.13407354459329313,0.4211150652431791,"Civil main sample; 2021 post indicator, master amount, amount-quality flags, court level and cause controls.",
m1_policy_baseline,C(cause_group)[T.行政确认],0.0,0.0,,0.0,0.0,5058,0.13407354459329313,0.4211150652431791,"Civil main sample; 2021 post indicator, master amount, amount-quality flags, court level and cause controls.",
m1_policy_baseline,C(cause_group)[T.行政非诉执行],0.0,0.0,,0.0,0.0,5058,0.13407354459329313,0.4211150652431791,"Civil main sample; 2021 post indicator, master amount, amount-quality flags, court level and cause controls.",
m1_policy_baseline,C(cause_group)[T.行纪合同纠纷],0.15187997351516602,0.35411400406753624,0.6679950195452472,-0.5421707208784752,0.8459306679088072,5058,0.13407354459329313,0.4211150652431791,"Civil main sample; 2021 post indicator, master amount, amount-quality flags, court level and cause controls.",
m1_policy_baseline,C(cause_group)[T.被继承人债务清偿纠纷],-0.2072438730266703,0.1000588860114225,0.03833832807854794,-0.403355685942257,-0.011132060111083586,5058,0.13407354459329313,0.4211150652431791,"Civil main sample; 2021 post indicator, master amount, amount-quality flags, court level and cause controls.",
m1_policy_baseline,C(cause_group)[T.装饰装修合同纠纷],0.034326803858887,0.19646090631611798,0.8612950348156854,-0.3507294968908019,0.41938310460857586,5058,0.13407354459329313,0.4211150652431791,"Civil main sample; 2021 post indicator, master amount, amount-quality flags, court level and cause controls.",
m1_policy_baseline,C(cause_group)[T.计算机软件开发合同纠纷],-0.1356876357384637,0.08402319125518061,0.10633600195929763,-0.3003700644647385,0.028994792987811102,5058,0.13407354459329313,0.4211150652431791,"Civil main sample; 2021 post indicator, master amount, amount-quality flags, court level and cause controls.",
m1_policy_baseline,C(cause_group)[T.计算机软件著作权许可使用合同纠纷],-0.324699985168687,0.020327916170365754,1.967361069653514e-57,-0.3645419687433532,-0.28485800159402075,5058,0.13407354459329313,0.4211150652431791,"Civil main sample; 2021 post indicator, master amount, amount-quality flags, court level and cause controls.",
m1_policy_baseline,C(cause_group)[T.诈骗],0.0,0.0,,0.0,0.0,5058,0.13407354459329313,0.4211150652431791,"Civil main sample; 2021 post indicator, master amount, amount-quality flags, court level and cause controls.",
m1_policy_baseline,C(cause_group)[T.诈骗罪],0.0,0.0,,0.0,0.0,5058,0.13407354459329313,0.4211150652431791,"Civil main sample; 2021 post indicator, master amount, amount-quality flags, court level and cause controls.",
m1_policy_baseline,C(cause_group)[T.诬告陷害罪],0.0,0.0,,0.0,0.0,5058,0.13407354459329313,0.4211150652431791,"Civil main sample; 2021 post indicator, master amount, amount-quality flags, court level and cause controls.",
m1_policy_baseline,C(cause_group)[T.财产保险合同纠纷],-0.2715593053525341,0.017261253896035427,9.084340943177333e-56,-0.3053907413167652,-0.23772786938830295,5058,0.13407354459329313,0.4211150652431791,"Civil main sample; 2021 post indicator, master amount, amount-quality flags, court level and cause controls.",
m1_policy_baseline,C(cause_group)[T.财产损失保险合同纠纷],-0.35998375433785035,0.013811822912735972,9.471259720846003e-150,-0.387054429807658,-0.3329130788680427,5058,0.13407354459329313,0.4211150652431791,"Civil main sample; 2021 post indicator, master amount, amount-quality flags, court level and cause controls.",
m1_policy_baseline,C(cause_group)[T.财产损害赔偿纠纷],0.23039903209226686,0.11637536548547121,0.04772689167028106,0.002307507053057628,0.45849055713147613,5058,0.13407354459329313,0.4211150652431791,"Civil main sample; 2021 post indicator, master amount, amount-quality flags, court level and cause controls.",
m1_policy_baseline,C(cause_group)[T.贪污罪],0.0,0.0,,0.0,0.0,5058,0.13407354459329313,0.4211150652431791,"Civil main sample; 2021 post indicator, master amount, amount-quality flags, court level and cause controls.",
m1_policy_baseline,C(cause_group)[T.贷款诈骗罪],0.0,0.0,,0.0,0.0,5058,0.13407354459329313,0.4211150652431791,"Civil main sample; 2021 post indicator, master amount, amount-quality flags, court level and cause controls.",
m1_policy_baseline,C(cause_group)[T.赌博罪],0.0,0.0,,0.0,0.0,5058,0.13407354459329313,0.4211150652431791,"Civil main sample; 2021 post indicator, master amount, amount-quality flags, court level and cause controls.",
m1_policy_baseline,C(cause_group)[T.赠与合同纠纷],0.3074050066858156,0.07122018536167085,1.5869333776767923e-05,0.16781600840467398,0.44699400496695724,5058,0.13407354459329313,0.4211150652431791,"Civil main sample; 2021 post indicator, master amount, amount-quality flags, court level and cause controls.",
m1_policy_baseline,C(cause_group)[T.走私、贩卖、运输、制造毒品],0.0,0.0,,0.0,0.0,5058,0.13407354459329313,0.4211150652431791,"Civil main sample; 2021 post indicator, master amount, amount-quality flags, court level and cause controls.",
m1_policy_baseline,C(cause_group)[T.走私、贩卖、运输、制造毒品罪],0.0,0.0,,0.0,0.0,5058,0.13407354459329313,0.4211150652431791,"Civil main sample; 2021 post indicator, master amount, amount-quality flags, court level and cause controls.",
m1_policy_baseline,C(cause_group)[T.走私普通货物、物品罪],0.0,0.0,,0.0,0.0,5058,0.13407354459329313,0.4211150652431791,"Civil main sample; 2021 post indicator, master amount, amount-quality flags, court level and cause controls.",
m1_policy_baseline,C(cause_group)[T.走私武器、弹药罪],0.0,0.0,,0.0,0.0,5058,0.13407354459329313,0.4211150652431791,"Civil main sample; 2021 post indicator, master amount, amount-quality flags, court level and cause controls.",
m1_policy_baseline,C(cause_group)[T.走私罪],0.0,0.0,,0.0,0.0,5058,0.13407354459329313,0.4211150652431791,"Civil main sample; 2021 post indicator, master amount, amount-quality flags, court level and cause controls.",
m1_policy_baseline,C(cause_group)[T.车辆租赁合同纠纷],-0.35023471281017404,0.015458907065293636,1.2215846470815803e-113,-0.3805336138985014,-0.3199358117218467,5058,0.13407354459329313,0.4211150652431791,"Civil main sample; 2021 post indicator, master amount, amount-quality flags, court level and cause controls.",
m1_policy_baseline,C(cause_group)[T.运输合同纠纷],-0.003983111318876497,0.26265512843878325,0.9879007075248027,-0.5187777034136338,0.5108114807758808,5058,0.13407354459329313,0.4211150652431791,"Civil main sample; 2021 post indicator, master amount, amount-quality flags, court level and cause controls.",
m1_policy_baseline,C(cause_group)[T.运送他人偷越国（边）境罪],0.0,0.0,,0.0,0.0,5058,0.13407354459329313,0.4211150652431791,"Civil main sample; 2021 post indicator, master amount, amount-quality flags, court level and cause controls.",
m1_policy_baseline,C(cause_group)[T.返还原物纠纷],0.2549886062561859,0.10842173154312419,0.01868171574548248,0.04248591729019216,0.4674912952221797,5058,0.13407354459329313,0.4211150652431791,"Civil main sample; 2021 post indicator, master amount, amount-quality flags, court level and cause controls.",
m1_policy_baseline,C(cause_group)[T.追偿权纠纷],-0.1809149431098887,0.13878564835776644,0.19238481812855157,-0.45292981546215144,0.09109992924237403,5058,0.13407354459329313,0.4211150652431791,"Civil main sample; 2021 post indicator, master amount, amount-quality flags, court level and cause controls.",
m1_policy_baseline,C(cause_group)[T.追加、变更被执行人异议之诉],-0.3413169975840934,0.016735515821074024,1.860872056402626e-92,-0.3741180058560988,-0.308515989312088,5058,0.13407354459329313,0.4211150652431791,"Civil main sample; 2021 post indicator, master amount, amount-quality flags, court level and cause controls.",
m1_policy_baseline,C(cause_group)[T.追索劳动报酬纠纷],0.0,0.0,,0.0,0.0,5058,0.13407354459329313,0.4211150652431791,"Civil main sample; 2021 post indicator, master amount, amount-quality flags, court level and cause controls.",
m1_policy_baseline,C(cause_group)[T.金融借款合同纠纷],-0.34459297537204053,0.015256186867166226,5.803813624601077e-113,-0.3744945521730993,-0.3146913985709818,5058,0.13407354459329313,0.4211150652431791,"Civil main sample; 2021 post indicator, master amount, amount-quality flags, court level and cause controls.",
m1_policy_baseline,C(cause_group)[T.铁路运输财产损害责任纠纷],0.6572619065798577,0.016349363473587578,0.0,0.6252177430014714,0.6893060701582441,5058,0.13407354459329313,0.4211150652431791,"Civil main sample; 2021 post indicator, master amount, amount-quality flags, court level and cause controls.",
m1_policy_baseline,C(cause_group)[T.银行卡纠纷],-0.2868932759857453,0.02040514544120676,6.702851159534003e-45,-0.32688662614981223,-0.2468999258216784,5058,0.13407354459329313,0.4211150652431791,"Civil main sample; 2021 post indicator, master amount, amount-quality flags, court level and cause controls.",
m1_policy_baseline,C(cause_group)[T.销售假冒注册商标的商品罪],0.0,0.0,,0.0,0.0,5058,0.13407354459329313,0.4211150652431791,"Civil main sample; 2021 post indicator, master amount, amount-quality flags, court level and cause controls.",
m1_policy_baseline,C(cause_group)[T.隐私权纠纷],0.0,0.0,,0.0,0.0,5058,0.13407354459329313,0.4211150652431791,"Civil main sample; 2021 post indicator, master amount, amount-quality flags, court level and cause controls.",
m1_policy_baseline,C(cause_group)[T.集资诈骗罪],0.0,0.0,,0.0,0.0,5058,0.13407354459329313,0.4211150652431791,"Civil main sample; 2021 post indicator, master amount, amount-quality flags, court level and cause controls.",
m1_policy_baseline,C(cause_group)[T.非法侵入计算机信息系统罪],0.0,0.0,,0.0,0.0,5058,0.13407354459329313,0.4211150652431791,"Civil main sample; 2021 post indicator, master amount, amount-quality flags, court level and cause controls.",
m1_policy_baseline,C(cause_group)[T.非法出售增值税专用发票罪],0.0,0.0,,0.0,0.0,5058,0.13407354459329313,0.4211150652431791,"Civil main sample; 2021 post indicator, master amount, amount-quality flags, court level and cause controls.",
m1_policy_baseline,C(cause_group)[T.非法利用信息网络],0.0,0.0,,0.0,0.0,5058,0.13407354459329313,0.4211150652431791,"Civil main sample; 2021 post indicator, master amount, amount-quality flags, court level and cause controls.",
m1_policy_baseline,C(cause_group)[T.非法利用信息网络罪],0.0,0.0,,0.0,0.0,5058,0.13407354459329313,0.4211150652431791,"Civil main sample; 2021 post indicator, master amount, amount-quality flags, court level and cause controls.",
m1_policy_baseline,C(cause_group)[T.非法制造、买卖、运输、邮寄、储存枪支、弹药、爆炸物罪],0.0,0.0,,0.0,0.0,5058,0.13407354459329313,0.4211150652431791,"Civil main sample; 2021 post indicator, master amount, amount-quality flags, court level and cause controls.",
m1_policy_baseline,C(cause_group)[T.非法吸收公众存款],0.0,0.0,,0.0,0.0,5058,0.13407354459329313,0.4211150652431791,"Civil main sample; 2021 post indicator, master amount, amount-quality flags, court level and cause controls.",
m1_policy_baseline,C(cause_group)[T.非法吸收公众存款罪],0.0,0.0,,0.0,0.0,5058,0.13407354459329313,0.4211150652431791,"Civil main sample; 2021 post indicator, master amount, amount-quality flags, court level and cause controls.",
m1_policy_baseline,C(cause_group)[T.非法拘禁罪],0.0,0.0,,0.0,0.0,5058,0.13407354459329313,0.4211150652431791,"Civil main sample; 2021 post indicator, master amount, amount-quality flags, court level and cause controls.",
m1_policy_baseline,C(cause_group)[T.非法持有毒品罪],0.0,0.0,,0.0,0.0,5058,0.13407354459329313,0.4211150652431791,"Civil main sample; 2021 post indicator, master amount, amount-quality flags, court level and cause controls.",
m1_policy_baseline,C(cause_group)[T.非法种植毒品原植物罪],0.0,0.0,,0.0,0.0,5058,0.13407354459329313,0.4211150652431791,"Civil main sample; 2021 post indicator, master amount, amount-quality flags, court level and cause controls.",
m1_policy_baseline,C(cause_group)[T.非法获取计算机信息系统数据、非法控制计算机信息系统罪],0.0,0.0,,0.0,0.0,5058,0.13407354459329313,0.4211150652431791,"Civil main sample; 2021 post indicator, master amount, amount-quality flags, court level and cause controls.",
m1_policy_baseline,C(cause_group)[T.食品、药品监管渎职罪],0.0,0.0,,0.0,0.0,5058,0.13407354459329313,0.4211150652431791,"Civil main sample; 2021 post indicator, master amount, amount-quality flags, court level and cause controls.",
m1_policy_baseline,C(cause_group)[T.餐饮服务合同纠纷],0.7464680547907866,0.03593261049610661,7.4224786662891505e-96,0.6760414323479117,0.8168946772336615,5058,0.13407354459329313,0.4211150652431791,"Civil main sample; 2021 post indicator, master amount, amount-quality flags, court level and cause controls.",
m1_policy_baseline,post2021,0.08496493838092183,0.0141119257967567,1.7356808146491027e-09,0.057306072066776986,0.11262380469506666,5058,0.13407354459329313,0.4211150652431791,"Civil main sample; 2021 post indicator, master amount, amount-quality flags, court level and cause controls.",
m1_policy_baseline,log_amount_master,-0.008083245543939169,0.0039917227235288484,0.04286718341920579,-0.015906878318325848,-0.0002596127695524905,5058,0.13407354459329313,0.4211150652431791,"Civil main sample; 2021 post indicator, master amount, amount-quality flags, court level and cause controls.",
m1_policy_baseline,amount_llm_regex_conflict_flag,-0.10656828699495483,0.034848443671530234,0.00222782319205236,-0.17486998150842686,-0.0382665924814828,5058,0.13407354459329313,0.4211150652431791,"Civil main sample; 2021 post indicator, master amount, amount-quality flags, court level and cause controls.",
m1_policy_baseline,amount_regex_fallback_flag,0.0,0.0,,0.0,0.0,5058,0.13407354459329313,0.4211150652431791,"Civil main sample; 2021 post indicator, master amount, amount-quality flags, court level and cause controls.",
m2_transaction_types,Intercept,0.3525285805419804,0.055546198226583535,2.2014920053609567e-10,0.24366003253975405,0.4613971285442067,5058,0.19488017338835728,0.4211150652431791,Adds compressed transaction types.,
m2_transaction_types,"C(transaction_type, Treatment(reference='借贷'))[T.投资/理财]",0.2525464652415044,0.022529903458011778,3.6671359593596206e-29,0.20838866588863691,0.29670426459437194,5058,0.19488017338835728,0.4211150652431791,Adds compressed transaction types.,
m2_transaction_types,"C(transaction_type, Treatment(reference='借贷'))[T.交易/买卖]",0.17020400169076227,0.03896525118514652,1.253337574171558e-05,0.09383351271931843,0.2465744906622061,5058,0.19488017338835728,0.4211150652431791,Adds compressed transaction types.,
m2_transaction_types,"C(transaction_type, Treatment(reference='借贷'))[T.ICO/发币]",0.479065867949657,0.11073236105398845,1.5160719603026806e-05,0.26203442836075386,0.6960973075385601,5058,0.19488017338835728,0.4211150652431791,Adds compressed transaction types.,
m2_transaction_types,"C(transaction_type, Treatment(reference='借贷'))[T.挖矿]",0.061772992431863474,0.03810382627439734,0.10497998969657908,-0.012909134739126332,0.13645511960285328,5058,0.19488017338835728,0.4211150652431791,Adds compressed transaction types.,
m2_transaction_types,"C(transaction_type, Treatment(reference='借贷'))[T.技术服务]",-0.11969519487184944,0.059624494199576356,0.04469819406701538,-0.23655705609943645,-0.0028333336442624285,5058,0.19488017338835728,0.4211150652431791,Adds compressed transaction types.,
m2_transaction_types,"C(transaction_type, Treatment(reference='借贷'))[T.其他民商事]",-0.15920328239682477,0.03224319650129172,7.909896604664154e-07,-0.2223987862858044,-0.09600777850784513,5058,0.19488017338835728,0.4211150652431791,Adds compressed transaction types.,
m2_transaction_types,"C(transaction_type, Treatment(reference='借贷'))[T.其他/未分类]",-0.061122142150044585,0.0710165787494137,0.38941746744672323,-0.20031207880414797,0.07806779450405882,5058,0.19488017338835728,0.4211150652431791,Adds compressed transaction types.,
m2_transaction_types,"C(transaction_type, Treatment(reference='借贷'))[T.未分类]",-2.385766036173718e-15,1.464055268994009e-15,0.10319450511022651,-5.255261634778077e-15,4.837295624306403e-16,5058,0.19488017338835728,0.4211150652431791,Adds compressed transaction types.,
m2_transaction_types,C(court_level_group)[T.基层法院],0.013811125049343304,0.014364988985927413,0.3363292294690515,-0.014343736001388979,0.041965986100075583,5058,0.19488017338835728,0.4211150652431791,Adds compressed transaction types.,
m2_transaction_types,C(court_level_group)[T.最高人民法院],-0.10329780483254329,0.10377437679913361,0.31953805681124736,-0.30669184587693415,0.10009623621184756,5058,0.19488017338835728,0.4211150652431791,Adds compressed transaction types.,
m2_transaction_types,C(court_level_group)[T.高级法院],-0.014725639961562637,0.10500862354523093,0.8884761576834939,-0.22053876017634,0.1910874802532147,5058,0.19488017338835728,0.4211150652431791,Adds compressed transaction types.,
m2_transaction_types,C(cause_group)[T.不当得利纠纷],0.2935055579175246,0.03707315288429989,2.4344662558112983e-15,0.22084351347094958,0.3661676023640996,5058,0.19488017338835728,0.4211150652431791,Adds compressed transaction types.,
m2_transaction_types,C(cause_group)[T.不正当竞争纠纷],0.38317014497983515,0.18386122575604832,0.03715850970477424,0.02280876434459228,0.7435315256150781,5058,0.19488017338835728,0.4211150652431791,Adds compressed transaction types.,
m2_transaction_types,C(cause_group)[T.与公司有关的纠纷],-0.11539488781185454,0.1757648842949689,0.511483287424049,-0.4598877307768433,0.22909795515313425,5058,0.19488017338835728,0.4211150652431791,Adds compressed transaction types.,
m2_transaction_types,C(cause_group)[T.专利行政管理],1.5127376313126165e-15,7.098543557332907e-16,0.03308473236755084,1.2144865980648303e-16,2.9040266028187497e-15,5058,0.19488017338835728,0.4211150652431791,Adds compressed transaction types.,
m2_transaction_types,C(cause_group)[T.业主撤销权纠纷],0.194371627091977,0.2549186047178539,0.4457705577452661,-0.3052596571442189,0.6940029113281729,5058,0.19488017338835728,0.4211150652431791,Adds compressed transaction types.,
m2_transaction_types,C(cause_group)[T.中介合同纠纷],-0.21476251782507907,0.028943575607060172,1.1708407966047877e-13,-0.271490883598729,-0.15803415205142912,5058,0.19488017338835728,0.4211150652431791,Adds compressed transaction types.,
m2_transaction_types,C(cause_group)[T.买卖合同纠纷],-0.03374671681264836,0.04366253687585311,0.439582350126994,-0.11932371656297246,0.051830282937675734,5058,0.19488017338835728,0.4211150652431791,Adds compressed transaction types.,
m2_transaction_types,C(cause_group)[T.互易纠纷],-0.2585331509248107,0.05787260968780682,7.922041819763335e-06,-0.3719613816042559,-0.14510492024536553,5058,0.19488017338835728,0.4211150652431791,Adds compressed transaction types.,
m2_transaction_types,C(cause_group)[T.交通肇事罪],2.4478855116779498e-15,2.1141322181484206e-16,5.28551633724128e-31,2.033523211065282e-15,2.8622478122906177e-15,5058,0.19488017338835728,0.4211150652431791,Adds compressed transaction types.,
m2_transaction_types,C(cause_group)[T.产品责任纠纷],-9.453900846881642e-16,3.116024971056988e-16,0.0024136496005830507,-1.5561197565080802e-15,-3.346604128682482e-16,5058,0.19488017338835728,0.4211150652431791,Adds compressed transaction types.,
m2_transaction_types,C(cause_group)[T.人身保险合同纠纷],-0.20730430946007927,0.029689582924002367,2.9019582143585158e-12,-0.2654948227071393,-0.14911379621301923,5058,0.19488017338835728,0.4211150652431791,Adds compressed transaction types.,
m2_transaction_types,C(cause_group)[T.仓储合同纠纷],0.5485625993109198,0.03468495918166841,2.429782522621644e-56,0.48058132850960783,0.6165438701122318,5058,0.19488017338835728,0.4211150652431791,Adds compressed transaction types.,
m2_transaction_types,C(cause_group)[T.仿冒纠纷],4.543265699775325e-16,2.269064031275203e-16,0.04525632309416806,9.598191986066023e-18,8.990549479689989e-16,5058,0.19488017338835728,0.4211150652431791,Adds compressed transaction types.,
m2_transaction_types,C(cause_group)[T.企业承包经营合同纠纷],-0.11946912889522335,0.029995368168044698,6.80738941305455e-05,-0.17825897020761014,-0.06067928758283656,5058,0.19488017338835728,0.4211150652431791,Adds compressed transaction types.,
m2_transaction_types,C(cause_group)[T.传播淫秽物品罪],-1.4100364485636592e-15,1.609871587471794e-16,1.9753437991792995e-18,-1.7255654816815631e-15,-1.0945074154457553e-15,5058,0.19488017338835728,0.4211150652431791,Adds compressed transaction types.,
m2_transaction_types,C(cause_group)[T.伪造、变造、买卖国家机关公文、证件、印章罪],-5.802781757844004e-16,2.132181417010065e-16,0.006498177160793807,-9.98178054368931e-16,-1.6237829719986978e-16,5058,0.19488017338835728,0.4211150652431791,Adds compressed transaction types.,
m2_transaction_types,C(cause_group)[T.伪造、变造、买卖身份证件罪],6.352363315976092e-17,1.6420383414085303e-16,0.6988610370607072,-2.583099678796995e-16,3.853572341992214e-16,5058,0.19488017338835728,0.4211150652431791,Adds compressed transaction types.,
m2_transaction_types,C(cause_group)[T.伪造、变造金融票证罪],-4.867512749135212e-16,2.3448077338839654e-16,0.03790610548606918,-9.463251458218763e-16,-2.7177404005165988e-17,5058,0.19488017338835728,0.4211150652431791,Adds compressed transaction types.,
m2_transaction_types,C(cause_group)[T.供用电合同纠纷],-0.39028071367881384,0.035219380281423664,1.5440560983076463e-28,-0.4593094305882244,-0.3212519967694033,5058,0.19488017338835728,0.4211150652431791,Adds compressed transaction types.,
m2_transaction_types,C(cause_group)[T.侵占罪],6.845256245028751e-16,2.762647738186296e-16,0.013219955751695753,1.43056617621257e-16,1.2259946313844933e-15,5058,0.19488017338835728,0.4211150652431791,Adds compressed transaction types.,
m2_transaction_types,C(cause_group)[T.侵害作品信息网络传播权纠纷],0.2976075722060004,0.20632553103694468,0.1491846086830416,-0.10678303771751224,0.7019981821295131,5058,0.19488017338835728,0.4211150652431791,Adds compressed transaction types.,
m2_transaction_types,C(cause_group)[T.侵害作品发行权纠纷],6.137189543679833e-16,1.565307486147768e-16,8.827141333954382e-05,3.0692432460992783e-16,9.205135841260387e-16,5058,0.19488017338835728,0.4211150652431791,Adds compressed transaction types.,
m2_transaction_types,C(cause_group)[T.侵害作品复制权纠纷],3.9550818998947726e-16,1.8601798458003065e-16,0.03348806375174168,3.091963973589004e-17,7.600967402430645e-16,5058,0.19488017338835728,0.4211150652431791,Adds compressed transaction types.,
m2_transaction_types,C(cause_group)[T.侵害作品展览权纠纷],-9.101623140683512e-17,1.4845109526990758e-16,0.5398063681340024,-3.819750316013783e-16,1.999425687877081e-16,5058,0.19488017338835728,0.4211150652431791,Adds compressed transaction types.,
m2_transaction_types,C(cause_group)[T.侵害作品广播权纠纷],-4.3382014906634145e-16,1.6845772598536544e-16,0.010016870504161059,-7.63991224915175e-16,-1.0364907321750798e-16,5058,0.19488017338835728,0.4211150652431791,Adds compressed transaction types.,
m2_transaction_types,C(cause_group)[T.侵害作品改编权纠纷],-0.17619033179623586,0.11552497971027732,0.12722728135638775,-0.4026151313430999,0.050234467750628176,5058,0.19488017338835728,0.4211150652431791,Adds compressed transaction types.,
m2_transaction_types,C(cause_group)[T.侵害其他著作财产权纠纷],4.3925175239700875e-16,2.2386463164724023e-16,0.04974722482537742,4.8513695609230965e-19,8.780183678379252e-16,5058,0.19488017338835728,0.4211150652431791,Adds compressed transaction types.,
m2_transaction_types,C(cause_group)[T.侵害发明专利权纠纷],0.8025245838218601,0.11549693113872397,3.693228757678768e-12,0.5761547584650584,1.0288944091786618,5058,0.19488017338835728,0.4211150652431791,Adds compressed transaction types.,
m2_transaction_types,C(cause_group)[T.侵害商标权纠纷],0.22130720807825355,0.16410728353996773,0.17748090191552468,-0.10033715726078601,0.5429515734172932,5058,0.19488017338835728,0.4211150652431791,Adds compressed transaction types.,
m2_transaction_types,C(cause_group)[T.侵害外观设计专利权纠纷],0.44428274904206755,0.3099171580582044,0.15169979276896048,-0.1631437189430205,1.0517092170271556,5058,0.19488017338835728,0.4211150652431791,Adds compressed transaction types.,
m2_transaction_types,C(cause_group)[T.侵害实用新型专利权纠纷],-1.5442788954697662e-16,2.1590894114792375e-16,0.47445738418994265,-5.776016381370853e-16,2.6874585904313207e-16,5058,0.19488017338835728,0.4211150652431791,Adds compressed transaction types.,
m2_transaction_types,C(cause_group)[T.侵害录音录像制作者权纠纷],-2.795006487459702e-16,1.26756359106207e-16,0.027452501915409978,-5.279385474055616e-16,-3.1062750086378794e-17,5058,0.19488017338835728,0.4211150652431791,Adds compressed transaction types.,
m2_transaction_types,C(cause_group)[T.侵害计算机软件著作权纠纷],-2.833248305328857e-16,1.1881384201467039e-16,0.01709717525301574,-5.161956817464716e-16,-5.045397931929985e-17,5058,0.19488017338835728,0.4211150652431791,Adds compressed transaction types.,
m2_transaction_types,C(cause_group)[T.侵权责任纠纷],0.23056637917910797,0.15111385826505414,0.12706486674890521,-0.06561134058528853,0.5267440989435045,5058,0.19488017338835728,0.4211150652431791,Adds compressed transaction types.,
m2_transaction_types,C(cause_group)[T.侵犯公民个人信息罪],-2.7648720277669744e-16,1.0807166047225013e-16,0.010516438758224096,-4.883037650517487e-16,-6.467064050164622e-17,5058,0.19488017338835728,0.4211150652431791,Adds compressed transaction types.,
m2_transaction_types,C(cause_group)[T.侵犯著作权罪],2.7347569504436987e-16,2.1167473844883485e-16,0.1963703429339836,-1.4139916875228227e-16,6.883505588410221e-16,5058,0.19488017338835728,0.4211150652431791,Adds compressed transaction types.,
m2_transaction_types,C(cause_group)[T.保管合同纠纷],-0.1181040634886349,0.27415712439684997,0.6666212945071901,-0.6554421534115282,0.41923402643425844,5058,0.19488017338835728,0.4211150652431791,Adds compressed transaction types.,
m2_transaction_types,C(cause_group)[T.保证合同纠纷],0.2439437158206439,0.10565713256662762,0.02095335367237402,0.03685954128027971,0.4510278903610081,5058,0.19488017338835728,0.4211150652431791,Adds compressed transaction types.,
m2_transaction_types,C(cause_group)[T.保险代理合同纠纷],0.7873991395901714,0.029081902456219732,1.9279251070977002e-161,0.7303996581740738,0.844398621006269,5058,0.19488017338835728,0.4211150652431791,Adds compressed transaction types.,
m2_transaction_types,C(cause_group)[T.信息网络买卖合同纠纷],-0.2931570550077744,0.10154389956037936,0.0038893645852055006,-0.4921794409958706,-0.09413466901967821,5058,0.19488017338835728,0.4211150652431791,Adds compressed transaction types.,
m2_transaction_types,C(cause_group)[T.信用卡纠纷],-0.28568873820425644,0.055420552505824755,2.537337678514515e-07,-0.394311025118984,-0.17706645128952886,5058,0.19488017338835728,0.4211150652431791,Adds compressed transaction types.,
m2_transaction_types,C(cause_group)[T.信用卡诈骗罪],3.665294338779422e-16,1.0492483449634016e-16,0.00047716667948360074,1.6088053718128963e-16,5.721783305745948e-16,5058,0.19488017338835728,0.4211150652431791,Adds compressed transaction types.,
m2_transaction_types,C(cause_group)[T.修理合同纠纷],-0.23312911054523144,0.03037596670427536,1.656922058603301e-14,-0.292664911281199,-0.1735933098092639,5058,0.19488017338835728,0.4211150652431791,Adds compressed transaction types.,
m2_transaction_types,C(cause_group)[T.借款合同纠纷],0.061136008818815084,0.1197128144955567,0.6095688953373997,-0.17349679608040056,0.2957688137180307,5058,0.19488017338835728,0.4211150652431791,Adds compressed transaction types.,
m2_transaction_types,C(cause_group)[T.借用合同纠纷],-0.35799749922020935,0.03413192197477578,9.741878589691406e-26,-0.4248948370139011,-0.29110016142651757,5058,0.19488017338835728,0.4211150652431791,Adds compressed transaction types.,
m2_transaction_types,C(cause_group)[T.债券质权纠纷],0.14804603064875585,0.2656519621683471,0.5773271246250731,-0.3726222476236014,0.6687143089211132,5058,0.19488017338835728,0.4211150652431791,Adds compressed transaction types.,
m2_transaction_types,C(cause_group)[T.债务加入纠纷],-0.6262006476472073,0.027529901501194165,1.5648322760854501e-114,-0.6801582630874831,-0.5722430322069315,5058,0.19488017338835728,0.4211150652431791,Adds compressed transaction types.,
m2_transaction_types,C(cause_group)[T.债务转移合同纠纷],-0.12961908000057595,0.029538864004334156,1.1435248208142209e-05,-0.1875141895932975,-0.07172397040785441,5058,0.19488017338835728,0.4211150652431791,Adds compressed transaction types.,
m2_transaction_types,C(cause_group)[T.债权人撤销权纠纷],0.4241620824039566,0.29559653891971766,0.1513053675140358,-0.15519648783338236,1.0035206526412956,5058,0.19488017338835728,0.4211150652431791,Adds compressed transaction types.,
m2_transaction_types,C(cause_group)[T.债权转让合同纠纷],0.12436419369493001,0.1256319244461333,0.3222185183659021,-0.12186985352794844,0.37059824091780846,5058,0.19488017338835728,0.4211150652431791,Adds compressed transaction types.,
m2_transaction_types,C(cause_group)[T.假冒注册商标罪],-4.891693975327869e-16,8.487296615109427e-17,8.23639107373181e-09,-6.555173544500187e-16,-3.22821440615555e-16,5058,0.19488017338835728,0.4211150652431791,Adds compressed transaction types.,
m2_transaction_types,C(cause_group)[T.偷越国（边）境罪],-1.2448365742102307e-17,1.3854833204837524e-16,0.9284075725759731,-2.839981066750143e-16,2.5910137519080973e-16,5058,0.19488017338835728,0.4211150652431791,Adds compressed transaction types.,
m2_transaction_types,C(cause_group)[T.储蓄存款合同纠纷],-0.14166831160811663,0.02932041339024207,1.3535195101972982e-06,-0.19913526586481703,-0.08420135735141623,5058,0.19488017338835728,0.4211150652431791,Adds compressed transaction types.,
m2_transaction_types,C(cause_group)[T.公司减资纠纷],-6.719745535837336e-17,8.782510405180924e-17,0.4441952661631696,-2.3933149623840223e-16,1.0493658552165552e-16,5058,0.19488017338835728,0.4211150652431791,Adds compressed transaction types.,
m2_transaction_types,C(cause_group)[T.公司解散纠纷],-7.314787583047139e-17,8.648054950941694e-17,0.3976473765176328,-2.4264663823216165e-16,9.635088657121886e-17,5058,0.19488017338835728,0.4211150652431791,Adds compressed transaction types.,
m2_transaction_types,C(cause_group)[T.公安行政管理],3.7098889476542983e-16,1.0629167708814603e-16,0.00048249466350047356,1.6266103581630237e-16,5.793167537145573e-16,5058,0.19488017338835728,0.4211150652431791,Adds compressed transaction types.,
m2_transaction_types,C(cause_group)[T.公益事业捐赠合同纠纷],-0.7584873665905124,0.1107418686830113,7.429149153551804e-12,-0.9755374407898787,-0.5414372923911461,5058,0.19488017338835728,0.4211150652431791,Adds compressed transaction types.,
m2_transaction_types,C(cause_group)[T.共有物分割纠纷],1.0025087146369959e-16,1.006832601464864e-16,0.3193932783492487,-9.708469226949072e-17,2.975864351968899e-16,5058,0.19488017338835728,0.4211150652431791,Adds compressed transaction types.,
m2_transaction_types,C(cause_group)[T.共有纠纷],-0.2381619739430076,0.052746749915150895,6.3257893830284745e-06,-0.3415437040782445,-0.13478024380777068,5058,0.19488017338835728,0.4211150652431791,Adds compressed transaction types.,
m2_transaction_types,C(cause_group)[T.其他案由],5.1334804751853064e-17,1.0501062918700085e-16,0.6249454781115142,-1.5448224644855924e-16,2.5715185595226536e-16,5058,0.19488017338835728,0.4211150652431791,Adds compressed transaction types.,
m2_transaction_types,C(cause_group)[T.其他行政行为],3.2912293309867603e-16,8.018744526284296e-17,4.053309599105327e-05,1.7195842837122686e-16,4.862874378261252e-16,5058,0.19488017338835728,0.4211150652431791,Adds compressed transaction types.,
m2_transaction_types,C(cause_group)[T.再保险合同纠纷],-0.21633048916439812,0.02888397790307771,6.906473234126747e-14,-0.27294204558468116,-0.15971893274411506,5058,0.19488017338835728,0.4211150652431791,Adds compressed transaction types.,
m2_transaction_types,C(cause_group)[T.出售、购买、运输假币罪],5.028976556764192e-17,1.1050586111373702e-16,0.6490467494248457,-1.6629774229586792e-16,2.6687727343115175e-16,5058,0.19488017338835728,0.4211150652431791,Adds compressed transaction types.,
m2_transaction_types,C(cause_group)[T.分家析产纠纷],8.11114123476993e-17,1.5169972952618845e-16,0.5928684137897154,-2.1621459398809748e-16,3.784374186834961e-16,5058,0.19488017338835728,0.4211150652431791,Adds compressed transaction types.,
m2_transaction_types,C(cause_group)[T.分期付款买卖合同纠纷],-0.5471760503063516,0.0403980666170761,8.526573674497758e-42,-0.6263548059208707,-0.4679972946918326,5058,0.19488017338835728,0.4211150652431791,Adds compressed transaction types.,
m2_transaction_types,C(cause_group)[T.制作、复制、出版、贩卖、传播淫秽物品牟利罪],-3.943340057773075e-16,9.023930868843101e-17,1.2432079110324068e-05,-5.711998007964246e-16,-2.1746821075819035e-16,5058,0.19488017338835728,0.4211150652431791,Adds compressed transaction types.,
m2_transaction_types,C(cause_group)[T.制作、贩卖、传播淫秽物品罪],1.778427675047057e-16,8.337133176053729e-17,0.032913199180408824,1.4437959910912278e-17,3.412475750984991e-16,5058,0.19488017338835728,0.4211150652431791,Adds compressed transaction types.,
m2_transaction_types,C(cause_group)[T.劳务合同纠纷],-0.20701352529282746,0.04687524707966695,1.0042084169995153e-05,-0.29888732133539103,-0.11513972925026389,5058,0.19488017338835728,0.4211150652431791,Adds compressed transaction types.,
m2_transaction_types,C(cause_group)[T.劳动争议],-0.14709653478421453,0.07671823258861807,0.0551921057466559,-0.297461507615473,0.0032684380470439645,5058,0.19488017338835728,0.4211150652431791,Adds compressed transaction types.,
m2_transaction_types,C(cause_group)[T.劳动合同纠纷],-0.053588550376581875,0.09253494281809183,0.5625102890907163,-0.23495370561151518,0.12777660485835146,5058,0.19488017338835728,0.4211150652431791,Adds compressed transaction types.,
m2_transaction_types,C(cause_group)[T.占有物返还纠纷],3.519549569617633e-16,8.440331881604661e-17,3.0470864461015176e-05,1.8652749190666005e-16,5.173824220168666e-16,5058,0.19488017338835728,0.4211150652431791,Adds compressed transaction types.,
m2_transaction_types,C(cause_group)[T.危险驾驶罪],-1.169032660164289e-16,6.028487945385185e-17,0.052479356459320635,-2.350594585583172e-16,1.252926525459417e-18,5058,0.19488017338835728,0.4211150652431791,Adds compressed transaction types.,
m2_transaction_types,C(cause_group)[T.发起人责任纠纷],0.017340245322430163,0.22533442199578874,0.9386606325897113,-0.4243071062664659,0.45898759691132623,5058,0.19488017338835728,0.4211150652431791,Adds compressed transaction types.,
m2_transaction_types,C(cause_group)[T.受贿罪],-2.4955478728610885e-16,1.3592678295353204e-16,0.06636504082576747,-5.159663864094247e-16,1.685681183720693e-17,5058,0.19488017338835728,0.4211150652431791,Adds compressed transaction types.,
m2_transaction_types,C(cause_group)[T.合伙企业纠纷],-0.1767550680664538,0.13424727932638525,0.1879599981518938,-0.43987490056865747,0.08636476443574986,5058,0.19488017338835728,0.4211150652431791,Adds compressed transaction types.,
m2_transaction_types,C(cause_group)[T.合伙协议纠纷],-0.18811864145053242,0.06299001557647904,0.0028220607757348175,-0.31157680336604837,-0.06466047953501648,5058,0.19488017338835728,0.4211150652431791,Adds compressed transaction types.,
m2_transaction_types,C(cause_group)[T.合伙合同纠纷],0.11110099533551815,0.08454927964714971,0.18883330123591124,-0.05461254769170071,0.276814538362737,5058,0.19488017338835728,0.4211150652431791,Adds compressed transaction types.,
m2_transaction_types,C(cause_group)[T.合作创作合同纠纷],-0.1391833931005986,0.029200743444657857,1.8751585785969722e-06,-0.19641579857392208,-0.08195098762727512,5058,0.19488017338835728,0.4211150652431791,Adds compressed transaction types.,
m2_transaction_types,C(cause_group)[T.合同、准合同纠纷],0.5837378557923196,0.03521980396429437,1.071907264593782e-61,0.5147083084797417,0.6527674031048976,5058,0.19488017338835728,0.4211150652431791,Adds compressed transaction types.,
m2_transaction_types,C(cause_group)[T.合同、无因管理、不当得利],-0.3409895588548884,0.14686549880711783,0.02024471829553052,-0.6288406470883496,-0.05313847062142718,5058,0.19488017338835728,0.4211150652431791,Adds compressed transaction types.,
m2_transaction_types,C(cause_group)[T.合同纠纷],0.0704970803867619,0.026152102853464927,0.007025011447231691,0.01923990067398347,0.12175426009954034,5058,0.19488017338835728,0.4211150652431791,Adds compressed transaction types.,
m2_transaction_types,C(cause_group)[T.合同诈骗罪],1.6792385300660672e-16,5.611666699713513e-17,0.002767878592730696,5.79372067597944e-17,2.77910499253419e-16,5058,0.19488017338835728,0.4211150652431791,Adds compressed transaction types.,
m2_transaction_types,C(cause_group)[T.名誉权纠纷],0.47655986239037035,0.03265924689534995,3.1635078879219647e-48,0.41254891471328287,0.5405708100674578,5058,0.19488017338835728,0.4211150652431791,Adds compressed transaction types.,
m2_transaction_types,C(cause_group)[T.商品房销售合同纠纷],-0.23310398011739042,0.030370970444008723,1.6513073210747434e-14,-0.292629988363178,-0.17357797187160287,5058,0.19488017338835728,0.4211150652431791,Adds compressed transaction types.,
m2_transaction_types,C(cause_group)[T.商品房预售合同纠纷],-0.2412464393524391,0.045603762956069556,1.2227921543475286e-07,-0.3306281723058373,-0.15186470639904093,5058,0.19488017338835728,0.4211150652431791,Adds compressed transaction types.,
m2_transaction_types,C(cause_group)[T.商标权权属、侵权纠纷],-4.261123663572842e-16,8.080747277391908e-17,1.3407978661005167e-07,-5.844921026758666e-16,-2.6773263003870185e-16,5058,0.19488017338835728,0.4211150652431791,Adds compressed transaction types.,
m2_transaction_types,C(cause_group)[T.商标权权属纠纷],-8.369731418719532e-17,1.1051048012344168e-16,0.4488282682253266,-3.0029387514337053e-16,1.3289924676897987e-16,5058,0.19488017338835728,0.4211150652431791,Adds compressed transaction types.,
m2_transaction_types,C(cause_group)[T.因申请诉中财产保全损害责任纠纷],1.0067059413983521e-16,5.81937350471929e-17,0.08364429920170045,-1.3387030678529179e-17,2.1472821895819959e-16,5058,0.19488017338835728,0.4211150652431791,Adds compressed transaction types.,
m2_transaction_types,C(cause_group)[T.因申请财产保全损害责任纠纷],9.343887225895177e-17,3.1096142593564315e-17,0.002657222985587612,3.249155271744377e-17,1.5438619180045977e-16,5058,0.19488017338835728,0.4211150652431791,Adds compressed transaction types.,
m2_transaction_types,C(cause_group)[T.国有公司、企业、事业单位人员失职罪],2.3133931351399175e-16,4.829898521092753e-17,1.6700216935322869e-06,1.366750420107411e-16,3.260035850172424e-16,5058,0.19488017338835728,0.4211150652431791,Adds compressed transaction types.,
m2_transaction_types,C(cause_group)[T.土地租赁合同纠纷],-0.2299815752709567,0.02981070483405247,1.2123745501629222e-14,-0.28840948309945363,-0.17155366744245976,5058,0.19488017338835728,0.4211150652431791,Adds compressed transaction types.,
m2_transaction_types,C(cause_group)[T.妨害信用卡管理罪],4.058873941180341e-19,2.7510342515675904e-17,0.9882284440461092,-5.351339313896777e-17,5.4325167927203834e-17,5058,0.19488017338835728,0.4211150652431791,Adds compressed transaction types.,
m2_transaction_types,C(cause_group)[T.委托合同纠纷],-0.0442374432326203,0.03393356801536545,0.19235347437044992,-0.1107460144096769,0.022271127944436295,5058,0.19488017338835728,0.4211150652431791,Adds compressed transaction types.,
m2_transaction_types,C(cause_group)[T.委托理财合同纠纷],0.06559684218257454,0.046416484922963464,0.15759017786301988,-0.025377796555380278,0.15657148092052936,5058,0.19488017338835728,0.4211150652431791,Adds compressed transaction types.,
m2_transaction_types,C(cause_group)[T.娱乐服务合同纠纷],-0.17413632236293775,0.05884793890321689,0.0030854940301811877,-0.2894761631776564,-0.05879648154821911,5058,0.19488017338835728,0.4211150652431791,Adds compressed transaction types.,
m2_transaction_types,C(cause_group)[T.婚约财产纠纷],0.423268489822488,0.23324184144683555,0.06956704529329534,-0.03387711910111135,0.8804140987460873,5058,0.19488017338835728,0.4211150652431791,Adds compressed transaction types.,
m2_transaction_types,C(cause_group)[T.定作合同纠纷],-0.3286515528528483,0.0762016644387882,1.6111366887944113e-05,-0.47800407071487977,-0.17929903499081684,5058,0.19488017338835728,0.4211150652431791,Adds compressed transaction types.,
m2_transaction_types,C(cause_group)[T.定金合同纠纷],0.07082602496539785,0.20503138103600282,0.7297636661917439,-0.3310280975656763,0.472680147496472,5058,0.19488017338835728,0.4211150652431791,Adds compressed transaction types.,
m2_transaction_types,C(cause_group)[T.容留他人吸毒罪],-1.223599027031385e-17,1.4620129240331492e-17,0.40263324247758914,-4.0890917030684515e-17,1.6418936490056818e-17,5058,0.19488017338835728,0.4211150652431791,Adds compressed transaction types.,
m2_transaction_types,C(cause_group)[T.小额借款合同纠纷],-2.883917537685592e-17,3.5809565127508994e-17,0.4206186689555568,-9.902463332881502e-17,4.134628257510318e-17,5058,0.19488017338835728,0.4211150652431791,Adds compressed transaction types.,
m2_transaction_types,C(cause_group)[T.帮助信息网络犯罪活动],2.8846853966965514e-17,2.1771140519996902e-17,0.18516973788655589,-1.3823797354589037e-17,7.151750528852007e-17,5058,0.19488017338835728,0.4211150652431791,Adds compressed transaction types.,
m2_transaction_types,C(cause_group)[T.帮助信息网络犯罪活动罪],-1.6339663993962405e-16,1.3961167387439107e-17,1.2208441983737465e-31,-1.9076002520113987e-16,-1.3603325467810824e-16,5058,0.19488017338835728,0.4211150652431791,Adds compressed transaction types.,
m2_transaction_types,C(cause_group)[T.广告合同纠纷],0.013112240666817664,0.1481762122860286,0.9294865473781248,-0.27730779877935985,0.30353228011299516,5058,0.19488017338835728,0.4211150652431791,Adds compressed transaction types.,
m2_transaction_types,C(cause_group)[T.建筑物和物件损害责任纠纷],8.044541225225956e-17,1.1890770668043991e-17,1.3297287472773727e-11,5.713992999446805e-17,1.0375089451005106e-16,5058,0.19488017338835728,0.4211150652431791,Adds compressed transaction types.,
m2_transaction_types,C(cause_group)[T.建设工程合同纠纷],-0.1896964995581731,0.03262453205408814,6.080248457009288e-09,-0.2536394073966584,-0.1257535917196878,5058,0.19488017338835728,0.4211150652431791,Adds compressed transaction types.,
m2_transaction_types,C(cause_group)[T.建设工程施工合同纠纷],0.3728623346391285,0.12427655265783542,0.002697466405375637,0.12928476730697552,0.6164399019712814,5058,0.19488017338835728,0.4211150652431791,Adds compressed transaction types.,
m2_transaction_types,C(cause_group)[T.开设赌场罪],-1.135635061388807e-16,4.077671312870052e-18,1.074487597393341e-170,-1.2155559505289818e-16,-1.0557141722486325e-16,5058,0.19488017338835728,0.4211150652431791,Adds compressed transaction types.,
m2_transaction_types,C(cause_group)[T.悬赏广告纠纷],0.6509154267914344,0.055940090000033055,2.705984396980292e-31,0.5412748650994404,0.7605559884834284,5058,0.19488017338835728,0.4211150652431791,Adds compressed transaction types.,
m2_transaction_types,C(cause_group)[T.房屋买卖合同纠纷],-0.4186427160096951,0.0710640171909778,3.837155042492214e-09,-0.5579256303007468,-0.2793598017186434,5058,0.19488017338835728,0.4211150652431791,Adds compressed transaction types.,
m2_transaction_types,C(cause_group)[T.房屋拆迁安置补偿合同纠纷],0.8877013977475032,0.030512349563641662,4.378379508918492e-186,0.8278982915190691,0.9475045039759373,5058,0.19488017338835728,0.4211150652431791,Adds compressed transaction types.,
m2_transaction_types,C(cause_group)[T.房屋租赁合同纠纷],0.05336415920211137,0.11614835931833102,0.645912313763918,-0.1742824419252346,0.2810107603294573,5058,0.19488017338835728,0.4211150652431791,Adds compressed transaction types.,
m2_transaction_types,C(cause_group)[T.所有权确认纠纷],-0.6301932554279891,0.027301455174868632,6.8972414844266226e-118,-0.6837031242962663,-0.5766833865597119,5058,0.19488017338835728,0.4211150652431791,Adds compressed transaction types.,
m2_transaction_types,C(cause_group)[T.所有权纠纷],0.4163412653946655,0.04324661022860338,6.141371285897817e-22,0.33157946689316137,0.5011030638961697,5058,0.19488017338835728,0.4211150652431791,Adds compressed transaction types.,
m2_transaction_types,C(cause_group)[T.执行异议之诉],-0.0006204578060300526,0.2857200488001471,0.9982673483465528,-0.5606214631153451,0.559380547503285,5058,0.19488017338835728,0.4211150652431791,Adds compressed transaction types.,
m2_transaction_types,C(cause_group)[T.执行程序中的异议之诉],1.6226352251123052e-16,6.466696366807292e-26,0.0,1.622635223844856e-16,1.6226352263797545e-16,5058,0.19488017338835728,0.4211150652431791,Adds compressed transaction types.,
m2_transaction_types,C(cause_group)[T.技术合同纠纷],-0.12933319873166862,0.02956826181121218,1.2195971893583949e-05,-0.18728592696709556,-0.07138047049624169,5058,0.19488017338835728,0.4211150652431791,Adds compressed transaction types.,
m2_transaction_types,C(cause_group)[T.技术委托开发合同纠纷],-0.14312529493520323,0.02943001856749069,1.1547866410641616e-06,-0.20080707139183007,-0.08544351847857641,5058,0.19488017338835728,0.4211150652431791,Adds compressed transaction types.,
m2_transaction_types,C(cause_group)[T.技术服务合同纠纷],-0.16370505291604057,0.058612514081162484,0.005222086265705785,-0.2785834695584658,-0.04882663627361532,5058,0.19488017338835728,0.4211150652431791,Adds compressed transaction types.,
m2_transaction_types,C(cause_group)[T.抢劫罪],2.8825919345657364e-16,7.973085379604097e-26,0.0,2.8825919330030404e-16,2.8825919361284324e-16,5058,0.19488017338835728,0.4211150652431791,Adds compressed transaction types.,
m2_transaction_types,C(cause_group)[T.抢夺罪],-2.16903630918338e-16,3.4893289458628137e-25,0.0,-2.169036316022339e-16,-2.1690363023444209e-16,5058,0.19488017338835728,0.4211150652431791,Adds compressed transaction types.,
m2_transaction_types,C(cause_group)[T.抵押合同纠纷],0.1910417597920062,0.2165283967866979,0.3776177042304264,-0.23334609954012012,0.6154296191241325,5058,0.19488017338835728,0.4211150652431791,Adds compressed transaction types.,
m2_transaction_types,C(cause_group)[T.担保物权确认纠纷],-0.2229732684576912,0.05337691657315361,2.9494431178621076e-05,-0.3275901025468714,-0.118356434368511,5058,0.19488017338835728,0.4211150652431791,Adds compressed transaction types.,
m2_transaction_types,C(cause_group)[T.拒不执行判决、裁定罪],1.5100454576933027e-16,1.7687426031085179e-25,0.0,1.510045454226631e-16,1.5100454611599744e-16,5058,0.19488017338835728,0.4211150652431791,Adds compressed transaction types.,
m2_transaction_types,C(cause_group)[T.拒不支付劳动报酬罪],1.725822674836659e-16,8.072260260684047e-26,0.0,1.725822673254525e-16,1.725822676418793e-16,5058,0.19488017338835728,0.4211150652431791,Adds compressed transaction types.,
m2_transaction_types,C(cause_group)[T.持有、使用假币罪],-7.311507730906518e-17,1.1159053520141555e-25,0.0,-7.311507752777861e-17,-7.311507709035176e-17,5058,0.19488017338835728,0.4211150652431791,Adds compressed transaction types.,
m2_transaction_types,C(cause_group)[T.挪用公款罪],-3.47290196033395e-17,2.0567889059523995e-25,0.0,-3.472902000646272e-17,-3.4729019200216283e-17,5058,0.19488017338835728,0.4211150652431791,Adds compressed transaction types.,
m2_transaction_types,C(cause_group)[T.挪用资金罪],1.9853664790068982e-16,4.476293052793186e-25,0.0,1.985366470233525e-16,1.9853664877802715e-16,5058,0.19488017338835728,0.4211150652431791,Adds compressed transaction types.,
m2_transaction_types,C(cause_group)[T.损害公司债权人利益责任纠纷],-0.25687811403616934,0.06398664120907008,5.955717248832768e-05,-0.38228962629763313,-0.13146660177470554,5058,0.19488017338835728,0.4211150652431791,Adds compressed transaction types.,
m2_transaction_types,C(cause_group)[T.损害公司利益责任纠纷],-0.20944029292242838,0.05378730433015498,9.866114959802571e-05,-0.3148614722350275,-0.10401911360982932,5058,0.19488017338835728,0.4211150652431791,Adds compressed transaction types.,
m2_transaction_types,C(cause_group)[T.排除妨害纠纷],0.44091929192794627,0.032517653192732615,6.972071252304489e-42,0.3771858628084264,0.5046527210474661,5058,0.19488017338835728,0.4211150652431791,Adds compressed transaction types.,
m2_transaction_types,C(cause_group)[T.掩饰、隐瞒犯罪所得、犯罪所得收益],7.892645779817666e-17,1.0785364535341692e-25,0.0,7.89264575867874e-17,7.892645800956591e-17,5058,0.19488017338835728,0.4211150652431791,Adds compressed transaction types.,
m2_transaction_types,C(cause_group)[T.掩饰、隐瞒犯罪所得、犯罪所得收益罪],-7.939857862783734e-17,1.2523124226322376e-25,0.0,-7.939857887328606e-17,-7.939857838238861e-17,5058,0.19488017338835728,0.4211150652431791,Adds compressed transaction types.,
m2_transaction_types,C(cause_group)[T.提供侵入、非法控制计算机信息系统程序、工具],8.175043875267693e-18,8.255871710575135e-26,0.0,8.175043713455581e-18,8.175044037079805e-18,5058,0.19488017338835728,0.4211150652431791,Adds compressed transaction types.,
m2_transaction_types,C(cause_group)[T.提供侵入、非法控制计算机信息系统程序、工具罪],5.230030373904106e-17,2.7727950019064343e-25,0.0,5.2300303195583226e-17,5.230030428249889e-17,5058,0.19488017338835728,0.4211150652431791,Adds compressed transaction types.,
m2_transaction_types,C(cause_group)[T.提供劳务者受害责任纠纷],1.3005070022511444e-16,7.574904293866835e-26,0.0,1.3005070007664904e-16,1.3005070037357983e-16,5058,0.19488017338835728,0.4211150652431791,Adds compressed transaction types.,
m2_transaction_types,C(cause_group)[T.故意伤害罪],1.30125015545541e-17,4.09557745502992e-26,0.0,1.3012501474282257e-17,1.3012501634825944e-17,5058,0.19488017338835728,0.4211150652431791,Adds compressed transaction types.,
m2_transaction_types,C(cause_group)[T.故意杀人罪],5.870768447506335e-17,2.6528207253682448e-25,0.0,5.870768395512004e-17,5.870768499500666e-17,5058,0.19488017338835728,0.4211150652431791,Adds compressed transaction types.,
m2_transaction_types,C(cause_group)[T.故意毁坏财物罪],4.033715689459766e-17,1.747151130105126e-25,0.0,4.033715655216233e-17,4.033715723703299e-17,5058,0.19488017338835728,0.4211150652431791,Adds compressed transaction types.,
m2_transaction_types,C(cause_group)[T.教育培训合同纠纷],-0.18975760607742914,0.04337543812036158,1.2156005697565993e-05,-0.2747719026069836,-0.10474330954787471,5058,0.19488017338835728,0.4211150652431791,Adds compressed transaction types.,
m2_transaction_types,C(cause_group)[T.文化行政管理],7.881513771846168e-17,5.377007310895101e-26,0.0,7.881513761307428e-17,7.881513782384909e-17,5058,0.19488017338835728,0.4211150652431791,Adds compressed transaction types.,
m2_transaction_types,C(cause_group)[T.旅游合同纠纷],-0.14436862418045474,0.029546319021015514,1.0281136809747988e-06,-0.20227834533737588,-0.08645890302353358,5058,0.19488017338835728,0.4211150652431791,Adds compressed transaction types.,
m2_transaction_types,C(cause_group)[T.服务合同纠纷],-0.12758960531106392,0.06785468674421473,0.06006230982832066,-0.2605823475119722,0.005403136889844368,5058,0.19488017338835728,0.4211150652431791,Adds compressed transaction types.,
m2_transaction_types,C(cause_group)[T.未分类],-0.05163764622756024,0.19709255497889858,0.7933238016286173,-0.43793195560718196,0.3346566631520615,5058,0.19488017338835728,0.4211150652431791,Adds compressed transaction types.,
m2_transaction_types,C(cause_group)[T.机动车交通事故责任纠纷],0.5493828990290163,0.04117540633887968,1.309900661047982e-40,0.4686805855560099,0.6300852125020227,5058,0.19488017338835728,0.4211150652431791,Adds compressed transaction types.,
m2_transaction_types,C(cause_group)[T.案外人执行异议之诉],-0.2644371385410067,0.06101035464576364,1.4622510939865319e-05,-0.38401523633071943,-0.144859040751294,5058,0.19488017338835728,0.4211150652431791,Adds compressed transaction types.,
m2_transaction_types,C(cause_group)[T.欺诈客户责任纠纷],-4.166376438894266e-18,9.355773044331215e-27,0.0,-4.1663764572312446e-18,-4.1663764205572876e-18,5058,0.19488017338835728,0.4211150652431791,Adds compressed transaction types.,
m2_transaction_types,C(cause_group)[T.民间借贷纠纷],-0.058647472816504044,0.0298566403557737,0.049495023798561286,-0.11716541261318564,-0.00012953301982245036,5058,0.19488017338835728,0.4211150652431791,Adds compressed transaction types.,
m2_transaction_types,C(cause_group)[T.民间委托理财合同纠纷],0.15441398076301768,0.04838364048361652,0.0014156049546415735,0.05958378797419518,0.2492441735518402,5058,0.19488017338835728,0.4211150652431791,Adds compressed transaction types.,
m2_transaction_types,C(cause_group)[T.法定继承纠纷],1.1240869443534281e-17,4.4881156941831436e-32,0.0,1.1240869443534193e-17,1.1240869443534369e-17,5058,0.19488017338835728,0.4211150652431791,Adds compressed transaction types.,
m2_transaction_types,C(cause_group)[T.法律服务合同纠纷],-0.25846464930841156,0.05753467463207762,7.044869823153539e-06,-0.371230539449514,-0.14569875916730915,5058,0.19488017338835728,0.4211150652431791,Adds compressed transaction types.,
m2_transaction_types,C(cause_group)[T.洗钱罪],0.0,0.0,,0.0,0.0,5058,0.19488017338835728,0.4211150652431791,Adds compressed transaction types.,
m2_transaction_types,C(cause_group)[T.消费者权益保护民事公益诉讼],0.6786480853759209,0.05451386433365965,1.4144603363204132e-35,0.5718028746238454,0.7854932961279965,5058,0.19488017338835728,0.4211150652431791,Adds compressed transaction types.,
m2_transaction_types,C(cause_group)[T.清算责任纠纷],0.31042611985606156,0.2776872577551829,0.2636104212323441,-0.23383090430978776,0.8546831440219109,5058,0.19488017338835728,0.4211150652431791,Adds compressed transaction types.,
m2_transaction_types,C(cause_group)[T.演出合同纠纷],-0.19276793417069163,0.036218965468223355,1.0246754349125149e-07,-0.2637558020457093,-0.12178006629567396,5058,0.19488017338835728,0.4211150652431791,Adds compressed transaction types.,
m2_transaction_types,C(cause_group)[T.物业服务合同纠纷],-0.2872210597483513,0.059993548229957006,1.688444322993235e-06,-0.40480625358383376,-0.1696358659128689,5058,0.19488017338835728,0.4211150652431791,Adds compressed transaction types.,
m2_transaction_types,C(cause_group)[T.物权保护纠纷],0.5409331520560445,0.11819350163009419,4.724262855080735e-06,0.3092781456543837,0.7725881584577053,5058,0.19488017338835728,0.4211150652431791,Adds compressed transaction types.,
m2_transaction_types,C(cause_group)[T.物权确认纠纷],0.0,0.0,,0.0,0.0,5058,0.19488017338835728,0.4211150652431791,Adds compressed transaction types.,
m2_transaction_types,C(cause_group)[T.物权纠纷],0.7712525645777697,0.0604382115438467,2.7067195222894114e-37,0.6527958466618172,0.8897092824937222,5058,0.19488017338835728,0.4211150652431791,Adds compressed transaction types.,
m2_transaction_types,C(cause_group)[T.特许经营合同纠纷],-0.22751346263644934,0.030065832987359542,3.814237270358624e-14,-0.2864414124568703,-0.16858551281602835,5058,0.19488017338835728,0.4211150652431791,Adds compressed transaction types.,
m2_transaction_types,C(cause_group)[T.生产、销售伪劣产品罪],0.0,0.0,,0.0,0.0,5058,0.19488017338835728,0.4211150652431791,Adds compressed transaction types.,
m2_transaction_types,C(cause_group)[T.生产、销售有毒、有害食品罪],0.0,0.0,,0.0,0.0,5058,0.19488017338835728,0.4211150652431791,Adds compressed transaction types.,
m2_transaction_types,C(cause_group)[T.生命权、身体权、健康权纠纷],0.0,0.0,,0.0,0.0,5058,0.19488017338835728,0.4211150652431791,Adds compressed transaction types.,
m2_transaction_types,C(cause_group)[T.申请诉前停止侵害注册商标专用权],0.0,0.0,,0.0,0.0,5058,0.19488017338835728,0.4211150652431791,Adds compressed transaction types.,
m2_transaction_types,C(cause_group)[T.电信服务合同纠纷],0.0,0.0,,0.0,0.0,5058,0.19488017338835728,0.4211150652431791,Adds compressed transaction types.,
m2_transaction_types,C(cause_group)[T.盗伐林木罪],0.0,0.0,,0.0,0.0,5058,0.19488017338835728,0.4211150652431791,Adds compressed transaction types.,
m2_transaction_types,C(cause_group)[T.盗窃罪],0.0,0.0,,0.0,0.0,5058,0.19488017338835728,0.4211150652431791,Adds compressed transaction types.,
m2_transaction_types,C(cause_group)[T.相邻关系纠纷],0.0,0.0,,0.0,0.0,5058,0.19488017338835728,0.4211150652431791,Adds compressed transaction types.,
m2_transaction_types,C(cause_group)[T.破坏计算机信息系统罪],0.0,0.0,,0.0,0.0,5058,0.19488017338835728,0.4211150652431791,Adds compressed transaction types.,
m2_transaction_types,C(cause_group)[T.确认不侵害著作权纠纷],0.0,0.0,,0.0,0.0,5058,0.19488017338835728,0.4211150652431791,Adds compressed transaction types.,
m2_transaction_types,C(cause_group)[T.确认合同效力纠纷],0.054138748328859884,0.18493599503277577,0.7697184743260046,-0.30832914138045897,0.41660663803817877,5058,0.19488017338835728,0.4211150652431791,Adds compressed transaction types.,
m2_transaction_types,C(cause_group)[T.确认合同无效纠纷],0.5672821939831664,0.08123786343894858,2.8898816664963878e-12,0.4080589074618439,0.7265054805044888,5058,0.19488017338835728,0.4211150652431791,Adds compressed transaction types.,
m2_transaction_types,C(cause_group)[T.确认合同有效纠纷],0.44261447553926375,0.046507113313170534,1.78019224184416e-21,0.3514622084205262,0.5337667426580013,5058,0.19488017338835728,0.4211150652431791,Adds compressed transaction types.,
m2_transaction_types,C(cause_group)[T.离婚后财产纠纷],-0.27875589757371355,0.0560983855320686,6.72803913852163e-07,-0.38870671280741087,-0.16880508234001626,5058,0.19488017338835728,0.4211150652431791,Adds compressed transaction types.,
m2_transaction_types,C(cause_group)[T.离婚纠纷],0.20445815608003748,0.36290404693824535,0.5731662590172233,-0.5068207057627567,0.9157370179228317,5058,0.19488017338835728,0.4211150652431791,Adds compressed transaction types.,
m2_transaction_types,C(cause_group)[T.种植、养殖回收合同纠纷],-0.2019484631662218,0.030671851163878976,4.5745549151566565e-11,-0.26206418678659754,-0.14183273954584608,5058,0.19488017338835728,0.4211150652431791,Adds compressed transaction types.,
m2_transaction_types,C(cause_group)[T.租赁合同纠纷],-0.2508549960721351,0.06386438201196555,8.567916877540583e-05,-0.3760268847104952,-0.12568310743377492,5058,0.19488017338835728,0.4211150652431791,Adds compressed transaction types.,
m2_transaction_types,C(cause_group)[T.窃取、收买、非法提供信用卡信息罪],0.0,0.0,,0.0,0.0,5058,0.19488017338835728,0.4211150652431791,Adds compressed transaction types.,
m2_transaction_types,C(cause_group)[T.窝藏、包庇罪],0.0,0.0,,0.0,0.0,5058,0.19488017338835728,0.4211150652431791,Adds compressed transaction types.,
m2_transaction_types,C(cause_group)[T.竞业限制纠纷],-0.2287882073876551,0.05292777065511781,1.541664690325014e-05,-0.33252473165368196,-0.12505168312162823,5058,0.19488017338835728,0.4211150652431791,Adds compressed transaction types.,
m2_transaction_types,C(cause_group)[T.组织、领导传销活动],0.0,0.0,,0.0,0.0,5058,0.19488017338835728,0.4211150652431791,Adds compressed transaction types.,
m2_transaction_types,C(cause_group)[T.组织、领导传销活动罪],0.0,0.0,,0.0,0.0,5058,0.19488017338835728,0.4211150652431791,Adds compressed transaction types.,
m2_transaction_types,C(cause_group)[T.组织他人偷越国（边）境罪],0.0,0.0,,0.0,0.0,5058,0.19488017338835728,0.4211150652431791,Adds compressed transaction types.,
m2_transaction_types,C(cause_group)[T.组织卖淫罪],0.0,0.0,,0.0,0.0,5058,0.19488017338835728,0.4211150652431791,Adds compressed transaction types.,
m2_transaction_types,C(cause_group)[T.组织淫秽表演罪],0.0,0.0,,0.0,0.0,5058,0.19488017338835728,0.4211150652431791,Adds compressed transaction types.,
m2_transaction_types,C(cause_group)[T.绑架罪],0.0,0.0,,0.0,0.0,5058,0.19488017338835728,0.4211150652431791,Adds compressed transaction types.,
m2_transaction_types,C(cause_group)[T.缔约过失责任纠纷],0.34203520640958196,0.27563101740398177,0.2146364237995041,-0.19819166072435512,0.882262073543519,5058,0.19488017338835728,0.4211150652431791,Adds compressed transaction types.,
m2_transaction_types,C(cause_group)[T.网络侵害虚拟财产纠纷],0.1435710745822067,0.2947416652654801,0.6261816735945139,-0.43411197408149454,0.721254123245908,5058,0.19488017338835728,0.4211150652431791,Adds compressed transaction types.,
m2_transaction_types,C(cause_group)[T.网络侵权责任纠纷],-0.04325814133128078,0.10047999139965495,0.666821073354738,-0.24019530564149885,0.1536790229789373,5058,0.19488017338835728,0.4211150652431791,Adds compressed transaction types.,
m2_transaction_types,C(cause_group)[T.网络域名合同纠纷],-0.09183029480716517,0.04789142561895316,0.05517845297410166,-0.18569576418859224,0.0020351745742618887,5058,0.19488017338835728,0.4211150652431791,Adds compressed transaction types.,
m2_transaction_types,C(cause_group)[T.网络域名权属纠纷],0.0,0.0,,0.0,0.0,5058,0.19488017338835728,0.4211150652431791,Adds compressed transaction types.,
m2_transaction_types,C(cause_group)[T.网络服务合同纠纷],-0.16655658044259772,0.058735198916437865,0.004572250689250009,-0.28167545494361196,-0.05143770594158349,5058,0.19488017338835728,0.4211150652431791,Adds compressed transaction types.,
m2_transaction_types,C(cause_group)[T.职务侵占罪],0.0,0.0,,0.0,0.0,5058,0.19488017338835728,0.4211150652431791,Adds compressed transaction types.,
m2_transaction_types,C(cause_group)[T.联营合同纠纷],-0.1362731107405572,0.03237253305031827,2.559038039682049e-05,-0.19972210960751358,-0.07282411187360081,5058,0.19488017338835728,0.4211150652431791,Adds compressed transaction types.,
m2_transaction_types,C(cause_group)[T.肖像权纠纷],0.8135611316787994,0.11499950073434549,1.5001524285043933e-12,0.5881662519993948,1.0389560113582041,5058,0.19488017338835728,0.4211150652431791,Adds compressed transaction types.,
m2_transaction_types,C(cause_group)[T.股东出资纠纷],-0.308322282875494,0.052281059860331366,3.692756161668361e-09,-0.41079127727532616,-0.20585328847566187,5058,0.19488017338835728,0.4211150652431791,Adds compressed transaction types.,
m2_transaction_types,C(cause_group)[T.股东损害公司债权人利益责任纠纷],-0.13293891451662918,0.16599404256403116,0.4232094706919597,-0.45828125959033905,0.19240343055708067,5058,0.19488017338835728,0.4211150652431791,Adds compressed transaction types.,
m2_transaction_types,C(cause_group)[T.股东知情权纠纷],0.0,0.0,,0.0,0.0,5058,0.19488017338835728,0.4211150652431791,Adds compressed transaction types.,
m2_transaction_types,C(cause_group)[T.股东资格确认纠纷],-0.4285146634054541,0.03336636544675994,9.450334592952053e-38,-0.49391153797610526,-0.3631177888348029,5058,0.19488017338835728,0.4211150652431791,Adds compressed transaction types.,
m2_transaction_types,C(cause_group)[T.股权转让纠纷],-0.21902392327384507,0.1456019115230951,0.13251303434322118,-0.504398425939299,0.06635057939160882,5058,0.19488017338835728,0.4211150652431791,Adds compressed transaction types.,
m2_transaction_types,C(cause_group)[T.著作权合同纠纷],-0.12455437653247846,0.030988828065963862,5.8363474733315345e-05,-0.18529136346487166,-0.06381738960008526,5058,0.19488017338835728,0.4211150652431791,Adds compressed transaction types.,
m2_transaction_types,C(cause_group)[T.著作权权属、侵权纠纷],0.0,0.0,,0.0,0.0,5058,0.19488017338835728,0.4211150652431791,Adds compressed transaction types.,
m2_transaction_types,C(cause_group)[T.著作权权属纠纷],-0.21793118494311717,0.07217416577664841,0.0025317733801581226,-0.3593899504795714,-0.07647241940666294,5058,0.19488017338835728,0.4211150652431791,Adds compressed transaction types.,
m2_transaction_types,C(cause_group)[T.著作权许可使用合同纠纷],-0.15834087478801798,0.05829039341865283,0.006599322146199885,-0.27258794653324814,-0.04409380304278783,5058,0.19488017338835728,0.4211150652431791,Adds compressed transaction types.,
m2_transaction_types,C(cause_group)[T.虚假诉讼罪],0.0,0.0,,0.0,0.0,5058,0.19488017338835728,0.4211150652431791,Adds compressed transaction types.,
m2_transaction_types,C(cause_group)[T.融资租赁合同纠纷],-0.28729228821545294,0.0468274365091863,8.509098220017173e-10,-0.3790723772617941,-0.19551219916911178,5058,0.19488017338835728,0.4211150652431791,Adds compressed transaction types.,
m2_transaction_types,C(cause_group)[T.行政],0.0,0.0,,0.0,0.0,5058,0.19488017338835728,0.4211150652431791,Adds compressed transaction types.,
m2_transaction_types,C(cause_group)[T.行政处罚],0.0,0.0,,0.0,0.0,5058,0.19488017338835728,0.4211150652431791,Adds compressed transaction types.,
m2_transaction_types,C(cause_group)[T.行政复议],0.0,0.0,,0.0,0.0,5058,0.19488017338835728,0.4211150652431791,Adds compressed transaction types.,
m2_transaction_types,C(cause_group)[T.行政强制],0.0,0.0,,0.0,0.0,5058,0.19488017338835728,0.4211150652431791,Adds compressed transaction types.,
m2_transaction_types,C(cause_group)[T.行政强制措施],0.0,0.0,,0.0,0.0,5058,0.19488017338835728,0.4211150652431791,Adds compressed transaction types.,
m2_transaction_types,C(cause_group)[T.行政拘留],0.0,0.0,,0.0,0.0,5058,0.19488017338835728,0.4211150652431791,Adds compressed transaction types.,
m2_transaction_types,C(cause_group)[T.行政撤销],0.0,0.0,,0.0,0.0,5058,0.19488017338835728,0.4211150652431791,Adds compressed transaction types.,
m2_transaction_types,C(cause_group)[T.行政监察],0.0,0.0,,0.0,0.0,5058,0.19488017338835728,0.4211150652431791,Adds compressed transaction types.,
m2_transaction_types,C(cause_group)[T.行政确认],0.0,0.0,,0.0,0.0,5058,0.19488017338835728,0.4211150652431791,Adds compressed transaction types.,
m2_transaction_types,C(cause_group)[T.行政非诉执行],0.0,0.0,,0.0,0.0,5058,0.19488017338835728,0.4211150652431791,Adds compressed transaction types.,
m2_transaction_types,C(cause_group)[T.行纪合同纠纷],0.09107671142593052,0.2095800756677931,0.6638763137730972,-0.31969268876012324,0.5018461116119843,5058,0.19488017338835728,0.4211150652431791,Adds compressed transaction types.,
m2_transaction_types,C(cause_group)[T.被继承人债务清偿纠纷],-0.16793579969651456,0.109286026989408,0.12437584366011327,-0.38213247660922656,0.04626087721619743,5058,0.19488017338835728,0.4211150652431791,Adds compressed transaction types.,
m2_transaction_types,C(cause_group)[T.装饰装修合同纠纷],0.1754695882649455,0.198530627079125,0.3767818318995365,-0.21364329063829188,0.5645824671681828,5058,0.19488017338835728,0.4211150652431791,Adds compressed transaction types.,
m2_transaction_types,C(cause_group)[T.计算机软件开发合同纠纷],-0.024367827108739477,0.08428661255899816,0.772499702079356,-0.18956655210325726,0.14083089788577832,5058,0.19488017338835728,0.4211150652431791,Adds compressed transaction types.,
m2_transaction_types,C(cause_group)[T.计算机软件著作权许可使用合同纠纷],-0.1799615920384272,0.03225910898151196,2.42422043181268e-08,-0.24318828381554325,-0.11673490026131118,5058,0.19488017338835728,0.4211150652431791,Adds compressed transaction types.,
m2_transaction_types,C(cause_group)[T.诈骗],0.0,0.0,,0.0,0.0,5058,0.19488017338835728,0.4211150652431791,Adds compressed transaction types.,
m2_transaction_types,C(cause_group)[T.诈骗罪],0.0,0.0,,0.0,0.0,5058,0.19488017338835728,0.4211150652431791,Adds compressed transaction types.,
m2_transaction_types,C(cause_group)[T.诬告陷害罪],0.0,0.0,,0.0,0.0,5058,0.19488017338835728,0.4211150652431791,Adds compressed transaction types.,
m2_transaction_types,C(cause_group)[T.财产保险合同纠纷],-0.12785718655877215,0.030267904979910856,2.3980853978214082e-05,-0.18718119020687798,-0.06853318291066632,5058,0.19488017338835728,0.4211150652431791,Adds compressed transaction types.,
m2_transaction_types,C(cause_group)[T.财产损失保险合同纠纷],-0.21840964395880114,0.028858182567069204,3.7791199976853446e-14,-0.2749706424495384,-0.16184864546806385,5058,0.19488017338835728,0.4211150652431791,Adds compressed transaction types.,
m2_transaction_types,C(cause_group)[T.财产损害赔偿纠纷],0.1414458613023362,0.11277181254873177,0.20974530200340968,-0.0795828297644802,0.3624745523691526,5058,0.19488017338835728,0.4211150652431791,Adds compressed transaction types.,
m2_transaction_types,C(cause_group)[T.贪污罪],0.0,0.0,,0.0,0.0,5058,0.19488017338835728,0.4211150652431791,Adds compressed transaction types.,
m2_transaction_types,C(cause_group)[T.贷款诈骗罪],0.0,0.0,,0.0,0.0,5058,0.19488017338835728,0.4211150652431791,Adds compressed transaction types.,
m2_transaction_types,C(cause_group)[T.赌博罪],0.0,0.0,,0.0,0.0,5058,0.19488017338835728,0.4211150652431791,Adds compressed transaction types.,
m2_transaction_types,C(cause_group)[T.赠与合同纠纷],0.4252395584119913,0.07834764182408471,5.711728473104348e-08,0.2716810021631412,0.5787981146608414,5058,0.19488017338835728,0.4211150652431791,Adds compressed transaction types.,
m2_transaction_types,C(cause_group)[T.走私、贩卖、运输、制造毒品],0.0,0.0,,0.0,0.0,5058,0.19488017338835728,0.4211150652431791,Adds compressed transaction types.,
m2_transaction_types,C(cause_group)[T.走私、贩卖、运输、制造毒品罪],0.0,0.0,,0.0,0.0,5058,0.19488017338835728,0.4211150652431791,Adds compressed transaction types.,
m2_transaction_types,C(cause_group)[T.走私普通货物、物品罪],0.0,0.0,,0.0,0.0,5058,0.19488017338835728,0.4211150652431791,Adds compressed transaction types.,
m2_transaction_types,C(cause_group)[T.走私武器、弹药罪],0.0,0.0,,0.0,0.0,5058,0.19488017338835728,0.4211150652431791,Adds compressed transaction types.,
m2_transaction_types,C(cause_group)[T.走私罪],0.0,0.0,,0.0,0.0,5058,0.19488017338835728,0.4211150652431791,Adds compressed transaction types.,
m2_transaction_types,C(cause_group)[T.车辆租赁合同纠纷],-0.20787165432808122,0.028867148689401392,5.978292766446573e-13,-0.2644502260956706,-0.15129308256049187,5058,0.19488017338835728,0.4211150652431791,Adds compressed transaction types.,
m2_transaction_types,C(cause_group)[T.运输合同纠纷],0.13785185085538892,0.26461665401178736,0.6024021164418623,-0.38078726071721075,0.6564909624279887,5058,0.19488017338835728,0.4211150652431791,Adds compressed transaction types.,
m2_transaction_types,C(cause_group)[T.运送他人偷越国（边）境罪],0.0,0.0,,0.0,0.0,5058,0.19488017338835728,0.4211150652431791,Adds compressed transaction types.,
m2_transaction_types,C(cause_group)[T.返还原物纠纷],0.10254606610812898,0.10781001731659802,0.3415161454961081,-0.1087576850050427,0.3138498172213007,5058,0.19488017338835728,0.4211150652431791,Adds compressed transaction types.,
m2_transaction_types,C(cause_group)[T.追偿权纠纷],-0.1914795297103666,0.10785435096329554,0.07583964353990129,-0.4028701731743688,0.01991111375363555,5058,0.19488017338835728,0.4211150652431791,Adds compressed transaction types.,
m2_transaction_types,C(cause_group)[T.追加、变更被执行人异议之诉],-0.4254127872779987,0.03367440625401651,1.3867037402331236e-36,-0.4914134107366414,-0.359412163819356,5058,0.19488017338835728,0.4211150652431791,Adds compressed transaction types.,
m2_transaction_types,C(cause_group)[T.追索劳动报酬纠纷],0.0,0.0,,0.0,0.0,5058,0.19488017338835728,0.4211150652431791,Adds compressed transaction types.,
m2_transaction_types,C(cause_group)[T.金融借款合同纠纷],-0.3623440945350058,0.032075055860576636,1.3615439929792255e-29,-0.4252100488238464,-0.29947814024616526,5058,0.19488017338835728,0.4211150652431791,Adds compressed transaction types.,
m2_transaction_types,C(cause_group)[T.铁路运输财产损害责任纠纷],0.3827499686709661,0.028862415615875586,3.886802457132688e-40,0.3261806735570235,0.4393192637849087,5058,0.19488017338835728,0.4211150652431791,Adds compressed transaction types.,
m2_transaction_types,C(cause_group)[T.银行卡纠纷],-0.23741667792176527,0.05444789074452194,1.2980207342810314e-05,-0.34413258281520004,-0.1307007730283305,5058,0.19488017338835728,0.4211150652431791,Adds compressed transaction types.,
m2_transaction_types,C(cause_group)[T.销售假冒注册商标的商品罪],0.0,0.0,,0.0,0.0,5058,0.19488017338835728,0.4211150652431791,Adds compressed transaction types.,
m2_transaction_types,C(cause_group)[T.隐私权纠纷],0.0,0.0,,0.0,0.0,5058,0.19488017338835728,0.4211150652431791,Adds compressed transaction types.,
m2_transaction_types,C(cause_group)[T.集资诈骗罪],0.0,0.0,,0.0,0.0,5058,0.19488017338835728,0.4211150652431791,Adds compressed transaction types.,
m2_transaction_types,C(cause_group)[T.非法侵入计算机信息系统罪],0.0,0.0,,0.0,0.0,5058,0.19488017338835728,0.4211150652431791,Adds compressed transaction types.,
m2_transaction_types,C(cause_group)[T.非法出售增值税专用发票罪],0.0,0.0,,0.0,0.0,5058,0.19488017338835728,0.4211150652431791,Adds compressed transaction types.,
m2_transaction_types,C(cause_group)[T.非法利用信息网络],0.0,0.0,,0.0,0.0,5058,0.19488017338835728,0.4211150652431791,Adds compressed transaction types.,
m2_transaction_types,C(cause_group)[T.非法利用信息网络罪],0.0,0.0,,0.0,0.0,5058,0.19488017338835728,0.4211150652431791,Adds compressed transaction types.,
m2_transaction_types,C(cause_group)[T.非法制造、买卖、运输、邮寄、储存枪支、弹药、爆炸物罪],0.0,0.0,,0.0,0.0,5058,0.19488017338835728,0.4211150652431791,Adds compressed transaction types.,
m2_transaction_types,C(cause_group)[T.非法吸收公众存款],0.0,0.0,,0.0,0.0,5058,0.19488017338835728,0.4211150652431791,Adds compressed transaction types.,
m2_transaction_types,C(cause_group)[T.非法吸收公众存款罪],0.0,0.0,,0.0,0.0,5058,0.19488017338835728,0.4211150652431791,Adds compressed transaction types.,
m2_transaction_types,C(cause_group)[T.非法拘禁罪],0.0,0.0,,0.0,0.0,5058,0.19488017338835728,0.4211150652431791,Adds compressed transaction types.,
m2_transaction_types,C(cause_group)[T.非法持有毒品罪],0.0,0.0,,0.0,0.0,5058,0.19488017338835728,0.4211150652431791,Adds compressed transaction types.,
m2_transaction_types,C(cause_group)[T.非法种植毒品原植物罪],0.0,0.0,,0.0,0.0,5058,0.19488017338835728,0.4211150652431791,Adds compressed transaction types.,
m2_transaction_types,C(cause_group)[T.非法获取计算机信息系统数据、非法控制计算机信息系统罪],0.0,0.0,,0.0,0.0,5058,0.19488017338835728,0.4211150652431791,Adds compressed transaction types.,
m2_transaction_types,C(cause_group)[T.食品、药品监管渎职罪],0.0,0.0,,0.0,0.0,5058,0.19488017338835728,0.4211150652431791,Adds compressed transaction types.,
m2_transaction_types,C(cause_group)[T.餐饮服务合同纠纷],0.8240553933495086,0.066564462848853,3.361382085143791e-35,0.6935914435155023,0.954519343183515,5058,0.19488017338835728,0.4211150652431791,Adds compressed transaction types.,
m2_transaction_types,post2021,0.08148226388051061,0.013654934086429165,2.413008969715263e-09,0.0547190848598411,0.10824544290118011,5058,0.19488017338835728,0.4211150652431791,Adds compressed transaction types.,
m2_transaction_types,log_amount_master,-0.006050770066750933,0.003856573723125067,0.11665966710658866,-0.01360951566779961,0.001507975534297744,5058,0.19488017338835728,0.4211150652431791,Adds compressed transaction types.,
m2_transaction_types,amount_llm_regex_conflict_flag,-0.08206031515590713,0.03271943057524639,0.012141684281140005,-0.14618922067804874,-0.017931409633765535,5058,0.19488017338835728,0.4211150652431791,Adds compressed transaction types.,
m2_transaction_types,amount_regex_fallback_flag,0.0,0.0,,0.0,0.0,5058,0.19488017338835728,0.4211150652431791,Adds compressed transaction types.,
m3_policy_by_transaction,Intercept,0.3746520420124101,0.05679163847946866,4.1968017797956726e-11,0.26334247596963245,0.48596160805518773,5058,0.2022392030661211,0.4211150652431791,Policy effect heterogeneity by transaction type.,
m3_policy_by_transaction,"C(transaction_type, Treatment(reference='借贷'))[T.投资/理财]",0.2576565462005769,0.03134002079974696,2.0126436749225252e-16,0.19623123415833665,0.3190818582428171,5058,0.2022392030661211,0.4211150652431791,Policy effect heterogeneity by transaction type.,
m3_policy_by_transaction,"C(transaction_type, Treatment(reference='借贷'))[T.交易/买卖]",0.11299113268133584,0.05089071498652362,0.026400438538114624,0.013247164160256758,0.21273510120241493,5058,0.2022392030661211,0.4211150652431791,Policy effect heterogeneity by transaction type.,
m3_policy_by_transaction,"C(transaction_type, Treatment(reference='借贷'))[T.ICO/发币]",0.38239300710392926,0.16940630693347028,0.02399222887808856,0.05036274676038949,0.7144232674474691,5058,0.2022392030661211,0.4211150652431791,Policy effect heterogeneity by transaction type.,
m3_policy_by_transaction,"C(transaction_type, Treatment(reference='借贷'))[T.挖矿]",-0.16354251576259454,0.04473714295691978,0.0002565495071339915,-0.25122570472937705,-0.07585932679581203,5058,0.2022392030661211,0.4211150652431791,Policy effect heterogeneity by transaction type.,
m3_policy_by_transaction,"C(transaction_type, Treatment(reference='借贷'))[T.技术服务]",-0.10676086588872716,0.06158757564368725,0.08301028759384865,-0.2274702960454904,0.01394856426803609,5058,0.2022392030661211,0.4211150652431791,Policy effect heterogeneity by transaction type.,
m3_policy_by_transaction,"C(transaction_type, Treatment(reference='借贷'))[T.其他民商事]",-0.11774180257705309,0.04049169566907263,0.003639796041898991,-0.19710406776139194,-0.03837953739271424,5058,0.2022392030661211,0.4211150652431791,Policy effect heterogeneity by transaction type.,
m3_policy_by_transaction,"C(transaction_type, Treatment(reference='借贷'))[T.其他/未分类]",-0.055336839908259626,0.08181195002672648,0.4987926376682653,-0.21568531546563424,0.10501163564911498,5058,0.2022392030661211,0.4211150652431791,Policy effect heterogeneity by transaction type.,
m3_policy_by_transaction,"C(transaction_type, Treatment(reference='借贷'))[T.未分类]",-8.086075021958502e-15,1.2983313594015603e-15,4.722707907318669e-10,-1.0630757726384488e-14,-5.541392317532515e-15,5058,0.2022392030661211,0.4211150652431791,Policy effect heterogeneity by transaction type.,
m3_policy_by_transaction,C(court_level_group)[T.基层法院],0.014370092101131375,0.01436714851565345,0.31721136661093363,-0.013789001550087485,0.042529185752350235,5058,0.2022392030661211,0.4211150652431791,Policy effect heterogeneity by transaction type.,
m3_policy_by_transaction,C(court_level_group)[T.最高人民法院],-0.09593614972399833,0.09976200058515745,0.3362253362218115,-0.29146607789657075,0.09959377844857409,5058,0.2022392030661211,0.4211150652431791,Policy effect heterogeneity by transaction type.,
m3_policy_by_transaction,C(court_level_group)[T.高级法院],-0.015696566046995142,0.10976033548893914,0.8862841509429199,-0.23082287053634942,0.19942973844235912,5058,0.2022392030661211,0.4211150652431791,Policy effect heterogeneity by transaction type.,
m3_policy_by_transaction,C(cause_group)[T.不当得利纠纷],0.2882749394356565,0.03698728901317873,6.497604074772526e-15,0.21578118508405217,0.36076869378726084,5058,0.2022392030661211,0.4211150652431791,Policy effect heterogeneity by transaction type.,
m3_policy_by_transaction,C(cause_group)[T.不正当竞争纠纷],0.4087506550460579,0.18748057627018097,0.02924046500229015,0.04129547775568848,0.7762058323364274,5058,0.2022392030661211,0.4211150652431791,Policy effect heterogeneity by transaction type.,
m3_policy_by_transaction,C(cause_group)[T.与公司有关的纠纷],-0.06437181215190192,0.15879714541815354,0.685204572054773,-0.3756084980192525,0.24686487371544868,5058,0.2022392030661211,0.4211150652431791,Policy effect heterogeneity by transaction type.,
m3_policy_by_transaction,C(cause_group)[T.专利行政管理],1.5320443647822434e-15,5.131273617801163e-16,0.0028293005593466787,5.263332162111609e-16,2.537755513353326e-15,5058,0.2022392030661211,0.4211150652431791,Policy effect heterogeneity by transaction type.,
m3_policy_by_transaction,C(cause_group)[T.业主撤销权纠纷],0.3036521794311021,0.23960052069616897,0.20503843433812596,-0.1659562118104329,0.7732605706726372,5058,0.2022392030661211,0.4211150652431791,Policy effect heterogeneity by transaction type.,
m3_policy_by_transaction,C(cause_group)[T.中介合同纠纷],-0.17973273123784428,0.03218220116187466,2.3390346826989207e-08,-0.2428086864583417,-0.11665677601734686,5058,0.2022392030661211,0.4211150652431791,Policy effect heterogeneity by transaction type.,
m3_policy_by_transaction,C(cause_group)[T.买卖合同纠纷],-0.038452884672445974,0.04428905542901707,0.38527092952385833,-0.1252578382226176,0.04835206887772565,5058,0.2022392030661211,0.4211150652431791,Policy effect heterogeneity by transaction type.,
m3_policy_by_transaction,C(cause_group)[T.互易纠纷],-0.24974883280514165,0.053638854491682174,3.2222738848671874e-06,-0.35487905578082324,-0.14461860982946007,5058,0.2022392030661211,0.4211150652431791,Policy effect heterogeneity by transaction type.,
m3_policy_by_transaction,C(cause_group)[T.交通肇事罪],1.7697090491733216e-15,2.414336368194483e-16,2.3014923733089553e-13,1.2965078163506794e-15,2.242910281995964e-15,5058,0.2022392030661211,0.4211150652431791,Policy effect heterogeneity by transaction type.,
m3_policy_by_transaction,C(cause_group)[T.产品责任纠纷],1.0557123314252117e-15,2.56239850104078e-16,3.7884577473325755e-05,5.534914538172768e-16,1.5579332090331465e-15,5058,0.2022392030661211,0.4211150652431791,Policy effect heterogeneity by transaction type.,
m3_policy_by_transaction,C(cause_group)[T.人身保险合同纠纷],-0.17187231739332656,0.03302903784367389,1.953875317273398e-07,-0.23660804201093788,-0.10713659277571524,5058,0.2022392030661211,0.4211150652431791,Policy effect heterogeneity by transaction type.,
m3_policy_by_transaction,C(cause_group)[T.仓储合同纠纷],0.4408075273728112,0.040233594875198106,6.204678063691139e-28,0.36195113044884764,0.5196639242967748,5058,0.2022392030661211,0.4211150652431791,Policy effect heterogeneity by transaction type.,
m3_policy_by_transaction,C(cause_group)[T.仿冒纠纷],-1.206135394934811e-15,4.305715558340363e-16,0.00509062298679841,-2.0500401371368992e-15,-3.622306527327229e-16,5058,0.2022392030661211,0.4211150652431791,Policy effect heterogeneity by transaction type.,
m3_policy_by_transaction,C(cause_group)[T.企业承包经营合同纠纷],-0.179071162425813,0.03503127368971998,3.1918568520641897e-07,-0.24773119719022973,-0.11041112766139627,5058,0.2022392030661211,0.4211150652431791,Policy effect heterogeneity by transaction type.,
m3_policy_by_transaction,C(cause_group)[T.传播淫秽物品罪],-1.769765168780698e-15,5.704802454324536e-16,0.0019206384800946686,-2.8878859037198776e-15,-6.516444338415184e-16,5058,0.2022392030661211,0.4211150652431791,Policy effect heterogeneity by transaction type.,
m3_policy_by_transaction,C(cause_group)[T.伪造、变造、买卖国家机关公文、证件、印章罪],2.1261066106420767e-15,4.480502093915284e-16,2.082573431683864e-06,1.2479443369690512e-15,3.0042688843151023e-15,5058,0.2022392030661211,0.4211150652431791,Policy effect heterogeneity by transaction type.,
m3_policy_by_transaction,C(cause_group)[T.伪造、变造、买卖身份证件罪],-8.331470029693425e-16,2.4525457165629384e-16,0.000681114851268865,-1.3138371304594766e-15,-3.5245687547920863e-16,5058,0.2022392030661211,0.4211150652431791,Policy effect heterogeneity by transaction type.,
m3_policy_by_transaction,C(cause_group)[T.伪造、变造金融票证罪],-1.4066550828777713e-15,2.326022228608854e-16,1.4713758986146113e-09,-1.862547062409066e-15,-9.507631033464767e-16,5058,0.2022392030661211,0.4211150652431791,Policy effect heterogeneity by transaction type.,
m3_policy_by_transaction,C(cause_group)[T.供用电合同纠纷],-0.3623064166686204,0.07818702368654863,3.5893871665195227e-06,-0.5155501671526359,-0.20906266618460495,5058,0.2022392030661211,0.4211150652431791,Policy effect heterogeneity by transaction type.,
m3_policy_by_transaction,C(cause_group)[T.侵占罪],-3.2890813081370296e-17,2.7418667705490193e-16,0.9045166277370682,-5.702868251496929e-16,5.045051989869524e-16,5058,0.2022392030661211,0.4211150652431791,Policy effect heterogeneity by transaction type.,
m3_policy_by_transaction,C(cause_group)[T.侵害作品信息网络传播权纠纷],0.288305687147541,0.2088479655147474,0.16744590500161627,-0.12102880350582712,0.6976401778009091,5058,0.2022392030661211,0.4211150652431791,Policy effect heterogeneity by transaction type.,
m3_policy_by_transaction,C(cause_group)[T.侵害作品发行权纠纷],-1.1470104649509186e-15,1.5439141217055549e-16,1.0922549742973944e-13,-1.4496120723274863e-15,-8.44408857574351e-16,5058,0.2022392030661211,0.4211150652431791,Policy effect heterogeneity by transaction type.,
m3_policy_by_transaction,C(cause_group)[T.侵害作品复制权纠纷],-4.1671295556600433e-16,1.888881253810158e-16,0.027374455703618412,-7.869268784200813e-16,-4.649903271192733e-17,5058,0.2022392030661211,0.4211150652431791,Policy effect heterogeneity by transaction type.,
m3_policy_by_transaction,C(cause_group)[T.侵害作品展览权纠纷],1.6201760487188538e-15,2.816612211347939e-16,8.808140620304947e-09,1.0681301994530857e-15,2.1722218979846218e-15,5058,0.2022392030661211,0.4211150652431791,Policy effect heterogeneity by transaction type.,
m3_policy_by_transaction,C(cause_group)[T.侵害作品广播权纠纷],-2.226406210765476e-16,3.0354071231630784e-16,0.46326656656957,-8.175694850581446e-16,3.722882429050493e-16,5058,0.2022392030661211,0.4211150652431791,Policy effect heterogeneity by transaction type.,
m3_policy_by_transaction,C(cause_group)[T.侵害作品改编权纠纷],-0.19770893006375223,0.12810551964828165,0.12275103412523,-0.4487911347951725,0.05337327466766806,5058,0.2022392030661211,0.4211150652431791,Policy effect heterogeneity by transaction type.,
m3_policy_by_transaction,C(cause_group)[T.侵害其他著作财产权纠纷],-5.521676944737405e-16,2.0849401157902644e-16,0.00808827756285231,-9.608084481609095e-16,-1.4352694078657168e-16,5058,0.2022392030661211,0.4211150652431791,Policy effect heterogeneity by transaction type.,
m3_policy_by_transaction,C(cause_group)[T.侵害发明专利权纠纷],0.8713240801613629,0.11741735550741104,1.1646465614535138e-13,0.6411902922069015,1.1014578681158242,5058,0.2022392030661211,0.4211150652431791,Policy effect heterogeneity by transaction type.,
m3_policy_by_transaction,C(cause_group)[T.侵害商标权纠纷],0.22249522458318968,0.17434304183970473,0.20188759646349463,-0.11921085837779136,0.5642013075441707,5058,0.2022392030661211,0.4211150652431791,Policy effect heterogeneity by transaction type.,
m3_policy_by_transaction,C(cause_group)[T.侵害外观设计专利权纠纷],0.4202140934776762,0.31458732455137095,0.18162676566212,-0.19636573263582396,1.0367939195911764,5058,0.2022392030661211,0.4211150652431791,Policy effect heterogeneity by transaction type.,
m3_policy_by_transaction,C(cause_group)[T.侵害实用新型专利权纠纷],1.7672277262628012e-15,1.6822063080755936e-16,8.156228724473645e-26,1.4375213484233758e-15,2.0969341041022266e-15,5058,0.2022392030661211,0.4211150652431791,Policy effect heterogeneity by transaction type.,
m3_policy_by_transaction,C(cause_group)[T.侵害录音录像制作者权纠纷],6.754420267680687e-16,1.6330707313303733e-16,3.5337475014759464e-05,3.553660450066669e-16,9.955180085294706e-16,5058,0.2022392030661211,0.4211150652431791,Policy effect heterogeneity by transaction type.,
m3_policy_by_transaction,C(cause_group)[T.侵害计算机软件著作权纠纷],7.670628916249624e-16,1.7248524502170508e-16,8.70285008797774e-06,4.289980235178538e-16,1.105127759732071e-15,5058,0.2022392030661211,0.4211150652431791,Policy effect heterogeneity by transaction type.,
m3_policy_by_transaction,C(cause_group)[T.侵权责任纠纷],0.22210519151250682,0.14464433700404025,0.12465458853849103,-0.06139249958308632,0.5056028826080999,5058,0.2022392030661211,0.4211150652431791,Policy effect heterogeneity by transaction type.,
m3_policy_by_transaction,C(cause_group)[T.侵犯公民个人信息罪],-1.237888437913097e-16,1.8359931875769932e-16,0.5001627621423328,-4.836368961424896e-16,2.360592085598701e-16,5058,0.2022392030661211,0.4211150652431791,Policy effect heterogeneity by transaction type.,
m3_policy_by_transaction,C(cause_group)[T.侵犯著作权罪],1.0909967341255976e-15,1.6474758200512513e-16,3.5381479942213356e-11,7.680974068554932e-16,1.4138960613957019e-15,5058,0.2022392030661211,0.4211150652431791,Policy effect heterogeneity by transaction type.,
m3_policy_by_transaction,C(cause_group)[T.保管合同纠纷],-0.08946839685797978,0.286721724232833,0.755010786891669,-0.6514326499395577,0.47249585622359813,5058,0.2022392030661211,0.4211150652431791,Policy effect heterogeneity by transaction type.,
m3_policy_by_transaction,C(cause_group)[T.保证合同纠纷],0.2569332223234654,0.10719866571963418,0.016539175598136505,0.04682769832223388,0.4670387463246969,5058,0.2022392030661211,0.4211150652431791,Policy effect heterogeneity by transaction type.,
m3_policy_by_transaction,C(cause_group)[T.保险代理合同纠纷],0.8225454998120733,0.03235852716905047,1.5257917084153868e-142,0.7591239519679736,0.885967047656173,5058,0.2022392030661211,0.4211150652431791,Policy effect heterogeneity by transaction type.,
m3_policy_by_transaction,C(cause_group)[T.信息网络买卖合同纠纷],-0.32763177207472965,0.10234163428089037,0.0013678350413253637,-0.5282176893842445,-0.1270458547652148,5058,0.2022392030661211,0.4211150652431791,Policy effect heterogeneity by transaction type.,
m3_policy_by_transaction,C(cause_group)[T.信用卡纠纷],-0.23190787555800682,0.05771927656017172,5.872948923628338e-05,-0.3450355788296503,-0.11878017228636331,5058,0.2022392030661211,0.4211150652431791,Policy effect heterogeneity by transaction type.,
m3_policy_by_transaction,C(cause_group)[T.信用卡诈骗罪],-1.0101343921492195e-15,2.350719551681415e-16,1.7302492179689306e-05,-1.470866958054191e-15,-5.494018262442479e-16,5058,0.2022392030661211,0.4211150652431791,Policy effect heterogeneity by transaction type.,
m3_policy_by_transaction,C(cause_group)[T.修理合同纠纷],-0.19908979564651286,0.03303516317429924,1.6744217842821663e-09,-0.2638375256915433,-0.13434206560148246,5058,0.2022392030661211,0.4211150652431791,Policy effect heterogeneity by transaction type.,
m3_policy_by_transaction,C(cause_group)[T.借款合同纠纷],0.051810209894586,0.11915386768415766,0.6636947610648286,-0.18172707938501403,0.285347499174186,5058,0.2022392030661211,0.4211150652431791,Policy effect heterogeneity by transaction type.,
m3_policy_by_transaction,C(cause_group)[T.借用合同纠纷],-0.3596522255065521,0.034841299552413836,5.570374131652993e-25,-0.42793991780385476,-0.2913645332092495,5058,0.2022392030661211,0.4211150652431791,Policy effect heterogeneity by transaction type.,
m3_policy_by_transaction,C(cause_group)[T.债券质权纠纷],0.154701536608945,0.28858610893126185,0.5919121336860282,-0.410916843334881,0.7203199165527711,5058,0.2022392030661211,0.4211150652431791,Policy effect heterogeneity by transaction type.,
m3_policy_by_transaction,C(cause_group)[T.债务加入纠纷],-0.6269818264957031,0.028746311526218597,1.8299690065061217e-105,-0.6833235617754602,-0.570640091215946,5058,0.2022392030661211,0.4211150652431791,Policy effect heterogeneity by transaction type.,
m3_policy_by_transaction,C(cause_group)[T.债务转移合同纠纷],-0.1895826411779694,0.03471182251992671,4.7182010300896743e-08,-0.25761656315477216,-0.12154871920116668,5058,0.2022392030661211,0.4211150652431791,Policy effect heterogeneity by transaction type.,
m3_policy_by_transaction,C(cause_group)[T.债权人撤销权纠纷],0.43387273333885484,0.26976944813790205,0.1077674377709207,-0.09486566914067912,0.9626111358183889,5058,0.2022392030661211,0.4211150652431791,Policy effect heterogeneity by transaction type.,
m3_policy_by_transaction,C(cause_group)[T.债权转让合同纠纷],0.1159164949187515,0.12123560478697051,0.339008659412235,-0.12170092410764247,0.35353391394514544,5058,0.2022392030661211,0.4211150652431791,Policy effect heterogeneity by transaction type.,
m3_policy_by_transaction,C(cause_group)[T.假冒注册商标罪],1.0771059178013948e-15,2.5581341022629795e-16,2.5479045355554444e-05,5.757208469954804e-16,1.578490988607309e-15,5058,0.2022392030661211,0.4211150652431791,Policy effect heterogeneity by transaction type.,
m3_policy_by_transaction,C(cause_group)[T.偷越国（边）境罪],-1.9636114635480874e-15,3.46064395147455e-16,1.394020782514858e-08,-2.641885214368737e-15,-1.2853377127274378e-15,5058,0.2022392030661211,0.4211150652431791,Policy effect heterogeneity by transaction type.,
m3_policy_by_transaction,C(cause_group)[T.储蓄存款合同纠纷],-0.2022816624856096,0.03488598436541119,6.696467269317233e-09,-0.27065693540704294,-0.13390638956417628,5058,0.2022392030661211,0.4211150652431791,Policy effect heterogeneity by transaction type.,
m3_policy_by_transaction,C(cause_group)[T.公司减资纠纷],-4.130929052206084e-15,7.563913608876805e-16,4.72488364570026e-08,-5.613428877763176e-15,-2.6484292266489915e-15,5058,0.2022392030661211,0.4211150652431791,Policy effect heterogeneity by transaction type.,
m3_policy_by_transaction,C(cause_group)[T.公司解散纠纷],1.1146996896977888e-15,2.313855419779192e-16,1.4536859086642096e-06,6.611923608777863e-16,1.5682070185177911e-15,5058,0.2022392030661211,0.4211150652431791,Policy effect heterogeneity by transaction type.,
m3_policy_by_transaction,C(cause_group)[T.公安行政管理],-1.7020711042460007e-15,3.515133347802281e-16,1.2845864809460355e-06,-2.3910245805008185e-15,-1.0131176279911829e-15,5058,0.2022392030661211,0.4211150652431791,Policy effect heterogeneity by transaction type.,
m3_policy_by_transaction,C(cause_group)[T.公益事业捐赠合同纠纷],-0.6798096183064016,0.16717647889551723,4.77410580530171e-05,-1.0074694960038357,-0.3521497406089674,5058,0.2022392030661211,0.4211150652431791,Policy effect heterogeneity by transaction type.,
m3_policy_by_transaction,C(cause_group)[T.共有物分割纠纷],1.4800308415398624e-15,2.8943405554918683e-16,3.1618705773128615e-07,9.127505167640908e-16,2.047311166315634e-15,5058,0.2022392030661211,0.4211150652431791,Policy effect heterogeneity by transaction type.,
m3_policy_by_transaction,C(cause_group)[T.共有纠纷],-0.26301353789995063,0.06451449455645501,4.565715848778259e-05,-0.38945962371140785,-0.13656745208849344,5058,0.2022392030661211,0.4211150652431791,Policy effect heterogeneity by transaction type.,
m3_policy_by_transaction,C(cause_group)[T.其他案由],-4.865849371071685e-15,9.400044881623486e-16,2.261951372347127e-07,-6.708224313175896e-15,-3.0234744289674744e-15,5058,0.2022392030661211,0.4211150652431791,Policy effect heterogeneity by transaction type.,
m3_policy_by_transaction,C(cause_group)[T.其他行政行为],6.155467204121041e-16,1.396061918732767e-16,1.0376999287809456e-05,3.419236123216934e-16,8.891698285025149e-16,5058,0.2022392030661211,0.4211150652431791,Policy effect heterogeneity by transaction type.,
m3_policy_by_transaction,C(cause_group)[T.再保险合同纠纷],-0.18138525997133406,0.032090526904995795,1.583156844018414e-08,-0.24428153695003943,-0.1184889829926287,5058,0.2022392030661211,0.4211150652431791,Policy effect heterogeneity by transaction type.,
m3_policy_by_transaction,C(cause_group)[T.出售、购买、运输假币罪],5.366642188866961e-16,9.698508349876872e-17,3.1395358393497645e-08,3.4657694819149955e-16,7.267514895818927e-16,5058,0.2022392030661211,0.4211150652431791,Policy effect heterogeneity by transaction type.,
m3_policy_by_transaction,C(cause_group)[T.分家析产纠纷],-2.150903004012166e-15,3.1562053430020424e-16,9.436964564054845e-12,-2.769507884021855e-15,-1.532298124002477e-15,5058,0.2022392030661211,0.4211150652431791,Policy effect heterogeneity by transaction type.,
m3_policy_by_transaction,C(cause_group)[T.分期付款买卖合同纠纷],-0.5812490109295948,0.042130201939043474,2.6755783877436364e-43,-0.6638226893915196,-0.49867533246767004,5058,0.2022392030661211,0.4211150652431791,Policy effect heterogeneity by transaction type.,
m3_policy_by_transaction,C(cause_group)[T.制作、复制、出版、贩卖、传播淫秽物品牟利罪],1.1166435410264568e-15,2.678188622408952e-16,3.0540469616256746e-05,5.91728216653808e-16,1.6415588653991056e-15,5058,0.2022392030661211,0.4211150652431791,Policy effect heterogeneity by transaction type.,
m3_policy_by_transaction,C(cause_group)[T.制作、贩卖、传播淫秽物品罪],-1.978938416169014e-15,4.212919004303529e-16,2.636109446536965e-06,-2.8046553679909402e-15,-1.1532214643470876e-15,5058,0.2022392030661211,0.4211150652431791,Policy effect heterogeneity by transaction type.,
m3_policy_by_transaction,C(cause_group)[T.劳务合同纠纷],-0.22677295379345658,0.05229016699211537,1.4456002052659981e-05,-0.32925979784358783,-0.12428610974332532,5058,0.2022392030661211,0.4211150652431791,Policy effect heterogeneity by transaction type.,
m3_policy_by_transaction,C(cause_group)[T.劳动争议],-0.07906842121752145,0.078009284494136,0.31078460853478795,-0.23196380928576688,0.07382696685072399,5058,0.2022392030661211,0.4211150652431791,Policy effect heterogeneity by transaction type.,
m3_policy_by_transaction,C(cause_group)[T.劳动合同纠纷],-0.04050356659235192,0.09125457387750495,0.6571492614434253,-0.21935924481681124,0.13835211163210742,5058,0.2022392030661211,0.4211150652431791,Policy effect heterogeneity by transaction type.,
m3_policy_by_transaction,C(cause_group)[T.占有物返还纠纷],-8.504961744963545e-16,1.6528292176106007e-16,2.6652641059481136e-07,-1.1744447484075838e-15,-5.265476005851252e-16,5058,0.2022392030661211,0.4211150652431791,Policy effect heterogeneity by transaction type.,
m3_policy_by_transaction,C(cause_group)[T.危险驾驶罪],-3.0225731038046327e-15,5.460545561283046e-16,3.107047909054811e-08,-4.092820367410115e-15,-1.95232584019915e-15,5058,0.2022392030661211,0.4211150652431791,Policy effect heterogeneity by transaction type.,
m3_policy_by_transaction,C(cause_group)[T.发起人责任纠纷],-0.007214595530279804,0.22858573253097966,0.9748214433411255,-0.45523439867070575,0.44080520761014613,5058,0.2022392030661211,0.4211150652431791,Policy effect heterogeneity by transaction type.,
m3_policy_by_transaction,C(cause_group)[T.受贿罪],-7.644512945953083e-16,2.167207783633882e-16,0.000419732319223266,-1.1892162148890366e-15,-3.3968637430158004e-16,5058,0.2022392030661211,0.4211150652431791,Policy effect heterogeneity by transaction type.,
m3_policy_by_transaction,C(cause_group)[T.合伙企业纠纷],-0.13622913606060075,0.14379683402947027,0.34344910564730347,-0.4180657518492461,0.14560747972804464,5058,0.2022392030661211,0.4211150652431791,Policy effect heterogeneity by transaction type.,
m3_policy_by_transaction,C(cause_group)[T.合伙协议纠纷],-0.16362333711151336,0.06713992160613363,0.014807637117482463,-0.29521516538437786,-0.03203150883864883,5058,0.2022392030661211,0.4211150652431791,Policy effect heterogeneity by transaction type.,
m3_policy_by_transaction,C(cause_group)[T.合伙合同纠纷],0.09419237719336707,0.08650279797019192,0.2762006349920836,-0.07534999139015358,0.2637347457768877,5058,0.2022392030661211,0.4211150652431791,Policy effect heterogeneity by transaction type.,
m3_policy_by_transaction,C(cause_group)[T.合作创作合同纠纷],-0.19966273755308797,0.0347121094118166,8.821358131386399e-09,-0.2676972218276623,-0.1316282532785136,5058,0.2022392030661211,0.4211150652431791,Policy effect heterogeneity by transaction type.,
m3_policy_by_transaction,C(cause_group)[T.合同、准合同纠纷],0.4778797114014821,0.040857261370432,1.3309721260776618e-31,0.39780095060849574,0.5579584721944685,5058,0.2022392030661211,0.4211150652431791,Policy effect heterogeneity by transaction type.,
m3_policy_by_transaction,C(cause_group)[T.合同、无因管理、不当得利],-0.3831667059413092,0.13442614488964683,0.004366588948196195,-0.64663710850558,-0.11969630337703835,5058,0.2022392030661211,0.4211150652431791,Policy effect heterogeneity by transaction type.,
m3_policy_by_transaction,C(cause_group)[T.合同纠纷],0.056582454571220825,0.02583502283280431,0.028513698726056774,0.005946740279154414,0.10721816886328724,5058,0.2022392030661211,0.4211150652431791,Policy effect heterogeneity by transaction type.,
m3_policy_by_transaction,C(cause_group)[T.合同诈骗罪],-3.2900844370168457e-16,6.279298988148724e-17,1.609487187521287e-07,-4.520804423509876e-16,-2.0593644505238155e-16,5058,0.2022392030661211,0.4211150652431791,Policy effect heterogeneity by transaction type.,
m3_policy_by_transaction,C(cause_group)[T.名誉权纠纷],0.4539145565917158,0.034675970171912346,3.7473792258423565e-39,0.3859509039257824,0.5218782092576492,5058,0.2022392030661211,0.4211150652431791,Policy effect heterogeneity by transaction type.,
m3_policy_by_transaction,C(cause_group)[T.商品房销售合同纠纷],-0.19906330998758798,0.03303119250946347,1.675223297422722e-09,-0.2638032576725456,-0.13432336230263037,5058,0.2022392030661211,0.4211150652431791,Policy effect heterogeneity by transaction type.,
m3_policy_by_transaction,C(cause_group)[T.商品房预售合同纠纷],-0.21497783178792404,0.05374136964354239,6.328098640344802e-05,-0.3203089807691213,-0.10964668280672679,5058,0.2022392030661211,0.4211150652431791,Policy effect heterogeneity by transaction type.,
m3_policy_by_transaction,C(cause_group)[T.商标权权属、侵权纠纷],-3.3622238888815597e-17,1.0501577933214719e-16,0.7488442506185399,-2.3944938418822987e-16,1.7220490641059867e-16,5058,0.2022392030661211,0.4211150652431791,Policy effect heterogeneity by transaction type.,
m3_policy_by_transaction,C(cause_group)[T.商标权权属纠纷],-2.9220556646731287e-16,1.114047139673487e-16,0.008717993780321736,-5.105547935513026e-16,-7.385633938332312e-17,5058,0.2022392030661211,0.4211150652431791,Policy effect heterogeneity by transaction type.,
m3_policy_by_transaction,C(cause_group)[T.因申请诉中财产保全损害责任纠纷],6.858536548745983e-17,6.404278773166237e-17,0.2842007452606269,-5.693619193614203e-17,1.9410692291106169e-16,5058,0.2022392030661211,0.4211150652431791,Policy effect heterogeneity by transaction type.,
m3_policy_by_transaction,C(cause_group)[T.因申请财产保全损害责任纠纷],6.073361350736166e-17,9.37246926463975e-17,0.5169848628289526,-1.229634085416635e-16,2.4443063555638684e-16,5058,0.2022392030661211,0.4211150652431791,Policy effect heterogeneity by transaction type.,
m3_policy_by_transaction,C(cause_group)[T.国有公司、企业、事业单位人员失职罪],1.487013654483121e-16,9.661925752785567e-17,0.12379336065578762,-4.06688995192855e-17,3.380716304159097e-16,5058,0.2022392030661211,0.4211150652431791,Policy effect heterogeneity by transaction type.,
m3_policy_by_transaction,C(cause_group)[T.土地租赁合同纠纷],-0.19577252041963228,0.032595037345785324,1.8991445459832125e-09,-0.25965761969210954,-0.13188742114715502,5058,0.2022392030661211,0.4211150652431791,Policy effect heterogeneity by transaction type.,
m3_policy_by_transaction,C(cause_group)[T.妨害信用卡管理罪],-2.4165843877154754e-16,7.69464829603371e-17,0.0016859978449472947,-3.924707741108332e-16,-9.084610343226186e-17,5058,0.2022392030661211,0.4211150652431791,Policy effect heterogeneity by transaction type.,
m3_policy_by_transaction,C(cause_group)[T.委托合同纠纷],-0.056538670262383385,0.03354004144827124,0.09185231911713905,-0.12227594354097565,0.009198603016208874,5058,0.2022392030661211,0.4211150652431791,Policy effect heterogeneity by transaction type.,
m3_policy_by_transaction,C(cause_group)[T.委托理财合同纠纷],0.055928057866200094,0.04642087039698867,0.22827891283880786,-0.03505517624289926,0.14691129197529945,5058,0.2022392030661211,0.4211150652431791,Policy effect heterogeneity by transaction type.,
m3_policy_by_transaction,C(cause_group)[T.娱乐服务合同纠纷],-0.20602870373440557,0.05863015222267267,0.00044134624536231246,-0.320941690498945,-0.09111571696986615,5058,0.2022392030661211,0.4211150652431791,Policy effect heterogeneity by transaction type.,
m3_policy_by_transaction,C(cause_group)[T.婚约财产纠纷],0.4636816467718618,0.26421135670766427,0.07926531852482485,-0.05416309668162539,0.981526390225349,5058,0.2022392030661211,0.4211150652431791,Policy effect heterogeneity by transaction type.,
m3_policy_by_transaction,C(cause_group)[T.定作合同纠纷],-0.3648672212602981,0.12519632562627736,0.0035641810597363804,-0.6102475104845507,-0.11948693203604543,5058,0.2022392030661211,0.4211150652431791,Policy effect heterogeneity by transaction type.,
m3_policy_by_transaction,C(cause_group)[T.定金合同纠纷],0.08738864748668872,0.19233335254742284,0.649569492668558,-0.2895777965321051,0.46435509150548254,5058,0.2022392030661211,0.4211150652431791,Policy effect heterogeneity by transaction type.,
m3_policy_by_transaction,C(cause_group)[T.容留他人吸毒罪],7.099836040426865e-17,1.576156349300275e-17,6.652149503913937e-06,4.010626361794193e-17,1.0189045719059537e-16,5058,0.2022392030661211,0.4211150652431791,Policy effect heterogeneity by transaction type.,
m3_policy_by_transaction,C(cause_group)[T.小额借款合同纠纷],2.45549808194854e-16,5.128427767773669e-17,1.6844041278958364e-06,1.4503447097333864e-16,3.460651454163693e-16,5058,0.2022392030661211,0.4211150652431791,Policy effect heterogeneity by transaction type.,
m3_policy_by_transaction,C(cause_group)[T.帮助信息网络犯罪活动],1.2585621012841135e-16,1.5764194537392816e-17,1.4203938536803715e-15,9.495895658983838e-17,1.5675346366698432e-16,5058,0.2022392030661211,0.4211150652431791,Policy effect heterogeneity by transaction type.,
m3_policy_by_transaction,C(cause_group)[T.帮助信息网络犯罪活动罪],2.1246790476902965e-16,3.438754548573135e-17,6.46604172069075e-10,1.450695541002633e-16,2.79866255437796e-16,5058,0.2022392030661211,0.4211150652431791,Policy effect heterogeneity by transaction type.,
m3_policy_by_transaction,C(cause_group)[T.广告合同纠纷],-0.015071010524267677,0.16045422924337038,0.9251670163637361,-0.3295555210084072,0.2994134999598718,5058,0.2022392030661211,0.4211150652431791,Policy effect heterogeneity by transaction type.,
m3_policy_by_transaction,C(cause_group)[T.建筑物和物件损害责任纠纷],8.109732205712651e-17,3.224443757985775e-17,0.011900556504262826,1.7899385698855467e-17,1.4429525841539756e-16,5058,0.2022392030661211,0.4211150652431791,Policy effect heterogeneity by transaction type.,
m3_policy_by_transaction,C(cause_group)[T.建设工程合同纠纷],-0.15340787428992425,0.036109318251492536,2.1527486525464097e-05,-0.22418083756914448,-0.08263491101070404,5058,0.2022392030661211,0.4211150652431791,Policy effect heterogeneity by transaction type.,
m3_policy_by_transaction,C(cause_group)[T.建设工程施工合同纠纷],0.39226631022563124,0.13036111152673466,0.002620447593388905,0.136763226648622,0.6477693938026405,5058,0.2022392030661211,0.4211150652431791,Policy effect heterogeneity by transaction type.,
m3_policy_by_transaction,C(cause_group)[T.开设赌场罪],-1.2568223553486724e-16,2.159238209043133e-17,5.8610489542956335e-09,-1.6800252677254034e-16,-8.336194429719414e-17,5058,0.2022392030661211,0.4211150652431791,Policy effect heterogeneity by transaction type.,
m3_policy_by_transaction,C(cause_group)[T.悬赏广告纠纷],0.7246570865515726,0.06672009270773974,1.765077938342905e-27,0.5938881077992292,0.855426065303916,5058,0.2022392030661211,0.4211150652431791,Policy effect heterogeneity by transaction type.,
m3_policy_by_transaction,C(cause_group)[T.房屋买卖合同纠纷],-0.42824655375514037,0.07307279888530151,4.613456387970082e-09,-0.5714666078198699,-0.28502649969041083,5058,0.2022392030661211,0.4211150652431791,Policy effect heterogeneity by transaction type.,
m3_policy_by_transaction,C(cause_group)[T.房屋拆迁安置补偿合同纠纷],0.8284860556266649,0.03528364554322855,6.417719472742271e-122,0.7593313811186597,0.89764073013467,5058,0.2022392030661211,0.4211150652431791,Policy effect heterogeneity by transaction type.,
m3_policy_by_transaction,C(cause_group)[T.房屋租赁合同纠纷],0.03432149312460192,0.11896669655712475,0.772966596361238,-0.19884894748706783,0.26749193373627167,5058,0.2022392030661211,0.4211150652431791,Policy effect heterogeneity by transaction type.,
m3_policy_by_transaction,C(cause_group)[T.所有权确认纠纷],-0.6311897472107024,0.028553154592914538,2.780898041827254e-108,-0.6871529018578193,-0.5752265925635855,5058,0.2022392030661211,0.4211150652431791,Policy effect heterogeneity by transaction type.,
m3_policy_by_transaction,C(cause_group)[T.所有权纠纷],0.3988917385320088,0.036542609389834814,9.687487481988653e-28,0.32726954022681737,0.4705139368372003,5058,0.2022392030661211,0.4211150652431791,Policy effect heterogeneity by transaction type.,
m3_policy_by_transaction,C(cause_group)[T.执行异议之诉],0.04884137104717992,0.29871649893722796,0.8701215485976387,-0.5366322084576842,0.634314950552044,5058,0.2022392030661211,0.4211150652431791,Policy effect heterogeneity by transaction type.,
m3_policy_by_transaction,C(cause_group)[T.执行程序中的异议之诉],-6.669138324848354e-17,8.424628061249195e-18,2.4479955971906793e-15,-8.320335083167747e-17,-5.017941566528962e-17,5058,0.2022392030661211,0.4211150652431791,Policy effect heterogeneity by transaction type.,
m3_policy_by_transaction,C(cause_group)[T.技术合同纠纷],-0.18928134293393822,0.03472819711085041,5.026660539740497e-08,-0.257347358519213,-0.12121532734866347,5058,0.2022392030661211,0.4211150652431791,Policy effect heterogeneity by transaction type.,
m3_policy_by_transaction,C(cause_group)[T.技术委托开发合同纠纷],-0.20381721785695706,0.03502067344278043,5.887881719908557e-09,-0.27245647651914506,-0.13517795919476905,5058,0.2022392030661211,0.4211150652431791,Policy effect heterogeneity by transaction type.,
m3_policy_by_transaction,C(cause_group)[T.技术服务合同纠纷],-0.19619285866877015,0.05847796082250676,0.0007936841829121259,-0.3108075557702277,-0.08157816156731262,5058,0.2022392030661211,0.4211150652431791,Policy effect heterogeneity by transaction type.,
m3_policy_by_transaction,C(cause_group)[T.抢劫罪],-6.383174254682871e-17,3.5144055280314476e-19,0.0,-6.452055337302971e-17,-6.31429317206277e-17,5058,0.2022392030661211,0.4211150652431791,Policy effect heterogeneity by transaction type.,
m3_policy_by_transaction,C(cause_group)[T.抢夺罪],1.868872406983639e-16,9.032815167842877e-19,0.0,1.8511684145756598e-16,1.8865763993916184e-16,5058,0.2022392030661211,0.4211150652431791,Policy effect heterogeneity by transaction type.,
m3_policy_by_transaction,C(cause_group)[T.抵押合同纠纷],0.15049907537595722,0.22997761619148208,0.5128493078971654,-0.30024876960972324,0.6012469203616376,5058,0.2022392030661211,0.4211150652431791,Policy effect heterogeneity by transaction type.,
m3_policy_by_transaction,C(cause_group)[T.担保物权确认纠纷],-0.24700573749608865,0.06509470400984317,0.00014790571949065042,-0.3745890129396763,-0.11942246205250098,5058,0.2022392030661211,0.4211150652431791,Policy effect heterogeneity by transaction type.,
m3_policy_by_transaction,C(cause_group)[T.拒不执行判决、裁定罪],-4.748774611139853e-17,4.2381174717100834e-26,0.0,-4.74877461944641e-17,-4.748774602833295e-17,5058,0.2022392030661211,0.4211150652431791,Policy effect heterogeneity by transaction type.,
m3_policy_by_transaction,C(cause_group)[T.拒不支付劳动报酬罪],-3.7732766450194834e-17,3.5992485118144194e-27,0.0,-3.773276645724923e-17,-3.773276644314044e-17,5058,0.2022392030661211,0.4211150652431791,Policy effect heterogeneity by transaction type.,
m3_policy_by_transaction,C(cause_group)[T.持有、使用假币罪],-7.518965801068709e-17,6.291218560157726e-26,0.0,-7.51896581339927e-17,-7.518965788738147e-17,5058,0.2022392030661211,0.4211150652431791,Policy effect heterogeneity by transaction type.,
m3_policy_by_transaction,C(cause_group)[T.挪用公款罪],-1.3956108855051746e-16,5.67215209342758e-27,0.0,-1.3956108856163468e-16,-1.3956108853940024e-16,5058,0.2022392030661211,0.4211150652431791,Policy effect heterogeneity by transaction type.,
m3_policy_by_transaction,C(cause_group)[T.挪用资金罪],-1.052872216792195e-16,2.6728109097083596e-27,0.0,-1.0528722168445812e-16,-1.0528722167398089e-16,5058,0.2022392030661211,0.4211150652431791,Policy effect heterogeneity by transaction type.,
m3_policy_by_transaction,C(cause_group)[T.损害公司债权人利益责任纠纷],-0.23054439594627418,0.05221553362087931,1.0089545452178961e-05,-0.33288496127673795,-0.12820383061581042,5058,0.2022392030661211,0.4211150652431791,Policy effect heterogeneity by transaction type.,
m3_policy_by_transaction,C(cause_group)[T.损害公司利益责任纠纷],-0.23292879492690016,0.06523628094296587,0.0003562451198767367,-0.36078955606044993,-0.10506803379335039,5058,0.2022392030661211,0.4211150652431791,Policy effect heterogeneity by transaction type.,
m3_policy_by_transaction,C(cause_group)[T.排除妨害纠纷],0.41616612732508657,0.0345008913240465,1.6669764309549163e-33,0.348545622895425,0.4837866317547481,5058,0.2022392030661211,0.4211150652431791,Policy effect heterogeneity by transaction type.,
m3_policy_by_transaction,C(cause_group)[T.掩饰、隐瞒犯罪所得、犯罪所得收益],1.1577709182684247e-16,1.8535602184854332e-26,0.0,1.1577709179051335e-16,1.1577709186317158e-16,5058,0.2022392030661211,0.4211150652431791,Policy effect heterogeneity by transaction type.,
m3_policy_by_transaction,C(cause_group)[T.掩饰、隐瞒犯罪所得、犯罪所得收益罪],-2.0582515854790884e-16,7.680489444224991e-27,0.0,-2.0582515856296233e-16,-2.0582515853285535e-16,5058,0.2022392030661211,0.4211150652431791,Policy effect heterogeneity by transaction type.,
m3_policy_by_transaction,C(cause_group)[T.提供侵入、非法控制计算机信息系统程序、工具],-8.949894874795178e-17,3.333867013241366e-27,0.0,-8.949894875448603e-17,-8.949894874141752e-17,5058,0.2022392030661211,0.4211150652431791,Policy effect heterogeneity by transaction type.,
m3_policy_by_transaction,C(cause_group)[T.提供侵入、非法控制计算机信息系统程序、工具罪],-3.422678620432862e-17,1.92310260313375e-27,0.0,-3.422678620809783e-17,-3.42267862005594e-17,5058,0.2022392030661211,0.4211150652431791,Policy effect heterogeneity by transaction type.,
m3_policy_by_transaction,C(cause_group)[T.提供劳务者受害责任纠纷],-9.482767121305057e-17,7.059625250918635e-28,0.0,-9.482767121443424e-17,-9.482767121166691e-17,5058,0.2022392030661211,0.4211150652431791,Policy effect heterogeneity by transaction type.,
m3_policy_by_transaction,C(cause_group)[T.故意伤害罪],-5.796699140734062e-17,8.505723259496507e-28,0.0,-5.796699140900772e-17,-5.796699140567352e-17,5058,0.2022392030661211,0.4211150652431791,Policy effect heterogeneity by transaction type.,
m3_policy_by_transaction,C(cause_group)[T.故意杀人罪],-1.1585729894749092e-16,8.755580867669386e-28,0.0,-1.15857298949207e-16,-1.1585729894577486e-16,5058,0.2022392030661211,0.4211150652431791,Policy effect heterogeneity by transaction type.,
m3_policy_by_transaction,C(cause_group)[T.故意毁坏财物罪],2.147437842407307e-17,4.2469167899893534e-27,0.0,2.1474378415749266e-17,2.1474378432396875e-17,5058,0.2022392030661211,0.4211150652431791,Policy effect heterogeneity by transaction type.,
m3_policy_by_transaction,C(cause_group)[T.教育培训合同纠纷],-0.2031718343093399,0.02906141145859655,2.726990797170065e-12,-0.2601311541080888,-0.14621251451059103,5058,0.2022392030661211,0.4211150652431791,Policy effect heterogeneity by transaction type.,
m3_policy_by_transaction,C(cause_group)[T.文化行政管理],-2.1653320681953996e-17,4.331961135742725e-28,0.0,-2.1653320682803044e-17,-2.1653320681104947e-17,5058,0.2022392030661211,0.4211150652431791,Policy effect heterogeneity by transaction type.,
m3_policy_by_transaction,C(cause_group)[T.旅游合同纠纷],-0.20512759723152083,0.03515450003668404,5.378056956489442e-09,-0.2740291511979336,-0.1362260432651081,5058,0.2022392030661211,0.4211150652431791,Policy effect heterogeneity by transaction type.,
m3_policy_by_transaction,C(cause_group)[T.服务合同纠纷],-0.1265758576608971,0.06294047494516611,0.04432115646207275,-0.2499369217232683,-0.003214793598525889,5058,0.2022392030661211,0.4211150652431791,Policy effect heterogeneity by transaction type.,
m3_policy_by_transaction,C(cause_group)[T.未分类],-0.03663393035512413,0.1900974170521267,0.8471850320693495,-0.4092180213313828,0.33595016062113453,5058,0.2022392030661211,0.4211150652431791,Policy effect heterogeneity by transaction type.,
m3_policy_by_transaction,C(cause_group)[T.机动车交通事故责任纠纷],0.5883613426881174,0.04963242795466847,2.0424590616587353e-32,0.4910835714316882,0.6856391139445466,5058,0.2022392030661211,0.4211150652431791,Policy effect heterogeneity by transaction type.,
m3_policy_by_transaction,C(cause_group)[T.案外人执行异议之诉],-0.23841814380623003,0.05248367941197561,5.553558449108076e-06,-0.34128426522984856,-0.1355520223826115,5058,0.2022392030661211,0.4211150652431791,Policy effect heterogeneity by transaction type.,
m3_policy_by_transaction,C(cause_group)[T.欺诈客户责任纠纷],7.360303239761899e-17,8.439183171562187e-28,0.0,7.360303239596495e-17,7.360303239927304e-17,5058,0.2022392030661211,0.4211150652431791,Policy effect heterogeneity by transaction type.,
m3_policy_by_transaction,C(cause_group)[T.民间借贷纠纷],-0.06757796189666893,0.029773422266555546,0.023223292690736617,-0.1259327972356207,-0.009223126557717148,5058,0.2022392030661211,0.4211150652431791,Policy effect heterogeneity by transaction type.,
m3_policy_by_transaction,C(cause_group)[T.民间委托理财合同纠纷],0.1481571231250918,0.048495612608007124,0.0022501369347194995,0.05310746900519127,0.24320677724499234,5058,0.2022392030661211,0.4211150652431791,Policy effect heterogeneity by transaction type.,
m3_policy_by_transaction,C(cause_group)[T.法定继承纠纷],-1.4379408155002575e-17,1.723077225318632e-27,0.0,-1.4379408158379744e-17,-1.4379408151625406e-17,5058,0.2022392030661211,0.4211150652431791,Policy effect heterogeneity by transaction type.,
m3_policy_by_transaction,C(cause_group)[T.法律服务合同纠纷],-0.24269234145496552,0.06033630268036243,5.762596951984813e-05,-0.3609493216687834,-0.12443536124114762,5058,0.2022392030661211,0.4211150652431791,Policy effect heterogeneity by transaction type.,
m3_policy_by_transaction,C(cause_group)[T.洗钱罪],-2.8179268281727974e-17,7.815322801753279e-29,0.0,-2.817926828188115e-17,-2.81792682815748e-17,5058,0.2022392030661211,0.4211150652431791,Policy effect heterogeneity by transaction type.,
m3_policy_by_transaction,C(cause_group)[T.消费者权益保护民事公益诉讼],0.7536994711901934,0.06578187743362648,2.1551330433618494e-30,0.6247693605848574,0.8826295817955294,5058,0.2022392030661211,0.4211150652431791,Policy effect heterogeneity by transaction type.,
m3_policy_by_transaction,C(cause_group)[T.清算责任纠纷],0.2502144932162325,0.26487997032951377,0.3448460185062008,-0.26894070885565263,0.7693696952881177,5058,0.2022392030661211,0.4211150652431791,Policy effect heterogeneity by transaction type.,
m3_policy_by_transaction,C(cause_group)[T.演出合同纠纷],-0.18980895665153344,0.029061815946011704,6.523844149111635e-11,-0.24676906923104822,-0.13284884407201866,5058,0.2022392030661211,0.4211150652431791,Policy effect heterogeneity by transaction type.,
m3_policy_by_transaction,C(cause_group)[T.物业服务合同纠纷],-0.2729995245851721,0.0631821516662694,1.5544129992614636e-05,-0.3968342663168075,-0.14916478285353674,5058,0.2022392030661211,0.4211150652431791,Policy effect heterogeneity by transaction type.,
m3_policy_by_transaction,C(cause_group)[T.物权保护纠纷],0.531207645582811,0.11225367843890947,2.220917269078766e-06,0.311194478710408,0.751220812455214,5058,0.2022392030661211,0.4211150652431791,Policy effect heterogeneity by transaction type.,
m3_policy_by_transaction,C(cause_group)[T.物权确认纠纷],0.0,0.0,,0.0,0.0,5058,0.2022392030661211,0.4211150652431791,Policy effect heterogeneity by transaction type.,
m3_policy_by_transaction,C(cause_group)[T.物权纠纷],0.8391607936129815,0.06879056877908918,3.155282151804076e-34,0.7043337563299412,0.9739878308960217,5058,0.2022392030661211,0.4211150652431791,Policy effect heterogeneity by transaction type.,
m3_policy_by_transaction,C(cause_group)[T.特许经营合同纠纷],-0.19317130766548274,0.03295132035760936,4.564340063567641e-09,-0.25775470880943857,-0.1285879065215269,5058,0.2022392030661211,0.4211150652431791,Policy effect heterogeneity by transaction type.,
m3_policy_by_transaction,C(cause_group)[T.生产、销售伪劣产品罪],0.0,0.0,,0.0,0.0,5058,0.2022392030661211,0.4211150652431791,Policy effect heterogeneity by transaction type.,
m3_policy_by_transaction,C(cause_group)[T.生产、销售有毒、有害食品罪],0.0,0.0,,0.0,0.0,5058,0.2022392030661211,0.4211150652431791,Policy effect heterogeneity by transaction type.,
m3_policy_by_transaction,C(cause_group)[T.生命权、身体权、健康权纠纷],0.0,0.0,,0.0,0.0,5058,0.2022392030661211,0.4211150652431791,Policy effect heterogeneity by transaction type.,
m3_policy_by_transaction,C(cause_group)[T.申请诉前停止侵害注册商标专用权],0.0,0.0,,0.0,0.0,5058,0.2022392030661211,0.4211150652431791,Policy effect heterogeneity by transaction type.,
m3_policy_by_transaction,C(cause_group)[T.电信服务合同纠纷],0.0,0.0,,0.0,0.0,5058,0.2022392030661211,0.4211150652431791,Policy effect heterogeneity by transaction type.,
m3_policy_by_transaction,C(cause_group)[T.盗伐林木罪],0.0,0.0,,0.0,0.0,5058,0.2022392030661211,0.4211150652431791,Policy effect heterogeneity by transaction type.,
m3_policy_by_transaction,C(cause_group)[T.盗窃罪],0.0,0.0,,0.0,0.0,5058,0.2022392030661211,0.4211150652431791,Policy effect heterogeneity by transaction type.,
m3_policy_by_transaction,C(cause_group)[T.相邻关系纠纷],0.0,0.0,,0.0,0.0,5058,0.2022392030661211,0.4211150652431791,Policy effect heterogeneity by transaction type.,
m3_policy_by_transaction,C(cause_group)[T.破坏计算机信息系统罪],0.0,0.0,,0.0,0.0,5058,0.2022392030661211,0.4211150652431791,Policy effect heterogeneity by transaction type.,
m3_policy_by_transaction,C(cause_group)[T.确认不侵害著作权纠纷],0.0,0.0,,0.0,0.0,5058,0.2022392030661211,0.4211150652431791,Policy effect heterogeneity by transaction type.,
m3_policy_by_transaction,C(cause_group)[T.确认合同效力纠纷],0.04882625267980307,0.18950730891388215,0.7966782817612819,-0.3226012475985123,0.4202537529581184,5058,0.2022392030661211,0.4211150652431791,Policy effect heterogeneity by transaction type.,
m3_policy_by_transaction,C(cause_group)[T.确认合同无效纠纷],0.554136159883368,0.08229501218615261,1.6559236464375914e-11,0.39284089989122395,0.715431419875512,5058,0.2022392030661211,0.4211150652431791,Policy effect heterogeneity by transaction type.,
m3_policy_by_transaction,C(cause_group)[T.确认合同有效纠纷],0.4317485400334549,0.04095313033253571,5.501426321582378e-26,0.3514818795275101,0.5120152005393998,5058,0.2022392030661211,0.4211150652431791,Policy effect heterogeneity by transaction type.,
m3_policy_by_transaction,C(cause_group)[T.离婚后财产纠纷],-0.2361418549886719,0.053421366734169064,9.853505085981078e-06,-0.3408458097925494,-0.1314379001847944,5058,0.2022392030661211,0.4211150652431791,Policy effect heterogeneity by transaction type.,
m3_policy_by_transaction,C(cause_group)[T.离婚纠纷],0.1855007883000253,0.36360777586831816,0.6099342764218222,-0.5271573569005905,0.898158933500641,5058,0.2022392030661211,0.4211150652431791,Policy effect heterogeneity by transaction type.,
m3_policy_by_transaction,C(cause_group)[T.种植、养殖回收合同纠纷],-0.1662276415814964,0.03403381045401426,1.0385419921444921e-06,-0.2329326843280271,-0.09952259883496566,5058,0.2022392030661211,0.4211150652431791,Policy effect heterogeneity by transaction type.,
m3_policy_by_transaction,C(cause_group)[T.租赁合同纠纷],-0.1984224191396735,0.06354835779289816,0.0017939236685604102,-0.3229749116904192,-0.07386992658892783,5058,0.2022392030661211,0.4211150652431791,Policy effect heterogeneity by transaction type.,
m3_policy_by_transaction,C(cause_group)[T.窃取、收买、非法提供信用卡信息罪],0.0,0.0,,0.0,0.0,5058,0.2022392030661211,0.4211150652431791,Policy effect heterogeneity by transaction type.,
m3_policy_by_transaction,C(cause_group)[T.窝藏、包庇罪],0.0,0.0,,0.0,0.0,5058,0.2022392030661211,0.4211150652431791,Policy effect heterogeneity by transaction type.,
m3_policy_by_transaction,C(cause_group)[T.竞业限制纠纷],-0.25313426384361143,0.06470324025342807,9.144596132422173e-05,-0.37995028442337275,-0.12631824326385013,5058,0.2022392030661211,0.4211150652431791,Policy effect heterogeneity by transaction type.,
m3_policy_by_transaction,C(cause_group)[T.组织、领导传销活动],0.0,0.0,,0.0,0.0,5058,0.2022392030661211,0.4211150652431791,Policy effect heterogeneity by transaction type.,
m3_policy_by_transaction,C(cause_group)[T.组织、领导传销活动罪],0.0,0.0,,0.0,0.0,5058,0.2022392030661211,0.4211150652431791,Policy effect heterogeneity by transaction type.,
m3_policy_by_transaction,C(cause_group)[T.组织他人偷越国（边）境罪],0.0,0.0,,0.0,0.0,5058,0.2022392030661211,0.4211150652431791,Policy effect heterogeneity by transaction type.,
m3_policy_by_transaction,C(cause_group)[T.组织卖淫罪],0.0,0.0,,0.0,0.0,5058,0.2022392030661211,0.4211150652431791,Policy effect heterogeneity by transaction type.,
m3_policy_by_transaction,C(cause_group)[T.组织淫秽表演罪],0.0,0.0,,0.0,0.0,5058,0.2022392030661211,0.4211150652431791,Policy effect heterogeneity by transaction type.,
m3_policy_by_transaction,C(cause_group)[T.绑架罪],0.0,0.0,,0.0,0.0,5058,0.2022392030661211,0.4211150652431791,Policy effect heterogeneity by transaction type.,
m3_policy_by_transaction,C(cause_group)[T.缔约过失责任纠纷],0.323516256742464,0.24340379658268377,0.1838037716426113,-0.15354641825990967,0.8005789317448376,5058,0.2022392030661211,0.4211150652431791,Policy effect heterogeneity by transaction type.,
m3_policy_by_transaction,C(cause_group)[T.网络侵害虚拟财产纠纷],0.09749999248086931,0.25194770262732863,0.6987672810756731,-0.39630843065630234,0.5913084156180409,5058,0.2022392030661211,0.4211150652431791,Policy effect heterogeneity by transaction type.,
m3_policy_by_transaction,C(cause_group)[T.网络侵权责任纠纷],-0.029937541045437433,0.09870735571313814,0.7616643337285889,-0.22340040325237215,0.16352532116149726,5058,0.2022392030661211,0.4211150652431791,Policy effect heterogeneity by transaction type.,
m3_policy_by_transaction,C(cause_group)[T.网络域名合同纠纷],-0.1258202914613189,0.05061214398776142,0.012919871398866292,-0.22501827085768672,-0.02662231206495108,5058,0.2022392030661211,0.4211150652431791,Policy effect heterogeneity by transaction type.,
m3_policy_by_transaction,C(cause_group)[T.网络域名权属纠纷],0.0,0.0,,0.0,0.0,5058,0.2022392030661211,0.4211150652431791,Policy effect heterogeneity by transaction type.,
m3_policy_by_transaction,C(cause_group)[T.网络服务合同纠纷],-0.17154147962417057,0.05753408816869078,0.0028678150470808398,-0.28430622031815656,-0.058776738930184605,5058,0.2022392030661211,0.4211150652431791,Policy effect heterogeneity by transaction type.,
m3_policy_by_transaction,C(cause_group)[T.职务侵占罪],0.0,0.0,,0.0,0.0,5058,0.2022392030661211,0.4211150652431791,Policy effect heterogeneity by transaction type.,
m3_policy_by_transaction,C(cause_group)[T.联营合同纠纷],-0.18242218429717605,0.03187416994922461,1.045373388418018e-08,-0.24489440943476518,-0.11994995915958692,5058,0.2022392030661211,0.4211150652431791,Policy effect heterogeneity by transaction type.,
m3_policy_by_transaction,C(cause_group)[T.肖像权纠纷],0.7914898514069953,0.12759302290753302,5.531319258806593e-10,0.5414121218296366,1.041567580984354,5058,0.2022392030661211,0.4211150652431791,Policy effect heterogeneity by transaction type.,
m3_policy_by_transaction,C(cause_group)[T.股东出资纠纷],-0.2324443445428042,0.06365611051301354,0.0002606483948310887,-0.35720802854421224,-0.10768066054139615,5058,0.2022392030661211,0.4211150652431791,Policy effect heterogeneity by transaction type.,
m3_policy_by_transaction,C(cause_group)[T.股东损害公司债权人利益责任纠纷],-0.1497067213687398,0.15368422214312413,0.32999745477037645,-0.45092226176131617,0.15150881902383656,5058,0.2022392030661211,0.4211150652431791,Policy effect heterogeneity by transaction type.,
m3_policy_by_transaction,C(cause_group)[T.股东知情权纠纷],0.0,0.0,,0.0,0.0,5058,0.2022392030661211,0.4211150652431791,Policy effect heterogeneity by transaction type.,
m3_policy_by_transaction,C(cause_group)[T.股东资格确认纠纷],-0.5350335603682631,0.03922031045198623,2.2607831130538356e-42,-0.611903956316636,-0.45816316441989025,5058,0.2022392030661211,0.4211150652431791,Policy effect heterogeneity by transaction type.,
m3_policy_by_transaction,C(cause_group)[T.股权转让纠纷],-0.1840586509275048,0.1268820708513428,0.14688354825199837,-0.43274294007999603,0.06462563822498643,5058,0.2022392030661211,0.4211150652431791,Policy effect heterogeneity by transaction type.,
m3_policy_by_transaction,C(cause_group)[T.著作权合同纠纷],-0.1843377278383764,0.036101200421693604,3.288088056571377e-07,-0.25509478046355805,-0.11358067521319473,5058,0.2022392030661211,0.4211150652431791,Policy effect heterogeneity by transaction type.,
m3_policy_by_transaction,C(cause_group)[T.著作权权属、侵权纠纷],0.0,0.0,,0.0,0.0,5058,0.2022392030661211,0.4211150652431791,Policy effect heterogeneity by transaction type.,
m3_policy_by_transaction,C(cause_group)[T.著作权权属纠纷],-0.21106795286287872,0.06799846053421488,0.001909163904070848,-0.34434248651410815,-0.07779341921164931,5058,0.2022392030661211,0.4211150652431791,Policy effect heterogeneity by transaction type.,
m3_policy_by_transaction,C(cause_group)[T.著作权许可使用合同纠纷],-0.15757102556106029,0.03703775919141729,2.0967144602649788e-05,-0.23016369964430552,-0.08497835147781505,5058,0.2022392030661211,0.4211150652431791,Policy effect heterogeneity by transaction type.,
m3_policy_by_transaction,C(cause_group)[T.虚假诉讼罪],0.0,0.0,,0.0,0.0,5058,0.2022392030661211,0.4211150652431791,Policy effect heterogeneity by transaction type.,
m3_policy_by_transaction,C(cause_group)[T.融资租赁合同纠纷],-0.08938801952000723,0.048057632923733634,0.06288310521735498,-0.1835792492327715,0.004803210192757035,5058,0.2022392030661211,0.4211150652431791,Policy effect heterogeneity by transaction type.,
m3_policy_by_transaction,C(cause_group)[T.行政],0.0,0.0,,0.0,0.0,5058,0.2022392030661211,0.4211150652431791,Policy effect heterogeneity by transaction type.,
m3_policy_by_transaction,C(cause_group)[T.行政处罚],0.0,0.0,,0.0,0.0,5058,0.2022392030661211,0.4211150652431791,Policy effect heterogeneity by transaction type.,
m3_policy_by_transaction,C(cause_group)[T.行政复议],0.0,0.0,,0.0,0.0,5058,0.2022392030661211,0.4211150652431791,Policy effect heterogeneity by transaction type.,
m3_policy_by_transaction,C(cause_group)[T.行政强制],0.0,0.0,,0.0,0.0,5058,0.2022392030661211,0.4211150652431791,Policy effect heterogeneity by transaction type.,
m3_policy_by_transaction,C(cause_group)[T.行政强制措施],0.0,0.0,,0.0,0.0,5058,0.2022392030661211,0.4211150652431791,Policy effect heterogeneity by transaction type.,
m3_policy_by_transaction,C(cause_group)[T.行政拘留],0.0,0.0,,0.0,0.0,5058,0.2022392030661211,0.4211150652431791,Policy effect heterogeneity by transaction type.,
m3_policy_by_transaction,C(cause_group)[T.行政撤销],0.0,0.0,,0.0,0.0,5058,0.2022392030661211,0.4211150652431791,Policy effect heterogeneity by transaction type.,
m3_policy_by_transaction,C(cause_group)[T.行政监察],0.0,0.0,,0.0,0.0,5058,0.2022392030661211,0.4211150652431791,Policy effect heterogeneity by transaction type.,
m3_policy_by_transaction,C(cause_group)[T.行政确认],0.0,0.0,,0.0,0.0,5058,0.2022392030661211,0.4211150652431791,Policy effect heterogeneity by transaction type.,
m3_policy_by_transaction,C(cause_group)[T.行政非诉执行],0.0,0.0,,0.0,0.0,5058,0.2022392030661211,0.4211150652431791,Policy effect heterogeneity by transaction type.,
m3_policy_by_transaction,C(cause_group)[T.行纪合同纠纷],0.10863849191894698,0.19708081293271518,0.5814703294711177,-0.27763280347305047,0.4949097873109444,5058,0.2022392030661211,0.4211150652431791,Policy effect heterogeneity by transaction type.,
m3_policy_by_transaction,C(cause_group)[T.被继承人债务清偿纠纷],-0.10498974505323995,0.115567771330476,0.3636304511441568,-0.3314984146345335,0.12151892452805362,5058,0.2022392030661211,0.4211150652431791,Policy effect heterogeneity by transaction type.,
m3_policy_by_transaction,C(cause_group)[T.装饰装修合同纠纷],0.13058034410840624,0.19385114343915405,0.5005583904795174,-0.2493609153942437,0.5105216036110563,5058,0.2022392030661211,0.4211150652431791,Policy effect heterogeneity by transaction type.,
m3_policy_by_transaction,C(cause_group)[T.计算机软件开发合同纠纷],-0.053036338228685274,0.08442875451554743,0.5298869365616206,-0.2185136563387317,0.11244097988136115,5058,0.2022392030661211,0.4211150652431791,Policy effect heterogeneity by transaction type.,
m3_policy_by_transaction,C(cause_group)[T.计算机软件著作权许可使用合同纠纷],-0.1573810490658425,0.03259022808008478,1.3716042743060302e-06,-0.2212567223507546,-0.09350537578093038,5058,0.2022392030661211,0.4211150652431791,Policy effect heterogeneity by transaction type.,
m3_policy_by_transaction,C(cause_group)[T.诈骗],0.0,0.0,,0.0,0.0,5058,0.2022392030661211,0.4211150652431791,Policy effect heterogeneity by transaction type.,
m3_policy_by_transaction,C(cause_group)[T.诈骗罪],0.0,0.0,,0.0,0.0,5058,0.2022392030661211,0.4211150652431791,Policy effect heterogeneity by transaction type.,
m3_policy_by_transaction,C(cause_group)[T.诬告陷害罪],0.0,0.0,,0.0,0.0,5058,0.2022392030661211,0.4211150652431791,Policy effect heterogeneity by transaction type.,
m3_policy_by_transaction,C(cause_group)[T.财产保险合同纠纷],-0.1879115703844778,0.03548458163579535,1.186368684451806e-07,-0.2574600723971081,-0.11836306837184753,5058,0.2022392030661211,0.4211150652431791,Policy effect heterogeneity by transaction type.,
m3_policy_by_transaction,C(cause_group)[T.财产损失保险合同纠纷],-0.18357653920771716,0.03201643803730648,9.81926993526485e-09,-0.24632760467409612,-0.1208254737413382,5058,0.2022392030661211,0.4211150652431791,Policy effect heterogeneity by transaction type.,
m3_policy_by_transaction,C(cause_group)[T.财产损害赔偿纠纷],0.16445563132329055,0.11097237498639759,0.13835331126533,-0.0530462269289223,0.3819574895755034,5058,0.2022392030661211,0.4211150652431791,Policy effect heterogeneity by transaction type.,
m3_policy_by_transaction,C(cause_group)[T.贪污罪],0.0,0.0,,0.0,0.0,5058,0.2022392030661211,0.4211150652431791,Policy effect heterogeneity by transaction type.,
m3_policy_by_transaction,C(cause_group)[T.贷款诈骗罪],0.0,0.0,,0.0,0.0,5058,0.2022392030661211,0.4211150652431791,Policy effect heterogeneity by transaction type.,
m3_policy_by_transaction,C(cause_group)[T.赌博罪],0.0,0.0,,0.0,0.0,5058,0.2022392030661211,0.4211150652431791,Policy effect heterogeneity by transaction type.,
m3_policy_by_transaction,C(cause_group)[T.赠与合同纠纷],0.4484486522840488,0.08093932599823396,3.0151739390511415e-08,0.2898104883945638,0.6070868161735338,5058,0.2022392030661211,0.4211150652431791,Policy effect heterogeneity by transaction type.,
m3_policy_by_transaction,C(cause_group)[T.走私、贩卖、运输、制造毒品],0.0,0.0,,0.0,0.0,5058,0.2022392030661211,0.4211150652431791,Policy effect heterogeneity by transaction type.,
m3_policy_by_transaction,C(cause_group)[T.走私、贩卖、运输、制造毒品罪],0.0,0.0,,0.0,0.0,5058,0.2022392030661211,0.4211150652431791,Policy effect heterogeneity by transaction type.,
m3_policy_by_transaction,C(cause_group)[T.走私普通货物、物品罪],0.0,0.0,,0.0,0.0,5058,0.2022392030661211,0.4211150652431791,Policy effect heterogeneity by transaction type.,
m3_policy_by_transaction,C(cause_group)[T.走私武器、弹药罪],0.0,0.0,,0.0,0.0,5058,0.2022392030661211,0.4211150652431791,Policy effect heterogeneity by transaction type.,
m3_policy_by_transaction,C(cause_group)[T.走私罪],0.0,0.0,,0.0,0.0,5058,0.2022392030661211,0.4211150652431791,Policy effect heterogeneity by transaction type.,
m3_policy_by_transaction,C(cause_group)[T.车辆租赁合同纠纷],-0.17256317690259773,0.03222261026417446,8.539358484072806e-08,-0.23571833250825036,-0.10940802129694512,5058,0.2022392030661211,0.4211150652431791,Policy effect heterogeneity by transaction type.,
m3_policy_by_transaction,C(cause_group)[T.运输合同纠纷],0.14072643837675078,0.27703649303448924,0.61147384812854,-0.40225511037412964,0.6837079871276313,5058,0.2022392030661211,0.4211150652431791,Policy effect heterogeneity by transaction type.,
m3_policy_by_transaction,C(cause_group)[T.运送他人偷越国（边）境罪],0.0,0.0,,0.0,0.0,5058,0.2022392030661211,0.4211150652431791,Policy effect heterogeneity by transaction type.,
m3_policy_by_transaction,C(cause_group)[T.返还原物纠纷],0.07743952990705869,0.10740803428601478,0.4709190397869115,-0.13307634894377357,0.28795540875789094,5058,0.2022392030661211,0.4211150652431791,Policy effect heterogeneity by transaction type.,
m3_policy_by_transaction,C(cause_group)[T.追偿权纠纷],-0.15797665758627288,0.10152400322558483,0.11969565902264505,-0.3569600474747474,0.04100673230220167,5058,0.2022392030661211,0.4211150652431791,Policy effect heterogeneity by transaction type.,
m3_policy_by_transaction,C(cause_group)[T.追加、变更被执行人异议之诉],-0.5317644065898998,0.039496214407573754,2.5584834350758964e-41,-0.6091755643544163,-0.4543532488253832,5058,0.2022392030661211,0.4211150652431791,Policy effect heterogeneity by transaction type.,
m3_policy_by_transaction,C(cause_group)[T.追索劳动报酬纠纷],0.0,0.0,,0.0,0.0,5058,0.2022392030661211,0.4211150652431791,Policy effect heterogeneity by transaction type.,
m3_policy_by_transaction,C(cause_group)[T.金融借款合同纠纷],-0.36742763316711974,0.03190891999510021,1.1100394424885747e-30,-0.42996796714308616,-0.3048872991911533,5058,0.2022392030661211,0.4211150652431791,Policy effect heterogeneity by transaction type.,
m3_policy_by_transaction,C(cause_group)[T.铁路运输财产损害责任纠纷],0.38245147772179017,0.029966064777238118,2.6445254731663255e-37,0.32371907000000916,0.4411838854435712,5058,0.2022392030661211,0.4211150652431791,Policy effect heterogeneity by transaction type.,
m3_policy_by_transaction,C(cause_group)[T.银行卡纠纷],-0.26241388748623995,0.06561377028377714,6.35107374650648e-05,-0.3910145141323276,-0.1338132608401523,5058,0.2022392030661211,0.4211150652431791,Policy effect heterogeneity by transaction type.,
m3_policy_by_transaction,C(cause_group)[T.销售假冒注册商标的商品罪],0.0,0.0,,0.0,0.0,5058,0.2022392030661211,0.4211150652431791,Policy effect heterogeneity by transaction type.,
m3_policy_by_transaction,C(cause_group)[T.隐私权纠纷],0.0,0.0,,0.0,0.0,5058,0.2022392030661211,0.4211150652431791,Policy effect heterogeneity by transaction type.,
m3_policy_by_transaction,C(cause_group)[T.集资诈骗罪],0.0,0.0,,0.0,0.0,5058,0.2022392030661211,0.4211150652431791,Policy effect heterogeneity by transaction type.,
m3_policy_by_transaction,C(cause_group)[T.非法侵入计算机信息系统罪],0.0,0.0,,0.0,0.0,5058,0.2022392030661211,0.4211150652431791,Policy effect heterogeneity by transaction type.,
m3_policy_by_transaction,C(cause_group)[T.非法出售增值税专用发票罪],0.0,0.0,,0.0,0.0,5058,0.2022392030661211,0.4211150652431791,Policy effect heterogeneity by transaction type.,
m3_policy_by_transaction,C(cause_group)[T.非法利用信息网络],0.0,0.0,,0.0,0.0,5058,0.2022392030661211,0.4211150652431791,Policy effect heterogeneity by transaction type.,
m3_policy_by_transaction,C(cause_group)[T.非法利用信息网络罪],0.0,0.0,,0.0,0.0,5058,0.2022392030661211,0.4211150652431791,Policy effect heterogeneity by transaction type.,
m3_policy_by_transaction,C(cause_group)[T.非法制造、买卖、运输、邮寄、储存枪支、弹药、爆炸物罪],0.0,0.0,,0.0,0.0,5058,0.2022392030661211,0.4211150652431791,Policy effect heterogeneity by transaction type.,
m3_policy_by_transaction,C(cause_group)[T.非法吸收公众存款],0.0,0.0,,0.0,0.0,5058,0.2022392030661211,0.4211150652431791,Policy effect heterogeneity by transaction type.,
m3_policy_by_transaction,C(cause_group)[T.非法吸收公众存款罪],0.0,0.0,,0.0,0.0,5058,0.2022392030661211,0.4211150652431791,Policy effect heterogeneity by transaction type.,
m3_policy_by_transaction,C(cause_group)[T.非法拘禁罪],0.0,0.0,,0.0,0.0,5058,0.2022392030661211,0.4211150652431791,Policy effect heterogeneity by transaction type.,
m3_policy_by_transaction,C(cause_group)[T.非法持有毒品罪],0.0,0.0,,0.0,0.0,5058,0.2022392030661211,0.4211150652431791,Policy effect heterogeneity by transaction type.,
m3_policy_by_transaction,C(cause_group)[T.非法种植毒品原植物罪],0.0,0.0,,0.0,0.0,5058,0.2022392030661211,0.4211150652431791,Policy effect heterogeneity by transaction type.,
m3_policy_by_transaction,C(cause_group)[T.非法获取计算机信息系统数据、非法控制计算机信息系统罪],0.0,0.0,,0.0,0.0,5058,0.2022392030661211,0.4211150652431791,Policy effect heterogeneity by transaction type.,
m3_policy_by_transaction,C(cause_group)[T.食品、药品监管渎职罪],0.0,0.0,,0.0,0.0,5058,0.2022392030661211,0.4211150652431791,Policy effect heterogeneity by transaction type.,
m3_policy_by_transaction,C(cause_group)[T.餐饮服务合同纠纷],0.8319548741328822,0.06855566717697993,6.851996817825991e-34,0.6975882355298868,0.9663215127358775,5058,0.2022392030661211,0.4211150652431791,Policy effect heterogeneity by transaction type.,
m3_policy_by_transaction,post2021,0.06529860626815519,0.024596738267782574,0.007936323188791,0.017089885126143227,0.11350732741016714,5058,0.2022392030661211,0.4211150652431791,Policy effect heterogeneity by transaction type.,
m3_policy_by_transaction,"post2021:C(transaction_type, Treatment(reference='借贷'))[T.投资/理财]",-0.006827960367868945,0.03506839368010368,0.845624594462153,-0.07556074897654419,0.06190482824080631,5058,0.2022392030661211,0.4211150652431791,Policy effect heterogeneity by transaction type.,
m3_policy_by_transaction,"post2021:C(transaction_type, Treatment(reference='借贷'))[T.交易/买卖]",0.08860784583391403,0.047852596426118145,0.06407133698002725,-0.00518151972800765,0.1823972113958357,5058,0.2022392030661211,0.4211150652431791,Policy effect heterogeneity by transaction type.,
m3_policy_by_transaction,"post2021:C(transaction_type, Treatment(reference='借贷'))[T.ICO/发币]",0.16958380918669919,0.21837823946342733,0.43741839911133795,-0.25842967516888193,0.5975972935422803,5058,0.2022392030661211,0.4211150652431791,Policy effect heterogeneity by transaction type.,
m3_policy_by_transaction,"post2021:C(transaction_type, Treatment(reference='借贷'))[T.挖矿]",0.32970812409246303,0.05345326770057263,6.909071743519995e-10,0.22494164454336252,0.43447460364156354,5058,0.2022392030661211,0.4211150652431791,Policy effect heterogeneity by transaction type.,
m3_policy_by_transaction,"post2021:C(transaction_type, Treatment(reference='借贷'))[T.技术服务]",-0.031448675950124544,0.047382072569341856,0.506866202697491,-0.1243158316988978,0.061418479798648715,5058,0.2022392030661211,0.4211150652431791,Policy effect heterogeneity by transaction type.,
m3_policy_by_transaction,"post2021:C(transaction_type, Treatment(reference='借贷'))[T.其他民商事]",-0.07900712955724361,0.043816938880284005,0.07136961905494972,-0.16488675167539307,0.0068724925609058435,5058,0.2022392030661211,0.4211150652431791,Policy effect heterogeneity by transaction type.,
m3_policy_by_transaction,"post2021:C(transaction_type, Treatment(reference='借贷'))[T.其他/未分类]",-0.083997221427799,0.07917976381791175,0.2887616975147791,-0.23918670681529372,0.07119226395969572,5058,0.2022392030661211,0.4211150652431791,Policy effect heterogeneity by transaction type.,
m3_policy_by_transaction,"post2021:C(transaction_type, Treatment(reference='借贷'))[T.未分类]",0.0,0.0,,0.0,0.0,5058,0.2022392030661211,0.4211150652431791,Policy effect heterogeneity by transaction type.,
m3_policy_by_transaction,log_amount_master,-0.006377075361152629,0.0038459108180356606,0.09728833051280705,-0.013914922052255502,0.001160771329950243,5058,0.2022392030661211,0.4211150652431791,Policy effect heterogeneity by transaction type.,
m3_policy_by_transaction,amount_llm_regex_conflict_flag,-0.07416269594926213,0.03246777785684864,0.02236014547369348,-0.13779837120673252,-0.010527020691791733,5058,0.2022392030661211,0.4211150652431791,Policy effect heterogeneity by transaction type.,
m3_policy_by_transaction,amount_regex_fallback_flag,0.0,0.0,,0.0,0.0,5058,0.2022392030661211,0.4211150652431791,Policy effect heterogeneity by transaction type.,
m4_amount_quartiles,Intercept,0.31068165660831826,0.03439154173752156,1.6601682964881627e-19,0.2432754734299699,0.3780878397866666,5056,0.19637051700617514,0.4212816455696203,Uses amount quartiles instead of linear log amount.,
m4_amount_quartiles,"C(amount_quartile, Treatment(reference='Q1'))[T.Q2]",-0.030079809014366087,0.01673910553968669,0.07233906861284503,-0.0628878530055669,0.0027282349768347237,5056,0.19637051700617514,0.4212816455696203,Uses amount quartiles instead of linear log amount.,
m4_amount_quartiles,"C(amount_quartile, Treatment(reference='Q1'))[T.Q3]",-0.018171291111898608,0.017972422140301914,0.311985210896604,-0.053396591221840636,0.01705400899804342,5056,0.19637051700617514,0.4212816455696203,Uses amount quartiles instead of linear log amount.,
m4_amount_quartiles,"C(amount_quartile, Treatment(reference='Q1'))[T.Q4]",-0.07529528247881714,0.02443570047563027,0.0020605473228438114,-0.12318837534806074,-0.027402189609573545,5056,0.19637051700617514,0.4212816455696203,Uses amount quartiles instead of linear log amount.,
m4_amount_quartiles,"C(transaction_type, Treatment(reference='借贷'))[T.投资/理财]",0.25125964833664943,0.02253866669533531,7.328533756735356e-29,0.20708467335423983,0.295434623319059,5056,0.19637051700617514,0.4212816455696203,Uses amount quartiles instead of linear log amount.,
m4_amount_quartiles,"C(transaction_type, Treatment(reference='借贷'))[T.交易/买卖]",0.169260404109483,0.038951555647373196,1.3901698619069993e-05,0.0929167578988238,0.2456040503201422,5056,0.19637051700617514,0.4212816455696203,Uses amount quartiles instead of linear log amount.,
m4_amount_quartiles,"C(transaction_type, Treatment(reference='借贷'))[T.ICO/发币]",0.4822960477822973,0.10739929149838182,7.099553455662039e-06,0.2717973044803501,0.6927947910842445,5056,0.19637051700617514,0.4212816455696203,Uses amount quartiles instead of linear log amount.,
m4_amount_quartiles,"C(transaction_type, Treatment(reference='借贷'))[T.挖矿]",0.06910025817111658,0.03813230118650881,0.06996784895554867,-0.005637678802074664,0.14383819514430782,5056,0.19637051700617514,0.4212816455696203,Uses amount quartiles instead of linear log amount.,
m4_amount_quartiles,"C(transaction_type, Treatment(reference='借贷'))[T.技术服务]",-0.1173620680264215,0.059717319235842954,0.049380260632998836,-0.23440586298195468,-0.0003182730708883308,5056,0.19637051700617514,0.4212816455696203,Uses amount quartiles instead of linear log amount.,
m4_amount_quartiles,"C(transaction_type, Treatment(reference='借贷'))[T.其他民商事]",-0.15784247413869495,0.032266716778024486,9.991560499196821e-07,-0.22108407692297724,-0.09460087135441267,5056,0.19637051700617514,0.4212816455696203,Uses amount quartiles instead of linear log amount.,
m4_amount_quartiles,"C(transaction_type, Treatment(reference='借贷'))[T.其他/未分类]",-0.06831858294846996,0.07093668780806,0.33550116927358997,-0.20735193623482912,0.0707147703378892,5056,0.19637051700617514,0.4212816455696203,Uses amount quartiles instead of linear log amount.,
m4_amount_quartiles,"C(transaction_type, Treatment(reference='借贷'))[T.未分类]",-2.080124968899301e-15,8.088105772048955e-16,0.010116195224153746,-3.665364570535949e-15,-4.948853672626529e-16,5056,0.19637051700617514,0.4212816455696203,Uses amount quartiles instead of linear log amount.,
m4_amount_quartiles,C(court_level_group)[T.基层法院],0.011847728320430413,0.0143609375654027,0.40937337644982663,-0.016299192091987203,0.039994648732848026,5056,0.19637051700617514,0.4212816455696203,Uses amount quartiles instead of linear log amount.,
m4_amount_quartiles,C(court_level_group)[T.最高人民法院],-0.09841858127092237,0.10421376561433394,0.3449696879746692,-0.3026738085683156,0.10583664602647086,5056,0.19637051700617514,0.4212816455696203,Uses amount quartiles instead of linear log amount.,
m4_amount_quartiles,C(court_level_group)[T.高级法院],-0.0014652270869561085,0.10366937632276736,0.9887233511890131,-0.20465347097930958,0.20172301680539734,5056,0.19637051700617514,0.4212816455696203,Uses amount quartiles instead of linear log amount.,
m4_amount_quartiles,C(cause_group)[T.不当得利纠纷],0.2904611192666348,0.037130141818026874,5.166727577530578e-15,0.21768737856243758,0.36323485997083205,5056,0.19637051700617514,0.4212816455696203,Uses amount quartiles instead of linear log amount.,
m4_amount_quartiles,C(cause_group)[T.不正当竞争纠纷],0.3881336536625863,0.1881038414206494,0.03907454544652993,0.019456899124479843,0.7568104082006928,5056,0.19637051700617514,0.4212816455696203,Uses amount quartiles instead of linear log amount.,
m4_amount_quartiles,C(cause_group)[T.与公司有关的纠纷],-0.09734101370533062,0.17283785197686652,0.5733036843110259,-0.43609697874525394,0.24141495133459273,5056,0.19637051700617514,0.4212816455696203,Uses amount quartiles instead of linear log amount.,
m4_amount_quartiles,C(cause_group)[T.专利行政管理],7.321155732681134e-16,3.977534426861837e-16,0.06567629455174184,-4.7466849123623197e-17,1.51169799565985e-15,5056,0.19637051700617514,0.4212816455696203,Uses amount quartiles instead of linear log amount.,
m4_amount_quartiles,C(cause_group)[T.业主撤销权纠纷],0.2178294410926615,0.2524653896296435,0.38824242307479284,-0.2769936299243118,0.7126525121096348,5056,0.19637051700617514,0.4212816455696203,Uses amount quartiles instead of linear log amount.,
m4_amount_quartiles,C(cause_group)[T.中介合同纠纷],-0.22723988027077033,0.031206182877995443,3.2918410477133697e-13,-0.28840287480661186,-0.16607688573492876,5056,0.19637051700617514,0.4212816455696203,Uses amount quartiles instead of linear log amount.,
m4_amount_quartiles,C(cause_group)[T.买卖合同纠纷],-0.036549243778458626,0.04366964761852949,0.4026215462979752,-0.12214018032833177,0.04904169277141451,5056,0.19637051700617514,0.4212816455696203,Uses amount quartiles instead of linear log amount.,
m4_amount_quartiles,C(cause_group)[T.互易纠纷],-0.2531671972879579,0.05718000570240563,9.531054151826771e-06,-0.36523794910046786,-0.14109644547544792,5056,0.19637051700617514,0.4212816455696203,Uses amount quartiles instead of linear log amount.,
m4_amount_quartiles,C(cause_group)[T.交通肇事罪],1.3219357663293355e-15,4.680242048614717e-16,0.004735400636084527,4.0462518090785496e-16,2.239246351750816e-15,5056,0.19637051700617514,0.4212816455696203,Uses amount quartiles instead of linear log amount.,
m4_amount_quartiles,C(cause_group)[T.产品责任纠纷],9.159033615121936e-16,2.254100861631488e-16,4.838878634881541e-05,4.741077108803516e-16,1.3576990121440357e-15,5056,0.19637051700617514,0.4212816455696203,Uses amount quartiles instead of linear log amount.,
m4_amount_quartiles,C(cause_group)[T.人身保险合同纠纷],-0.22723988027077624,0.031206182877995543,3.291841047709323e-13,-0.28840287480661797,-0.16607688573493448,5056,0.19637051700617514,0.4212816455696203,Uses amount quartiles instead of linear log amount.,
m4_amount_quartiles,C(cause_group)[T.仓储合同纠纷],0.5276460963075161,0.03576947369280324,3.018124514735578e-49,0.4575392161236689,0.5977529764913634,5056,0.19637051700617514,0.4212816455696203,Uses amount quartiles instead of linear log amount.,
m4_amount_quartiles,C(cause_group)[T.仿冒纠纷],2.527022976083269e-16,1.8888149963723354e-16,0.18093293945153655,-1.1749863902656614e-16,6.229032342432199e-16,5056,0.19637051700617514,0.4212816455696203,Uses amount quartiles instead of linear log amount.,
m4_amount_quartiles,C(cause_group)[T.企业承包经营合同纠纷],-0.13466789135772372,0.032459033817408986,3.3413937079975926e-05,-0.19828642861281298,-0.07104935410263445,5056,0.19637051700617514,0.4212816455696203,Uses amount quartiles instead of linear log amount.,
m4_amount_quartiles,C(cause_group)[T.传播淫秽物品罪],8.045414475100584e-17,2.460582794254938e-16,0.7436891336750502,-4.0181122102085503e-16,5.627195105228667e-16,5056,0.19637051700617514,0.4212816455696203,Uses amount quartiles instead of linear log amount.,
m4_amount_quartiles,C(cause_group)[T.伪造、变造、买卖国家机关公文、证件、印章罪],-2.4811245337526396e-16,1.931388755749511e-16,0.19892077806478015,-6.266576935167308e-16,1.304327867662029e-16,5056,0.19637051700617514,0.4212816455696203,Uses amount quartiles instead of linear log amount.,
m4_amount_quartiles,C(cause_group)[T.伪造、变造、买卖身份证件罪],7.865329267404395e-16,2.4867040488486815e-16,0.0015617727688850074,2.9914788914510485e-16,1.2739179643357742e-15,5056,0.19637051700617514,0.4212816455696203,Uses amount quartiles instead of linear log amount.,
m4_amount_quartiles,C(cause_group)[T.伪造、变造金融票证罪],2.6553980102564974e-16,1.886179406877016e-16,0.15918486061336679,-1.0414456956035748e-16,6.35224171611657e-16,5056,0.19637051700617514,0.4212816455696203,Uses amount quartiles instead of linear log amount.,
m4_amount_quartiles,C(cause_group)[T.供用电合同纠纷],-0.3998802952730794,0.0356560626643135,3.444535476078835e-29,-0.46976489392563714,-0.32999569662052164,5056,0.19637051700617514,0.4212816455696203,Uses amount quartiles instead of linear log amount.,
m4_amount_quartiles,C(cause_group)[T.侵占罪],1.4202572108356642e-16,1.3228649002526405e-16,0.28299201429644294,-1.1725103500716822e-16,4.0130247717430106e-16,5056,0.19637051700617514,0.4212816455696203,Uses amount quartiles instead of linear log amount.,
m4_amount_quartiles,C(cause_group)[T.侵害作品信息网络传播权纠纷],0.2826039191644302,0.20515801679786924,0.16835959570544945,-0.11949840489905694,0.6847062432279173,5056,0.19637051700617514,0.4212816455696203,Uses amount quartiles instead of linear log amount.,
m4_amount_quartiles,C(cause_group)[T.侵害作品发行权纠纷],2.8257598199507733e-16,1.3223521833107478e-16,0.032604560982505235,2.3399716578380014e-17,5.417522474117747e-16,5056,0.19637051700617514,0.4212816455696203,Uses amount quartiles instead of linear log amount.,
m4_amount_quartiles,C(cause_group)[T.侵害作品复制权纠纷],3.3862077724717435e-16,1.2098824974522215e-16,0.0051294388531936165,1.0148816519400154e-16,5.757533893003472e-16,5056,0.19637051700617514,0.4212816455696203,Uses amount quartiles instead of linear log amount.,
m4_amount_quartiles,C(cause_group)[T.侵害作品展览权纠纷],2.551590106413222e-16,1.6740422849789876e-16,0.1274565419415304,-7.294724807427312e-17,5.832652693569175e-16,5056,0.19637051700617514,0.4212816455696203,Uses amount quartiles instead of linear log amount.,
m4_amount_quartiles,C(cause_group)[T.侵害作品广播权纠纷],3.1558096971257914e-16,1.510896874138743e-16,0.03673477286714713,1.9450623945970834e-17,6.117113154791874e-16,5056,0.19637051700617514,0.4212816455696203,Uses amount quartiles instead of linear log amount.,
m4_amount_quartiles,C(cause_group)[T.侵害作品改编权纠纷],-0.16560256409407506,0.11430407305996652,0.14739632016872156,-0.3896344305778445,0.058429302389694376,5056,0.19637051700617514,0.4212816455696203,Uses amount quartiles instead of linear log amount.,
m4_amount_quartiles,C(cause_group)[T.侵害其他著作财产权纠纷],1.0428334576008212e-15,2.2864733315548254e-16,5.093925358731727e-06,5.946929194549444e-16,1.4909739957466978e-15,5056,0.19637051700617514,0.4212816455696203,Uses amount quartiles instead of linear log amount.,
m4_amount_quartiles,C(cause_group)[T.侵害发明专利权纠纷],0.8054110560328186,0.11660763113153588,4.9494569395769456e-12,0.5768642986924767,1.0339578133731604,5056,0.19637051700617514,0.4212816455696203,Uses amount quartiles instead of linear log amount.,
m4_amount_quartiles,C(cause_group)[T.侵害商标权纠纷],0.2233449878494015,0.16658487927561305,0.18000882732355028,-0.10315537589975293,0.549845351598556,5056,0.19637051700617514,0.4212816455696203,Uses amount quartiles instead of linear log amount.,
m4_amount_quartiles,C(cause_group)[T.侵害外观设计专利权纠纷],0.44533361707436453,0.3090726862131504,0.14962136196390322,-0.16043771650845956,1.0511049506571886,5056,0.19637051700617514,0.4212816455696203,Uses amount quartiles instead of linear log amount.,
m4_amount_quartiles,C(cause_group)[T.侵害实用新型专利权纠纷],-1.9486537152545622e-16,1.1386870857253662e-16,0.08702274787385912,-4.180439392937153e-16,2.8313196242802854e-17,5056,0.19637051700617514,0.4212816455696203,Uses amount quartiles instead of linear log amount.,
m4_amount_quartiles,C(cause_group)[T.侵害录音录像制作者权纠纷],-4.93043172408779e-16,1.4580695077791463e-16,0.0007209668886133273,-7.788195446290961e-16,-2.0726680018846192e-16,5056,0.19637051700617514,0.4212816455696203,Uses amount quartiles instead of linear log amount.,
m4_amount_quartiles,C(cause_group)[T.侵害计算机软件著作权纠纷],6.82348718980046e-18,1.0505295648546755e-16,0.9482115543304904,-1.9907652399116943e-16,2.1272349837077035e-16,5056,0.19637051700617514,0.4212816455696203,Uses amount quartiles instead of linear log amount.,
m4_amount_quartiles,C(cause_group)[T.侵权责任纠纷],0.2294448834621249,0.1508958697843423,0.1283725216244625,-0.06630558673103179,0.5251953536552816,5056,0.19637051700617514,0.4212816455696203,Uses amount quartiles instead of linear log amount.,
m4_amount_quartiles,C(cause_group)[T.侵犯公民个人信息罪],1.8948328420079942e-16,1.2492823255274848e-16,0.1293330753433708,-5.537155225483196e-17,4.343381206564308e-16,5056,0.19637051700617514,0.4212816455696203,Uses amount quartiles instead of linear log amount.,
m4_amount_quartiles,C(cause_group)[T.侵犯著作权罪],3.839182277823304e-16,2.0227506914660251e-16,0.057695986593085044,-1.2533622715359586e-17,7.803700782800204e-16,5056,0.19637051700617514,0.4212816455696203,Uses amount quartiles instead of linear log amount.,
m4_amount_quartiles,C(cause_group)[T.保管合同纠纷],-0.11517685482442831,0.2825459568319013,0.6835384584401963,-0.6689567541923637,0.43860304454350707,5056,0.19637051700617514,0.4212816455696203,Uses amount quartiles instead of linear log amount.,
m4_amount_quartiles,C(cause_group)[T.保证合同纠纷],0.23909290667842661,0.10694751851378295,0.02537735055017027,0.02947962215548139,0.44870619120137184,5056,0.19637051700617514,0.4212816455696203,Uses amount quartiles instead of linear log amount.,
m4_amount_quartiles,C(cause_group)[T.保险代理合同纠纷],0.7727601197292225,0.031206182877995287,2.2434474985591152e-135,0.7115971251933813,0.8339231142650638,5056,0.19637051700617514,0.4212816455696203,Uses amount quartiles instead of linear log amount.,
m4_amount_quartiles,C(cause_group)[T.信息网络买卖合同纠纷],-0.29319696987839866,0.10099698456495651,0.0036957481102139022,-0.49114742217286117,-0.09524651758393615,5056,0.19637051700617514,0.4212816455696203,Uses amount quartiles instead of linear log amount.,
m4_amount_quartiles,C(cause_group)[T.信用卡纠纷],-0.2826363093217943,0.05538090001498499,3.3343213822331183e-07,-0.3911808787825786,-0.17409173986100995,5056,0.19637051700617514,0.4212816455696203,Uses amount quartiles instead of linear log amount.,
m4_amount_quartiles,C(cause_group)[T.信用卡诈骗罪],3.701711700928751e-17,1.1788022922944808e-16,0.7535034814079359,-1.940238867697565e-16,2.6805812078833153e-16,5056,0.19637051700617514,0.4212816455696203,Uses amount quartiles instead of linear log amount.,
m4_amount_quartiles,C(cause_group)[T.修理合同纠纷],-0.24541117138267327,0.030984692367294592,2.3674685818502114e-15,-0.3061400524946238,-0.18468229027072275,5056,0.19637051700617514,0.4212816455696203,Uses amount quartiles instead of linear log amount.,
m4_amount_quartiles,C(cause_group)[T.借款合同纠纷],0.05854326834220874,0.12003378521730508,0.6257458780865253,-0.17671862761172555,0.293805164296143,5056,0.19637051700617514,0.4212816455696203,Uses amount quartiles instead of linear log amount.,
m4_amount_quartiles,C(cause_group)[T.借用合同纠纷],-0.3279583630425461,0.036599838370340705,3.22768336613263e-19,-0.39969272808840106,-0.25622399799669116,5056,0.19637051700617514,0.4212816455696203,Uses amount quartiles instead of linear log amount.,
m4_amount_quartiles,C(cause_group)[T.债券质权纠纷],0.14796347315814276,0.2580134392415184,0.5663251781453064,-0.3577335752825469,0.6536605215988324,5056,0.19637051700617514,0.4212816455696203,Uses amount quartiles instead of linear log amount.,
m4_amount_quartiles,C(cause_group)[T.债务加入纠纷],-0.6363420027461213,0.029592725186882565,1.4492196095690515e-102,-0.6943426783168025,-0.5783413271754401,5056,0.19637051700617514,0.4212816455696203,Uses amount quartiles instead of linear log amount.,
m4_amount_quartiles,C(cause_group)[T.债务转移合同纠纷],-0.14651561967815496,0.031749786149694814,3.936706014639062e-06,-0.20874405704840543,-0.0842871823079045,5056,0.19637051700617514,0.4212816455696203,Uses amount quartiles instead of linear log amount.,
m4_amount_quartiles,C(cause_group)[T.债权人撤销权纠纷],0.4497204785863307,0.2967047616556417,0.12959090380419383,-0.13181016830026782,1.031251125472929,5056,0.19637051700617514,0.4212816455696203,Uses amount quartiles instead of linear log amount.,
m4_amount_quartiles,C(cause_group)[T.债权转让合同纠纷],0.12968141457998125,0.12655887249279985,0.3055176747062315,-0.11836941742990337,0.37773224658986587,5056,0.19637051700617514,0.4212816455696203,Uses amount quartiles instead of linear log amount.,
m4_amount_quartiles,C(cause_group)[T.假冒注册商标罪],2.0848816904830987e-16,1.2626888439986084e-16,0.09870908059466733,-3.8994296743468867e-17,4.559706348400886e-16,5056,0.19637051700617514,0.4212816455696203,Uses amount quartiles instead of linear log amount.,
m4_amount_quartiles,C(cause_group)[T.偷越国（边）境罪],9.156912003161334e-17,1.3916678660296434e-16,0.5105502541804223,-1.8119276955436807e-16,3.6433100961759476e-16,5056,0.19637051700617514,0.4212816455696203,Uses amount quartiles instead of linear log amount.,
m4_amount_quartiles,C(cause_group)[T.储蓄存款合同纠纷],-0.1346071017756887,0.030664614983950133,1.1353027032269518e-05,-0.19470864274401822,-0.07450556080735914,5056,0.19637051700617514,0.4212816455696203,Uses amount quartiles instead of linear log amount.,
m4_amount_quartiles,C(cause_group)[T.公司减资纠纷],7.74695397680114e-17,9.868157025769034e-17,0.43242679027220043,-1.1594278387492064e-16,2.708818634109435e-16,5056,0.19637051700617514,0.4212816455696203,Uses amount quartiles instead of linear log amount.,
m4_amount_quartiles,C(cause_group)[T.公司解散纠纷],2.4081278484128977e-16,1.4994059404512578e-16,0.10826190793513563,-5.306537930769763e-17,5.346909489902772e-16,5056,0.19637051700617514,0.4212816455696203,Uses amount quartiles instead of linear log amount.,
m4_amount_quartiles,C(cause_group)[T.公安行政管理],-2.1357883902974193e-16,1.4314074178707902e-16,0.13567560870427398,-4.941295376527644e-16,6.697185959328047e-17,5056,0.19637051700617514,0.4212816455696203,Uses amount quartiles instead of linear log amount.,
m4_amount_quartiles,C(cause_group)[T.公益事业捐赠合同纠纷],-0.7295301502322302,0.10867679487648715,1.9086979289490628e-11,-0.9425327541453921,-0.5165275463190684,5056,0.19637051700617514,0.4212816455696203,Uses amount quartiles instead of linear log amount.,
m4_amount_quartiles,C(cause_group)[T.共有物分割纠纷],2.767378889644274e-16,8.553789645309064e-17,0.0012152925087003097,1.090866926030533e-16,4.443890853258015e-16,5056,0.19637051700617514,0.4212816455696203,Uses amount quartiles instead of linear log amount.,
m4_amount_quartiles,C(cause_group)[T.共有纠纷],-0.22413099296591363,0.053781348056283686,3.0802820776548785e-05,-0.32954049819624287,-0.11872148773558436,5056,0.19637051700617514,0.4212816455696203,Uses amount quartiles instead of linear log amount.,
m4_amount_quartiles,C(cause_group)[T.其他案由],2.275495551598253e-16,8.18007784727176e-17,0.0054066182889183426,6.722297544595943e-17,3.8787613487369115e-16,5056,0.19637051700617514,0.4212816455696203,Uses amount quartiles instead of linear log amount.,
m4_amount_quartiles,C(cause_group)[T.其他行政行为],1.9074142728808894e-16,7.215176240322299e-17,0.008202607788336817,4.932657155668075e-17,3.3215628301949714e-16,5056,0.19637051700617514,0.4212816455696203,Uses amount quartiles instead of linear log amount.,
m4_amount_quartiles,C(cause_group)[T.再保险合同纠纷],-0.21533136236830794,0.03018490259860086,9.767504936872004e-13,-0.2744926843384151,-0.15617004039820076,5056,0.19637051700617514,0.4212816455696203,Uses amount quartiles instead of linear log amount.,
m4_amount_quartiles,C(cause_group)[T.出售、购买、运输假币罪],-2.874188055251902e-17,8.527773863083336e-17,0.7360878824136678,-1.9588317695197245e-16,1.383994158469344e-16,5056,0.19637051700617514,0.4212816455696203,Uses amount quartiles instead of linear log amount.,
m4_amount_quartiles,C(cause_group)[T.分家析产纠纷],-2.5413249246781585e-16,7.883846954526968e-17,0.0012665288648594716,-4.086530533728023e-16,-9.961193156282938e-17,5056,0.19637051700617514,0.4212816455696203,Uses amount quartiles instead of linear log amount.,
m4_amount_quartiles,C(cause_group)[T.分期付款买卖合同纠纷],-0.5424342406164848,0.04139680285418977,3.152957005924941e-39,-0.6235704832858017,-0.46129799794716797,5056,0.19637051700617514,0.4212816455696203,Uses amount quartiles instead of linear log amount.,
m4_amount_quartiles,C(cause_group)[T.制作、复制、出版、贩卖、传播淫秽物品牟利罪],5.675429313956747e-16,6.595695868730577e-17,7.648538842771017e-18,4.3826966783875914e-16,6.968161949525903e-16,5056,0.19637051700617514,0.4212816455696203,Uses amount quartiles instead of linear log amount.,
m4_amount_quartiles,C(cause_group)[T.制作、贩卖、传播淫秽物品罪],-1.926798632129064e-16,1.1671233867100672e-16,0.09875993497078629,-4.21431843559521e-16,3.607211713370819e-17,5056,0.19637051700617514,0.4212816455696203,Uses amount quartiles instead of linear log amount.,
m4_amount_quartiles,C(cause_group)[T.劳务合同纠纷],-0.21497976413333586,0.045931540222585006,2.8626152299569118e-06,-0.30500392872405535,-0.1249555995426164,5056,0.19637051700617514,0.4212816455696203,Uses amount quartiles instead of linear log amount.,
m4_amount_quartiles,C(cause_group)[T.劳动争议],-0.1468680979245993,0.07610657213056492,0.053635475389129675,-0.29603423828730635,0.0022980424381077447,5056,0.19637051700617514,0.4212816455696203,Uses amount quartiles instead of linear log amount.,
m4_amount_quartiles,C(cause_group)[T.劳动合同纠纷],-0.06553376605824615,0.09272939102344303,0.47974015747874554,-0.24728003277252628,0.11621250065603397,5056,0.19637051700617514,0.4212816455696203,Uses amount quartiles instead of linear log amount.,
m4_amount_quartiles,C(cause_group)[T.占有物返还纠纷],-1.4824604670150815e-16,1.5138244895109064e-16,0.32744085974974035,-4.449501945371191e-16,1.4845810113410277e-16,5056,0.19637051700617514,0.4212816455696203,Uses amount quartiles instead of linear log amount.,
m4_amount_quartiles,C(cause_group)[T.危险驾驶罪],-1.858230334952394e-16,9.77451587748502e-17,0.057289301274850685,-3.77400024357095e-16,5.75395736661624e-18,5056,0.19637051700617514,0.4212816455696203,Uses amount quartiles instead of linear log amount.,
m4_amount_quartiles,C(cause_group)[T.发起人责任纠纷],0.019914748082853984,0.22272072131419207,0.9287514792792351,-0.41660984430374487,0.45643934046945284,5056,0.19637051700617514,0.4212816455696203,Uses amount quartiles instead of linear log amount.,
m4_amount_quartiles,C(cause_group)[T.受贿罪],-2.4903627063130865e-16,5.0598357365557005e-17,8.574077864995737e-07,-3.4820722874468737e-16,-1.4986531251792993e-16,5056,0.19637051700617514,0.4212816455696203,Uses amount quartiles instead of linear log amount.,
m4_amount_quartiles,C(cause_group)[T.合伙企业纠纷],-0.18764918939832712,0.13557752701277848,0.16633611494802658,-0.45337625945637927,0.07807788065972501,5056,0.19637051700617514,0.4212816455696203,Uses amount quartiles instead of linear log amount.,
m4_amount_quartiles,C(cause_group)[T.合伙协议纠纷],-0.19198120362824006,0.062378814189308546,0.0020862806471079417,-0.31424143283760086,-0.06972097441887923,5056,0.19637051700617514,0.4212816455696203,Uses amount quartiles instead of linear log amount.,
m4_amount_quartiles,C(cause_group)[T.合伙合同纠纷],0.10644232649999386,0.08459547691159344,0.20830106828159622,-0.059361761501718985,0.2722464145017067,5056,0.19637051700617514,0.4212816455696203,Uses amount quartiles instead of linear log amount.,
m4_amount_quartiles,C(cause_group)[T.合作创作合同纠纷],-0.13460710177569002,0.030664614983950192,1.1353027032267703e-05,-0.19470864274401967,-0.07450556080736036,5056,0.19637051700617514,0.4212816455696203,Uses amount quartiles instead of linear log amount.,
m4_amount_quartiles,C(cause_group)[T.合同、准合同纠纷],0.6029413787863336,0.03606319427915993,9.526804085518118e-63,0.5322588168317092,0.673623940740958,5056,0.19637051700617514,0.4212816455696203,Uses amount quartiles instead of linear log amount.,
m4_amount_quartiles,C(cause_group)[T.合同、无因管理、不当得利],-0.35422846231156185,0.14569853323679666,0.01504714088824521,-0.6397923400559953,-0.06866458456712837,5056,0.19637051700617514,0.4212816455696203,Uses amount quartiles instead of linear log amount.,
m4_amount_quartiles,C(cause_group)[T.合同纠纷],0.06638438042892116,0.026179491265064855,0.011221004349746717,0.0150735204158131,0.11769524044202921,5056,0.19637051700617514,0.4212816455696203,Uses amount quartiles instead of linear log amount.,
m4_amount_quartiles,C(cause_group)[T.合同诈骗罪],-6.701499857720447e-17,3.508334632061386e-17,0.05611190470486108,-1.3577709382275345e-16,1.7470966683445087e-18,5056,0.19637051700617514,0.4212816455696203,Uses amount quartiles instead of linear log amount.,
m4_amount_quartiles,C(cause_group)[T.名誉权纠纷],0.501506249213417,0.0332039663338634,1.528512272716195e-51,0.43642767105516433,0.5665848273716697,5056,0.19637051700617514,0.4212816455696203,Uses amount quartiles instead of linear log amount.,
m4_amount_quartiles,C(cause_group)[T.商品房销售合同纠纷],-0.24541117138267426,0.03098469236729466,2.3674685818499546e-15,-0.3061400524946249,-0.18468229027072364,5056,0.19637051700617514,0.4212816455696203,Uses amount quartiles instead of linear log amount.,
m4_amount_quartiles,C(cause_group)[T.商品房预售合同纠纷],-0.2292375094861597,0.04783078380856934,1.6457026099279648e-06,-0.3229841231032772,-0.13549089586904223,5056,0.19637051700617514,0.4212816455696203,Uses amount quartiles instead of linear log amount.,
m4_amount_quartiles,C(cause_group)[T.商标权权属、侵权纠纷],3.04824421063521e-16,5.589697503112203e-17,4.9436348686799683e-08,1.9526836315778717e-16,4.1438047896925487e-16,5056,0.19637051700617514,0.4212816455696203,Uses amount quartiles instead of linear log amount.,
m4_amount_quartiles,C(cause_group)[T.商标权权属纠纷],6.498456563704369e-17,3.113036073556384e-17,0.03684314205208257,3.970179769598737e-18,1.2599895150448864e-16,5056,0.19637051700617514,0.4212816455696203,Uses amount quartiles instead of linear log amount.,
m4_amount_quartiles,C(cause_group)[T.因申请诉中财产保全损害责任纠纷],5.728393485514285e-16,3.1498533414009644e-17,6.635865912793628e-74,5.111033574941381e-16,6.345753396087189e-16,5056,0.19637051700617514,0.4212816455696203,Uses amount quartiles instead of linear log amount.,
m4_amount_quartiles,C(cause_group)[T.因申请财产保全损害责任纠纷],2.3796762986600483e-17,3.096331012933604e-17,0.44216220472242285,-3.6890209709042404e-17,8.448373568224337e-17,5056,0.19637051700617514,0.4212816455696203,Uses amount quartiles instead of linear log amount.,
m4_amount_quartiles,C(cause_group)[T.国有公司、企业、事业单位人员失职罪],-3.647866857021579e-16,6.942431030720154e-17,1.4846609589229513e-07,-5.008558335558058e-16,-2.2871753784851e-16,5056,0.19637051700617514,0.4212816455696203,Uses amount quartiles instead of linear log amount.,
m4_amount_quartiles,C(cause_group)[T.土地租赁合同纠纷],-0.2454111713826749,0.030984692367294748,2.367468581849971e-15,-0.3061400524946257,-0.18468229027072408,5056,0.19637051700617514,0.4212816455696203,Uses amount quartiles instead of linear log amount.,
m4_amount_quartiles,C(cause_group)[T.妨害信用卡管理罪],-1.672034112495543e-17,2.2086638747706384e-17,0.44902936704330765,-6.000935761000678e-17,2.656867536009592e-17,5056,0.19637051700617514,0.4212816455696203,Uses amount quartiles instead of linear log amount.,
m4_amount_quartiles,C(cause_group)[T.委托合同纠纷],-0.04744208960271596,0.03400921291460901,0.16302259987424783,-0.11409892205790409,0.019214742852472176,5056,0.19637051700617514,0.4212816455696203,Uses amount quartiles instead of linear log amount.,
m4_amount_quartiles,C(cause_group)[T.委托理财合同纠纷],0.0654890399154322,0.046534233135770306,0.15932944539149851,-0.025716381078867978,0.15669446090973238,5056,0.19637051700617514,0.4212816455696203,Uses amount quartiles instead of linear log amount.,
m4_amount_quartiles,C(cause_group)[T.娱乐服务合同纠纷],-0.19331958858189735,0.059673115972371474,0.0011967946565951204,-0.3102767467330273,-0.07636243043076742,5056,0.19637051700617514,0.4212816455696203,Uses amount quartiles instead of linear log amount.,
m4_amount_quartiles,C(cause_group)[T.婚约财产纠纷],0.44296248159060725,0.23235114956251807,0.05659372567622123,-0.012437403318407703,0.8983623664996222,5056,0.19637051700617514,0.4212816455696203,Uses amount quartiles instead of linear log amount.,
m4_amount_quartiles,C(cause_group)[T.定作合同纠纷],-0.33791876887018385,0.0710288356435667,1.960177848453952e-06,-0.47713272859538947,-0.19870480914497826,5056,0.19637051700617514,0.4212816455696203,Uses amount quartiles instead of linear log amount.,
m4_amount_quartiles,C(cause_group)[T.定金合同纠纷],0.05596163153986747,0.20793446104941699,0.7878287938639484,-0.3515824232617365,0.4635056863414715,5056,0.19637051700617514,0.4212816455696203,Uses amount quartiles instead of linear log amount.,
m4_amount_quartiles,C(cause_group)[T.容留他人吸毒罪],-4.983947680653111e-17,1.3126202233785554e-17,0.0001464898760049847,-7.556636043854001e-17,-2.4112593174522217e-17,5056,0.19637051700617514,0.4212816455696203,Uses amount quartiles instead of linear log amount.,
m4_amount_quartiles,C(cause_group)[T.小额借款合同纠纷],5.2294125160650985e-18,1.4401599517947434e-17,0.7165202399180917,-2.2997203858881277e-17,3.3456028891011474e-17,5056,0.19637051700617514,0.4212816455696203,Uses amount quartiles instead of linear log amount.,
m4_amount_quartiles,C(cause_group)[T.帮助信息网络犯罪活动],7.663568977087749e-17,4.324327647196967e-17,0.07636153551716739,-8.11957468769136e-18,1.6139095422944636e-16,5056,0.19637051700617514,0.4212816455696203,Uses amount quartiles instead of linear log amount.,
m4_amount_quartiles,C(cause_group)[T.帮助信息网络犯罪活动罪],3.346833816869932e-17,7.267639239417597e-18,4.1223152968834875e-06,1.922402700681076e-17,4.7712649330587883e-17,5056,0.19637051700617514,0.4212816455696203,Uses amount quartiles instead of linear log amount.,
m4_amount_quartiles,C(cause_group)[T.广告合同纠纷],0.011603068347915246,0.1458134583257679,0.9365754843440397,-0.2741860584318219,0.2973921951276524,5056,0.19637051700617514,0.4212816455696203,Uses amount quartiles instead of linear log amount.,
m4_amount_quartiles,C(cause_group)[T.建筑物和物件损害责任纠纷],-7.848756722059323e-17,5.759760277616446e-18,2.7717593174865623e-42,-8.977648992430589e-17,-6.719864451688058e-17,5056,0.19637051700617514,0.4212816455696203,Uses amount quartiles instead of linear log amount.,
m4_amount_quartiles,C(cause_group)[T.建设工程合同纠纷],-0.16419202474364333,0.03381719805384388,1.2021568963452676e-06,-0.23047251498723537,-0.09791153450005131,5056,0.19637051700617514,0.4212816455696203,Uses amount quartiles instead of linear log amount.,
m4_amount_quartiles,C(cause_group)[T.建设工程施工合同纠纷],0.38623857800784095,0.12603644999958957,0.0021803488583899437,0.13921167526936207,0.6332654807463198,5056,0.19637051700617514,0.4212816455696203,Uses amount quartiles instead of linear log amount.,
m4_amount_quartiles,C(cause_group)[T.开设赌场罪],2.0067645125558453e-16,5.759004354355615e-18,4.949135863070147e-266,1.8938901013423818e-16,2.1196389237693088e-16,5056,0.19637051700617514,0.4212816455696203,Uses amount quartiles instead of linear log amount.,
m4_amount_quartiles,C(cause_group)[T.悬赏广告纠纷],0.6650649374270986,0.05306629870600308,4.943904512565802e-36,0.5610569031704881,0.7690729716837091,5056,0.19637051700617514,0.4212816455696203,Uses amount quartiles instead of linear log amount.,
m4_amount_quartiles,C(cause_group)[T.房屋买卖合同纠纷],-0.4210800748187472,0.07296593216866706,7.884299388052631e-09,-0.5640906739677272,-0.2780694756697672,5056,0.19637051700617514,0.4212816455696203,Uses amount quartiles instead of linear log amount.,
m4_amount_quartiles,C(cause_group)[T.房屋拆迁安置补偿合同纠纷],0.8653321086422742,0.03245903381740937,1.3997332777218292e-156,0.8017135713871841,0.9289506458973642,5056,0.19637051700617514,0.4212816455696203,Uses amount quartiles instead of linear log amount.,
m4_amount_quartiles,C(cause_group)[T.房屋租赁合同纠纷],0.04796573310491883,0.11544188035258972,0.6777782494243398,-0.17829619469373909,0.27422766090357675,5056,0.19637051700617514,0.4212816455696203,Uses amount quartiles instead of linear log amount.,
m4_amount_quartiles,C(cause_group)[T.所有权确认纠纷],-0.6244334848436557,0.028784933049704125,2.385410250696461e-104,-0.6808509169184724,-0.5680160527688389,5056,0.19637051700617514,0.4212816455696203,Uses amount quartiles instead of linear log amount.,
m4_amount_quartiles,C(cause_group)[T.所有权纠纷],0.3983340565759961,0.043636246168880684,6.944634398455813e-20,0.312808585664466,0.48385952748752614,5056,0.19637051700617514,0.4212816455696203,Uses amount quartiles instead of linear log amount.,
m4_amount_quartiles,C(cause_group)[T.执行异议之诉],-0.0003924046333475262,0.2917665167651167,0.9989269039243498,-0.5722442693876783,0.5714594601209831,5056,0.19637051700617514,0.4212816455696203,Uses amount quartiles instead of linear log amount.,
m4_amount_quartiles,C(cause_group)[T.执行程序中的异议之诉],-1.4027573186121851e-16,2.073354984000052e-29,0.0,-1.4027573186125914e-16,-1.402757318611779e-16,5056,0.19637051700617514,0.4212816455696203,Uses amount quartiles instead of linear log amount.,
m4_amount_quartiles,C(cause_group)[T.技术合同纠纷],-0.1465156196781544,0.03174978614969485,3.9367060146394785e-06,-0.20874405704840493,-0.08428718230790387,5056,0.19637051700617514,0.4212816455696203,Uses amount quartiles instead of linear log amount.,
m4_amount_quartiles,C(cause_group)[T.技术委托开发合同纠纷],-0.16468691079005665,0.031162204546350488,1.2582248561854932e-07,-0.22576370937977394,-0.10361011220033936,5056,0.19637051700617514,0.4212816455696203,Uses amount quartiles instead of linear log amount.,
m4_amount_quartiles,C(cause_group)[T.技术服务合同纠纷],-0.16074299214491247,0.05889635366365225,0.006347817142987256,-0.2761777241464045,-0.045308260143420404,5056,0.19637051700617514,0.4212816455696203,Uses amount quartiles instead of linear log amount.,
m4_amount_quartiles,C(cause_group)[T.抢劫罪],1.171596584459225e-18,8.125829643035669e-30,0.0,1.1715965844432987e-18,1.1715965844751513e-18,5056,0.19637051700617514,0.4212816455696203,Uses amount quartiles instead of linear log amount.,
m4_amount_quartiles,C(cause_group)[T.抢夺罪],5.355411199538371e-17,5.1792120542238874e-30,0.0,5.3554111995373557e-17,5.355411199539386e-17,5056,0.19637051700617514,0.4212816455696203,Uses amount quartiles instead of linear log amount.,
m4_amount_quartiles,C(cause_group)[T.抵押合同纠纷],0.21790503877151932,0.21267225614544866,0.3055496448129622,-0.19892492378443724,0.6347350013274758,5056,0.19637051700617514,0.4212816455696203,Uses amount quartiles instead of linear log amount.,
m4_amount_quartiles,C(cause_group)[T.担保物权确认纠纷],-0.23603951086838057,0.053496760036645934,1.0231574823842433e-05,-0.34089123382978825,-0.13118778790697289,5056,0.19637051700617514,0.4212816455696203,Uses amount quartiles instead of linear log amount.,
m4_amount_quartiles,C(cause_group)[T.拒不执行判决、裁定罪],-1.0565411949000061e-16,2.1483408908493797e-29,0.0,-1.0565411949004272e-16,-1.056541194899585e-16,5056,0.19637051700617514,0.4212816455696203,Uses amount quartiles instead of linear log amount.,
m4_amount_quartiles,C(cause_group)[T.拒不支付劳动报酬罪],1.4987785324504483e-16,3.385641357397966e-30,0.0,1.498778532450382e-16,1.4987785324505146e-16,5056,0.19637051700617514,0.4212816455696203,Uses amount quartiles instead of linear log amount.,
m4_amount_quartiles,C(cause_group)[T.持有、使用假币罪],-1.5923439397159638e-17,6.771402430964239e-31,0.0,-1.5923439397160966e-17,-1.592343939715831e-17,5056,0.19637051700617514,0.4212816455696203,Uses amount quartiles instead of linear log amount.,
m4_amount_quartiles,C(cause_group)[T.挪用公款罪],1.981425133008607e-17,6.220177997116894e-30,0.0,1.9814251330073878e-17,1.981425133009826e-17,5056,0.19637051700617514,0.4212816455696203,Uses amount quartiles instead of linear log amount.,
m4_amount_quartiles,C(cause_group)[T.挪用资金罪],6.876073715423319e-18,5.20209899681509e-30,0.0,6.876073715413123e-18,6.876073715433515e-18,5056,0.19637051700617514,0.4212816455696203,Uses amount quartiles instead of linear log amount.,
m4_amount_quartiles,C(cause_group)[T.损害公司债权人利益责任纠纷],-0.2419157813210174,0.07495000194697751,0.0012479175062812347,-0.38881508577830026,-0.09501647686373454,5056,0.19637051700617514,0.4212816455696203,Uses amount quartiles instead of linear log amount.,
m4_amount_quartiles,C(cause_group)[T.损害公司利益责任纠纷],-0.22419178254795097,0.05401896740940861,3.3212407024694995e-05,-0.3300670131524348,-0.11831655194346714,5056,0.19637051700617514,0.4212816455696203,Uses amount quartiles instead of linear log amount.,
m4_amount_quartiles,C(cause_group)[T.排除妨害纠纷],0.43805869505502715,0.03063830698887676,2.2601570485705122e-46,0.37800871680954684,0.49810867330050745,5056,0.19637051700617514,0.4212816455696203,Uses amount quartiles instead of linear log amount.,
m4_amount_quartiles,C(cause_group)[T.掩饰、隐瞒犯罪所得、犯罪所得收益],-6.742667363564314e-17,7.222494542685804e-31,0.0,-6.742667363564455e-17,-6.742667363564172e-17,5056,0.19637051700617514,0.4212816455696203,Uses amount quartiles instead of linear log amount.,
m4_amount_quartiles,C(cause_group)[T.掩饰、隐瞒犯罪所得、犯罪所得收益罪],1.8997408269075965e-16,1.1120090508313698e-30,0.0,1.8997408269075748e-16,1.8997408269076181e-16,5056,0.19637051700617514,0.4212816455696203,Uses amount quartiles instead of linear log amount.,
m4_amount_quartiles,C(cause_group)[T.提供侵入、非法控制计算机信息系统程序、工具],1.3073289338575297e-16,1.9566960109920413e-30,0.0,1.3073289338574913e-16,1.3073289338575682e-16,5056,0.19637051700617514,0.4212816455696203,Uses amount quartiles instead of linear log amount.,
m4_amount_quartiles,C(cause_group)[T.提供侵入、非法控制计算机信息系统程序、工具罪],-6.932346919601259e-17,7.987240367569826e-31,0.0,-6.932346919601416e-17,-6.932346919601102e-17,5056,0.19637051700617514,0.4212816455696203,Uses amount quartiles instead of linear log amount.,
m4_amount_quartiles,C(cause_group)[T.提供劳务者受害责任纠纷],-7.036422347224292e-17,6.568933259503264e-31,0.0,-7.03642234722442e-17,-7.036422347224163e-17,5056,0.19637051700617514,0.4212816455696203,Uses amount quartiles instead of linear log amount.,
m4_amount_quartiles,C(cause_group)[T.故意伤害罪],-7.020875888855866e-17,5.960991873716512e-31,0.0,-7.020875888855983e-17,-7.020875888855749e-17,5056,0.19637051700617514,0.4212816455696203,Uses amount quartiles instead of linear log amount.,
m4_amount_quartiles,C(cause_group)[T.故意杀人罪],-6.442246492107749e-17,6.119023485880638e-31,0.0,-6.442246492107869e-17,-6.44224649210763e-17,5056,0.19637051700617514,0.4212816455696203,Uses amount quartiles instead of linear log amount.,
m4_amount_quartiles,C(cause_group)[T.故意毁坏财物罪],5.241076883039348e-17,9.993204315635936e-31,0.0,5.241076883039152e-17,5.241076883039544e-17,5056,0.19637051700617514,0.4212816455696203,Uses amount quartiles instead of linear log amount.,
m4_amount_quartiles,C(cause_group)[T.教育培训合同纠纷],-0.20504904108636576,0.04177039484491734,9.156239704728652e-07,-0.28691751060242127,-0.12318057157031025,5056,0.19637051700617514,0.4212816455696203,Uses amount quartiles instead of linear log amount.,
m4_amount_quartiles,C(cause_group)[T.文化行政管理],5.596917406075276e-17,7.092330056711693e-31,0.0,5.596917406075137e-17,5.596917406075415e-17,5056,0.19637051700617514,0.4212816455696203,Uses amount quartiles instead of linear log amount.,
m4_amount_quartiles,C(cause_group)[T.旅游合同纠纷],-0.16468691079005676,0.03116220454635072,1.258224856185738e-07,-0.22576370937977452,-0.10361011220033901,5056,0.19637051700617514,0.4212816455696203,Uses amount quartiles instead of linear log amount.,
m4_amount_quartiles,C(cause_group)[T.服务合同纠纷],-0.1345537544310861,0.0671356939107687,0.04504800787851218,-0.26613729657329777,-0.0029702122888744242,5056,0.19637051700617514,0.4212816455696203,Uses amount quartiles instead of linear log amount.,
m4_amount_quartiles,C(cause_group)[T.未分类],-0.05715869716088692,0.1984035485121243,0.7732754594960634,-0.446022506649596,0.3317051123278222,5056,0.19637051700617514,0.4212816455696203,Uses amount quartiles instead of linear log amount.,
m4_amount_quartiles,C(cause_group)[T.机动车交通事故责任纠纷],0.5501377482965629,0.04227482750104532,1.027177234267198e-38,0.4672806089418707,0.6329948876512551,5056,0.19637051700617514,0.4212816455696203,Uses amount quartiles instead of linear log amount.,
m4_amount_quartiles,C(cause_group)[T.案外人执行异议之诉],-0.2478396454812331,0.07217472237754512,0.0005949981240328197,-0.38929950193539864,-0.10637978902706757,5056,0.19637051700617514,0.4212816455696203,Uses amount quartiles instead of linear log amount.,
m4_amount_quartiles,C(cause_group)[T.欺诈客户责任纠纷],-4.7338749087928314e-17,3.281513692855537e-31,0.0,-4.7338749087928955e-17,-4.7338749087927674e-17,5056,0.19637051700617514,0.4212816455696203,Uses amount quartiles instead of linear log amount.,
m4_amount_quartiles,C(cause_group)[T.民间借贷纠纷],-0.061162572805429055,0.029914449899748487,0.040895996522742215,-0.11979381722626392,-0.002531328384594189,5056,0.19637051700617514,0.4212816455696203,Uses amount quartiles instead of linear log amount.,
m4_amount_quartiles,C(cause_group)[T.民间委托理财合同纠纷],0.1505962726300343,0.04862723573627503,0.001955207484498018,0.05528864191919619,0.24590390334087242,5056,0.19637051700617514,0.4212816455696203,Uses amount quartiles instead of linear log amount.,
m4_amount_quartiles,C(cause_group)[T.法定继承纠纷],0.0,0.0,,0.0,0.0,5056,0.19637051700617514,0.4212816455696203,Uses amount quartiles instead of linear log amount.,
m4_amount_quartiles,C(cause_group)[T.法律服务合同纠纷],-0.25581176848058074,0.057915606018128916,1.000919247846697e-05,-0.3693242704189246,-0.14229926654223685,5056,0.19637051700617514,0.4212816455696203,Uses amount quartiles instead of linear log amount.,
m4_amount_quartiles,C(cause_group)[T.洗钱罪],0.0,0.0,,0.0,0.0,5056,0.19637051700617514,0.4212816455696203,Uses amount quartiles instead of linear log amount.,
m4_amount_quartiles,C(cause_group)[T.消费者权益保护民事公益诉讼],0.6769126657475297,0.05416930026485642,7.826473593698616e-36,0.5707427881606751,0.7830825433343843,5056,0.19637051700617514,0.4212816455696203,Uses amount quartiles instead of linear log amount.,
m4_amount_quartiles,C(cause_group)[T.清算责任纠纷],0.3046438607814748,0.2793726655740329,0.275511913372251,-0.24291650200858267,0.8522042235715324,5056,0.19637051700617514,0.4212816455696203,Uses amount quartiles instead of linear log amount.,
m4_amount_quartiles,C(cause_group)[T.演出合同纠纷],-0.1945006357354161,0.03895449211800699,5.944178676575875e-07,-0.2708500373227592,-0.11815123414807298,5056,0.19637051700617514,0.4212816455696203,Uses amount quartiles instead of linear log amount.,
m4_amount_quartiles,C(cause_group)[T.物业服务合同纠纷],-0.2858915774949463,0.05862798965886739,1.0805764029637116e-06,-0.4008003257123131,-0.17098282927757952,5056,0.19637051700617514,0.4212816455696203,Uses amount quartiles instead of linear log amount.,
m4_amount_quartiles,C(cause_group)[T.物权保护纠纷],0.5356042106697482,0.12542271721253206,1.9512939889669524e-05,0.2897802020900334,0.7814282192494629,5056,0.19637051700617514,0.4212816455696203,Uses amount quartiles instead of linear log amount.,
m4_amount_quartiles,C(cause_group)[T.物权确认纠纷],0.0,0.0,,0.0,0.0,5056,0.19637051700617514,0.4212816455696203,Uses amount quartiles instead of linear log amount.,
m4_amount_quartiles,C(cause_group)[T.物权纠纷],0.755595016046916,0.060791087599350015,1.8105204107720152e-35,0.6364466737711705,0.8747433583226616,5056,0.19637051700617514,0.4212816455696203,Uses amount quartiles instead of linear log amount.,
m4_amount_quartiles,C(cause_group)[T.特许经营合同纠纷],-0.23037126687549164,0.0313087552846288,1.866215063492687e-13,-0.2917352996341422,-0.1690072341168411,5056,0.19637051700617514,0.4212816455696203,Uses amount quartiles instead of linear log amount.,
m4_amount_quartiles,C(cause_group)[T.生产、销售伪劣产品罪],0.0,0.0,,0.0,0.0,5056,0.19637051700617514,0.4212816455696203,Uses amount quartiles instead of linear log amount.,
m4_amount_quartiles,C(cause_group)[T.生产、销售有毒、有害食品罪],0.0,0.0,,0.0,0.0,5056,0.19637051700617514,0.4212816455696203,Uses amount quartiles instead of linear log amount.,
m4_amount_quartiles,C(cause_group)[T.生命权、身体权、健康权纠纷],0.0,0.0,,0.0,0.0,5056,0.19637051700617514,0.4212816455696203,Uses amount quartiles instead of linear log amount.,
m4_amount_quartiles,C(cause_group)[T.申请诉前停止侵害注册商标专用权],0.0,0.0,,0.0,0.0,5056,0.19637051700617514,0.4212816455696203,Uses amount quartiles instead of linear log amount.,
m4_amount_quartiles,C(cause_group)[T.电信服务合同纠纷],0.0,0.0,,0.0,0.0,5056,0.19637051700617514,0.4212816455696203,Uses amount quartiles instead of linear log amount.,
m4_amount_quartiles,C(cause_group)[T.盗伐林木罪],0.0,0.0,,0.0,0.0,5056,0.19637051700617514,0.4212816455696203,Uses amount quartiles instead of linear log amount.,
m4_amount_quartiles,C(cause_group)[T.盗窃罪],0.0,0.0,,0.0,0.0,5056,0.19637051700617514,0.4212816455696203,Uses amount quartiles instead of linear log amount.,
m4_amount_quartiles,C(cause_group)[T.相邻关系纠纷],0.0,0.0,,0.0,0.0,5056,0.19637051700617514,0.4212816455696203,Uses amount quartiles instead of linear log amount.,
m4_amount_quartiles,C(cause_group)[T.破坏计算机信息系统罪],0.0,0.0,,0.0,0.0,5056,0.19637051700617514,0.4212816455696203,Uses amount quartiles instead of linear log amount.,
m4_amount_quartiles,C(cause_group)[T.确认不侵害著作权纠纷],0.0,0.0,,0.0,0.0,5056,0.19637051700617514,0.4212816455696203,Uses amount quartiles instead of linear log amount.,
m4_amount_quartiles,C(cause_group)[T.确认合同效力纠纷],0.052739050416331534,0.18175020996043298,0.7716836941454491,-0.30348481528871013,0.4089629161213732,5056,0.19637051700617514,0.4212816455696203,Uses amount quartiles instead of linear log amount.,
m4_amount_quartiles,C(cause_group)[T.确认合同无效纠纷],0.5731316349242491,0.08174682058861354,2.365240067141835e-12,0.4129108107199092,0.733352459128589,5056,0.19637051700617514,0.4212816455696203,Uses amount quartiles instead of linear log amount.,
m4_amount_quartiles,C(cause_group)[T.确认合同有效纠纷],0.4385059873938603,0.05288482163994731,1.1162503362864525e-16,0.3348536416507391,0.5421583331369815,5056,0.19637051700617514,0.4212816455696203,Uses amount quartiles instead of linear log amount.,
m4_amount_quartiles,C(cause_group)[T.离婚后财产纠纷],-0.26289560540018797,0.05385971059982302,1.0548607100972631e-06,-0.3684586983935913,-0.15733251240678464,5056,0.19637051700617514,0.4212816455696203,Uses amount quartiles instead of linear log amount.,
m4_amount_quartiles,C(cause_group)[T.离婚纠纷],0.19843438373864536,0.37231345364274865,0.5940497319742009,-0.531286576360865,0.9281553438381558,5056,0.19637051700617514,0.4212816455696203,Uses amount quartiles instead of linear log amount.,
m4_amount_quartiles,C(cause_group)[T.种植、养殖回收合同纠纷],-0.1701158889038582,0.03398123394178919,5.552325750578893e-07,-0.23671788357999507,-0.10351389422772134,5056,0.19637051700617514,0.4212816455696203,Uses amount quartiles instead of linear log amount.,
m4_amount_quartiles,C(cause_group)[T.租赁合同纠纷],-0.26566066420796347,0.06452016880739055,3.830336497602657e-05,-0.3921178713468936,-0.1392034570690334,5056,0.19637051700617514,0.4212816455696203,Uses amount quartiles instead of linear log amount.,
m4_amount_quartiles,C(cause_group)[T.窃取、收买、非法提供信用卡信息罪],0.0,0.0,,0.0,0.0,5056,0.19637051700617514,0.4212816455696203,Uses amount quartiles instead of linear log amount.,
m4_amount_quartiles,C(cause_group)[T.窝藏、包庇罪],0.0,0.0,,0.0,0.0,5056,0.19637051700617514,0.4212816455696203,Uses amount quartiles instead of linear log amount.,
m4_amount_quartiles,C(cause_group)[T.竞业限制纠纷],-0.23603951086837993,0.05349676003664598,1.0231574823843178e-05,-0.3408912338297877,-0.13118778790697216,5056,0.19637051700617514,0.4212816455696203,Uses amount quartiles instead of linear log amount.,
m4_amount_quartiles,C(cause_group)[T.组织、领导传销活动],0.0,0.0,,0.0,0.0,5056,0.19637051700617514,0.4212816455696203,Uses amount quartiles instead of linear log amount.,
m4_amount_quartiles,C(cause_group)[T.组织、领导传销活动罪],0.0,0.0,,0.0,0.0,5056,0.19637051700617514,0.4212816455696203,Uses amount quartiles instead of linear log amount.,
m4_amount_quartiles,C(cause_group)[T.组织他人偷越国（边）境罪],0.0,0.0,,0.0,0.0,5056,0.19637051700617514,0.4212816455696203,Uses amount quartiles instead of linear log amount.,
m4_amount_quartiles,C(cause_group)[T.组织卖淫罪],0.0,0.0,,0.0,0.0,5056,0.19637051700617514,0.4212816455696203,Uses amount quartiles instead of linear log amount.,
m4_amount_quartiles,C(cause_group)[T.组织淫秽表演罪],0.0,0.0,,0.0,0.0,5056,0.19637051700617514,0.4212816455696203,Uses amount quartiles instead of linear log amount.,
m4_amount_quartiles,C(cause_group)[T.绑架罪],0.0,0.0,,0.0,0.0,5056,0.19637051700617514,0.4212816455696203,Uses amount quartiles instead of linear log amount.,
m4_amount_quartiles,C(cause_group)[T.缔约过失责任纠纷],0.34289295640512907,0.2711933395039917,0.20609165472779822,-0.1886362218698382,0.8744221346800963,5056,0.19637051700617514,0.4212816455696203,Uses amount quartiles instead of linear log amount.,
m4_amount_quartiles,C(cause_group)[T.网络侵害虚拟财产纠纷],0.12087725940628283,0.29205003773147703,0.6789529893513598,-0.45153029623097607,0.6932848150435417,5056,0.19637051700617514,0.4212816455696203,Uses amount quartiles instead of linear log amount.,
m4_amount_quartiles,C(cause_group)[T.网络侵权责任纠纷],-0.04122391322632101,0.10015883968088922,0.6806433556210137,-0.23753163173418512,0.15508380528154309,5056,0.19637051700617514,0.4212816455696203,Uses amount quartiles instead of linear log amount.,
m4_amount_quartiles,C(cause_group)[T.网络域名合同纠纷],-0.09991670323045579,0.04784174373808782,0.036754221882923856,-0.19368479791470256,-0.006148608546209008,5056,0.19637051700617514,0.4212816455696203,Uses amount quartiles instead of linear log amount.,
m4_amount_quartiles,C(cause_group)[T.网络域名权属纠纷],0.0,0.0,,0.0,0.0,5056,0.19637051700617514,0.4212816455696203,Uses amount quartiles instead of linear log amount.,
m4_amount_quartiles,C(cause_group)[T.网络服务合同纠纷],-0.17032900833360506,0.05877276526949966,0.0037543784423714212,-0.2855215115336509,-0.055136505133559194,5056,0.19637051700617514,0.4212816455696203,Uses amount quartiles instead of linear log amount.,
m4_amount_quartiles,C(cause_group)[T.职务侵占罪],0.0,0.0,,0.0,0.0,5056,0.19637051700617514,0.4212816455696203,Uses amount quartiles instead of linear log amount.,
m4_amount_quartiles,C(cause_group)[T.联营合同纠纷],-0.12291499277722973,0.03625805998615891,0.0006989143234447763,-0.19397948449939403,-0.05185050105506542,5056,0.19637051700617514,0.4212816455696203,Uses amount quartiles instead of linear log amount.,
m4_amount_quartiles,C(cause_group)[T.肖像权纠纷],0.8343974359059207,0.11430407305996669,2.8818523677007504e-13,0.610365569422151,1.0584293023896905,5056,0.19637051700617514,0.4212816455696203,Uses amount quartiles instead of linear log amount.,
m4_amount_quartiles,C(cause_group)[T.股东出资纠纷],-0.31281452868752385,0.0527175288403017,2.9602783260299713e-09,-0.4161389865684668,-0.2094900708065809,5056,0.19637051700617514,0.4212816455696203,Uses amount quartiles instead of linear log amount.,
m4_amount_quartiles,C(cause_group)[T.股东损害公司债权人利益责任纠纷],-0.13465915902776804,0.1668831524653771,0.41972015147387487,-0.4617441274864139,0.19242580943087784,5056,0.19637051700617514,0.4212816455696203,Uses amount quartiles instead of linear log amount.,
m4_amount_quartiles,C(cause_group)[T.股东知情权纠纷],0.0,0.0,,0.0,0.0,5056,0.19637051700617514,0.4212816455696203,Uses amount quartiles instead of linear log amount.,
m4_amount_quartiles,C(cause_group)[T.股东资格确认纠纷],-0.4541826125805837,0.035207216734762355,4.4852114493338476e-38,-0.5231874893766137,-0.3851777357845536,5056,0.19637051700617514,0.4212816455696203,Uses amount quartiles instead of linear log amount.,
m4_amount_quartiles,C(cause_group)[T.股权转让纠纷],-0.21659949151115288,0.14295851638364687,0.12974169147593737,-0.49679303490638,0.06359405188407424,5056,0.19637051700617514,0.4212816455696203,Uses amount quartiles instead of linear log amount.,
m4_amount_quartiles,C(cause_group)[T.著作权合同纠纷],-0.10607550088324942,0.035791374747568834,0.0030394780911757826,-0.1762253063456607,-0.035925695420838136,5056,0.19637051700617514,0.4212816455696203,Uses amount quartiles instead of linear log amount.,
m4_amount_quartiles,C(cause_group)[T.著作权权属、侵权纠纷],0.0,0.0,,0.0,0.0,5056,0.19637051700617514,0.4212816455696203,Uses amount quartiles instead of linear log amount.,
m4_amount_quartiles,C(cause_group)[T.著作权权属纠纷],-0.21458334664473286,0.07235139120181534,0.0030184803543729425,-0.3563894676316591,-0.07277722565780664,5056,0.19637051700617514,0.4212816455696203,Uses amount quartiles instead of linear log amount.,
m4_amount_quartiles,C(cause_group)[T.著作权许可使用合同纠纷],-0.16322796415225396,0.06711435076180988,0.015012086039368972,-0.2947696744911897,-0.031686253813318244,5056,0.19637051700617514,0.4212816455696203,Uses amount quartiles instead of linear log amount.,
m4_amount_quartiles,C(cause_group)[T.虚假诉讼罪],0.0,0.0,,0.0,0.0,5056,0.19637051700617514,0.4212816455696203,Uses amount quartiles instead of linear log amount.,
m4_amount_quartiles,C(cause_group)[T.融资租赁合同纠纷],-0.31927085559195,0.048057779208018694,3.063637735571562e-11,-0.4134623720166445,-0.22507933916725553,5056,0.19637051700617514,0.4212816455696203,Uses amount quartiles instead of linear log amount.,
m4_amount_quartiles,C(cause_group)[T.行政],0.0,0.0,,0.0,0.0,5056,0.19637051700617514,0.4212816455696203,Uses amount quartiles instead of linear log amount.,
m4_amount_quartiles,C(cause_group)[T.行政处罚],0.0,0.0,,0.0,0.0,5056,0.19637051700617514,0.4212816455696203,Uses amount quartiles instead of linear log amount.,
m4_amount_quartiles,C(cause_group)[T.行政复议],0.0,0.0,,0.0,0.0,5056,0.19637051700617514,0.4212816455696203,Uses amount quartiles instead of linear log amount.,
m4_amount_quartiles,C(cause_group)[T.行政强制],0.0,0.0,,0.0,0.0,5056,0.19637051700617514,0.4212816455696203,Uses amount quartiles instead of linear log amount.,
m4_amount_quartiles,C(cause_group)[T.行政强制措施],0.0,0.0,,0.0,0.0,5056,0.19637051700617514,0.4212816455696203,Uses amount quartiles instead of linear log amount.,
m4_amount_quartiles,C(cause_group)[T.行政拘留],0.0,0.0,,0.0,0.0,5056,0.19637051700617514,0.4212816455696203,Uses amount quartiles instead of linear log amount.,
m4_amount_quartiles,C(cause_group)[T.行政撤销],0.0,0.0,,0.0,0.0,5056,0.19637051700617514,0.4212816455696203,Uses amount quartiles instead of linear log amount.,
m4_amount_quartiles,C(cause_group)[T.行政监察],0.0,0.0,,0.0,0.0,5056,0.19637051700617514,0.4212816455696203,Uses amount quartiles instead of linear log amount.,
m4_amount_quartiles,C(cause_group)[T.行政确认],0.0,0.0,,0.0,0.0,5056,0.19637051700617514,0.4212816455696203,Uses amount quartiles instead of linear log amount.,
m4_amount_quartiles,C(cause_group)[T.行政非诉执行],0.0,0.0,,0.0,0.0,5056,0.19637051700617514,0.4212816455696203,Uses amount quartiles instead of linear log amount.,
m4_amount_quartiles,C(cause_group)[T.行纪合同纠纷],0.08601104576321467,0.21633159907144767,0.6909332328779119,-0.33799109713478137,0.5100131886612107,5056,0.19637051700617514,0.4212816455696203,Uses amount quartiles instead of linear log amount.,
m4_amount_quartiles,C(cause_group)[T.被继承人债务清偿纠纷],-0.16197562563027815,0.10848459644751897,0.1354175876494077,-0.3746015275447772,0.05065027628422092,5056,0.19637051700617514,0.4212816455696203,Uses amount quartiles instead of linear log amount.,
m4_amount_quartiles,C(cause_group)[T.装饰装修合同纠纷],0.16521898211596445,0.19718953387516425,0.40210432495574633,-0.22126540240759843,0.5517033666395273,5056,0.19637051700617514,0.4212816455696203,Uses amount quartiles instead of linear log amount.,
m4_amount_quartiles,C(cause_group)[T.计算机软件开发合同纠纷],-0.03161170800844979,0.08436456118953216,0.7078808862281721,-0.19696320951145843,0.13373979349455886,5056,0.19637051700617514,0.4212816455696203,Uses amount quartiles instead of linear log amount.,
m4_amount_quartiles,C(cause_group)[T.计算机软件著作权许可使用合同纠纷],-0.17166609415297393,0.03351742896443043,3.027991887402623e-07,-0.23735904777763722,-0.10597314052831064,5056,0.19637051700617514,0.4212816455696203,Uses amount quartiles instead of linear log amount.,
m4_amount_quartiles,C(cause_group)[T.诈骗],0.0,0.0,,0.0,0.0,5056,0.19637051700617514,0.4212816455696203,Uses amount quartiles instead of linear log amount.,
m4_amount_quartiles,C(cause_group)[T.诈骗罪],0.0,0.0,,0.0,0.0,5056,0.19637051700617514,0.4212816455696203,Uses amount quartiles instead of linear log amount.,
m4_amount_quartiles,C(cause_group)[T.诬告陷害罪],0.0,0.0,,0.0,0.0,5056,0.19637051700617514,0.4212816455696203,Uses amount quartiles instead of linear log amount.,
m4_amount_quartiles,C(cause_group)[T.财产保险合同纠纷],-0.1227593734552601,0.03147996978349562,9.635068361998646e-05,-0.18445898046532067,-0.061059766445199525,5056,0.19637051700617514,0.4212816455696203,Uses amount quartiles instead of linear log amount.,
m4_amount_quartiles,C(cause_group)[T.财产损失保险合同纠纷],-0.21533136236830666,0.030184902598600783,9.767504936873705e-13,-0.2744926843384137,-0.15617004039819965,5056,0.19637051700617514,0.4212816455696203,Uses amount quartiles instead of linear log amount.,
m4_amount_quartiles,C(cause_group)[T.财产损害赔偿纠纷],0.169145320279391,0.11586992343760141,0.14434883043311164,-0.05795555654972126,0.3962461971085033,5056,0.19637051700617514,0.4212816455696203,Uses amount quartiles instead of linear log amount.,
m4_amount_quartiles,C(cause_group)[T.贪污罪],0.0,0.0,,0.0,0.0,5056,0.19637051700617514,0.4212816455696203,Uses amount quartiles instead of linear log amount.,
m4_amount_quartiles,C(cause_group)[T.贷款诈骗罪],0.0,0.0,,0.0,0.0,5056,0.19637051700617514,0.4212816455696203,Uses amount quartiles instead of linear log amount.,
m4_amount_quartiles,C(cause_group)[T.赌博罪],0.0,0.0,,0.0,0.0,5056,0.19637051700617514,0.4212816455696203,Uses amount quartiles instead of linear log amount.,
m4_amount_quartiles,C(cause_group)[T.赠与合同纠纷],0.4209663278888057,0.07810795956659873,7.063646803310979e-08,0.26787754023236143,0.57405511554525,5056,0.19637051700617514,0.4212816455696203,Uses amount quartiles instead of linear log amount.,
m4_amount_quartiles,C(cause_group)[T.走私、贩卖、运输、制造毒品],0.0,0.0,,0.0,0.0,5056,0.19637051700617514,0.4212816455696203,Uses amount quartiles instead of linear log amount.,
m4_amount_quartiles,C(cause_group)[T.走私、贩卖、运输、制造毒品罪],0.0,0.0,,0.0,0.0,5056,0.19637051700617514,0.4212816455696203,Uses amount quartiles instead of linear log amount.,
m4_amount_quartiles,C(cause_group)[T.走私普通货物、物品罪],0.0,0.0,,0.0,0.0,5056,0.19637051700617514,0.4212816455696203,Uses amount quartiles instead of linear log amount.,
m4_amount_quartiles,C(cause_group)[T.走私武器、弹药罪],0.0,0.0,,0.0,0.0,5056,0.19637051700617514,0.4212816455696203,Uses amount quartiles instead of linear log amount.,
m4_amount_quartiles,C(cause_group)[T.走私罪],0.0,0.0,,0.0,0.0,5056,0.19637051700617514,0.4212816455696203,Uses amount quartiles instead of linear log amount.,
m4_amount_quartiles,C(cause_group)[T.车辆租赁合同纠纷],-0.20183966598305186,0.037484720238106214,7.261194482020928e-08,-0.27530836762029975,-0.128370964345804,5056,0.19637051700617514,0.4212816455696203,Uses amount quartiles instead of linear log amount.,
m4_amount_quartiles,C(cause_group)[T.运输合同纠纷],0.14491005782922772,0.2653641261307921,0.5850109059756567,-0.37519407217606904,0.6650141878345245,5056,0.19637051700617514,0.4212816455696203,Uses amount quartiles instead of linear log amount.,
m4_amount_quartiles,C(cause_group)[T.运送他人偷越国（边）境罪],0.0,0.0,,0.0,0.0,5056,0.19637051700617514,0.4212816455696203,Uses amount quartiles instead of linear log amount.,
m4_amount_quartiles,C(cause_group)[T.返还原物纠纷],0.09755480932103827,0.10832475233432011,0.3678131264470741,-0.1147578038884503,0.30986742253052685,5056,0.19637051700617514,0.4212816455696203,Uses amount quartiles instead of linear log amount.,
m4_amount_quartiles,C(cause_group)[T.追偿权纠纷],-0.19652239552623438,0.10712753814683061,0.06658406237440502,-0.40648851204646314,0.01344372099399438,5056,0.19637051700617514,0.4212816455696203,Uses amount quartiles instead of linear log amount.,
m4_amount_quartiles,C(cause_group)[T.追加、变更被执行人异议之诉],-0.3970586212136651,0.036063194279159876,3.4170362834427136e-28,-0.4677411831682894,-0.3263760592590408,5056,0.19637051700617514,0.4212816455696203,Uses amount quartiles instead of linear log amount.,
m4_amount_quartiles,C(cause_group)[T.追索劳动报酬纠纷],0.0,0.0,,0.0,0.0,5056,0.19637051700617514,0.4212816455696203,Uses amount quartiles instead of linear log amount.,
m4_amount_quartiles,C(cause_group)[T.金融借款合同纠纷],-0.36259615141344653,0.032800044013013854,2.07924819980543e-28,-0.42688305637028234,-0.2983092464566107,5056,0.19637051700617514,0.4212816455696203,Uses amount quartiles instead of linear log amount.,
m4_amount_quartiles,C(cause_group)[T.铁路运输财产损害责任纠纷],0.42078198862079663,0.03342852001090249,2.473386103436134e-36,0.35526329334295126,0.486300683898642,5056,0.19637051700617514,0.4212816455696203,Uses amount quartiles instead of linear log amount.,
m4_amount_quartiles,C(cause_group)[T.银行卡纠纷],-0.24236307365985088,0.05438399013940834,8.330273305375869e-06,-0.34895373566867266,-0.1357724116510291,5056,0.19637051700617514,0.4212816455696203,Uses amount quartiles instead of linear log amount.,
m4_amount_quartiles,C(cause_group)[T.销售假冒注册商标的商品罪],0.0,0.0,,0.0,0.0,5056,0.19637051700617514,0.4212816455696203,Uses amount quartiles instead of linear log amount.,
m4_amount_quartiles,C(cause_group)[T.隐私权纠纷],0.0,0.0,,0.0,0.0,5056,0.19637051700617514,0.4212816455696203,Uses amount quartiles instead of linear log amount.,
m4_amount_quartiles,C(cause_group)[T.集资诈骗罪],0.0,0.0,,0.0,0.0,5056,0.19637051700617514,0.4212816455696203,Uses amount quartiles instead of linear log amount.,
m4_amount_quartiles,C(cause_group)[T.非法侵入计算机信息系统罪],0.0,0.0,,0.0,0.0,5056,0.19637051700617514,0.4212816455696203,Uses amount quartiles instead of linear log amount.,
m4_amount_quartiles,C(cause_group)[T.非法出售增值税专用发票罪],0.0,0.0,,0.0,0.0,5056,0.19637051700617514,0.4212816455696203,Uses amount quartiles instead of linear log amount.,
m4_amount_quartiles,C(cause_group)[T.非法利用信息网络],0.0,0.0,,0.0,0.0,5056,0.19637051700617514,0.4212816455696203,Uses amount quartiles instead of linear log amount.,
m4_amount_quartiles,C(cause_group)[T.非法利用信息网络罪],0.0,0.0,,0.0,0.0,5056,0.19637051700617514,0.4212816455696203,Uses amount quartiles instead of linear log amount.,
m4_amount_quartiles,C(cause_group)[T.非法制造、买卖、运输、邮寄、储存枪支、弹药、爆炸物罪],0.0,0.0,,0.0,0.0,5056,0.19637051700617514,0.4212816455696203,Uses amount quartiles instead of linear log amount.,
m4_amount_quartiles,C(cause_group)[T.非法吸收公众存款],0.0,0.0,,0.0,0.0,5056,0.19637051700617514,0.4212816455696203,Uses amount quartiles instead of linear log amount.,
m4_amount_quartiles,C(cause_group)[T.非法吸收公众存款罪],0.0,0.0,,0.0,0.0,5056,0.19637051700617514,0.4212816455696203,Uses amount quartiles instead of linear log amount.,
m4_amount_quartiles,C(cause_group)[T.非法拘禁罪],0.0,0.0,,0.0,0.0,5056,0.19637051700617514,0.4212816455696203,Uses amount quartiles instead of linear log amount.,
m4_amount_quartiles,C(cause_group)[T.非法持有毒品罪],0.0,0.0,,0.0,0.0,5056,0.19637051700617514,0.4212816455696203,Uses amount quartiles instead of linear log amount.,
m4_amount_quartiles,C(cause_group)[T.非法种植毒品原植物罪],0.0,0.0,,0.0,0.0,5056,0.19637051700617514,0.4212816455696203,Uses amount quartiles instead of linear log amount.,
m4_amount_quartiles,C(cause_group)[T.非法获取计算机信息系统数据、非法控制计算机信息系统罪],0.0,0.0,,0.0,0.0,5056,0.19637051700617514,0.4212816455696203,Uses amount quartiles instead of linear log amount.,
m4_amount_quartiles,C(cause_group)[T.食品、药品监管渎职罪],0.0,0.0,,0.0,0.0,5056,0.19637051700617514,0.4212816455696203,Uses amount quartiles instead of linear log amount.,
m4_amount_quartiles,C(cause_group)[T.餐饮服务合同纠纷],0.8165470190273355,0.06686311654441461,2.674928382175611e-34,0.6854977187061786,0.9475963193484924,5056,0.19637051700617514,0.4212816455696203,Uses amount quartiles instead of linear log amount.,
m4_amount_quartiles,post2021,0.08072426059261997,0.013691481910068842,3.725370779202423e-09,0.053889449153903375,0.10755907203133658,5056,0.19637051700617514,0.4212816455696203,Uses amount quartiles instead of linear log amount.,
m4_amount_quartiles,amount_llm_regex_conflict_flag,-0.07235878750791368,0.03267828323727016,0.026809695013907814,-0.13640704572956214,-0.008310529286265203,5056,0.19637051700617514,0.4212816455696203,Uses amount quartiles instead of linear log amount.,
m4_amount_quartiles,amount_regex_fallback_flag,0.0,0.0,,0.0,0.0,5056,0.19637051700617514,0.4212816455696203,Uses amount quartiles instead of linear log amount.,
m5_policy_by_q4_amount,Intercept,0.2984212501457886,0.06067364786034291,8.72252393984928e-07,0.17950308552885075,0.4173394147627264,5058,0.19592591139422133,0.4211150652431791,Policy effect heterogeneity for top amount quartile.,
m5_policy_by_q4_amount,"C(transaction_type, Treatment(reference='借贷'))[T.投资/理财]",0.25167029500121646,0.022536389669439855,5.895517762813189e-29,0.2074997829075538,0.2958408070948791,5058,0.19592591139422133,0.4211150652431791,Policy effect heterogeneity for top amount quartile.,
m5_policy_by_q4_amount,"C(transaction_type, Treatment(reference='借贷'))[T.交易/买卖]",0.1715290186878274,0.03894182848800596,1.0590594650778334e-05,0.09520443735919987,0.24785360001645496,5058,0.19592591139422133,0.4211150652431791,Policy effect heterogeneity for top amount quartile.,
m5_policy_by_q4_amount,"C(transaction_type, Treatment(reference='借贷'))[T.ICO/发币]",0.4849260243129415,0.10740694093489696,6.336216227671149e-06,0.27441228839092263,0.6954397602349605,5058,0.19592591139422133,0.4211150652431791,Policy effect heterogeneity for top amount quartile.,
m5_policy_by_q4_amount,"C(transaction_type, Treatment(reference='借贷'))[T.挖矿]",0.06597795848561884,0.03808943603263144,0.08324058807647672,-0.008675964329780975,0.14063188130101867,5058,0.19592591139422133,0.4211150652431791,Policy effect heterogeneity for top amount quartile.,
m5_policy_by_q4_amount,"C(transaction_type, Treatment(reference='借贷'))[T.技术服务]",-0.11928804020445104,0.05950172531364021,0.04498626361682494,-0.2359092788371811,-0.0026668015717209725,5058,0.19592591139422133,0.4211150652431791,Policy effect heterogeneity for top amount quartile.,
m5_policy_by_q4_amount,"C(transaction_type, Treatment(reference='借贷'))[T.其他民商事]",-0.15612140507330752,0.03229810146243884,1.3397530019537995e-06,-0.2194245207087081,-0.09281828943790695,5058,0.19592591139422133,0.4211150652431791,Policy effect heterogeneity for top amount quartile.,
m5_policy_by_q4_amount,"C(transaction_type, Treatment(reference='借贷'))[T.其他/未分类]",-0.06769967923510048,0.070811086364386,0.3390416937589841,-0.20648685821545235,0.07108749974525139,5058,0.19592591139422133,0.4211150652431791,Policy effect heterogeneity for top amount quartile.,
m5_policy_by_q4_amount,"C(transaction_type, Treatment(reference='借贷'))[T.未分类]",-2.87014855530978e-15,6.502597056402468e-16,1.0154850970349636e-05,-4.144634158962281e-15,-1.595662951657279e-15,5058,0.19592591139422133,0.4211150652431791,Policy effect heterogeneity for top amount quartile.,
m5_policy_by_q4_amount,C(court_level_group)[T.基层法院],0.014418828570173976,0.014352587488001497,0.3150821410156054,-0.013711725991269165,0.042549383131617116,5058,0.19592591139422133,0.4211150652431791,Policy effect heterogeneity for top amount quartile.,
m5_policy_by_q4_amount,C(court_level_group)[T.最高人民法院],-0.0964869995325884,0.1034356090471278,0.3509119410304691,-0.2992170679839243,0.10624306891874748,5058,0.19592591139422133,0.4211150652431791,Policy effect heterogeneity for top amount quartile.,
m5_policy_by_q4_amount,C(court_level_group)[T.高级法院],-0.002294723059473713,0.1021906303014668,0.9820847543903543,-0.20258467800779617,0.19799523188884877,5058,0.19592591139422133,0.4211150652431791,Policy effect heterogeneity for top amount quartile.,
m5_policy_by_q4_amount,C(cause_group)[T.不当得利纠纷],0.2894640336848421,0.03708946297375727,5.9746592113728705e-15,0.21677002205034596,0.3621580453193382,5058,0.19592591139422133,0.4211150652431791,Policy effect heterogeneity for top amount quartile.,
m5_policy_by_q4_amount,C(cause_group)[T.不正当竞争纠纷],0.3855110790998147,0.18855215797980215,0.040895703127865606,0.015955640252095893,0.7550665179475335,5058,0.19592591139422133,0.4211150652431791,Policy effect heterogeneity for top amount quartile.,
m5_policy_by_q4_amount,C(cause_group)[T.与公司有关的纠纷],-0.11320536080706445,0.1723626143802688,0.51131849472757,-0.4510298772735569,0.22461915565942803,5058,0.19592591139422133,0.4211150652431791,Policy effect heterogeneity for top amount quartile.,
m5_policy_by_q4_amount,C(cause_group)[T.专利行政管理],1.1397448662307378e-15,7.217220027091603e-16,0.11428971990276922,-2.748042659293358e-16,2.5542939983908113e-15,5058,0.19592591139422133,0.4211150652431791,Policy effect heterogeneity for top amount quartile.,
m5_policy_by_q4_amount,C(cause_group)[T.业主撤销权纠纷],0.21358963324915278,0.24745706123226796,0.3880615075813857,-0.2714172944862153,0.6985965609845208,5058,0.19592591139422133,0.4211150652431791,Policy effect heterogeneity for top amount quartile.,
m5_policy_by_q4_amount,C(cause_group)[T.中介合同纠纷],-0.2279815986663929,0.029543294510782622,1.1922634343925385e-14,-0.2858853918921867,-0.17007780544059908,5058,0.19592591139422133,0.4211150652431791,Policy effect heterogeneity for top amount quartile.,
m5_policy_by_q4_amount,C(cause_group)[T.买卖合同纠纷],-0.03788901346973855,0.04359013862238574,0.3847319139619355,-0.12332411525072301,0.047546088311245904,5058,0.19592591139422133,0.4211150652431791,Policy effect heterogeneity for top amount quartile.,
m5_policy_by_q4_amount,C(cause_group)[T.互易纠纷],-0.25816677698830576,0.05737698860904282,6.8118970605931635e-06,-0.3706236082033946,-0.1457099457732169,5058,0.19592591139422133,0.4211150652431791,Policy effect heterogeneity for top amount quartile.,
m5_policy_by_q4_amount,C(cause_group)[T.交通肇事罪],-1.8578712451332884e-15,2.1633626563600068e-16,8.858389146062203e-18,-2.28188253432974e-15,-1.433859955936837e-15,5058,0.19592591139422133,0.4211150652431791,Policy effect heterogeneity for top amount quartile.,
m5_policy_by_q4_amount,C(cause_group)[T.产品责任纠纷],6.247402580171997e-15,3.1780768140461866e-16,4.9568021037716765e-86,5.624510970608765e-15,6.870294189735229e-15,5058,0.19592591139422133,0.4211150652431791,Policy effect heterogeneity for top amount quartile.,
m5_policy_by_q4_amount,C(cause_group)[T.人身保险合同纠纷],-0.2277737294236461,0.03114201162519596,2.5923965435560824e-13,-0.2888109506151579,-0.16673650823213435,5058,0.19592591139422133,0.4211150652431791,Policy effect heterogeneity for top amount quartile.,
m5_policy_by_q4_amount,C(cause_group)[T.仓储合同纠纷],0.5494814986761428,0.03447099720338043,3.3221816109438626e-57,0.48191958564633625,0.6170434117059493,5058,0.19592591139422133,0.4211150652431791,Policy effect heterogeneity for top amount quartile.,
m5_policy_by_q4_amount,C(cause_group)[T.仿冒纠纷],6.541437953932805e-15,3.506823199771778e-16,1.1836780098063666e-77,5.854113236762585e-15,7.228762671103025e-15,5058,0.19592591139422133,0.4211150652431791,Policy effect heterogeneity for top amount quartile.,
m5_policy_by_q4_amount,C(cause_group)[T.企业承包经营合同纠纷],-0.1402413847528244,0.031346833131325996,7.681956937679225e-06,-0.2016800487196103,-0.07880272078603853,5058,0.19592591139422133,0.4211150652431791,Policy effect heterogeneity for top amount quartile.,
m5_policy_by_q4_amount,C(cause_group)[T.传播淫秽物品罪],-2.853694580407508e-15,2.5272971149119735e-16,1.4456774118807312e-29,-3.3490357127534536e-15,-2.3583534480615628e-15,5058,0.19592591139422133,0.4211150652431791,Policy effect heterogeneity for top amount quartile.,
m5_policy_by_q4_amount,C(cause_group)[T.伪造、变造、买卖国家机关公文、证件、印章罪],4.370594509730837e-15,1.8385077627056588e-16,6.429686965725473e-125,4.0102536097107975e-15,4.730935409750877e-15,5058,0.19592591139422133,0.4211150652431791,Policy effect heterogeneity for top amount quartile.,
m5_policy_by_q4_amount,C(cause_group)[T.伪造、变造、买卖身份证件罪],-1.2070737423834275e-15,2.49012819948768e-16,1.2506727318742088e-06,-1.6951299011717699e-15,-7.190175835950851e-16,5058,0.19592591139422133,0.4211150652431791,Policy effect heterogeneity for top amount quartile.,
m5_policy_by_q4_amount,C(cause_group)[T.伪造、变造金融票证罪],1.0842820139556907e-15,1.5418134174899227e-16,2.028490054647477e-12,7.820921370396041e-16,1.3864718908717774e-15,5058,0.19592591139422133,0.4211150652431791,Policy effect heterogeneity for top amount quartile.,
m5_policy_by_q4_amount,C(cause_group)[T.供用电合同纠纷],-0.40573700116711714,0.03565964725856846,5.379329262178303e-30,-0.4756286254953138,-0.33584537683892046,5058,0.19592591139422133,0.4211150652431791,Policy effect heterogeneity for top amount quartile.,
m5_policy_by_q4_amount,C(cause_group)[T.侵占罪],-5.123796275873257e-15,2.5192030664647454e-16,5.8154078504852273e-92,-5.617551003874634e-15,-4.630041547871881e-15,5058,0.19592591139422133,0.4211150652431791,Policy effect heterogeneity for top amount quartile.,
m5_policy_by_q4_amount,C(cause_group)[T.侵害作品信息网络传播权纠纷],0.28764352361703033,0.20546995340132929,0.16153432251310207,-0.11507018495469823,0.6903572321887589,5058,0.19592591139422133,0.4211150652431791,Policy effect heterogeneity for top amount quartile.,
m5_policy_by_q4_amount,C(cause_group)[T.侵害作品发行权纠纷],8.212621701465954e-16,1.8363557435466632e-16,7.740486032254293e-06,4.613430581311222e-16,1.1811812821620685e-15,5058,0.19592591139422133,0.4211150652431791,Policy effect heterogeneity for top amount quartile.,
m5_policy_by_q4_amount,C(cause_group)[T.侵害作品复制权纠纷],-4.326445175527837e-15,1.1905492128183077e-16,3.7927187741073e-289,-4.559788533422476e-15,-4.093101817633198e-15,5058,0.19592591139422133,0.4211150652431791,Policy effect heterogeneity for top amount quartile.,
m5_policy_by_q4_amount,C(cause_group)[T.侵害作品展览权纠纷],5.42586293225104e-15,1.7119961513325832e-16,1.92803688968666e-220,5.090317852422735e-15,5.761408012079345e-15,5058,0.19592591139422133,0.4211150652431791,Policy effect heterogeneity for top amount quartile.,
m5_policy_by_q4_amount,C(cause_group)[T.侵害作品广播权纠纷],-7.249021020023545e-15,1.7130078658750036e-16,0.0,-7.584764392258427e-15,-6.913277647788662e-15,5058,0.19592591139422133,0.4211150652431791,Policy effect heterogeneity for top amount quartile.,
m5_policy_by_q4_amount,C(cause_group)[T.侵害作品改编权纠纷],-0.13564439355249255,0.11444474503327032,0.23592290055196763,-0.35995197203757157,0.08866318493258649,5058,0.19592591139422133,0.4211150652431791,Policy effect heterogeneity for top amount quartile.,
m5_policy_by_q4_amount,C(cause_group)[T.侵害其他著作财产权纠纷],2.9557483437158246e-15,1.8644443448819685e-16,1.3351619291934952e-56,2.5903239670010213e-15,3.321172720430628e-15,5058,0.19592591139422133,0.4211150652431791,Policy effect heterogeneity for top amount quartile.,
m5_policy_by_q4_amount,C(cause_group)[T.侵害发明专利权纠纷],0.7944539885290894,0.11528441543502048,5.5303367459247345e-12,0.5685006862976958,1.020407290760483,5058,0.19592591139422133,0.4211150652431791,Policy effect heterogeneity for top amount quartile.,
m5_policy_by_q4_amount,C(cause_group)[T.侵害商标权纠纷],0.2322642027468048,0.16582187532339548,0.16130830946980212,-0.09274070073594151,0.5572691062295511,5058,0.19592591139422133,0.4211150652431791,Policy effect heterogeneity for top amount quartile.,
m5_policy_by_q4_amount,C(cause_group)[T.侵害外观设计专利权纠纷],0.4391250376434103,0.30080743311615205,0.14433924822529517,-0.15044669754618883,1.0286967728330094,5058,0.19592591139422133,0.4211150652431791,Policy effect heterogeneity for top amount quartile.,
m5_policy_by_q4_amount,C(cause_group)[T.侵害实用新型专利权纠纷],2.227273501524908e-15,1.299683194654418e-16,7.853628543289909e-66,1.972540276241446e-15,2.4820067268083702e-15,5058,0.19592591139422133,0.4211150652431791,Policy effect heterogeneity for top amount quartile.,
m5_policy_by_q4_amount,C(cause_group)[T.侵害录音录像制作者权纠纷],-3.736420519905859e-17,1.3029722998093888e-16,0.774295084472315,-2.927420832470314e-16,2.1801367284891419e-16,5058,0.19592591139422133,0.4211150652431791,Policy effect heterogeneity for top amount quartile.,
m5_policy_by_q4_amount,C(cause_group)[T.侵害计算机软件著作权纠纷],-2.7075001740275967e-15,1.4311055627170139e-16,7.963854682980293e-80,-2.9879917101276242e-15,-2.427008637927569e-15,5058,0.19592591139422133,0.4211150652431791,Policy effect heterogeneity for top amount quartile.,
m5_policy_by_q4_amount,C(cause_group)[T.侵权责任纠纷],0.23641885095091927,0.15233175876117408,0.12066228431190912,-0.06214590992262578,0.5349836118244643,5058,0.19592591139422133,0.4211150652431791,Policy effect heterogeneity for top amount quartile.,
m5_policy_by_q4_amount,C(cause_group)[T.侵犯公民个人信息罪],4.547500989299155e-15,9.749143480174845e-17,0.0,4.356421288286593e-15,4.738580690311717e-15,5058,0.19592591139422133,0.4211150652431791,Policy effect heterogeneity for top amount quartile.,
m5_policy_by_q4_amount,C(cause_group)[T.侵犯著作权罪],-1.581022179318443e-15,1.1470778070974412e-16,3.223947210137341e-43,-1.8058452982560597e-15,-1.3561990603808262e-15,5058,0.19592591139422133,0.4211150652431791,Policy effect heterogeneity for top amount quartile.,
m5_policy_by_q4_amount,C(cause_group)[T.保管合同纠纷],-0.11321856426314562,0.2758366502530528,0.6814721223324187,-0.6538484643753003,0.4274113358490091,5058,0.19592591139422133,0.4211150652431791,Policy effect heterogeneity for top amount quartile.,
m5_policy_by_q4_amount,C(cause_group)[T.保证合同纠纷],0.24454324959734838,0.10690071476605344,0.022162366584395025,0.035021698734294504,0.45406480046040226,5058,0.19592591139422133,0.4211150652431791,Policy effect heterogeneity for top amount quartile.,
m5_policy_by_q4_amount,C(cause_group)[T.保险代理合同纠纷],0.7720786493272557,0.029901179959932266,5.151412211760434e-147,0.7134734135105376,0.8306838851439737,5058,0.19592591139422133,0.4211150652431791,Policy effect heterogeneity for top amount quartile.,
m5_policy_by_q4_amount,C(cause_group)[T.信息网络买卖合同纠纷],-0.28866258759904057,0.10094073897870315,0.004240107295742239,-0.48650280057015716,-0.090822374627924,5058,0.19592591139422133,0.4211150652431791,Policy effect heterogeneity for top amount quartile.,
m5_policy_by_q4_amount,C(cause_group)[T.信用卡纠纷],-0.2856583181296053,0.05475611325242083,1.8192178410568098e-07,-0.39297832803774646,-0.17833830822146413,5058,0.19592591139422133,0.4211150652431791,Policy effect heterogeneity for top amount quartile.,
m5_policy_by_q4_amount,C(cause_group)[T.信用卡诈骗罪],-3.642264947740204e-15,1.2107970653397234e-16,8.447555172718248e-199,-3.879576811805469e-15,-3.404953083674939e-15,5058,0.19592591139422133,0.4211150652431791,Policy effect heterogeneity for top amount quartile.,
m5_policy_by_q4_amount,C(cause_group)[T.修理合同纠纷],-0.22849349770890254,0.03028968134835715,4.571421536385304e-14,-0.2878601822548772,-0.1691268131629279,5058,0.19592591139422133,0.4211150652431791,Policy effect heterogeneity for top amount quartile.,
m5_policy_by_q4_amount,C(cause_group)[T.借款合同纠纷],0.05620651178380676,0.11963103207325565,0.6384749023537205,-0.17826600251313038,0.2906790260807439,5058,0.19592591139422133,0.4211150652431791,Policy effect heterogeneity for top amount quartile.,
m5_policy_by_q4_amount,C(cause_group)[T.借用合同纠纷],-0.35349794483441466,0.04122513602088799,9.92455650150448e-18,-0.43429772669312,-0.2726981629757093,5058,0.19592591139422133,0.4211150652431791,Policy effect heterogeneity for top amount quartile.,
m5_policy_by_q4_amount,C(cause_group)[T.债券质权纠纷],0.14418326863660522,0.26701983273933033,0.5892162506649496,-0.37916598669039137,0.6675325239636019,5058,0.19592591139422133,0.4211150652431791,Policy effect heterogeneity for top amount quartile.,
m5_policy_by_q4_amount,C(cause_group)[T.债务加入纠纷],-0.6357646135773671,0.028087712739933154,1.9618521604638502e-113,-0.690815518955743,-0.5807137081989913,5058,0.19592591139422133,0.4211150652431791,Policy effect heterogeneity for top amount quartile.,
m5_policy_by_q4_amount,C(cause_group)[T.债务转移合同纠纷],-0.1545581719990813,0.03132055147198919,8.026555965331062e-07,-0.2159453248601131,-0.09317101913804951,5058,0.19592591139422133,0.4211150652431791,Policy effect heterogeneity for top amount quartile.,
m5_policy_by_q4_amount,C(cause_group)[T.债权人撤销权纠纷],0.444315882221923,0.305589709984139,0.14595679074667955,-0.15462894339302957,1.0432607078368754,5058,0.19592591139422133,0.4211150652431791,Policy effect heterogeneity for top amount quartile.,
m5_policy_by_q4_amount,C(cause_group)[T.债权转让合同纠纷],0.11648591453520794,0.12630672919273833,0.35640011388341863,-0.13107072568761302,0.36404255475802894,5058,0.19592591139422133,0.4211150652431791,Policy effect heterogeneity for top amount quartile.,
m5_policy_by_q4_amount,C(cause_group)[T.假冒注册商标罪],1.1307682592936397e-15,7.941962529661616e-17,5.330899941296919e-46,9.751086540466058e-16,1.2864278645406736e-15,5058,0.19592591139422133,0.4211150652431791,Policy effect heterogeneity for top amount quartile.,
m5_policy_by_q4_amount,C(cause_group)[T.偷越国（边）境罪],1.000427656429946e-15,1.2565301276010635e-16,1.6951621634655728e-15,7.541522768711858e-16,1.2467030359887064e-15,5058,0.19592591139422133,0.4211150652431791,Policy effect heterogeneity for top amount quartile.,
m5_policy_by_q4_amount,C(cause_group)[T.储蓄存款合同纠纷],-0.15489399858472053,0.029911110203859975,2.2370455353650992e-07,-0.2135186973218946,-0.09626929984754645,5058,0.19592591139422133,0.4211150652431791,Policy effect heterogeneity for top amount quartile.,
m5_policy_by_q4_amount,C(cause_group)[T.公司减资纠纷],-1.2670356558895647e-15,1.1633104112379684e-16,1.2634627991393925e-27,-1.4950403067762543e-15,-1.039031005002875e-15,5058,0.19592591139422133,0.4211150652431791,Policy effect heterogeneity for top amount quartile.,
m5_policy_by_q4_amount,C(cause_group)[T.公司解散纠纷],3.4495674040314187e-15,1.7761080942852043e-16,5.023611388123883e-84,3.1014566142865115e-15,3.7976781937763254e-15,5058,0.19592591139422133,0.4211150652431791,Policy effect heterogeneity for top amount quartile.,
m5_policy_by_q4_amount,C(cause_group)[T.公安行政管理],-3.2646437460039535e-15,1.1951091245874196e-16,2.6866087857607116e-164,-3.498880830182607e-15,-3.0304066618253e-15,5058,0.19592591139422133,0.4211150652431791,Policy effect heterogeneity for top amount quartile.,
m5_policy_by_q4_amount,C(cause_group)[T.公益事业捐赠合同纠纷],-0.7053619239411758,0.11038440336822875,1.6583086172385912e-10,-0.9217113789978459,-0.48901246888450567,5058,0.19592591139422133,0.4211150652431791,Policy effect heterogeneity for top amount quartile.,
m5_policy_by_q4_amount,C(cause_group)[T.共有物分割纠纷],-1.3058828802974626e-15,1.0070446679803001e-16,1.8708705990602497e-38,-1.503260008303911e-15,-1.108505752291014e-15,5058,0.19592591139422133,0.4211150652431791,Policy effect heterogeneity for top amount quartile.,
m5_policy_by_q4_amount,C(cause_group)[T.共有纠纷],-0.2432714795030878,0.05249550699804433,3.584260051076226e-06,-0.34616078256942506,-0.14038217643675055,5058,0.19592591139422133,0.4211150652431791,Policy effect heterogeneity for top amount quartile.,
m5_policy_by_q4_amount,C(cause_group)[T.其他案由],-7.958214090816842e-16,1.1368515528304373e-16,2.5555589443594448e-12,-1.0186402190132935e-15,-5.73002599150075e-16,5058,0.19592591139422133,0.4211150652431791,Policy effect heterogeneity for top amount quartile.,
m5_policy_by_q4_amount,C(cause_group)[T.其他行政行为],5.038916055660993e-15,1.0115256796185577e-16,0.0,4.840660665512016e-15,5.2371714458099704e-15,5058,0.19592591139422133,0.4211150652431791,Policy effect heterogeneity for top amount quartile.,
m5_policy_by_q4_amount,C(cause_group)[T.再保险合同纠纷],-0.2280252999146039,0.02934060496054506,7.746218947904613e-15,-0.2855318289218895,-0.17051877090731835,5058,0.19592591139422133,0.4211150652431791,Policy effect heterogeneity for top amount quartile.,
m5_policy_by_q4_amount,C(cause_group)[T.出售、购买、运输假币罪],3.0965065039319006e-15,8.326833628446977e-17,1.1036967863255014e-302,2.93330356376177e-15,3.2597094441020313e-15,5058,0.19592591139422133,0.4211150652431791,Policy effect heterogeneity for top amount quartile.,
m5_policy_by_q4_amount,C(cause_group)[T.分家析产纠纷],2.8090313672296575e-17,1.1280002324108626e-16,0.8033394690799116,-1.9299366933551353e-16,2.4917429668010667e-16,5058,0.19592591139422133,0.4211150652431791,Policy effect heterogeneity for top amount quartile.,
m5_policy_by_q4_amount,C(cause_group)[T.分期付款买卖合同纠纷],-0.5557158101881691,0.040607794608649196,1.2488577962206268e-42,-0.6353056251127213,-0.4761259952636169,5058,0.19592591139422133,0.4211150652431791,Policy effect heterogeneity for top amount quartile.,
m5_policy_by_q4_amount,C(cause_group)[T.制作、复制、出版、贩卖、传播淫秽物品牟利罪],-3.5174160133987333e-16,9.744536126854457e-17,0.0003066352608759964,-5.42730999886715e-16,-1.6075220279303165e-16,5058,0.19592591139422133,0.4211150652431791,Policy effect heterogeneity for top amount quartile.,
m5_policy_by_q4_amount,C(cause_group)[T.制作、贩卖、传播淫秽物品罪],2.820705754718553e-15,1.0808244566421907e-16,3.869333687063974e-150,2.6088680538556765e-15,3.0325434555814295e-15,5058,0.19592591139422133,0.4211150652431791,Policy effect heterogeneity for top amount quartile.,
m5_policy_by_q4_amount,C(cause_group)[T.劳务合同纠纷],-0.21299027711797147,0.046159347897095554,3.945376485890854e-06,-0.30346093654613343,-0.1225196176898095,5058,0.19592591139422133,0.4211150652431791,Policy effect heterogeneity for top amount quartile.,
m5_policy_by_q4_amount,C(cause_group)[T.劳动争议],-0.14089132970895843,0.07597033719119506,0.06365949629926254,-0.28979045449706453,0.0080077950791477,5058,0.19592591139422133,0.4211150652431791,Policy effect heterogeneity for top amount quartile.,
m5_policy_by_q4_amount,C(cause_group)[T.劳动合同纠纷],-0.05834915711593314,0.09204947585553697,0.5261532157905112,-0.23876281458857487,0.1220645003567086,5058,0.19592591139422133,0.4211150652431791,Policy effect heterogeneity for top amount quartile.,
m5_policy_by_q4_amount,C(cause_group)[T.占有物返还纠纷],2.54167513943879e-16,8.562212643172152e-17,0.0029927721352799247,8.63512298579698e-17,4.2198379802978815e-16,5058,0.19592591139422133,0.4211150652431791,Policy effect heterogeneity for top amount quartile.,
m5_policy_by_q4_amount,C(cause_group)[T.危险驾驶罪],-1.3965070835612964e-15,1.3043148598041934e-16,9.454910022319966e-27,-1.6521480985329593e-15,-1.1408660685896335e-15,5058,0.19592591139422133,0.4211150652431791,Policy effect heterogeneity for top amount quartile.,
m5_policy_by_q4_amount,C(cause_group)[T.发起人责任纠纷],0.006881873969541989,0.2242898590203226,0.9755223906819278,-0.4327181718078565,0.44648191974694046,5058,0.19592591139422133,0.4211150652431791,Policy effect heterogeneity for top amount quartile.,
m5_policy_by_q4_amount,C(cause_group)[T.受贿罪],-1.830618104662316e-15,7.035806790907942e-17,3.0509407687136636e-149,-1.968517383785935e-15,-1.692718825538697e-15,5058,0.19592591139422133,0.4211150652431791,Policy effect heterogeneity for top amount quartile.,
m5_policy_by_q4_amount,C(cause_group)[T.合伙企业纠纷],-0.18190828980045848,0.1368578819320495,0.18378972381541092,-0.4501448093877105,0.08632822978679355,5058,0.19592591139422133,0.4211150652431791,Policy effect heterogeneity for top amount quartile.,
m5_policy_by_q4_amount,C(cause_group)[T.合伙协议纠纷],-0.1904765840793599,0.062470297252955435,0.0022954762613617468,-0.31291611679866405,-0.06803705136005578,5058,0.19592591139422133,0.4211150652431791,Policy effect heterogeneity for top amount quartile.,
m5_policy_by_q4_amount,C(cause_group)[T.合伙合同纠纷],0.10495431365757185,0.0845979586121136,0.21474443770136542,-0.06085463838778091,0.27076326570292464,5058,0.19592591139422133,0.4211150652431791,Policy effect heterogeneity for top amount quartile.,
m5_policy_by_q4_amount,C(cause_group)[T.合作创作合同纠纷],-0.15482474091545134,0.02997104367022921,2.393988685963766e-07,-0.21356690708817774,-0.09608257474272494,5058,0.19592591139422133,0.4211150652431791,Policy effect heterogeneity for top amount quartile.,
m5_policy_by_q4_amount,C(cause_group)[T.合同、准合同纠纷],0.5806218785453675,0.04141223538155874,1.16724074592564e-44,0.49945538867821704,0.661788368412518,5058,0.19592591139422133,0.4211150652431791,Policy effect heterogeneity for top amount quartile.,
m5_policy_by_q4_amount,C(cause_group)[T.合同、无因管理、不当得利],-0.3515902432154287,0.1522632757325783,0.020938355875934695,-0.6500207798193738,-0.053159706611483615,5058,0.19592591139422133,0.4211150652431791,Policy effect heterogeneity for top amount quartile.,
m5_policy_by_q4_amount,C(cause_group)[T.合同纠纷],0.06645968543089156,0.026122464493670273,0.01095414218597034,0.015260595835871492,0.11765877502591163,5058,0.19592591139422133,0.4211150652431791,Policy effect heterogeneity for top amount quartile.,
m5_policy_by_q4_amount,C(cause_group)[T.合同诈骗罪],-1.4543287851681878e-15,6.992036495582654e-17,4.347239289912761e-96,-1.5913701822675044e-15,-1.3172873880688713e-15,5058,0.19592591139422133,0.4211150652431791,Policy effect heterogeneity for top amount quartile.,
m5_policy_by_q4_amount,C(cause_group)[T.名誉权纠纷],0.5281314861516511,0.03869719262395117,2.0806998182858028e-42,0.45228638230589774,0.6039765899974043,5058,0.19592591139422133,0.4211150652431791,Policy effect heterogeneity for top amount quartile.,
m5_policy_by_q4_amount,C(cause_group)[T.商品房销售合同纠纷],-0.2284927972936254,0.030284123181908065,4.523920389037001e-14,-0.28784858803353974,-0.16913700655371106,5058,0.19592591139422133,0.4211150652431791,Policy effect heterogeneity for top amount quartile.,
m5_policy_by_q4_amount,C(cause_group)[T.商品房预售合同纠纷],-0.24454384241469473,0.04657348286156356,1.5151423151922247e-07,-0.3358261914579528,-0.15326149337143669,5058,0.19592591139422133,0.4211150652431791,Policy effect heterogeneity for top amount quartile.,
m5_policy_by_q4_amount,C(cause_group)[T.商标权权属、侵权纠纷],2.098051542437606e-15,6.567562723241982e-17,6.206025442371056e-224,1.9693296783999854e-15,2.226773406475227e-15,5058,0.19592591139422133,0.4211150652431791,Policy effect heterogeneity for top amount quartile.,
m5_policy_by_q4_amount,C(cause_group)[T.商标权权属纠纷],6.278550925124422e-15,3.6439400564997037e-17,0.0,6.2071310123988e-15,6.349970837850045e-15,5058,0.19592591139422133,0.4211150652431791,Policy effect heterogeneity for top amount quartile.,
m5_policy_by_q4_amount,C(cause_group)[T.因申请诉中财产保全损害责任纠纷],4.767401536979828e-15,5.1739377505117265e-17,0.0,4.665994220487276e-15,4.868808853472379e-15,5058,0.19592591139422133,0.4211150652431791,Policy effect heterogeneity for top amount quartile.,
m5_policy_by_q4_amount,C(cause_group)[T.因申请财产保全损害责任纠纷],1.230668645761144e-16,9.1497427980206e-17,0.17861526782567627,-5.626479894313677e-17,3.0239852809536556e-16,5058,0.19592591139422133,0.4211150652431791,Policy effect heterogeneity for top amount quartile.,
m5_policy_by_q4_amount,C(cause_group)[T.国有公司、企业、事业单位人员失职罪],2.1352005245584856e-15,4.7696923096843277e-17,0.0,2.041716273115296e-15,2.228684776001675e-15,5058,0.19592591139422133,0.4211150652431791,Policy effect heterogeneity for top amount quartile.,
m5_policy_by_q4_amount,C(cause_group)[T.土地租赁合同纠纷],-0.22840577211290894,0.029684544248159778,1.4212167335577063e-14,-0.28658640973678773,-0.17022513448903015,5058,0.19592591139422133,0.4211150652431791,Policy effect heterogeneity for top amount quartile.,
m5_policy_by_q4_amount,C(cause_group)[T.妨害信用卡管理罪],-3.3230912889919517e-16,4.413660080721048e-17,5.10890489851125e-14,-4.188152768813492e-16,-2.4580298091704116e-16,5058,0.19592591139422133,0.4211150652431791,Policy effect heterogeneity for top amount quartile.,
m5_policy_by_q4_amount,C(cause_group)[T.委托合同纠纷],-0.048612694696541434,0.03397452183903998,0.15247109916682858,-0.11520153389302931,0.017976144499946445,5058,0.19592591139422133,0.4211150652431791,Policy effect heterogeneity for top amount quartile.,
m5_policy_by_q4_amount,C(cause_group)[T.委托理财合同纠纷],0.06149120742048556,0.046460976195991745,0.18566840219261105,-0.029570632610231025,0.15255304745120216,5058,0.19592591139422133,0.4211150652431791,Policy effect heterogeneity for top amount quartile.,
m5_policy_by_q4_amount,C(cause_group)[T.娱乐服务合同纠纷],-0.1774972521476003,0.058707688627970975,0.0024994562282650286,-0.29256220747401507,-0.06243229682118548,5058,0.19592591139422133,0.4211150652431791,Policy effect heterogeneity for top amount quartile.,
m5_policy_by_q4_amount,C(cause_group)[T.婚约财产纠纷],0.4469043357930047,0.21945281947626838,0.04170535287735667,0.016784713313748534,0.8770239582722609,5058,0.19592591139422133,0.4211150652431791,Policy effect heterogeneity for top amount quartile.,
m5_policy_by_q4_amount,C(cause_group)[T.定作合同纠纷],-0.33210911960819417,0.07835056657990937,2.247594130575726e-05,-0.4856734082731241,-0.1785448309432642,5058,0.19592591139422133,0.4211150652431791,Policy effect heterogeneity for top amount quartile.,
m5_policy_by_q4_amount,C(cause_group)[T.定金合同纠纷],0.07490157439082866,0.2072799794418311,0.7178343810230867,-0.3313597200313631,0.48116286881302045,5058,0.19592591139422133,0.4211150652431791,Policy effect heterogeneity for top amount quartile.,
m5_policy_by_q4_amount,C(cause_group)[T.容留他人吸毒罪],-2.246242530551706e-15,1.2203908198820847e-17,0.0,-2.270161751092028e-15,-2.222323310011384e-15,5058,0.19592591139422133,0.4211150652431791,Policy effect heterogeneity for top amount quartile.,
m5_policy_by_q4_amount,C(cause_group)[T.小额借款合同纠纷],2.7173791505411777e-15,2.212880359639489e-17,0.0,2.6740074924712834e-15,2.760750808611072e-15,5058,0.19592591139422133,0.4211150652431791,Policy effect heterogeneity for top amount quartile.,
m5_policy_by_q4_amount,C(cause_group)[T.帮助信息网络犯罪活动],-3.647200388577257e-15,9.636458518477251e-17,0.0,-3.836071504924553e-15,-3.4583292722299604e-15,5058,0.19592591139422133,0.4211150652431791,Policy effect heterogeneity for top amount quartile.,
m5_policy_by_q4_amount,C(cause_group)[T.帮助信息网络犯罪活动罪],4.796799723764217e-16,1.1121596931755219e-17,0.0,4.578820429396104e-16,5.014779018132331e-16,5058,0.19592591139422133,0.4211150652431791,Policy effect heterogeneity for top amount quartile.,
m5_policy_by_q4_amount,C(cause_group)[T.广告合同纠纷],0.012110803512119284,0.14645690971445235,0.9340965073287004,-0.2749394648152417,0.29916107183948026,5058,0.19592591139422133,0.4211150652431791,Policy effect heterogeneity for top amount quartile.,
m5_policy_by_q4_amount,C(cause_group)[T.建筑物和物件损害责任纠纷],8.309804992269674e-18,1.334070413750039e-17,0.5333561304649905,-1.7837494645635576e-17,3.4457104630174927e-17,5058,0.19592591139422133,0.4211150652431791,Policy effect heterogeneity for top amount quartile.,
m5_policy_by_q4_amount,C(cause_group)[T.建设工程合同纠纷],-0.1901060274852433,0.04009992989982917,2.128686590133597e-06,-0.26870044587148934,-0.11151160909899727,5058,0.19592591139422133,0.4211150652431791,Policy effect heterogeneity for top amount quartile.,
m5_policy_by_q4_amount,C(cause_group)[T.建设工程施工合同纠纷],0.3785581169933383,0.12626224967421423,0.0027158898539631146,0.13108865502487424,0.6260275789618024,5058,0.19592591139422133,0.4211150652431791,Policy effect heterogeneity for top amount quartile.,
m5_policy_by_q4_amount,C(cause_group)[T.开设赌场罪],-4.93759725250826e-15,6.5441542049521225e-18,0.0,-4.950423559059242e-15,-4.9247709459572776e-15,5058,0.19592591139422133,0.4211150652431791,Policy effect heterogeneity for top amount quartile.,
m5_policy_by_q4_amount,C(cause_group)[T.悬赏广告纠纷],0.6825865975761942,0.05749326163536862,1.6455147664263774e-32,0.5699018754171333,0.7952713197352551,5058,0.19592591139422133,0.4211150652431791,Policy effect heterogeneity for top amount quartile.,
m5_policy_by_q4_amount,C(cause_group)[T.房屋买卖合同纠纷],-0.42543555787650406,0.07334377119977213,6.609052778240938e-09,-0.5691867079184035,-0.2816844078346046,5058,0.19592591139422133,0.4211150652431791,Policy effect heterogeneity for top amount quartile.,
m5_policy_by_q4_amount,C(cause_group)[T.房屋拆迁安置补偿合同纠纷],0.8599584664541287,0.032804440310453334,1.806904948934596e-151,0.7956629449126462,0.9242539879956111,5058,0.19592591139422133,0.4211150652431791,Policy effect heterogeneity for top amount quartile.,
m5_policy_by_q4_amount,C(cause_group)[T.房屋租赁合同纠纷],0.04385138623204676,0.11629643274857102,0.7061248417676229,-0.1840854334856369,0.2717882059497304,5058,0.19592591139422133,0.4211150652431791,Policy effect heterogeneity for top amount quartile.,
m5_policy_by_q4_amount,C(cause_group)[T.所有权确认纠纷],-0.6358758923611386,0.02755675617792829,8.229106138287383e-118,-0.6898861420006297,-0.5818656427216475,5058,0.19592591139422133,0.4211150652431791,Policy effect heterogeneity for top amount quartile.,
m5_policy_by_q4_amount,C(cause_group)[T.所有权纠纷],0.4183781230097481,0.04209331955518402,2.807938458096828e-23,0.3358767326918518,0.5008795133276444,5058,0.19592591139422133,0.4211150652431791,Policy effect heterogeneity for top amount quartile.,
m5_policy_by_q4_amount,C(cause_group)[T.执行异议之诉],0.0036988640858086914,0.28677386356024953,0.9897090178248625,-0.5583675801996838,0.5657653083713011,5058,0.19592591139422133,0.4211150652431791,Policy effect heterogeneity for top amount quartile.,
m5_policy_by_q4_amount,C(cause_group)[T.执行程序中的异议之诉],-3.54221282398384e-15,9.125002560896894e-28,0.0,-3.5422128239856285e-15,-3.542212823982052e-15,5058,0.19592591139422133,0.4211150652431791,Policy effect heterogeneity for top amount quartile.,
m5_policy_by_q4_amount,C(cause_group)[T.技术合同纠纷],-0.15455020414405918,0.03138682640406985,8.477252035707287e-07,-0.2160672534850469,-0.09303315480307146,5058,0.19592591139422133,0.4211150652431791,Policy effect heterogeneity for top amount quartile.,
m5_policy_by_q4_amount,C(cause_group)[T.技术委托开发合同纠纷],-0.15493460646347365,0.029933324746297202,2.2670491392910059e-07,-0.21360284490375772,-0.09626636802318958,5058,0.19592591139422133,0.4211150652431791,Policy effect heterogeneity for top amount quartile.,
m5_policy_by_q4_amount,C(cause_group)[T.技术服务合同纠纷],-0.1749310330917398,0.05850625058976711,0.0027901891436056523,-0.28960117711815864,-0.060260889065320955,5058,0.19592591139422133,0.4211150652431791,Policy effect heterogeneity for top amount quartile.,
m5_policy_by_q4_amount,C(cause_group)[T.抢劫罪],-1.2687343328392757e-15,5.739190921722069e-29,0.0,-1.268734332839388e-15,-1.2687343328391633e-15,5058,0.19592591139422133,0.4211150652431791,Policy effect heterogeneity for top amount quartile.,
m5_policy_by_q4_amount,C(cause_group)[T.抢夺罪],-3.641120959621087e-15,1.4711387568174584e-28,0.0,-3.641120959621376e-15,-3.641120959620799e-15,5058,0.19592591139422133,0.4211150652431791,Policy effect heterogeneity for top amount quartile.,
m5_policy_by_q4_amount,C(cause_group)[T.抵押合同纠纷],0.2463011201882849,0.213995015457611,0.24974596724440756,-0.1731214029797248,0.6657236433562946,5058,0.19592591139422133,0.4211150652431791,Policy effect heterogeneity for top amount quartile.,
m5_policy_by_q4_amount,C(cause_group)[T.担保物权确认纠纷],-0.24284815200222068,0.05368839333119346,6.088583736795205e-06,-0.34807546931918026,-0.1376208346852611,5058,0.19592591139422133,0.4211150652431791,Policy effect heterogeneity for top amount quartile.,
m5_policy_by_q4_amount,C(cause_group)[T.拒不执行判决、裁定罪],1.4962940220401246e-15,1.1673823818237016e-28,0.0,1.4962940220398959e-15,1.4962940220403534e-15,5058,0.19592591139422133,0.4211150652431791,Policy effect heterogeneity for top amount quartile.,
m5_policy_by_q4_amount,C(cause_group)[T.拒不支付劳动报酬罪],-1.6041661558693702e-15,1.2025576404772727e-28,0.0,-1.6041661558696058e-15,-1.6041661558691345e-15,5058,0.19592591139422133,0.4211150652431791,Policy effect heterogeneity for top amount quartile.,
m5_policy_by_q4_amount,C(cause_group)[T.持有、使用假币罪],5.597260930471135e-16,3.129047653392022e-29,0.0,5.597260930470522e-16,5.597260930471749e-16,5058,0.19592591139422133,0.4211150652431791,Policy effect heterogeneity for top amount quartile.,
m5_policy_by_q4_amount,C(cause_group)[T.挪用公款罪],1.0462219021879303e-15,3.8622558180268045e-29,0.0,1.0462219021878546e-15,1.046221902188006e-15,5058,0.19592591139422133,0.4211150652431791,Policy effect heterogeneity for top amount quartile.,
m5_policy_by_q4_amount,C(cause_group)[T.挪用资金罪],-4.889112072624591e-16,5.773803855798058e-29,0.0,-4.889112072625723e-16,-4.889112072623459e-16,5058,0.19592591139422133,0.4211150652431791,Policy effect heterogeneity for top amount quartile.,
m5_policy_by_q4_amount,C(cause_group)[T.损害公司债权人利益责任纠纷],-0.22731052917002265,0.08349634187445266,0.006480943772512537,-0.39096035208479346,-0.06366070625525183,5058,0.19592591139422133,0.4211150652431791,Policy effect heterogeneity for top amount quartile.,
m5_policy_by_q4_amount,C(cause_group)[T.损害公司利益责任纠纷],-0.22843707579379757,0.0541364645780009,2.446790141297199e-05,-0.3345425966170077,-0.12233155497058744,5058,0.19592591139422133,0.4211150652431791,Policy effect heterogeneity for top amount quartile.,
m5_policy_by_q4_amount,C(cause_group)[T.排除妨害纠纷],0.45119037239719173,0.03288708489192543,7.772859110251366e-43,0.38673287045250654,0.5156478743418769,5058,0.19592591139422133,0.4211150652431791,Policy effect heterogeneity for top amount quartile.,
m5_policy_by_q4_amount,C(cause_group)[T.掩饰、隐瞒犯罪所得、犯罪所得收益],2.535847117592033e-16,7.07273150121013e-29,0.0,2.5358471175906467e-16,2.5358471175934196e-16,5058,0.19592591139422133,0.4211150652431791,Policy effect heterogeneity for top amount quartile.,
m5_policy_by_q4_amount,C(cause_group)[T.掩饰、隐瞒犯罪所得、犯罪所得收益罪],-8.134927773273604e-16,4.9523001173095763e-29,0.0,-8.134927773274574e-16,-8.134927773272633e-16,5058,0.19592591139422133,0.4211150652431791,Policy effect heterogeneity for top amount quartile.,
m5_policy_by_q4_amount,C(cause_group)[T.提供侵入、非法控制计算机信息系统程序、工具],-2.2073934318216398e-16,3.0363419828111514e-29,0.0,-2.2073934318222349e-16,-2.2073934318210447e-16,5058,0.19592591139422133,0.4211150652431791,Policy effect heterogeneity for top amount quartile.,
m5_policy_by_q4_amount,C(cause_group)[T.提供侵入、非法控制计算机信息系统程序、工具罪],3.102365718956299e-16,1.5683227784695834e-29,0.0,3.102365718955992e-16,3.1023657189566063e-16,5058,0.19592591139422133,0.4211150652431791,Policy effect heterogeneity for top amount quartile.,
m5_policy_by_q4_amount,C(cause_group)[T.提供劳务者受害责任纠纷],-2.399842690978513e-15,1.3669577209242522e-28,0.0,-2.399842690978781e-15,-2.3998426909782454e-15,5058,0.19592591139422133,0.4211150652431791,Policy effect heterogeneity for top amount quartile.,
m5_policy_by_q4_amount,C(cause_group)[T.故意伤害罪],1.0262720882328816e-15,5.658175897509444e-29,0.0,1.0262720882327708e-15,1.0262720882329924e-15,5058,0.19592591139422133,0.4211150652431791,Policy effect heterogeneity for top amount quartile.,
m5_policy_by_q4_amount,C(cause_group)[T.故意杀人罪],-8.530401555609025e-16,3.644535803346706e-29,0.0,-8.530401555609739e-16,-8.530401555608311e-16,5058,0.19592591139422133,0.4211150652431791,Policy effect heterogeneity for top amount quartile.,
m5_policy_by_q4_amount,C(cause_group)[T.故意毁坏财物罪],6.784950868447156e-16,3.769069710523805e-29,0.0,6.784950868446418e-16,6.784950868447895e-16,5058,0.19592591139422133,0.4211150652431791,Policy effect heterogeneity for top amount quartile.,
m5_policy_by_q4_amount,C(cause_group)[T.教育培训合同纠纷],-0.19175949338930867,0.03924042411728797,1.0249621588694584e-06,-0.26866931139727,-0.11484967538134731,5058,0.19592591139422133,0.4211150652431791,Policy effect heterogeneity for top amount quartile.,
m5_policy_by_q4_amount,C(cause_group)[T.文化行政管理],6.617729834625368e-16,3.690115620780441e-29,0.0,6.617729834624645e-16,6.617729834626091e-16,5058,0.19592591139422133,0.4211150652431791,Policy effect heterogeneity for top amount quartile.,
m5_policy_by_q4_amount,C(cause_group)[T.旅游合同纠纷],-0.1549692595458188,0.029985757735984147,2.3649147088029242e-07,-0.21374026475749103,-0.09619825433414657,5058,0.19592591139422133,0.4211150652431791,Policy effect heterogeneity for top amount quartile.,
m5_policy_by_q4_amount,C(cause_group)[T.服务合同纠纷],-0.12684069766660327,0.06681899663082091,0.057660127845962535,-0.2578035245461155,0.004122129212908943,5058,0.19592591139422133,0.4211150652431791,Policy effect heterogeneity for top amount quartile.,
m5_policy_by_q4_amount,C(cause_group)[T.未分类],-0.04945196683131119,0.19591471249472323,0.8007196969273325,-0.433437747362488,0.3345338136998656,5058,0.19592591139422133,0.4211150652431791,Policy effect heterogeneity for top amount quartile.,
m5_policy_by_q4_amount,C(cause_group)[T.机动车交通事故责任纠纷],0.5320596764170071,0.04180717160003226,4.212141910883721e-37,0.4501191257854581,0.6140002270485562,5058,0.19592591139422133,0.4211150652431791,Policy effect heterogeneity for top amount quartile.,
m5_policy_by_q4_amount,C(cause_group)[T.案外人执行异议之诉],-0.23453815622690874,0.07977109193125981,0.0032806427178513823,-0.39088662341961167,-0.07818968903420581,5058,0.19592591139422133,0.4211150652431791,Policy effect heterogeneity for top amount quartile.,
m5_policy_by_q4_amount,C(cause_group)[T.欺诈客户责任纠纷],8.670711584985006e-17,1.2306890682720407e-29,0.0,8.670711584982593e-17,8.670711584987418e-17,5058,0.19592591139422133,0.4211150652431791,Policy effect heterogeneity for top amount quartile.,
m5_policy_by_q4_amount,C(cause_group)[T.民间借贷纠纷],-0.0626677032665713,0.029874638055696217,0.035932616457462555,-0.12122091790690559,-0.004114488626237006,5058,0.19592591139422133,0.4211150652431791,Policy effect heterogeneity for top amount quartile.,
m5_policy_by_q4_amount,C(cause_group)[T.民间委托理财合同纠纷],0.15072324410459056,0.04867905904912826,0.0019597544073464575,0.055314041567000566,0.24613244664218056,5058,0.19592591139422133,0.4211150652431791,Policy effect heterogeneity for top amount quartile.,
m5_policy_by_q4_amount,C(cause_group)[T.法定继承纠纷],8.872534810130768e-18,4.957892389790209e-31,0.0,8.872534810129795e-18,8.87253481013174e-18,5058,0.19592591139422133,0.4211150652431791,Policy effect heterogeneity for top amount quartile.,
m5_policy_by_q4_amount,C(cause_group)[T.法律服务合同纠纷],-0.2649318565877112,0.057442871493071805,3.9863485389464305e-06,-0.3775178158826945,-0.15234589729272788,5058,0.19592591139422133,0.4211150652431791,Policy effect heterogeneity for top amount quartile.,
m5_policy_by_q4_amount,C(cause_group)[T.洗钱罪],-2.023369105922223e-16,5.6199281537761255e-30,0.0,-2.0233691059223332e-16,-2.0233691059221128e-16,5058,0.19592591139422133,0.4211150652431791,Policy effect heterogeneity for top amount quartile.,
m5_policy_by_q4_amount,C(cause_group)[T.消费者权益保护民事公益诉讼],0.6973934360399471,0.05497292087929078,7.059142797945137e-37,0.5896484909915671,0.805138381088327,5058,0.19592591139422133,0.4211150652431791,Policy effect heterogeneity for top amount quartile.,
m5_policy_by_q4_amount,C(cause_group)[T.清算责任纠纷],0.3085525054366744,0.2750041417583066,0.26186575107067633,-0.2304457080089541,0.8475507188823028,5058,0.19592591139422133,0.4211150652431791,Policy effect heterogeneity for top amount quartile.,
m5_policy_by_q4_amount,C(cause_group)[T.演出合同纠纷],-0.1990071589895321,0.03374024199172424,3.674577791405377e-09,-0.2651368181229776,-0.1328774998560866,5058,0.19592591139422133,0.4211150652431791,Policy effect heterogeneity for top amount quartile.,
m5_policy_by_q4_amount,C(cause_group)[T.物业服务合同纠纷],-0.26573333235377855,0.06082451666292637,1.2490117432332486e-05,-0.3849471943901706,-0.1465194703173865,5058,0.19592591139422133,0.4211150652431791,Policy effect heterogeneity for top amount quartile.,
m5_policy_by_q4_amount,C(cause_group)[T.物权保护纠纷],0.5267345553960998,0.11880172695974536,9.26174184377772e-06,0.2938874492538377,0.7595816615383619,5058,0.19592591139422133,0.4211150652431791,Policy effect heterogeneity for top amount quartile.,
m5_policy_by_q4_amount,C(cause_group)[T.物权确认纠纷],0.0,0.0,,0.0,0.0,5058,0.19592591139422133,0.4211150652431791,Policy effect heterogeneity for top amount quartile.,
m5_policy_by_q4_amount,C(cause_group)[T.物权纠纷],0.7648309922306785,0.060480257515557904,1.177752582304359e-36,0.646291865724477,0.88337011873688,5058,0.19592591139422133,0.4211150652431791,Policy effect heterogeneity for top amount quartile.,
m5_policy_by_q4_amount,C(cause_group)[T.特许经营合同纠纷],-0.228336982843494,0.029343284054579075,7.162681373431679e-15,-0.28584876277859744,-0.17082520290839054,5058,0.19592591139422133,0.4211150652431791,Policy effect heterogeneity for top amount quartile.,
m5_policy_by_q4_amount,C(cause_group)[T.生产、销售伪劣产品罪],0.0,0.0,,0.0,0.0,5058,0.19592591139422133,0.4211150652431791,Policy effect heterogeneity for top amount quartile.,
m5_policy_by_q4_amount,C(cause_group)[T.生产、销售有毒、有害食品罪],0.0,0.0,,0.0,0.0,5058,0.19592591139422133,0.4211150652431791,Policy effect heterogeneity for top amount quartile.,
m5_policy_by_q4_amount,C(cause_group)[T.生命权、身体权、健康权纠纷],0.0,0.0,,0.0,0.0,5058,0.19592591139422133,0.4211150652431791,Policy effect heterogeneity for top amount quartile.,
m5_policy_by_q4_amount,C(cause_group)[T.申请诉前停止侵害注册商标专用权],0.0,0.0,,0.0,0.0,5058,0.19592591139422133,0.4211150652431791,Policy effect heterogeneity for top amount quartile.,
m5_policy_by_q4_amount,C(cause_group)[T.电信服务合同纠纷],0.0,0.0,,0.0,0.0,5058,0.19592591139422133,0.4211150652431791,Policy effect heterogeneity for top amount quartile.,
m5_policy_by_q4_amount,C(cause_group)[T.盗伐林木罪],0.0,0.0,,0.0,0.0,5058,0.19592591139422133,0.4211150652431791,Policy effect heterogeneity for top amount quartile.,
m5_policy_by_q4_amount,C(cause_group)[T.盗窃罪],0.0,0.0,,0.0,0.0,5058,0.19592591139422133,0.4211150652431791,Policy effect heterogeneity for top amount quartile.,
m5_policy_by_q4_amount,C(cause_group)[T.相邻关系纠纷],0.0,0.0,,0.0,0.0,5058,0.19592591139422133,0.4211150652431791,Policy effect heterogeneity for top amount quartile.,
m5_policy_by_q4_amount,C(cause_group)[T.破坏计算机信息系统罪],0.0,0.0,,0.0,0.0,5058,0.19592591139422133,0.4211150652431791,Policy effect heterogeneity for top amount quartile.,
m5_policy_by_q4_amount,C(cause_group)[T.确认不侵害著作权纠纷],0.0,0.0,,0.0,0.0,5058,0.19592591139422133,0.4211150652431791,Policy effect heterogeneity for top amount quartile.,
m5_policy_by_q4_amount,C(cause_group)[T.确认合同效力纠纷],0.055541157620096926,0.18093736342376723,0.7588711913563205,-0.2990895581481217,0.41017187338831557,5058,0.19592591139422133,0.4211150652431791,Policy effect heterogeneity for top amount quartile.,
m5_policy_by_q4_amount,C(cause_group)[T.确认合同无效纠纷],0.5666847446490152,0.0822527140047423,5.596647753847247e-12,0.40547238756904697,0.7278971017289835,5058,0.19592591139422133,0.4211150652431791,Policy effect heterogeneity for top amount quartile.,
m5_policy_by_q4_amount,C(cause_group)[T.确认合同有效纠纷],0.4536863149920564,0.06248315716399689,3.8441582361289536e-13,0.33122157731026663,0.5761510526738461,5058,0.19592591139422133,0.4211150652431791,Policy effect heterogeneity for top amount quartile.,
m5_policy_by_q4_amount,C(cause_group)[T.离婚后财产纠纷],-0.2770384990557554,0.053871832411784476,2.710367603742876e-07,-0.38262535036403056,-0.17145164774748026,5058,0.19592591139422133,0.4211150652431791,Policy effect heterogeneity for top amount quartile.,
m5_policy_by_q4_amount,C(cause_group)[T.离婚纠纷],0.19615009083794097,0.3625623745729465,0.5885002707753997,-0.5144591054743548,0.9067592871502368,5058,0.19592591139422133,0.4211150652431791,Policy effect heterogeneity for top amount quartile.,
m5_policy_by_q4_amount,C(cause_group)[T.种植、养殖回收合同纠纷],-0.1974644524026627,0.03989502419985685,7.436577171607596e-07,-0.275657262996736,-0.11927164180858939,5058,0.19592591139422133,0.4211150652431791,Policy effect heterogeneity for top amount quartile.,
m5_policy_by_q4_amount,C(cause_group)[T.租赁合同纠纷],-0.2631861165297415,0.0641730438578752,4.1102338903898645e-05,-0.3889629712694862,-0.13740926178999677,5058,0.19592591139422133,0.4211150652431791,Policy effect heterogeneity for top amount quartile.,
m5_policy_by_q4_amount,C(cause_group)[T.窃取、收买、非法提供信用卡信息罪],0.0,0.0,,0.0,0.0,5058,0.19592591139422133,0.4211150652431791,Policy effect heterogeneity for top amount quartile.,
m5_policy_by_q4_amount,C(cause_group)[T.窝藏、包庇罪],0.0,0.0,,0.0,0.0,5058,0.19592591139422133,0.4211150652431791,Policy effect heterogeneity for top amount quartile.,
m5_policy_by_q4_amount,C(cause_group)[T.竞业限制纠纷],-0.24301022134825132,0.05292789185853994,4.403982616169774e-06,-0.34674698316862035,-0.13927345952788228,5058,0.19592591139422133,0.4211150652431791,Policy effect heterogeneity for top amount quartile.,
m5_policy_by_q4_amount,C(cause_group)[T.组织、领导传销活动],0.0,0.0,,0.0,0.0,5058,0.19592591139422133,0.4211150652431791,Policy effect heterogeneity for top amount quartile.,
m5_policy_by_q4_amount,C(cause_group)[T.组织、领导传销活动罪],0.0,0.0,,0.0,0.0,5058,0.19592591139422133,0.4211150652431791,Policy effect heterogeneity for top amount quartile.,
m5_policy_by_q4_amount,C(cause_group)[T.组织他人偷越国（边）境罪],0.0,0.0,,0.0,0.0,5058,0.19592591139422133,0.4211150652431791,Policy effect heterogeneity for top amount quartile.,
m5_policy_by_q4_amount,C(cause_group)[T.组织卖淫罪],0.0,0.0,,0.0,0.0,5058,0.19592591139422133,0.4211150652431791,Policy effect heterogeneity for top amount quartile.,
m5_policy_by_q4_amount,C(cause_group)[T.组织淫秽表演罪],0.0,0.0,,0.0,0.0,5058,0.19592591139422133,0.4211150652431791,Policy effect heterogeneity for top amount quartile.,
m5_policy_by_q4_amount,C(cause_group)[T.绑架罪],0.0,0.0,,0.0,0.0,5058,0.19592591139422133,0.4211150652431791,Policy effect heterogeneity for top amount quartile.,
m5_policy_by_q4_amount,C(cause_group)[T.缔约过失责任纠纷],0.33487875861628796,0.27276314553551323,0.21954935682256005,-0.1997271829431752,0.8694847001757511,5058,0.19592591139422133,0.4211150652431791,Policy effect heterogeneity for top amount quartile.,
m5_policy_by_q4_amount,C(cause_group)[T.网络侵害虚拟财产纠纷],0.14223363018094168,0.29229189096217867,0.6265311633161156,-0.43064794907803705,0.7151152094399205,5058,0.19592591139422133,0.4211150652431791,Policy effect heterogeneity for top amount quartile.,
m5_policy_by_q4_amount,C(cause_group)[T.网络侵权责任纠纷],-0.03915448422071088,0.09951595662697255,0.6939876578371935,-0.2342021750966272,0.15589320665520542,5058,0.19592591139422133,0.4211150652431791,Policy effect heterogeneity for top amount quartile.,
m5_policy_by_q4_amount,C(cause_group)[T.网络域名合同纠纷],-0.0986202923835066,0.04785768340357207,0.03933174106757504,-0.19241962823802813,-0.004820956528985065,5058,0.19592591139422133,0.4211150652431791,Policy effect heterogeneity for top amount quartile.,
m5_policy_by_q4_amount,C(cause_group)[T.网络域名权属纠纷],0.0,0.0,,0.0,0.0,5058,0.19592591139422133,0.4211150652431791,Policy effect heterogeneity for top amount quartile.,
m5_policy_by_q4_amount,C(cause_group)[T.网络服务合同纠纷],-0.16395516740019817,0.058698321304036516,0.0052192117193903655,-0.27900176310906993,-0.04890857169132641,5058,0.19592591139422133,0.4211150652431791,Policy effect heterogeneity for top amount quartile.,
m5_policy_by_q4_amount,C(cause_group)[T.职务侵占罪],0.0,0.0,,0.0,0.0,5058,0.19592591139422133,0.4211150652431791,Policy effect heterogeneity for top amount quartile.,
m5_policy_by_q4_amount,C(cause_group)[T.联营合同纠纷],-0.10946590335362508,0.03901073308895463,0.00501535646903954,-0.18592553521848112,-0.03300627148876903,5058,0.19592591139422133,0.4211150652431791,Policy effect heterogeneity for top amount quartile.,
m5_policy_by_q4_amount,C(cause_group)[T.肖像权纠纷],0.8640699674009228,0.11432761451211608,4.098135973964158e-14,0.6399919605187965,1.088147974283049,5058,0.19592591139422133,0.4211150652431791,Policy effect heterogeneity for top amount quartile.,
m5_policy_by_q4_amount,C(cause_group)[T.股东出资纠纷],-0.311599343038614,0.052313501400764136,2.5787878616164668e-09,-0.41413192168929736,-0.2090667643879306,5058,0.19592591139422133,0.4211150652431791,Policy effect heterogeneity for top amount quartile.,
m5_policy_by_q4_amount,C(cause_group)[T.股东损害公司债权人利益责任纠纷],-0.13124439796700033,0.1658474300840254,0.42873614084723877,-0.45629938786021473,0.19381059192621408,5058,0.19592591139422133,0.4211150652431791,Policy effect heterogeneity for top amount quartile.,
m5_policy_by_q4_amount,C(cause_group)[T.股东知情权纠纷],0.0,0.0,,0.0,0.0,5058,0.19592591139422133,0.4211150652431791,Policy effect heterogeneity for top amount quartile.,
m5_policy_by_q4_amount,C(cause_group)[T.股东资格确认纠纷],-0.44987961704923113,0.03517343215875646,1.8569650734573745e-37,-0.5188182772930567,-0.3809409568054055,5058,0.19592591139422133,0.4211150652431791,Policy effect heterogeneity for top amount quartile.,
m5_policy_by_q4_amount,C(cause_group)[T.股权转让纠纷],-0.2221094302529104,0.14442448314384604,0.12407473070964596,-0.5051762157006607,0.06095735519483997,5058,0.19592591139422133,0.4211150652431791,Policy effect heterogeneity for top amount quartile.,
m5_policy_by_q4_amount,C(cause_group)[T.著作权合同纠纷],-0.10240923264243398,0.04768200005350775,0.03173325921909324,-0.1958642354581461,-0.008954229826721866,5058,0.19592591139422133,0.4211150652431791,Policy effect heterogeneity for top amount quartile.,
m5_policy_by_q4_amount,C(cause_group)[T.著作权权属、侵权纠纷],0.0,0.0,,0.0,0.0,5058,0.19592591139422133,0.4211150652431791,Policy effect heterogeneity for top amount quartile.,
m5_policy_by_q4_amount,C(cause_group)[T.著作权权属纠纷],-0.22543226751705234,0.07151765189633977,0.001620892831385866,-0.365604289492751,-0.0852602455413537,5058,0.19592591139422133,0.4211150652431791,Policy effect heterogeneity for top amount quartile.,
m5_policy_by_q4_amount,C(cause_group)[T.著作权许可使用合同纠纷],-0.14643489475717686,0.07331296298896779,0.045782365993592145,-0.29012566181547167,-0.0027441276988820484,5058,0.19592591139422133,0.4211150652431791,Policy effect heterogeneity for top amount quartile.,
m5_policy_by_q4_amount,C(cause_group)[T.虚假诉讼罪],0.0,0.0,,0.0,0.0,5058,0.19592591139422133,0.4211150652431791,Policy effect heterogeneity for top amount quartile.,
m5_policy_by_q4_amount,C(cause_group)[T.融资租赁合同纠纷],-0.2960027491051179,0.046761905885647555,2.451651116801524e-10,-0.3876544004894387,-0.20435109772079713,5058,0.19592591139422133,0.4211150652431791,Policy effect heterogeneity for top amount quartile.,
m5_policy_by_q4_amount,C(cause_group)[T.行政],0.0,0.0,,0.0,0.0,5058,0.19592591139422133,0.4211150652431791,Policy effect heterogeneity for top amount quartile.,
m5_policy_by_q4_amount,C(cause_group)[T.行政处罚],0.0,0.0,,0.0,0.0,5058,0.19592591139422133,0.4211150652431791,Policy effect heterogeneity for top amount quartile.,
m5_policy_by_q4_amount,C(cause_group)[T.行政复议],0.0,0.0,,0.0,0.0,5058,0.19592591139422133,0.4211150652431791,Policy effect heterogeneity for top amount quartile.,
m5_policy_by_q4_amount,C(cause_group)[T.行政强制],0.0,0.0,,0.0,0.0,5058,0.19592591139422133,0.4211150652431791,Policy effect heterogeneity for top amount quartile.,
m5_policy_by_q4_amount,C(cause_group)[T.行政强制措施],0.0,0.0,,0.0,0.0,5058,0.19592591139422133,0.4211150652431791,Policy effect heterogeneity for top amount quartile.,
m5_policy_by_q4_amount,C(cause_group)[T.行政拘留],0.0,0.0,,0.0,0.0,5058,0.19592591139422133,0.4211150652431791,Policy effect heterogeneity for top amount quartile.,
m5_policy_by_q4_amount,C(cause_group)[T.行政撤销],0.0,0.0,,0.0,0.0,5058,0.19592591139422133,0.4211150652431791,Policy effect heterogeneity for top amount quartile.,
m5_policy_by_q4_amount,C(cause_group)[T.行政监察],0.0,0.0,,0.0,0.0,5058,0.19592591139422133,0.4211150652431791,Policy effect heterogeneity for top amount quartile.,
m5_policy_by_q4_amount,C(cause_group)[T.行政确认],0.0,0.0,,0.0,0.0,5058,0.19592591139422133,0.4211150652431791,Policy effect heterogeneity for top amount quartile.,
m5_policy_by_q4_amount,C(cause_group)[T.行政非诉执行],0.0,0.0,,0.0,0.0,5058,0.19592591139422133,0.4211150652431791,Policy effect heterogeneity for top amount quartile.,
m5_policy_by_q4_amount,C(cause_group)[T.行纪合同纠纷],0.08248293334028357,0.21251672300669705,0.6979239490546341,-0.33404218986531736,0.4990080565458845,5058,0.19592591139422133,0.4211150652431791,Policy effect heterogeneity for top amount quartile.,
m5_policy_by_q4_amount,C(cause_group)[T.被继承人债务清偿纠纷],-0.17012074483123166,0.10872205690899896,0.11764605692509102,-0.38321206069798375,0.04297057103552046,5058,0.19592591139422133,0.4211150652431791,Policy effect heterogeneity for top amount quartile.,
m5_policy_by_q4_amount,C(cause_group)[T.装饰装修合同纠纷],0.1661462190961218,0.19971020951425372,0.4054447700045468,-0.22527859889676397,0.5575710370890076,5058,0.19592591139422133,0.4211150652431791,Policy effect heterogeneity for top amount quartile.,
m5_policy_by_q4_amount,C(cause_group)[T.计算机软件开发合同纠纷],-0.038168902111887594,0.08399567163660607,0.6495300811150941,-0.202797393376888,0.12645958915311284,5058,0.19592591139422133,0.4211150652431791,Policy effect heterogeneity for top amount quartile.,
m5_policy_by_q4_amount,C(cause_group)[T.计算机软件著作权许可使用合同纠纷],-0.17722362180620765,0.03423257998998724,2.2542733820582014e-07,-0.24431824568446917,-0.11012899792794614,5058,0.19592591139422133,0.4211150652431791,Policy effect heterogeneity for top amount quartile.,
m5_policy_by_q4_amount,C(cause_group)[T.诈骗],0.0,0.0,,0.0,0.0,5058,0.19592591139422133,0.4211150652431791,Policy effect heterogeneity for top amount quartile.,
m5_policy_by_q4_amount,C(cause_group)[T.诈骗罪],0.0,0.0,,0.0,0.0,5058,0.19592591139422133,0.4211150652431791,Policy effect heterogeneity for top amount quartile.,
m5_policy_by_q4_amount,C(cause_group)[T.诬告陷害罪],0.0,0.0,,0.0,0.0,5058,0.19592591139422133,0.4211150652431791,Policy effect heterogeneity for top amount quartile.,
m5_policy_by_q4_amount,C(cause_group)[T.财产保险合同纠纷],-0.14047517001452534,0.030842581851077626,5.248902213730017e-06,-0.2009255196328662,-0.08002482039618447,5058,0.19592591139422133,0.4211150652431791,Policy effect heterogeneity for top amount quartile.,
m5_policy_by_q4_amount,C(cause_group)[T.财产损失保险合同纠纷],-0.22808324846091335,0.029147529821192054,5.0712727398678236e-15,-0.285211357148757,-0.17095513977306973,5058,0.19592591139422133,0.4211150652431791,Policy effect heterogeneity for top amount quartile.,
m5_policy_by_q4_amount,C(cause_group)[T.财产损害赔偿纠纷],0.1362320547000026,0.11208121387616247,0.22418449773212,-0.08344308784080678,0.355907197240812,5058,0.19592591139422133,0.4211150652431791,Policy effect heterogeneity for top amount quartile.,
m5_policy_by_q4_amount,C(cause_group)[T.贪污罪],0.0,0.0,,0.0,0.0,5058,0.19592591139422133,0.4211150652431791,Policy effect heterogeneity for top amount quartile.,
m5_policy_by_q4_amount,C(cause_group)[T.贷款诈骗罪],0.0,0.0,,0.0,0.0,5058,0.19592591139422133,0.4211150652431791,Policy effect heterogeneity for top amount quartile.,
m5_policy_by_q4_amount,C(cause_group)[T.赌博罪],0.0,0.0,,0.0,0.0,5058,0.19592591139422133,0.4211150652431791,Policy effect heterogeneity for top amount quartile.,
m5_policy_by_q4_amount,C(cause_group)[T.赠与合同纠纷],0.42160034955843767,0.07848511883063838,7.79876708386552e-08,0.26777234332804,0.5754283557888353,5058,0.19592591139422133,0.4211150652431791,Policy effect heterogeneity for top amount quartile.,
m5_policy_by_q4_amount,C(cause_group)[T.走私、贩卖、运输、制造毒品],0.0,0.0,,0.0,0.0,5058,0.19592591139422133,0.4211150652431791,Policy effect heterogeneity for top amount quartile.,
m5_policy_by_q4_amount,C(cause_group)[T.走私、贩卖、运输、制造毒品罪],0.0,0.0,,0.0,0.0,5058,0.19592591139422133,0.4211150652431791,Policy effect heterogeneity for top amount quartile.,
m5_policy_by_q4_amount,C(cause_group)[T.走私普通货物、物品罪],0.0,0.0,,0.0,0.0,5058,0.19592591139422133,0.4211150652431791,Policy effect heterogeneity for top amount quartile.,
m5_policy_by_q4_amount,C(cause_group)[T.走私武器、弹药罪],0.0,0.0,,0.0,0.0,5058,0.19592591139422133,0.4211150652431791,Policy effect heterogeneity for top amount quartile.,
m5_policy_by_q4_amount,C(cause_group)[T.走私罪],0.0,0.0,,0.0,0.0,5058,0.19592591139422133,0.4211150652431791,Policy effect heterogeneity for top amount quartile.,
m5_policy_by_q4_amount,C(cause_group)[T.车辆租赁合同纠纷],-0.20569259249129035,0.03179676266974877,9.866725415689751e-11,-0.26801310214896557,-0.1433720828336151,5058,0.19592591139422133,0.4211150652431791,Policy effect heterogeneity for top amount quartile.,
m5_policy_by_q4_amount,C(cause_group)[T.运输合同纠纷],0.12957257918885134,0.26611368215018605,0.6263243324513954,-0.3920006536188527,0.6511458119965554,5058,0.19592591139422133,0.4211150652431791,Policy effect heterogeneity for top amount quartile.,
m5_policy_by_q4_amount,C(cause_group)[T.运送他人偷越国（边）境罪],0.0,0.0,,0.0,0.0,5058,0.19592591139422133,0.4211150652431791,Policy effect heterogeneity for top amount quartile.,
m5_policy_by_q4_amount,C(cause_group)[T.返还原物纠纷],0.09412251908795043,0.10817865751861933,0.38426460341425617,-0.11790375354443659,0.30614879172033743,5058,0.19592591139422133,0.4211150652431791,Policy effect heterogeneity for top amount quartile.,
m5_policy_by_q4_amount,C(cause_group)[T.追偿权纠纷],-0.19549361190982656,0.10869379465481196,0.07208641527128747,-0.40852953477625026,0.01754231095659714,5058,0.19592591139422133,0.4211150652431791,Policy effect heterogeneity for top amount quartile.,
m5_policy_by_q4_amount,C(cause_group)[T.追加、变更被执行人异议之诉],-0.4196331608893911,0.0411601158893602,2.084431066038183e-24,-0.5003055056320319,-0.33896081614675033,5058,0.19592591139422133,0.4211150652431791,Policy effect heterogeneity for top amount quartile.,
m5_policy_by_q4_amount,C(cause_group)[T.追索劳动报酬纠纷],0.0,0.0,,0.0,0.0,5058,0.19592591139422133,0.4211150652431791,Policy effect heterogeneity for top amount quartile.,
m5_policy_by_q4_amount,C(cause_group)[T.金融借款合同纠纷],-0.37068920474173656,0.03224866897272389,1.4024585654948181e-30,-0.4338954344776297,-0.30748297500584343,5058,0.19592591139422133,0.4211150652431791,Policy effect heterogeneity for top amount quartile.,
m5_policy_by_q4_amount,C(cause_group)[T.铁路运输财产损害责任纠纷],0.3946448540103164,0.03837517364353286,8.332355885027902e-25,0.3194308957685213,0.4698588122521115,5058,0.19592591139422133,0.4211150652431791,Policy effect heterogeneity for top amount quartile.,
m5_policy_by_q4_amount,C(cause_group)[T.银行卡纠纷],-0.229216811312071,0.05436170733929537,2.481096862401779e-05,-0.33576379983519666,-0.12266982278894534,5058,0.19592591139422133,0.4211150652431791,Policy effect heterogeneity for top amount quartile.,
m5_policy_by_q4_amount,C(cause_group)[T.销售假冒注册商标的商品罪],0.0,0.0,,0.0,0.0,5058,0.19592591139422133,0.4211150652431791,Policy effect heterogeneity for top amount quartile.,
m5_policy_by_q4_amount,C(cause_group)[T.隐私权纠纷],0.0,0.0,,0.0,0.0,5058,0.19592591139422133,0.4211150652431791,Policy effect heterogeneity for top amount quartile.,
m5_policy_by_q4_amount,C(cause_group)[T.集资诈骗罪],0.0,0.0,,0.0,0.0,5058,0.19592591139422133,0.4211150652431791,Policy effect heterogeneity for top amount quartile.,
m5_policy_by_q4_amount,C(cause_group)[T.非法侵入计算机信息系统罪],0.0,0.0,,0.0,0.0,5058,0.19592591139422133,0.4211150652431791,Policy effect heterogeneity for top amount quartile.,
m5_policy_by_q4_amount,C(cause_group)[T.非法出售增值税专用发票罪],0.0,0.0,,0.0,0.0,5058,0.19592591139422133,0.4211150652431791,Policy effect heterogeneity for top amount quartile.,
m5_policy_by_q4_amount,C(cause_group)[T.非法利用信息网络],0.0,0.0,,0.0,0.0,5058,0.19592591139422133,0.4211150652431791,Policy effect heterogeneity for top amount quartile.,
m5_policy_by_q4_amount,C(cause_group)[T.非法利用信息网络罪],0.0,0.0,,0.0,0.0,5058,0.19592591139422133,0.4211150652431791,Policy effect heterogeneity for top amount quartile.,
m5_policy_by_q4_amount,C(cause_group)[T.非法制造、买卖、运输、邮寄、储存枪支、弹药、爆炸物罪],0.0,0.0,,0.0,0.0,5058,0.19592591139422133,0.4211150652431791,Policy effect heterogeneity for top amount quartile.,
m5_policy_by_q4_amount,C(cause_group)[T.非法吸收公众存款],0.0,0.0,,0.0,0.0,5058,0.19592591139422133,0.4211150652431791,Policy effect heterogeneity for top amount quartile.,
m5_policy_by_q4_amount,C(cause_group)[T.非法吸收公众存款罪],0.0,0.0,,0.0,0.0,5058,0.19592591139422133,0.4211150652431791,Policy effect heterogeneity for top amount quartile.,
m5_policy_by_q4_amount,C(cause_group)[T.非法拘禁罪],0.0,0.0,,0.0,0.0,5058,0.19592591139422133,0.4211150652431791,Policy effect heterogeneity for top amount quartile.,
m5_policy_by_q4_amount,C(cause_group)[T.非法持有毒品罪],0.0,0.0,,0.0,0.0,5058,0.19592591139422133,0.4211150652431791,Policy effect heterogeneity for top amount quartile.,
m5_policy_by_q4_amount,C(cause_group)[T.非法种植毒品原植物罪],0.0,0.0,,0.0,0.0,5058,0.19592591139422133,0.4211150652431791,Policy effect heterogeneity for top amount quartile.,
m5_policy_by_q4_amount,C(cause_group)[T.非法获取计算机信息系统数据、非法控制计算机信息系统罪],0.0,0.0,,0.0,0.0,5058,0.19592591139422133,0.4211150652431791,Policy effect heterogeneity for top amount quartile.,
m5_policy_by_q4_amount,C(cause_group)[T.食品、药品监管渎职罪],0.0,0.0,,0.0,0.0,5058,0.19592591139422133,0.4211150652431791,Policy effect heterogeneity for top amount quartile.,
m5_policy_by_q4_amount,C(cause_group)[T.餐饮服务合同纠纷],0.8162585301143335,0.06639656668233207,9.793658255479686e-35,0.6861236507198505,0.9463934095088165,5058,0.19592591139422133,0.4211150652431791,Policy effect heterogeneity for top amount quartile.,
m5_policy_by_q4_amount,post2021,0.07332138534341569,0.01454534778878193,4.633905623552375e-07,0.04481302753479379,0.10182974315203758,5058,0.19592591139422133,0.4211150652431791,Policy effect heterogeneity for top amount quartile.,
m5_policy_by_q4_amount,q4_amount,-0.089981664057751,0.03474987863499772,0.009614070449774458,-0.15809017464948444,-0.021873153466017578,5058,0.19592591139422133,0.4211150652431791,Policy effect heterogeneity for top amount quartile.,
m5_policy_by_q4_amount,post2021:q4_amount,0.05982166091853444,0.042627078197900854,0.1605058476108896,-0.023725877115523777,0.14336919895259265,5058,0.19592591139422133,0.4211150652431791,Policy effect heterogeneity for top amount quartile.,
m5_policy_by_q4_amount,log_amount_master,-0.00016864224359840814,0.004678570467679674,0.971245936990703,-0.009338471859383286,0.009001187372186468,5058,0.19592591139422133,0.4211150652431791,Policy effect heterogeneity for top amount quartile.,
m5_policy_by_q4_amount,amount_llm_regex_conflict_flag,-0.08117757354330606,0.032470134493490024,0.012416915333123063,-0.1448178677237182,-0.0175372793628939,5058,0.19592591139422133,0.4211150652431791,Policy effect heterogeneity for top amount quartile.,
m5_policy_by_q4_amount,amount_regex_fallback_flag,0.0,0.0,,0.0,0.0,5058,0.19592591139422133,0.4211150652431791,Policy effect heterogeneity for top amount quartile.,
m6_llm_amount,Intercept,0.3525285805419802,0.055546198226583555,2.2014920053610283e-10,0.24366003253975382,0.4613971285442066,5058,0.19488017338835728,0.4211150652431791,Uses LLM top-level case amount.,
m6_llm_amount,"C(transaction_type, Treatment(reference='借贷'))[T.投资/理财]",0.25254646524150454,0.022529903458011796,3.6671359593598325e-29,0.208388665888637,0.29670426459437205,5058,0.19488017338835728,0.4211150652431791,Uses LLM top-level case amount.,
m6_llm_amount,"C(transaction_type, Treatment(reference='借贷'))[T.交易/买卖]",0.17020400169076255,0.03896525118514656,1.25333757417154e-05,0.09383351271931864,0.24657449066220646,5058,0.19488017338835728,0.4211150652431791,Uses LLM top-level case amount.,
m6_llm_amount,"C(transaction_type, Treatment(reference='借贷'))[T.ICO/发币]",0.4790658679496567,0.11073236105398852,1.5160719603027147e-05,0.26203442836075347,0.6960973075385599,5058,0.19488017338835728,0.4211150652431791,Uses LLM top-level case amount.,
m6_llm_amount,"C(transaction_type, Treatment(reference='借贷'))[T.挖矿]",0.06177299243186357,0.0381038262743973,0.10497998969657815,-0.012909134739126152,0.13645511960285328,5058,0.19488017338835728,0.4211150652431791,Uses LLM top-level case amount.,
m6_llm_amount,"C(transaction_type, Treatment(reference='借贷'))[T.技术服务]",-0.11969519487184972,0.05962449419957632,0.04469819406701473,-0.23655705609943667,-0.0028333336442627755,5058,0.19488017338835728,0.4211150652431791,Uses LLM top-level case amount.,
m6_llm_amount,"C(transaction_type, Treatment(reference='借贷'))[T.其他民商事]",-0.1592032823968253,0.032243196501291704,7.90989660466338e-07,-0.2223987862858049,-0.09600777850784568,5058,0.19488017338835728,0.4211150652431791,Uses LLM top-level case amount.,
m6_llm_amount,"C(transaction_type, Treatment(reference='借贷'))[T.其他/未分类]",-0.061122142150044,0.07101657874941365,0.38941746744672745,-0.2003120788041473,0.07806779450405932,5058,0.19488017338835728,0.4211150652431791,Uses LLM top-level case amount.,
m6_llm_amount,"C(transaction_type, Treatment(reference='借贷'))[T.未分类]",5.075195585643595e-15,2.231325833448608e-15,0.022934730551413245,7.01877314310504e-16,9.448513856976685e-15,5058,0.19488017338835728,0.4211150652431791,Uses LLM top-level case amount.,
m6_llm_amount,C(court_level_group)[T.基层法院],0.01381112504934358,0.014364988985927427,0.3363292294690423,-0.01434373600138873,0.04196598610007589,5058,0.19488017338835728,0.4211150652431791,Uses LLM top-level case amount.,
m6_llm_amount,C(court_level_group)[T.最高人民法院],-0.10329780483254462,0.10377437679913365,0.31953805681124126,-0.30669184587693554,0.10009623621184631,5058,0.19488017338835728,0.4211150652431791,Uses LLM top-level case amount.,
m6_llm_amount,C(court_level_group)[T.高级法院],-0.01472563996156538,0.10500862354523102,0.8884761576834733,-0.22053876017634289,0.19108748025321215,5058,0.19488017338835728,0.4211150652431791,Uses LLM top-level case amount.,
m6_llm_amount,C(cause_group)[T.不当得利纠纷],0.29350555791752486,0.037073152884299854,2.4344662558110084e-15,0.22084351347094994,0.3661676023640998,5058,0.19488017338835728,0.4211150652431791,Uses LLM top-level case amount.,
m6_llm_amount,C(cause_group)[T.不正当竞争纠纷],0.3831701449798358,0.18386122575604866,0.037158509704774294,0.02280876434459228,0.7435315256150794,5058,0.19488017338835728,0.4211150652431791,Uses LLM top-level case amount.,
m6_llm_amount,C(cause_group)[T.与公司有关的纠纷],-0.11539488781185347,0.17576488429496884,0.5114832874240528,-0.45988773077684214,0.2290979551531352,5058,0.19488017338835728,0.4211150652431791,Uses LLM top-level case amount.,
m6_llm_amount,C(cause_group)[T.专利行政管理],1.3402807528155385e-15,5.584492804293714e-16,0.01639487296514893,2.4574027598166154e-16,2.4348212296494154e-15,5058,0.19488017338835728,0.4211150652431791,Uses LLM top-level case amount.,
m6_llm_amount,C(cause_group)[T.业主撤销权纠纷],0.19437162709197695,0.2549186047178537,0.44577055774526586,-0.30525965714421865,0.6940029113281725,5058,0.19488017338835728,0.4211150652431791,Uses LLM top-level case amount.,
m6_llm_amount,C(cause_group)[T.中介合同纠纷],-0.21476251782507602,0.028943575607060432,1.1708407966063117e-13,-0.27149088359872653,-0.15803415205142554,5058,0.19488017338835728,0.4211150652431791,Uses LLM top-level case amount.,
m6_llm_amount,C(cause_group)[T.买卖合同纠纷],-0.0337467168126477,0.04366253687585311,0.439582350127003,-0.1193237165629718,0.05183028293767639,5058,0.19488017338835728,0.4211150652431791,Uses LLM top-level case amount.,
m6_llm_amount,C(cause_group)[T.互易纠纷],-0.25853315092480694,0.05787260968780671,7.92204181976547e-06,-0.3719613816042519,-0.14510492024536198,5058,0.19488017338835728,0.4211150652431791,Uses LLM top-level case amount.,
m6_llm_amount,C(cause_group)[T.交通肇事罪],-1.096364936418411e-15,3.662539133464776e-16,0.0027583737251672172,-1.814209415774361e-15,-3.7852045706246106e-16,5058,0.19488017338835728,0.4211150652431791,Uses LLM top-level case amount.,
m6_llm_amount,C(cause_group)[T.产品责任纠纷],-4.1954303477634734e-16,1.724161288265646e-16,0.014961211066152206,-7.574724376302322e-16,-8.16136319224625e-17,5058,0.19488017338835728,0.4211150652431791,Uses LLM top-level case amount.,
m6_llm_amount,C(cause_group)[T.人身保险合同纠纷],-0.20730430946008224,0.029689582924002367,2.9019582143564664e-12,-0.26549482270714225,-0.14911379621302223,5058,0.19488017338835728,0.4211150652431791,Uses LLM top-level case amount.,
m6_llm_amount,C(cause_group)[T.仓储合同纠纷],0.5485625993109171,0.034684959181668355,2.4297825226236895e-56,0.4805813285096053,0.616543870112229,5058,0.19488017338835728,0.4211150652431791,Uses LLM top-level case amount.,
m6_llm_amount,C(cause_group)[T.仿冒纠纷],-8.31042748990364e-17,1.4325191128510035e-16,0.5618291026402104,-3.6387286173436e-16,1.9766431193628725e-16,5058,0.19488017338835728,0.4211150652431791,Uses LLM top-level case amount.,
m6_llm_amount,C(cause_group)[T.企业承包经营合同纠纷],-0.11946912889522354,0.029995368168044913,6.807389413055175e-05,-0.17825897020761075,-0.06067928758283633,5058,0.19488017338835728,0.4211150652431791,Uses LLM top-level case amount.,
m6_llm_amount,C(cause_group)[T.传播淫秽物品罪],6.491110684800579e-16,2.347296457743808e-16,0.0056860678268690285,1.890494166584271e-16,1.1091727203016887e-15,5058,0.19488017338835728,0.4211150652431791,Uses LLM top-level case amount.,
m6_llm_amount,C(cause_group)[T.伪造、变造、买卖国家机关公文、证件、印章罪],1.0491576328707602e-15,1.3677256044737291e-16,1.7090081364537677e-14,7.810883403205818e-16,1.3172269254209386e-15,5058,0.19488017338835728,0.4211150652431791,Uses LLM top-level case amount.,
m6_llm_amount,C(cause_group)[T.伪造、变造、买卖身份证件罪],7.25013047793612e-16,2.288046430748738e-16,0.0015312287478936283,2.7656418787131746e-16,1.1734619077159065e-15,5058,0.19488017338835728,0.4211150652431791,Uses LLM top-level case amount.,
m6_llm_amount,C(cause_group)[T.伪造、变造金融票证罪],-1.0391339169703596e-15,3.7474390193615707e-16,0.005555620642469642,-1.7736184681912373e-15,-3.04649365749482e-16,5058,0.19488017338835728,0.4211150652431791,Uses LLM top-level case amount.,
m6_llm_amount,C(cause_group)[T.供用电合同纠纷],-0.39028071367881345,0.035219380281423684,1.5440560983079559e-28,-0.45930943058822404,-0.32125199676940286,5058,0.19488017338835728,0.4211150652431791,Uses LLM top-level case amount.,
m6_llm_amount,C(cause_group)[T.侵占罪],1.0654453041224367e-15,2.4891936924910645e-16,1.8665594428778157e-05,5.775723053397609e-16,1.5533183029051125e-15,5058,0.19488017338835728,0.4211150652431791,Uses LLM top-level case amount.,
m6_llm_amount,C(cause_group)[T.侵害作品信息网络传播权纠纷],0.29760757220600026,0.2063255310369448,0.14918460868304206,-0.10678303771751263,0.7019981821295131,5058,0.19488017338835728,0.4211150652431791,Uses LLM top-level case amount.,
m6_llm_amount,C(cause_group)[T.侵害作品发行权纠纷],3.815596614928947e-16,1.350710935405564e-16,0.004729829263616192,1.1682518280096345e-16,6.462941401848259e-16,5058,0.19488017338835728,0.4211150652431791,Uses LLM top-level case amount.,
m6_llm_amount,C(cause_group)[T.侵害作品复制权纠纷],-1.8332824205320364e-16,1.6034143737325749e-16,0.2528884897516137,-4.97591684534173e-16,1.3093520042776566e-16,5058,0.19488017338835728,0.4211150652431791,Uses LLM top-level case amount.,
m6_llm_amount,C(cause_group)[T.侵害作品展览权纠纷],-2.78038313684083e-16,2.1605340264374858e-16,0.19813045249849337,-7.014952016031611e-16,1.454185742349951e-16,5058,0.19488017338835728,0.4211150652431791,Uses LLM top-level case amount.,
m6_llm_amount,C(cause_group)[T.侵害作品广播权纠纷],1.5698077372592428e-16,1.5690578256239097e-16,0.3170792693498514,-1.5054890906243485e-16,4.645104565142834e-16,5058,0.19488017338835728,0.4211150652431791,Uses LLM top-level case amount.,
m6_llm_amount,C(cause_group)[T.侵害作品改编权纠纷],-0.1761903317962359,0.11552497971027718,0.12722728135638717,-0.4026151313430997,0.05023446775062787,5058,0.19488017338835728,0.4211150652431791,Uses LLM top-level case amount.,
m6_llm_amount,C(cause_group)[T.侵害其他著作财产权纠纷],-1.3876173866716987e-15,1.9832533640507665e-16,2.6211338896112093e-12,-1.7763279032474394e-15,-9.98906870095958e-16,5058,0.19488017338835728,0.4211150652431791,Uses LLM top-level case amount.,
m6_llm_amount,C(cause_group)[T.侵害发明专利权纠纷],0.8025245838218601,0.11549693113872414,3.693228757679063e-12,0.5761547584650581,1.028894409178662,5058,0.19488017338835728,0.4211150652431791,Uses LLM top-level case amount.,
m6_llm_amount,C(cause_group)[T.侵害商标权纠纷],0.2213072080782544,0.1641072835399675,0.17748090191552246,-0.10033715726078471,0.5429515734172935,5058,0.19488017338835728,0.4211150652431791,Uses LLM top-level case amount.,
m6_llm_amount,C(cause_group)[T.侵害外观设计专利权纠纷],0.4442827490420695,0.3099171580582052,0.15169979276895978,-0.1631437189430201,1.0517092170271591,5058,0.19488017338835728,0.4211150652431791,Uses LLM top-level case amount.,
m6_llm_amount,C(cause_group)[T.侵害实用新型专利权纠纷],-2.5452242861093255e-16,1.9485056276583984e-16,0.19146950675973906,-6.364225139993399e-16,1.273776567774748e-16,5058,0.19488017338835728,0.4211150652431791,Uses LLM top-level case amount.,
m6_llm_amount,C(cause_group)[T.侵害录音录像制作者权纠纷],-7.60228655393625e-17,1.8363645469666522e-16,0.678884582353079,-4.3594370299344755e-16,2.838979719147226e-16,5058,0.19488017338835728,0.4211150652431791,Uses LLM top-level case amount.,
m6_llm_amount,C(cause_group)[T.侵害计算机软件著作权纠纷],-7.786010559156858e-16,1.581005522727895e-16,8.448095000837315e-07,-1.0884724443062454e-15,-4.687296675251261e-16,5058,0.19488017338835728,0.4211150652431791,Uses LLM top-level case amount.,
m6_llm_amount,C(cause_group)[T.侵权责任纠纷],0.23056637917910758,0.15111385826505422,0.12706486674890607,-0.06561134058528909,0.5267440989435043,5058,0.19488017338835728,0.4211150652431791,Uses LLM top-level case amount.,
m6_llm_amount,C(cause_group)[T.侵犯公民个人信息罪],5.74145253737616e-16,1.235745330477252e-16,3.3819460598668176e-06,3.319436195577199e-16,8.16346887917512e-16,5058,0.19488017338835728,0.4211150652431791,Uses LLM top-level case amount.,
m6_llm_amount,C(cause_group)[T.侵犯著作权罪],-4.475732865940266e-17,1.2596491160807009e-16,0.7223529884091882,-2.9164401872699145e-16,2.0212936140818612e-16,5058,0.19488017338835728,0.4211150652431791,Uses LLM top-level case amount.,
m6_llm_amount,C(cause_group)[T.保管合同纠纷],-0.1181040634886352,0.27415712439685014,0.6666212945071894,-0.6554421534115289,0.41923402643425844,5058,0.19488017338835728,0.4211150652431791,Uses LLM top-level case amount.,
m6_llm_amount,C(cause_group)[T.保证合同纠纷],0.24394371582064361,0.10565713256662762,0.020953353672374154,0.036859541280279434,0.45102789036100777,5058,0.19488017338835728,0.4211150652431791,Uses LLM top-level case amount.,
m6_llm_amount,C(cause_group)[T.保险代理合同纠纷],0.7873991395901709,0.02908190245621979,1.9279251071014322e-161,0.7303996581740733,0.8443986210062686,5058,0.19488017338835728,0.4211150652431791,Uses LLM top-level case amount.,
m6_llm_amount,C(cause_group)[T.信息网络买卖合同纠纷],-0.2931570550077747,0.10154389956037947,0.0038893645852055006,-0.49217944099587113,-0.09413466901967832,5058,0.19488017338835728,0.4211150652431791,Uses LLM top-level case amount.,
m6_llm_amount,C(cause_group)[T.信用卡纠纷],-0.28568873820425655,0.055420552505824866,2.5373376785146414e-07,-0.3943110251189843,-0.17706645128952878,5058,0.19488017338835728,0.4211150652431791,Uses LLM top-level case amount.,
m6_llm_amount,C(cause_group)[T.信用卡诈骗罪],-3.848925945086545e-16,1.2112071195055175e-16,0.001484173780138323,-6.222848277135861e-16,-1.4750036130372292e-16,5058,0.19488017338835728,0.4211150652431791,Uses LLM top-level case amount.,
m6_llm_amount,C(cause_group)[T.修理合同纠纷],-0.2331291105452365,0.03037596670427529,1.6569220586009136e-14,-0.2926649112812039,-0.17359330980926907,5058,0.19488017338835728,0.4211150652431791,Uses LLM top-level case amount.,
m6_llm_amount,C(cause_group)[T.借款合同纠纷],0.061136008818815264,0.11971281449555665,0.6095688953373986,-0.1734967960804003,0.2957688137180308,5058,0.19488017338835728,0.4211150652431791,Uses LLM top-level case amount.,
m6_llm_amount,C(cause_group)[T.借用合同纠纷],-0.3579974992202076,0.03413192197477575,9.741878589695666e-26,-0.42489483701389935,-0.2911001614265159,5058,0.19488017338835728,0.4211150652431791,Uses LLM top-level case amount.,
m6_llm_amount,C(cause_group)[T.债券质权纠纷],0.14804603064875752,0.2656519621683471,0.5773271246250686,-0.37262224762359974,0.6687143089211148,5058,0.19488017338835728,0.4211150652431791,Uses LLM top-level case amount.,
m6_llm_amount,C(cause_group)[T.债务加入纠纷],-0.6262006476472094,0.027529901501194082,1.5648322760801926e-114,-0.680158263087485,-0.5722430322069338,5058,0.19488017338835728,0.4211150652431791,Uses LLM top-level case amount.,
m6_llm_amount,C(cause_group)[T.债务转移合同纠纷],-0.12961908000057223,0.029538864004334135,1.1435248208148655e-05,-0.18751418959329375,-0.07172397040785072,5058,0.19488017338835728,0.4211150652431791,Uses LLM top-level case amount.,
m6_llm_amount,C(cause_group)[T.债权人撤销权纠纷],0.42416208240395753,0.29559653891971793,0.15130536751403528,-0.15519648783338197,1.003520652641297,5058,0.19488017338835728,0.4211150652431791,Uses LLM top-level case amount.,
m6_llm_amount,C(cause_group)[T.债权转让合同纠纷],0.12436419369492988,0.12563192444613316,0.3222185183659021,-0.1218698535279483,0.370598240917808,5058,0.19488017338835728,0.4211150652431791,Uses LLM top-level case amount.,
m6_llm_amount,C(cause_group)[T.假冒注册商标罪],3.431556476748783e-16,1.2137783891719932e-16,0.0046961555772759836,1.0525945487586348e-16,5.810518404738931e-16,5058,0.19488017338835728,0.4211150652431791,Uses LLM top-level case amount.,
m6_llm_amount,C(cause_group)[T.偷越国（边）境罪],1.969699887966804e-17,1.013341631406087e-16,0.8458809431072236,-1.7891431127943126e-16,2.1830830903876737e-16,5058,0.19488017338835728,0.4211150652431791,Uses LLM top-level case amount.,
m6_llm_amount,C(cause_group)[T.储蓄存款合同纠纷],-0.14166831160811771,0.029320413390242106,1.3535195101970907e-06,-0.1991352658648182,-0.08420135735141723,5058,0.19488017338835728,0.4211150652431791,Uses LLM top-level case amount.,
m6_llm_amount,C(cause_group)[T.公司减资纠纷],-7.692921703876924e-16,1.5068559057646597e-16,3.303046189383482e-07,-1.064630500906714e-15,-4.73953839868671e-16,5058,0.19488017338835728,0.4211150652431791,Uses LLM top-level case amount.,
m6_llm_amount,C(cause_group)[T.公司解散纠纷],3.747929350513852e-16,9.619272915918265e-17,9.768510788565207e-05,1.8625865032477134e-16,5.633272197779991e-16,5058,0.19488017338835728,0.4211150652431791,Uses LLM top-level case amount.,
m6_llm_amount,C(cause_group)[T.公安行政管理],7.959522617323764e-16,1.3350833823302186e-16,2.4944863855082442e-09,5.342807271598617e-16,1.0576237963048912e-15,5058,0.19488017338835728,0.4211150652431791,Uses LLM top-level case amount.,
m6_llm_amount,C(cause_group)[T.公益事业捐赠合同纠纷],-0.7584873665905123,0.11074186868301125,7.429149153551672e-12,-0.9755374407898785,-0.5414372923911461,5058,0.19488017338835728,0.4211150652431791,Uses LLM top-level case amount.,
m6_llm_amount,C(cause_group)[T.共有物分割纠纷],2.7255347479000333e-16,9.828532110668938e-17,0.005552774475187386,7.991778521193774e-17,4.651891643680689e-16,5058,0.19488017338835728,0.4211150652431791,Uses LLM top-level case amount.,
m6_llm_amount,C(cause_group)[T.共有纠纷],-0.23816197394300656,0.05274674991515103,6.325789383029412e-06,-0.34154370407824375,-0.1347802438077694,5058,0.19488017338835728,0.4211150652431791,Uses LLM top-level case amount.,
m6_llm_amount,C(cause_group)[T.其他案由],1.2204997116015546e-16,9.502848935198337e-17,0.1990190377269122,-6.420244547497997e-17,3.083023877952909e-16,5058,0.19488017338835728,0.4211150652431791,Uses LLM top-level case amount.,
m6_llm_amount,C(cause_group)[T.其他行政行为],-2.81847626222926e-17,9.929166211101334e-17,0.7765189726594537,-2.2279284432499904e-16,1.6642331908041384e-16,5058,0.19488017338835728,0.4211150652431791,Uses LLM top-level case amount.,
m6_llm_amount,C(cause_group)[T.再保险合同纠纷],-0.21633048916439987,0.028883977903077694,6.9064732341233e-14,-0.2729420455846829,-0.15971893274411683,5058,0.19488017338835728,0.4211150652431791,Uses LLM top-level case amount.,
m6_llm_amount,C(cause_group)[T.出售、购买、运输假币罪],-1.0570269126868292e-16,8.093357111332894e-17,0.19153807265067002,-2.643295757910189e-16,5.292419325365307e-17,5058,0.19488017338835728,0.4211150652431791,Uses LLM top-level case amount.,
m6_llm_amount,C(cause_group)[T.分家析产纠纷],-2.735026687878796e-16,1.295928598766488e-16,0.03481734424219921,-5.275000067996571e-16,-1.9505330776102114e-17,5058,0.19488017338835728,0.4211150652431791,Uses LLM top-level case amount.,
m6_llm_amount,C(cause_group)[T.分期付款买卖合同纠纷],-0.5471760503063552,0.04039806661707614,8.526573674488986e-42,-0.6263548059208743,-0.4679972946918361,5058,0.19488017338835728,0.4211150652431791,Uses LLM top-level case amount.,
m6_llm_amount,C(cause_group)[T.制作、复制、出版、贩卖、传播淫秽物品牟利罪],-3.243020170416093e-16,6.050322394532817e-17,8.318589466282832e-08,-4.428861569230139e-16,-2.0571787716020468e-16,5058,0.19488017338835728,0.4211150652431791,Uses LLM top-level case amount.,
m6_llm_amount,C(cause_group)[T.制作、贩卖、传播淫秽物品罪],4.2171808866571566e-16,6.08813469148319e-17,4.3020801871279e-12,3.023928413823564e-16,5.410433359490749e-16,5058,0.19488017338835728,0.4211150652431791,Uses LLM top-level case amount.,
m6_llm_amount,C(cause_group)[T.劳务合同纠纷],-0.20701352529282757,0.04687524707966707,1.0042084169995558e-05,-0.29888732133539136,-0.11513972925026376,5058,0.19488017338835728,0.4211150652431791,Uses LLM top-level case amount.,
m6_llm_amount,C(cause_group)[T.劳动争议],-0.14709653478421464,0.07671823258861808,0.055192105746655735,-0.2974615076154732,0.003268438047043881,5058,0.19488017338835728,0.4211150652431791,Uses LLM top-level case amount.,
m6_llm_amount,C(cause_group)[T.劳动合同纠纷],-0.053588550376583256,0.09253494281809177,0.5625102890907059,-0.23495370561151646,0.12777660485834996,5058,0.19488017338835728,0.4211150652431791,Uses LLM top-level case amount.,
m6_llm_amount,C(cause_group)[T.占有物返还纠纷],-3.9239179616761114e-16,6.40650565388659e-17,9.074296776402702e-10,-5.179569996513106e-16,-2.668265926839117e-16,5058,0.19488017338835728,0.4211150652431791,Uses LLM top-level case amount.,
m6_llm_amount,C(cause_group)[T.危险驾驶罪],4.0353573303137574e-16,8.798458783806967e-17,4.508752559594049e-06,2.3108910967415833e-16,5.759823563885931e-16,5058,0.19488017338835728,0.4211150652431791,Uses LLM top-level case amount.,
m6_llm_amount,C(cause_group)[T.发起人责任纠纷],0.01734024532243066,0.22533442199578882,0.9386606325897096,-0.42430710626646556,0.4589875969113269,5058,0.19488017338835728,0.4211150652431791,Uses LLM top-level case amount.,
m6_llm_amount,C(cause_group)[T.受贿罪],1.1976859806780347e-16,6.533994767513817e-17,0.0668014923192939,-8.295346127198966e-18,2.478325422628059e-16,5058,0.19488017338835728,0.4211150652431791,Uses LLM top-level case amount.,
m6_llm_amount,C(cause_group)[T.合伙企业纠纷],-0.17675506806645314,0.13424727932638533,0.1879599981518958,-0.43987490056865697,0.0863647644357507,5058,0.19488017338835728,0.4211150652431791,Uses LLM top-level case amount.,
m6_llm_amount,C(cause_group)[T.合伙协议纠纷],-0.18811864145053245,0.06299001557647917,0.0028220607757348695,-0.31157680336604865,-0.06466047953501627,5058,0.19488017338835728,0.4211150652431791,Uses LLM top-level case amount.,
m6_llm_amount,C(cause_group)[T.合伙合同纠纷],0.11110099533551837,0.08454927964714981,0.18883330123591113,-0.05461254769170068,0.2768145383627374,5058,0.19488017338835728,0.4211150652431791,Uses LLM top-level case amount.,
m6_llm_amount,C(cause_group)[T.合作创作合同纠纷],-0.13918339310059616,0.029200743444657905,1.8751585785978256e-06,-0.19641579857391972,-0.08195098762727258,5058,0.19488017338835728,0.4211150652431791,Uses LLM top-level case amount.,
m6_llm_amount,C(cause_group)[T.合同、准合同纠纷],0.5837378557923195,0.035219803964294416,1.0719072645942405e-61,0.5147083084797415,0.6527674031048976,5058,0.19488017338835728,0.4211150652431791,Uses LLM top-level case amount.,
m6_llm_amount,C(cause_group)[T.合同、无因管理、不当得利],-0.34098955885488835,0.14686549880711805,0.02024471829553075,-0.6288406470883501,-0.05313847062142668,5058,0.19488017338835728,0.4211150652431791,Uses LLM top-level case amount.,
m6_llm_amount,C(cause_group)[T.合同纠纷],0.07049708038676201,0.02615210285346492,0.007025011447231581,0.019239900673983595,0.12175426009954043,5058,0.19488017338835728,0.4211150652431791,Uses LLM top-level case amount.,
m6_llm_amount,C(cause_group)[T.合同诈骗罪],-2.33536904235574e-16,2.4668232402196066e-17,2.8768918726843602e-21,-2.818857513061423e-16,-1.8518805716500574e-16,5058,0.19488017338835728,0.4211150652431791,Uses LLM top-level case amount.,
m6_llm_amount,C(cause_group)[T.名誉权纠纷],0.4765598623903709,0.03265924689534997,3.163507887921468e-48,0.41254891471328337,0.5405708100674584,5058,0.19488017338835728,0.4211150652431791,Uses LLM top-level case amount.,
m6_llm_amount,C(cause_group)[T.商品房销售合同纠纷],-0.2331039801173925,0.030370970444008747,1.6513073210739384e-14,-0.2926299883631801,-0.1735779718716049,5058,0.19488017338835728,0.4211150652431791,Uses LLM top-level case amount.,
m6_llm_amount,C(cause_group)[T.商品房预售合同纠纷],-0.2412464393524396,0.04560376295606967,1.2227921543475402e-07,-0.330628172305838,-0.1518647063990412,5058,0.19488017338835728,0.4211150652431791,Uses LLM top-level case amount.,
m6_llm_amount,C(cause_group)[T.商标权权属、侵权纠纷],-1.2494459997438044e-16,3.6985490144897166e-17,0.0007296043651258619,-1.9743482860894e-16,-5.245437133982088e-17,5058,0.19488017338835728,0.4211150652431791,Uses LLM top-level case amount.,
m6_llm_amount,C(cause_group)[T.商标权权属纠纷],-1.6837226385793915e-16,5.136579559432028e-17,0.0010458011238202874,-2.6904737326005307e-16,-6.769715445582522e-17,5058,0.19488017338835728,0.4211150652431791,Uses LLM top-level case amount.,
m6_llm_amount,C(cause_group)[T.因申请诉中财产保全损害责任纠纷],-1.9319250146085935e-16,3.265468666474927e-17,3.2941280451235745e-09,-2.571945112502083e-16,-1.2919049167151042e-16,5058,0.19488017338835728,0.4211150652431791,Uses LLM top-level case amount.,
m6_llm_amount,C(cause_group)[T.因申请财产保全损害责任纠纷],3.0389011410653054e-16,2.867833309015136e-17,3.0932326634158124e-26,2.476816141131906e-16,3.600986140998705e-16,5058,0.19488017338835728,0.4211150652431791,Uses LLM top-level case amount.,
m6_llm_amount,C(cause_group)[T.国有公司、企业、事业单位人员失职罪],-1.0561537064105681e-16,3.815273827119176e-17,0.005636249879030862,-1.8039336356417562e-16,-3.083737771793799e-17,5058,0.19488017338835728,0.4211150652431791,Uses LLM top-level case amount.,
m6_llm_amount,C(cause_group)[T.土地租赁合同纠纷],-0.22998157527095578,0.029810704834052452,1.2123745501631715e-14,-0.2884094830994527,-0.17155366744245887,5058,0.19488017338835728,0.4211150652431791,Uses LLM top-level case amount.,
m6_llm_amount,C(cause_group)[T.妨害信用卡管理罪],9.56948941450546e-18,3.486141037666157e-17,0.7836996924371804,-5.875761937402213e-17,7.789659820303305e-17,5058,0.19488017338835728,0.4211150652431791,Uses LLM top-level case amount.,
m6_llm_amount,C(cause_group)[T.委托合同纠纷],-0.04423744323262018,0.033933568015365435,0.1923534743704508,-0.11074601440967674,0.022271127944436385,5058,0.19488017338835728,0.4211150652431791,Uses LLM top-level case amount.,
m6_llm_amount,C(cause_group)[T.委托理财合同纠纷],0.06559684218257468,0.04641648492296344,0.15759017786301888,-0.025377796555380097,0.15657148092052947,5058,0.19488017338835728,0.4211150652431791,Uses LLM top-level case amount.,
m6_llm_amount,C(cause_group)[T.娱乐服务合同纠纷],-0.1741363223629387,0.058847938903216816,0.0030854940301809873,-0.2894761631776572,-0.0587964815482202,5058,0.19488017338835728,0.4211150652431791,Uses LLM top-level case amount.,
m6_llm_amount,C(cause_group)[T.婚约财产纠纷],0.42326848982248705,0.2332418414468355,0.06956704529329584,-0.033877119101112185,0.8804140987460862,5058,0.19488017338835728,0.4211150652431791,Uses LLM top-level case amount.,
m6_llm_amount,C(cause_group)[T.定作合同纠纷],-0.32865155285284864,0.0762016644387884,1.611136688794456e-05,-0.4780040707148805,-0.17929903499081679,5058,0.19488017338835728,0.4211150652431791,Uses LLM top-level case amount.,
m6_llm_amount,C(cause_group)[T.定金合同纠纷],0.0708260249653972,0.20503138103600238,0.7297636661917457,-0.3310280975656761,0.47268014749647047,5058,0.19488017338835728,0.4211150652431791,Uses LLM top-level case amount.,
m6_llm_amount,C(cause_group)[T.容留他人吸毒罪],-6.29924215130533e-17,2.0323080159381805e-17,0.0019381426899259082,-1.0282492668036217e-16,-2.3159916345744418e-17,5058,0.19488017338835728,0.4211150652431791,Uses LLM top-level case amount.,
m6_llm_amount,C(cause_group)[T.小额借款合同纠纷],-3.258331464583037e-16,3.5897102513110116e-17,1.1174727969114785e-19,-3.961901745333418e-16,-2.554761183832656e-16,5058,0.19488017338835728,0.4211150652431791,Uses LLM top-level case amount.,
m6_llm_amount,C(cause_group)[T.帮助信息网络犯罪活动],7.506786757582424e-17,1.0453799629070086e-17,6.924537837009316e-13,5.45787968012487e-17,9.555693835039979e-17,5058,0.19488017338835728,0.4211150652431791,Uses LLM top-level case amount.,
m6_llm_amount,C(cause_group)[T.帮助信息网络犯罪活动罪],-1.8903789051400986e-16,8.350915574234877e-18,1.8828014890522844e-113,-2.0540538427744484e-16,-1.7267039675057487e-16,5058,0.19488017338835728,0.4211150652431791,Uses LLM top-level case amount.,
m6_llm_amount,C(cause_group)[T.广告合同纠纷],0.013112240666817836,0.1481762122860287,0.9294865473781239,-0.2773077987793599,0.30353228011299555,5058,0.19488017338835728,0.4211150652431791,Uses LLM top-level case amount.,
m6_llm_amount,C(cause_group)[T.建筑物和物件损害责任纠纷],-1.2005255388733285e-16,1.4806199301615103e-17,5.134861759848229e-16,-1.4907217126642056e-16,-9.103293650824514e-17,5058,0.19488017338835728,0.4211150652431791,Uses LLM top-level case amount.,
m6_llm_amount,C(cause_group)[T.建设工程合同纠纷],-0.1896964995581744,0.032624532054088204,6.080248457008289e-09,-0.2536394073966598,-0.12575359171968897,5058,0.19488017338835728,0.4211150652431791,Uses LLM top-level case amount.,
m6_llm_amount,C(cause_group)[T.建设工程施工合同纠纷],0.3728623346391284,0.12427655265783537,0.002697466405375632,0.12928476730697552,0.6164399019712812,5058,0.19488017338835728,0.4211150652431791,Uses LLM top-level case amount.,
m6_llm_amount,C(cause_group)[T.开设赌场罪],-1.1552193527196505e-17,1.3947118343998993e-17,0.4075089285682405,-3.888804316955245e-17,1.578365611515944e-17,5058,0.19488017338835728,0.4211150652431791,Uses LLM top-level case amount.,
m6_llm_amount,C(cause_group)[T.悬赏广告纠纷],0.6509154267914351,0.05594009000003314,2.7059843969804466e-31,0.5412748650994409,0.7605559884834293,5058,0.19488017338835728,0.4211150652431791,Uses LLM top-level case amount.,
m6_llm_amount,C(cause_group)[T.房屋买卖合同纠纷],-0.418642716009696,0.07106401719097785,3.837155042492017e-09,-0.5579256303007478,-0.27935980171864416,5058,0.19488017338835728,0.4211150652431791,Uses LLM top-level case amount.,
m6_llm_amount,C(cause_group)[T.房屋拆迁安置补偿合同纠纷],0.887701397747503,0.030512349563641714,4.378379508926216e-186,0.8278982915190688,0.9475045039759372,5058,0.19488017338835728,0.4211150652431791,Uses LLM top-level case amount.,
m6_llm_amount,C(cause_group)[T.房屋租赁合同纠纷],0.05336415920211112,0.11614835931833113,0.6459123137639198,-0.17428244192523507,0.2810107603294573,5058,0.19488017338835728,0.4211150652431791,Uses LLM top-level case amount.,
m6_llm_amount,C(cause_group)[T.所有权确认纠纷],-0.6301932554279911,0.027301455174868632,6.897241484414839e-118,-0.6837031242962683,-0.5766833865597139,5058,0.19488017338835728,0.4211150652431791,Uses LLM top-level case amount.,
m6_llm_amount,C(cause_group)[T.所有权纠纷],0.41634126539466537,0.043246610228603384,6.141371285898171e-22,0.3315794668931612,0.5011030638961695,5058,0.19488017338835728,0.4211150652431791,Uses LLM top-level case amount.,
m6_llm_amount,C(cause_group)[T.执行异议之诉],-0.0006204578060295897,0.2857200488001472,0.9982673483465541,-0.5606214631153448,0.5593805475032856,5058,0.19488017338835728,0.4211150652431791,Uses LLM top-level case amount.,
m6_llm_amount,C(cause_group)[T.执行程序中的异议之诉],3.2373811993370157e-16,9.084563202692007e-25,0.0,3.237381181531599e-16,3.237381217142432e-16,5058,0.19488017338835728,0.4211150652431791,Uses LLM top-level case amount.,
m6_llm_amount,C(cause_group)[T.技术合同纠纷],-0.1293331987316677,0.02956826181121221,1.2195971893585924e-05,-0.1872859269670947,-0.07138047049624072,5058,0.19488017338835728,0.4211150652431791,Uses LLM top-level case amount.,
m6_llm_amount,C(cause_group)[T.技术委托开发合同纠纷],-0.14312529493520304,0.0294300185674907,1.1547866410642081e-06,-0.20080707139182988,-0.0854435184785762,5058,0.19488017338835728,0.4211150652431791,Uses LLM top-level case amount.,
m6_llm_amount,C(cause_group)[T.技术服务合同纠纷],-0.16370505291604015,0.0586125140811625,0.005222086265705905,-0.2785834695584654,-0.04882663627361487,5058,0.19488017338835728,0.4211150652431791,Uses LLM top-level case amount.,
m6_llm_amount,C(cause_group)[T.抢劫罪],6.390852681624279e-17,4.580804891809134e-25,0.0,6.390852591842153e-17,6.390852771406404e-17,5058,0.19488017338835728,0.4211150652431791,Uses LLM top-level case amount.,
m6_llm_amount,C(cause_group)[T.抢夺罪],2.5833239611260164e-16,3.7910595218660817e-25,0.0,2.5833239536956764e-16,2.5833239685563565e-16,5058,0.19488017338835728,0.4211150652431791,Uses LLM top-level case amount.,
m6_llm_amount,C(cause_group)[T.抵押合同纠纷],0.19104175979200694,0.21652839678669777,0.3776177042304242,-0.2333460995401191,0.615429619124133,5058,0.19488017338835728,0.4211150652431791,Uses LLM top-level case amount.,
m6_llm_amount,C(cause_group)[T.担保物权确认纠纷],-0.22297326845769255,0.05337691657315374,2.9494431178619138e-05,-0.32759010254687304,-0.11835643436851209,5058,0.19488017338835728,0.4211150652431791,Uses LLM top-level case amount.,
m6_llm_amount,C(cause_group)[T.拒不执行判决、裁定罪],1.6749112603928288e-16,1.5702024342418564e-24,0.0,1.6749112296174265e-16,1.674911291168231e-16,5058,0.19488017338835728,0.4211150652431791,Uses LLM top-level case amount.,
m6_llm_amount,C(cause_group)[T.拒不支付劳动报酬罪],-5.4706641706335406e-17,1.759312402754631e-25,0.0,-5.47066420511543e-17,-5.4706641361516515e-17,5058,0.19488017338835728,0.4211150652431791,Uses LLM top-level case amount.,
m6_llm_amount,C(cause_group)[T.持有、使用假币罪],-3.6059606384151126e-17,2.4528781097176024e-25,0.0,-3.60596068649064e-17,-3.605960590339585e-17,5058,0.19488017338835728,0.4211150652431791,Uses LLM top-level case amount.,
m6_llm_amount,C(cause_group)[T.挪用公款罪],8.22701331935696e-17,3.722071814862721e-25,0.0,8.227013246405694e-17,8.227013392308227e-17,5058,0.19488017338835728,0.4211150652431791,Uses LLM top-level case amount.,
m6_llm_amount,C(cause_group)[T.挪用资金罪],-1.0959843890083191e-16,2.2394394070967766e-25,0.0,-1.0959843933975397e-16,-1.0959843846190985e-16,5058,0.19488017338835728,0.4211150652431791,Uses LLM top-level case amount.,
m6_llm_amount,C(cause_group)[T.损害公司债权人利益责任纠纷],-0.2568781140361688,0.06398664120907031,5.95571724883337e-05,-0.3822896262976331,-0.1314666017747045,5058,0.19488017338835728,0.4211150652431791,Uses LLM top-level case amount.,
m6_llm_amount,C(cause_group)[T.损害公司利益责任纠纷],-0.20944029292242802,0.05378730433015504,9.866114959803055e-05,-0.3148614722350272,-0.10401911360982884,5058,0.19488017338835728,0.4211150652431791,Uses LLM top-level case amount.,
m6_llm_amount,C(cause_group)[T.排除妨害纠纷],0.44091929192794693,0.0325176531927326,6.972071252302396e-42,0.37718586280842714,0.5046527210474667,5058,0.19488017338835728,0.4211150652431791,Uses LLM top-level case amount.,
m6_llm_amount,C(cause_group)[T.掩饰、隐瞒犯罪所得、犯罪所得收益],7.7572969032807e-17,2.7279202579685976e-26,0.0,7.757296897934074e-17,7.757296908627325e-17,5058,0.19488017338835728,0.4211150652431791,Uses LLM top-level case amount.,
m6_llm_amount,C(cause_group)[T.掩饰、隐瞒犯罪所得、犯罪所得收益罪],8.243107262894635e-17,1.4586710968132173e-25,0.0,8.243107234305206e-17,8.243107291484063e-17,5058,0.19488017338835728,0.4211150652431791,Uses LLM top-level case amount.,
m6_llm_amount,C(cause_group)[T.提供侵入、非法控制计算机信息系统程序、工具],-8.496338332602091e-17,4.2863772996761626e-27,0.0,-8.496338333442206e-17,-8.496338331761977e-17,5058,0.19488017338835728,0.4211150652431791,Uses LLM top-level case amount.,
m6_llm_amount,C(cause_group)[T.提供侵入、非法控制计算机信息系统程序、工具罪],1.3360854575712079e-17,1.0286812767986096e-26,0.0,1.3360854555550296e-17,1.3360854595873861e-17,5058,0.19488017338835728,0.4211150652431791,Uses LLM top-level case amount.,
m6_llm_amount,C(cause_group)[T.提供劳务者受害责任纠纷],5.752660838891827e-17,4.4884239602173165e-26,0.0,5.752660830094679e-17,5.752660847688976e-17,5058,0.19488017338835728,0.4211150652431791,Uses LLM top-level case amount.,
m6_llm_amount,C(cause_group)[T.故意伤害罪],-1.4681967142770992e-18,2.3680366334252856e-26,0.0,-1.4681967606897642e-18,-1.4681966678644341e-18,5058,0.19488017338835728,0.4211150652431791,Uses LLM top-level case amount.,
m6_llm_amount,C(cause_group)[T.故意杀人罪],1.933019097197665e-17,1.388165434991616e-26,0.0,1.9330190944769107e-17,1.933019099918419e-17,5058,0.19488017338835728,0.4211150652431791,Uses LLM top-level case amount.,
m6_llm_amount,C(cause_group)[T.故意毁坏财物罪],1.134322441326128e-16,4.350851943557945e-26,0.0,1.1343224404733767e-16,1.1343224421788791e-16,5058,0.19488017338835728,0.4211150652431791,Uses LLM top-level case amount.,
m6_llm_amount,C(cause_group)[T.教育培训合同纠纷],-0.18975760607742959,0.04337543812036165,1.2156005697565832e-05,-0.27477190260698414,-0.10474330954787502,5058,0.19488017338835728,0.4211150652431791,Uses LLM top-level case amount.,
m6_llm_amount,C(cause_group)[T.文化行政管理],1.762632827556009e-17,2.33014456344037e-27,0.0,1.762632827099309e-17,1.7626328280127088e-17,5058,0.19488017338835728,0.4211150652431791,Uses LLM top-level case amount.,
m6_llm_amount,C(cause_group)[T.旅游合同纠纷],-0.1443686241804554,0.029546319021015528,1.0281136809746908e-06,-0.2022783453373766,-0.08645890302353422,5058,0.19488017338835728,0.4211150652431791,Uses LLM top-level case amount.,
m6_llm_amount,C(cause_group)[T.服务合同纠纷],-0.12758960531106328,0.06785468674421477,0.06006230982832207,-0.2605823475119716,0.005403136889845089,5058,0.19488017338835728,0.4211150652431791,Uses LLM top-level case amount.,
m6_llm_amount,C(cause_group)[T.未分类],-0.051637646227560736,0.1970925549788987,0.7933238016286155,-0.4379319556071827,0.3346566631520612,5058,0.19488017338835728,0.4211150652431791,Uses LLM top-level case amount.,
m6_llm_amount,C(cause_group)[T.机动车交通事故责任纠纷],0.549382899029018,0.04117540633887965,1.3099006610471023e-40,0.46868058555601166,0.6300852125020244,5058,0.19488017338835728,0.4211150652431791,Uses LLM top-level case amount.,
m6_llm_amount,C(cause_group)[T.案外人执行异议之诉],-0.2644371385410077,0.061010354645763834,1.4622510939865236e-05,-0.38401523633072077,-0.14485904075129463,5058,0.19488017338835728,0.4211150652431791,Uses LLM top-level case amount.,
m6_llm_amount,C(cause_group)[T.欺诈客户责任纠纷],2.516781033158311e-17,2.2646832254596662e-27,0.0,2.516781032714441e-17,2.5167810336021808e-17,5058,0.19488017338835728,0.4211150652431791,Uses LLM top-level case amount.,
m6_llm_amount,C(cause_group)[T.民间借贷纠纷],-0.05864747281650377,0.02985664035577367,0.04949502379856212,-0.1171654126131853,-0.00012953301982223525,5058,0.19488017338835728,0.4211150652431791,Uses LLM top-level case amount.,
m6_llm_amount,C(cause_group)[T.民间委托理财合同纠纷],0.1544139807630183,0.0483836404836165,0.001415604954641506,0.059583787974195834,0.24924417355184075,5058,0.19488017338835728,0.4211150652431791,Uses LLM top-level case amount.,
m6_llm_amount,C(cause_group)[T.法定继承纠纷],2.465245891486287e-17,2.1233389489791095e-31,0.0,2.4652458914862455e-17,2.4652458914863287e-17,5058,0.19488017338835728,0.4211150652431791,Uses LLM top-level case amount.,
m6_llm_amount,C(cause_group)[T.法律服务合同纠纷],-0.25846464930841073,0.05753467463207751,7.044869823153695e-06,-0.37123053944951295,-0.1456987591673085,5058,0.19488017338835728,0.4211150652431791,Uses LLM top-level case amount.,
m6_llm_amount,C(cause_group)[T.洗钱罪],0.0,0.0,,0.0,0.0,5058,0.19488017338835728,0.4211150652431791,Uses LLM top-level case amount.,
m6_llm_amount,C(cause_group)[T.消费者权益保护民事公益诉讼],0.6786480853759221,0.054513864333659616,1.4144603363198867e-35,0.5718028746238467,0.7854932961279976,5058,0.19488017338835728,0.4211150652431791,Uses LLM top-level case amount.,
m6_llm_amount,C(cause_group)[T.清算责任纠纷],0.3104261198560626,0.27768725775518294,0.26361042123234246,-0.2338309043097868,0.854683144021912,5058,0.19488017338835728,0.4211150652431791,Uses LLM top-level case amount.,
m6_llm_amount,C(cause_group)[T.演出合同纠纷],-0.19276793417069044,0.036218965468223376,1.0246754349127163e-07,-0.26375580204570814,-0.12178006629567273,5058,0.19488017338835728,0.4211150652431791,Uses LLM top-level case amount.,
m6_llm_amount,C(cause_group)[T.物业服务合同纠纷],-0.28722105974835055,0.05999354822995692,1.6884443229932876e-06,-0.4048062535838328,-0.16963586591286828,5058,0.19488017338835728,0.4211150652431791,Uses LLM top-level case amount.,
m6_llm_amount,C(cause_group)[T.物权保护纠纷],0.5409331520560446,0.1181935016300943,4.7242628550808055e-06,0.3092781456543836,0.7725881584577057,5058,0.19488017338835728,0.4211150652431791,Uses LLM top-level case amount.,
m6_llm_amount,C(cause_group)[T.物权确认纠纷],0.0,0.0,,0.0,0.0,5058,0.19488017338835728,0.4211150652431791,Uses LLM top-level case amount.,
m6_llm_amount,C(cause_group)[T.物权纠纷],0.7712525645777693,0.06043821154384676,2.706719522290031e-37,0.6527958466618167,0.8897092824937218,5058,0.19488017338835728,0.4211150652431791,Uses LLM top-level case amount.,
m6_llm_amount,C(cause_group)[T.特许经营合同纠纷],-0.22751346263645034,0.03006583298735959,3.81423727035799e-14,-0.28644141245687144,-0.16858551281602924,5058,0.19488017338835728,0.4211150652431791,Uses LLM top-level case amount.,
m6_llm_amount,C(cause_group)[T.生产、销售伪劣产品罪],0.0,0.0,,0.0,0.0,5058,0.19488017338835728,0.4211150652431791,Uses LLM top-level case amount.,
m6_llm_amount,C(cause_group)[T.生产、销售有毒、有害食品罪],0.0,0.0,,0.0,0.0,5058,0.19488017338835728,0.4211150652431791,Uses LLM top-level case amount.,
m6_llm_amount,C(cause_group)[T.生命权、身体权、健康权纠纷],0.0,0.0,,0.0,0.0,5058,0.19488017338835728,0.4211150652431791,Uses LLM top-level case amount.,
m6_llm_amount,C(cause_group)[T.申请诉前停止侵害注册商标专用权],0.0,0.0,,0.0,0.0,5058,0.19488017338835728,0.4211150652431791,Uses LLM top-level case amount.,
m6_llm_amount,C(cause_group)[T.电信服务合同纠纷],0.0,0.0,,0.0,0.0,5058,0.19488017338835728,0.4211150652431791,Uses LLM top-level case amount.,
m6_llm_amount,C(cause_group)[T.盗伐林木罪],0.0,0.0,,0.0,0.0,5058,0.19488017338835728,0.4211150652431791,Uses LLM top-level case amount.,
m6_llm_amount,C(cause_group)[T.盗窃罪],0.0,0.0,,0.0,0.0,5058,0.19488017338835728,0.4211150652431791,Uses LLM top-level case amount.,
m6_llm_amount,C(cause_group)[T.相邻关系纠纷],0.0,0.0,,0.0,0.0,5058,0.19488017338835728,0.4211150652431791,Uses LLM top-level case amount.,
m6_llm_amount,C(cause_group)[T.破坏计算机信息系统罪],0.0,0.0,,0.0,0.0,5058,0.19488017338835728,0.4211150652431791,Uses LLM top-level case amount.,
m6_llm_amount,C(cause_group)[T.确认不侵害著作权纠纷],0.0,0.0,,0.0,0.0,5058,0.19488017338835728,0.4211150652431791,Uses LLM top-level case amount.,
m6_llm_amount,C(cause_group)[T.确认合同效力纠纷],0.054138748328859114,0.1849359950327758,0.7697184743260078,-0.3083291413804598,0.41660663803817805,5058,0.19488017338835728,0.4211150652431791,Uses LLM top-level case amount.,
m6_llm_amount,C(cause_group)[T.确认合同无效纠纷],0.5672821939831671,0.08123786343894866,2.8898816664963345e-12,0.4080589074618446,0.7265054805044897,5058,0.19488017338835728,0.4211150652431791,Uses LLM top-level case amount.,
m6_llm_amount,C(cause_group)[T.确认合同有效纠纷],0.4426144755392639,0.04650711331317066,1.780192241844531e-21,0.35146220842052617,0.5337667426580017,5058,0.19488017338835728,0.4211150652431791,Uses LLM top-level case amount.,
m6_llm_amount,C(cause_group)[T.离婚后财产纠纷],-0.27875589757371305,0.05609838553206871,6.728039138522286e-07,-0.38870671280741054,-0.16880508234001554,5058,0.19488017338835728,0.4211150652431791,Uses LLM top-level case amount.,
m6_llm_amount,C(cause_group)[T.离婚纠纷],0.20445815608003942,0.36290404693824535,0.5731662590172197,-0.5068207057627547,0.9157370179228337,5058,0.19488017338835728,0.4211150652431791,Uses LLM top-level case amount.,
m6_llm_amount,C(cause_group)[T.种植、养殖回收合同纠纷],-0.20194846316622192,0.03067185116387895,4.574554915156392e-11,-0.2620641867865976,-0.14183273954584624,5058,0.19488017338835728,0.4211150652431791,Uses LLM top-level case amount.,
m6_llm_amount,C(cause_group)[T.租赁合同纠纷],-0.2508549960721347,0.06386438201196551,8.567916877540715e-05,-0.3760268847104947,-0.12568310743377462,5058,0.19488017338835728,0.4211150652431791,Uses LLM top-level case amount.,
m6_llm_amount,C(cause_group)[T.窃取、收买、非法提供信用卡信息罪],0.0,0.0,,0.0,0.0,5058,0.19488017338835728,0.4211150652431791,Uses LLM top-level case amount.,
m6_llm_amount,C(cause_group)[T.窝藏、包庇罪],0.0,0.0,,0.0,0.0,5058,0.19488017338835728,0.4211150652431791,Uses LLM top-level case amount.,
m6_llm_amount,C(cause_group)[T.竞业限制纠纷],-0.22878820738765346,0.05292777065511785,1.541664690325247e-05,-0.33252473165368035,-0.12505168312162654,5058,0.19488017338835728,0.4211150652431791,Uses LLM top-level case amount.,
m6_llm_amount,C(cause_group)[T.组织、领导传销活动],0.0,0.0,,0.0,0.0,5058,0.19488017338835728,0.4211150652431791,Uses LLM top-level case amount.,
m6_llm_amount,C(cause_group)[T.组织、领导传销活动罪],0.0,0.0,,0.0,0.0,5058,0.19488017338835728,0.4211150652431791,Uses LLM top-level case amount.,
m6_llm_amount,C(cause_group)[T.组织他人偷越国（边）境罪],0.0,0.0,,0.0,0.0,5058,0.19488017338835728,0.4211150652431791,Uses LLM top-level case amount.,
m6_llm_amount,C(cause_group)[T.组织卖淫罪],0.0,0.0,,0.0,0.0,5058,0.19488017338835728,0.4211150652431791,Uses LLM top-level case amount.,
m6_llm_amount,C(cause_group)[T.组织淫秽表演罪],0.0,0.0,,0.0,0.0,5058,0.19488017338835728,0.4211150652431791,Uses LLM top-level case amount.,
m6_llm_amount,C(cause_group)[T.绑架罪],0.0,0.0,,0.0,0.0,5058,0.19488017338835728,0.4211150652431791,Uses LLM top-level case amount.,
m6_llm_amount,C(cause_group)[T.缔约过失责任纠纷],0.3420352064095833,0.27563101740398227,0.2146364237995031,-0.1981916607243548,0.8822620735435214,5058,0.19488017338835728,0.4211150652431791,Uses LLM top-level case amount.,
m6_llm_amount,C(cause_group)[T.网络侵害虚拟财产纠纷],0.14357107458220536,0.2947416652654802,0.6261816735945172,-0.434111974081496,0.7212541232459067,5058,0.19488017338835728,0.4211150652431791,Uses LLM top-level case amount.,
m6_llm_amount,C(cause_group)[T.网络侵权责任纠纷],-0.04325814133127919,0.10047999139965504,0.6668210733547496,-0.24019530564149744,0.15367902297893904,5058,0.19488017338835728,0.4211150652431791,Uses LLM top-level case amount.,
m6_llm_amount,C(cause_group)[T.网络域名合同纠纷],-0.0918302948071647,0.04789142561895308,0.05517845297410246,-0.1856957641885916,0.002035174574262194,5058,0.19488017338835728,0.4211150652431791,Uses LLM top-level case amount.,
m6_llm_amount,C(cause_group)[T.网络域名权属纠纷],0.0,0.0,,0.0,0.0,5058,0.19488017338835728,0.4211150652431791,Uses LLM top-level case amount.,
m6_llm_amount,C(cause_group)[T.网络服务合同纠纷],-0.16655658044259794,0.058735198916437865,0.004572250689249963,-0.2816754549436122,-0.051437705941583714,5058,0.19488017338835728,0.4211150652431791,Uses LLM top-level case amount.,
m6_llm_amount,C(cause_group)[T.职务侵占罪],0.0,0.0,,0.0,0.0,5058,0.19488017338835728,0.4211150652431791,Uses LLM top-level case amount.,
m6_llm_amount,C(cause_group)[T.联营合同纠纷],-0.1362731107405576,0.03237253305031837,2.5590380396820543e-05,-0.1997221096075142,-0.07282411187360101,5058,0.19488017338835728,0.4211150652431791,Uses LLM top-level case amount.,
m6_llm_amount,C(cause_group)[T.肖像权纠纷],0.8135611316788014,0.11499950073434538,1.5001524285041326e-12,0.588166251999397,1.038956011358206,5058,0.19488017338835728,0.4211150652431791,Uses LLM top-level case amount.,
m6_llm_amount,C(cause_group)[T.股东出资纠纷],-0.30832228287549374,0.05228105986033148,3.6927561616687792e-09,-0.4107912772753261,-0.20585328847566137,5058,0.19488017338835728,0.4211150652431791,Uses LLM top-level case amount.,
m6_llm_amount,C(cause_group)[T.股东损害公司债权人利益责任纠纷],-0.13293891451662937,0.16599404256403133,0.42320947069195947,-0.45828125959033955,0.1924034305570808,5058,0.19488017338835728,0.4211150652431791,Uses LLM top-level case amount.,
m6_llm_amount,C(cause_group)[T.股东知情权纠纷],0.0,0.0,,0.0,0.0,5058,0.19488017338835728,0.4211150652431791,Uses LLM top-level case amount.,
m6_llm_amount,C(cause_group)[T.股东资格确认纠纷],-0.4285146634054528,0.033366365446759916,9.450334592955697e-38,-0.49391153797610393,-0.36311778883480167,5058,0.19488017338835728,0.4211150652431791,Uses LLM top-level case amount.,
m6_llm_amount,C(cause_group)[T.股权转让纠纷],-0.21902392327384515,0.14560191152309512,0.1325130343432211,-0.5043984259392991,0.0663505793916088,5058,0.19488017338835728,0.4211150652431791,Uses LLM top-level case amount.,
m6_llm_amount,C(cause_group)[T.著作权合同纠纷],-0.12455437653247871,0.030988828065963953,5.836347473331622e-05,-0.18529136346487207,-0.06381738960008534,5058,0.19488017338835728,0.4211150652431791,Uses LLM top-level case amount.,
m6_llm_amount,C(cause_group)[T.著作权权属、侵权纠纷],0.0,0.0,,0.0,0.0,5058,0.19488017338835728,0.4211150652431791,Uses LLM top-level case amount.,
m6_llm_amount,C(cause_group)[T.著作权权属纠纷],-0.21793118494311675,0.07217416577664822,0.0025317733801581035,-0.35938995047957056,-0.07647241940666291,5058,0.19488017338835728,0.4211150652431791,Uses LLM top-level case amount.,
m6_llm_amount,C(cause_group)[T.著作权许可使用合同纠纷],-0.15834087478801623,0.058290393418653,0.0065993221462006335,-0.2725879465332467,-0.04409380304278576,5058,0.19488017338835728,0.4211150652431791,Uses LLM top-level case amount.,
m6_llm_amount,C(cause_group)[T.虚假诉讼罪],0.0,0.0,,0.0,0.0,5058,0.19488017338835728,0.4211150652431791,Uses LLM top-level case amount.,
m6_llm_amount,C(cause_group)[T.融资租赁合同纠纷],-0.2872922882154507,0.046827436509186346,8.509098220020052e-10,-0.379072377261792,-0.19551219916910945,5058,0.19488017338835728,0.4211150652431791,Uses LLM top-level case amount.,
m6_llm_amount,C(cause_group)[T.行政],0.0,0.0,,0.0,0.0,5058,0.19488017338835728,0.4211150652431791,Uses LLM top-level case amount.,
m6_llm_amount,C(cause_group)[T.行政处罚],0.0,0.0,,0.0,0.0,5058,0.19488017338835728,0.4211150652431791,Uses LLM top-level case amount.,
m6_llm_amount,C(cause_group)[T.行政复议],0.0,0.0,,0.0,0.0,5058,0.19488017338835728,0.4211150652431791,Uses LLM top-level case amount.,
m6_llm_amount,C(cause_group)[T.行政强制],0.0,0.0,,0.0,0.0,5058,0.19488017338835728,0.4211150652431791,Uses LLM top-level case amount.,
m6_llm_amount,C(cause_group)[T.行政强制措施],0.0,0.0,,0.0,0.0,5058,0.19488017338835728,0.4211150652431791,Uses LLM top-level case amount.,
m6_llm_amount,C(cause_group)[T.行政拘留],0.0,0.0,,0.0,0.0,5058,0.19488017338835728,0.4211150652431791,Uses LLM top-level case amount.,
m6_llm_amount,C(cause_group)[T.行政撤销],0.0,0.0,,0.0,0.0,5058,0.19488017338835728,0.4211150652431791,Uses LLM top-level case amount.,
m6_llm_amount,C(cause_group)[T.行政监察],0.0,0.0,,0.0,0.0,5058,0.19488017338835728,0.4211150652431791,Uses LLM top-level case amount.,
m6_llm_amount,C(cause_group)[T.行政确认],0.0,0.0,,0.0,0.0,5058,0.19488017338835728,0.4211150652431791,Uses LLM top-level case amount.,
m6_llm_amount,C(cause_group)[T.行政非诉执行],0.0,0.0,,0.0,0.0,5058,0.19488017338835728,0.4211150652431791,Uses LLM top-level case amount.,
m6_llm_amount,C(cause_group)[T.行纪合同纠纷],0.09107671142593055,0.20958007566779288,0.6638763137730967,-0.3196926887601228,0.5018461116119839,5058,0.19488017338835728,0.4211150652431791,Uses LLM top-level case amount.,
m6_llm_amount,C(cause_group)[T.被继承人债务清偿纠纷],-0.16793579969651434,0.10928602698940806,0.124375843660114,-0.38213247660922645,0.04626087721619776,5058,0.19488017338835728,0.4211150652431791,Uses LLM top-level case amount.,
m6_llm_amount,C(cause_group)[T.装饰装修合同纠纷],0.17546958826494624,0.19853062707912522,0.3767818318995352,-0.21364329063829157,0.564582467168184,5058,0.19488017338835728,0.4211150652431791,Uses LLM top-level case amount.,
m6_llm_amount,C(cause_group)[T.计算机软件开发合同纠纷],-0.024367827108738513,0.08428661255899815,0.7724997020793647,-0.1895665521032563,0.14083089788577924,5058,0.19488017338835728,0.4211150652431791,Uses LLM top-level case amount.,
m6_llm_amount,C(cause_group)[T.计算机软件著作权许可使用合同纠纷],-0.1799615920384272,0.032259108981511915,2.424220431812583e-08,-0.24318828381554314,-0.11673490026131127,5058,0.19488017338835728,0.4211150652431791,Uses LLM top-level case amount.,
m6_llm_amount,C(cause_group)[T.诈骗],0.0,0.0,,0.0,0.0,5058,0.19488017338835728,0.4211150652431791,Uses LLM top-level case amount.,
m6_llm_amount,C(cause_group)[T.诈骗罪],0.0,0.0,,0.0,0.0,5058,0.19488017338835728,0.4211150652431791,Uses LLM top-level case amount.,
m6_llm_amount,C(cause_group)[T.诬告陷害罪],0.0,0.0,,0.0,0.0,5058,0.19488017338835728,0.4211150652431791,Uses LLM top-level case amount.,
m6_llm_amount,C(cause_group)[T.财产保险合同纠纷],-0.12785718655877282,0.03026790497991086,2.3980853978211755e-05,-0.18718119020687865,-0.06853318291066698,5058,0.19488017338835728,0.4211150652431791,Uses LLM top-level case amount.,
m6_llm_amount,C(cause_group)[T.财产损失保险合同纠纷],-0.2184096439588014,0.0288581825670692,3.779119997685056e-14,-0.27497064244953867,-0.16184864546806413,5058,0.19488017338835728,0.4211150652431791,Uses LLM top-level case amount.,
m6_llm_amount,C(cause_group)[T.财产损害赔偿纠纷],0.1414458613023368,0.11277181254873175,0.20974530200340757,-0.07958282976447956,0.36247455236915316,5058,0.19488017338835728,0.4211150652431791,Uses LLM top-level case amount.,
m6_llm_amount,C(cause_group)[T.贪污罪],0.0,0.0,,0.0,0.0,5058,0.19488017338835728,0.4211150652431791,Uses LLM top-level case amount.,
m6_llm_amount,C(cause_group)[T.贷款诈骗罪],0.0,0.0,,0.0,0.0,5058,0.19488017338835728,0.4211150652431791,Uses LLM top-level case amount.,
m6_llm_amount,C(cause_group)[T.赌博罪],0.0,0.0,,0.0,0.0,5058,0.19488017338835728,0.4211150652431791,Uses LLM top-level case amount.,
m6_llm_amount,C(cause_group)[T.赠与合同纠纷],0.4252395584119916,0.07834764182408473,5.711728473104262e-08,0.2716810021631415,0.5787981146608417,5058,0.19488017338835728,0.4211150652431791,Uses LLM top-level case amount.,
m6_llm_amount,C(cause_group)[T.走私、贩卖、运输、制造毒品],0.0,0.0,,0.0,0.0,5058,0.19488017338835728,0.4211150652431791,Uses LLM top-level case amount.,
m6_llm_amount,C(cause_group)[T.走私、贩卖、运输、制造毒品罪],0.0,0.0,,0.0,0.0,5058,0.19488017338835728,0.4211150652431791,Uses LLM top-level case amount.,
m6_llm_amount,C(cause_group)[T.走私普通货物、物品罪],0.0,0.0,,0.0,0.0,5058,0.19488017338835728,0.4211150652431791,Uses LLM top-level case amount.,
m6_llm_amount,C(cause_group)[T.走私武器、弹药罪],0.0,0.0,,0.0,0.0,5058,0.19488017338835728,0.4211150652431791,Uses LLM top-level case amount.,
m6_llm_amount,C(cause_group)[T.走私罪],0.0,0.0,,0.0,0.0,5058,0.19488017338835728,0.4211150652431791,Uses LLM top-level case amount.,
m6_llm_amount,C(cause_group)[T.车辆租赁合同纠纷],-0.20787165432808175,0.028867148689401417,5.978292766446012e-13,-0.26445022609567115,-0.15129308256049234,5058,0.19488017338835728,0.4211150652431791,Uses LLM top-level case amount.,
m6_llm_amount,C(cause_group)[T.运输合同纠纷],0.1378518508553887,0.26461665401178724,0.6024021164418627,-0.38078726071721075,0.6564909624279882,5058,0.19488017338835728,0.4211150652431791,Uses LLM top-level case amount.,
m6_llm_amount,C(cause_group)[T.运送他人偷越国（边）境罪],0.0,0.0,,0.0,0.0,5058,0.19488017338835728,0.4211150652431791,Uses LLM top-level case amount.,
m6_llm_amount,C(cause_group)[T.返还原物纠纷],0.1025460661081279,0.10781001731659813,0.34151614549611387,-0.108757685005044,0.3138498172212998,5058,0.19488017338835728,0.4211150652431791,Uses LLM top-level case amount.,
m6_llm_amount,C(cause_group)[T.追偿权纠纷],-0.1914795297103669,0.10785435096329558,0.07583964353990091,-0.40287017317436913,0.01991111375363533,5058,0.19488017338835728,0.4211150652431791,Uses LLM top-level case amount.,
m6_llm_amount,C(cause_group)[T.追加、变更被执行人异议之诉],-0.4254127872779985,0.03367440625401649,1.3867037402331236e-36,-0.4914134107366412,-0.35941216381935587,5058,0.19488017338835728,0.4211150652431791,Uses LLM top-level case amount.,
m6_llm_amount,C(cause_group)[T.追索劳动报酬纠纷],0.0,0.0,,0.0,0.0,5058,0.19488017338835728,0.4211150652431791,Uses LLM top-level case amount.,
m6_llm_amount,C(cause_group)[T.金融借款合同纠纷],-0.3623440945350054,0.03207505586057664,1.3615439929794895e-29,-0.425210048823846,-0.29947814024616476,5058,0.19488017338835728,0.4211150652431791,Uses LLM top-level case amount.,
m6_llm_amount,C(cause_group)[T.铁路运输财产损害责任纠纷],0.3827499686709652,0.028862415615875516,3.886802457132578e-40,0.3261806735570228,0.43931926378490765,5058,0.19488017338835728,0.4211150652431791,Uses LLM top-level case amount.,
m6_llm_amount,C(cause_group)[T.银行卡纠纷],-0.23741667792176593,0.05444789074452194,1.2980207342809566e-05,-0.3441325828152007,-0.13070077302833116,5058,0.19488017338835728,0.4211150652431791,Uses LLM top-level case amount.,
m6_llm_amount,C(cause_group)[T.销售假冒注册商标的商品罪],0.0,0.0,,0.0,0.0,5058,0.19488017338835728,0.4211150652431791,Uses LLM top-level case amount.,
m6_llm_amount,C(cause_group)[T.隐私权纠纷],0.0,0.0,,0.0,0.0,5058,0.19488017338835728,0.4211150652431791,Uses LLM top-level case amount.,
m6_llm_amount,C(cause_group)[T.集资诈骗罪],0.0,0.0,,0.0,0.0,5058,0.19488017338835728,0.4211150652431791,Uses LLM top-level case amount.,
m6_llm_amount,C(cause_group)[T.非法侵入计算机信息系统罪],0.0,0.0,,0.0,0.0,5058,0.19488017338835728,0.4211150652431791,Uses LLM top-level case amount.,
m6_llm_amount,C(cause_group)[T.非法出售增值税专用发票罪],0.0,0.0,,0.0,0.0,5058,0.19488017338835728,0.4211150652431791,Uses LLM top-level case amount.,
m6_llm_amount,C(cause_group)[T.非法利用信息网络],0.0,0.0,,0.0,0.0,5058,0.19488017338835728,0.4211150652431791,Uses LLM top-level case amount.,
m6_llm_amount,C(cause_group)[T.非法利用信息网络罪],0.0,0.0,,0.0,0.0,5058,0.19488017338835728,0.4211150652431791,Uses LLM top-level case amount.,
m6_llm_amount,C(cause_group)[T.非法制造、买卖、运输、邮寄、储存枪支、弹药、爆炸物罪],0.0,0.0,,0.0,0.0,5058,0.19488017338835728,0.4211150652431791,Uses LLM top-level case amount.,
m6_llm_amount,C(cause_group)[T.非法吸收公众存款],0.0,0.0,,0.0,0.0,5058,0.19488017338835728,0.4211150652431791,Uses LLM top-level case amount.,
m6_llm_amount,C(cause_group)[T.非法吸收公众存款罪],0.0,0.0,,0.0,0.0,5058,0.19488017338835728,0.4211150652431791,Uses LLM top-level case amount.,
m6_llm_amount,C(cause_group)[T.非法拘禁罪],0.0,0.0,,0.0,0.0,5058,0.19488017338835728,0.4211150652431791,Uses LLM top-level case amount.,
m6_llm_amount,C(cause_group)[T.非法持有毒品罪],0.0,0.0,,0.0,0.0,5058,0.19488017338835728,0.4211150652431791,Uses LLM top-level case amount.,
m6_llm_amount,C(cause_group)[T.非法种植毒品原植物罪],0.0,0.0,,0.0,0.0,5058,0.19488017338835728,0.4211150652431791,Uses LLM top-level case amount.,
m6_llm_amount,C(cause_group)[T.非法获取计算机信息系统数据、非法控制计算机信息系统罪],0.0,0.0,,0.0,0.0,5058,0.19488017338835728,0.4211150652431791,Uses LLM top-level case amount.,
m6_llm_amount,C(cause_group)[T.食品、药品监管渎职罪],0.0,0.0,,0.0,0.0,5058,0.19488017338835728,0.4211150652431791,Uses LLM top-level case amount.,
m6_llm_amount,C(cause_group)[T.餐饮服务合同纠纷],0.8240553933495081,0.0665644628488529,3.3613820851433087e-35,0.693591443515502,0.9545193431835142,5058,0.19488017338835728,0.4211150652431791,Uses LLM top-level case amount.,
m6_llm_amount,post2021,0.08148226388051087,0.013654934086429238,2.4130089697154568e-09,0.05471908485984122,0.10824544290118052,5058,0.19488017338835728,0.4211150652431791,Uses LLM top-level case amount.,
m6_llm_amount,log_llm_case_amount,-0.006050770066751007,0.003856573723125069,0.11665966710658437,-0.013609515667799688,0.0015079755342976738,5058,0.19488017338835728,0.4211150652431791,Uses LLM top-level case amount.,
m6_llm_amount,amount_llm_regex_conflict_flag,-0.0820603151559073,0.032719430575246435,0.012141684281139948,-0.14618922067804896,-0.01793140963376562,5058,0.19488017338835728,0.4211150652431791,Uses LLM top-level case amount.,
m7_regex_amount,Intercept,0.44265264810834704,0.05165312732739902,1.037402773294602e-17,0.3414143788577833,0.5438909173589108,5058,0.19682876252729875,0.4211150652431791,Uses full-text regex maximum amount.,
m7_regex_amount,"C(transaction_type, Treatment(reference='借贷'))[T.投资/理财]",0.25140110740755467,0.022535910908428148,6.725447870996021e-29,0.20723153366823216,0.2955706811468772,5058,0.19682876252729875,0.4211150652431791,Uses full-text regex maximum amount.,
m7_regex_amount,"C(transaction_type, Treatment(reference='借贷'))[T.交易/买卖]",0.16845605952581286,0.03899484692787716,1.5605965078821095e-05,0.09202756396452126,0.24488455508710444,5058,0.19682876252729875,0.4211150652431791,Uses full-text regex maximum amount.,
m7_regex_amount,"C(transaction_type, Treatment(reference='借贷'))[T.ICO/发币]",0.4749428084364149,0.10690387487772159,8.88332688469543e-06,0.2654150638683043,0.6844705530045254,5058,0.19682876252729875,0.4211150652431791,Uses full-text regex maximum amount.,
m7_regex_amount,"C(transaction_type, Treatment(reference='借贷'))[T.挖矿]",0.06999924860352473,0.03809381527111528,0.06612890354347763,-0.0046632573615831285,0.1446617545686326,5058,0.19682876252729875,0.4211150652431791,Uses full-text regex maximum amount.,
m7_regex_amount,"C(transaction_type, Treatment(reference='借贷'))[T.技术服务]",-0.12654141527217508,0.06013359815430647,0.03534897410779045,-0.24440110191542003,-0.00868172862893013,5058,0.19682876252729875,0.4211150652431791,Uses full-text regex maximum amount.,
m7_regex_amount,"C(transaction_type, Treatment(reference='借贷'))[T.其他民商事]",-0.15094785798663451,0.03230703404896141,2.978588348904764e-06,-0.2142684811699081,-0.08762723480336092,5058,0.19682876252729875,0.4211150652431791,Uses full-text regex maximum amount.,
m7_regex_amount,"C(transaction_type, Treatment(reference='借贷'))[T.其他/未分类]",-0.06229468125184934,0.07035553077958083,0.37592641609888555,-0.200188987693027,0.07559962518932833,5058,0.19682876252729875,0.4211150652431791,Uses full-text regex maximum amount.,
m7_regex_amount,"C(transaction_type, Treatment(reference='借贷'))[T.未分类]",-7.402888905136962e-17,9.500080804106701e-16,0.9378881235537135,-1.9360105116783146e-15,1.7879527335755756e-15,5058,0.19682876252729875,0.4211150652431791,Uses full-text regex maximum amount.,
m7_regex_amount,C(court_level_group)[T.基层法院],0.009269586309419197,0.014404692958548996,0.5198922219599549,-0.018963093097694554,0.037502265716532944,5058,0.19682876252729875,0.4211150652431791,Uses full-text regex maximum amount.,
m7_regex_amount,C(court_level_group)[T.最高人民法院],-0.0730489074058751,0.10189722941141437,0.4734431681134871,-0.27276380717666276,0.1266659923649126,5058,0.19682876252729875,0.4211150652431791,Uses full-text regex maximum amount.,
m7_regex_amount,C(court_level_group)[T.高级法院],-0.0008581937865636152,0.10298225143454062,0.9933509741956559,-0.20269969764511156,0.2009833100719843,5058,0.19682876252729875,0.4211150652431791,Uses full-text regex maximum amount.,
m7_regex_amount,C(cause_group)[T.不当得利纠纷],0.2820468059781966,0.036980360393437606,2.4040067495657663e-14,0.20956663147174742,0.35452698048464576,5058,0.19682876252729875,0.4211150652431791,Uses full-text regex maximum amount.,
m7_regex_amount,C(cause_group)[T.不正当竞争纠纷],0.4076587024979482,0.18080210206364838,0.024150705586493723,0.05329309412406241,0.7620243108718341,5058,0.19682876252729875,0.4211150652431791,Uses full-text regex maximum amount.,
m7_regex_amount,C(cause_group)[T.与公司有关的纠纷],-0.09762421338258126,0.16582242431909264,0.5560441192874301,-0.4226301928771216,0.2273817661119591,5058,0.19682876252729875,0.4211150652431791,Uses full-text regex maximum amount.,
m7_regex_amount,C(cause_group)[T.专利行政管理],3.7221062739745944e-16,5.217107872854183e-16,0.4755720069262904,-6.503237260279976e-16,1.3947449808229164e-15,5058,0.19682876252729875,0.4211150652431791,Uses full-text regex maximum amount.,
m7_regex_amount,C(cause_group)[T.业主撤销权纠纷],0.20072611975076576,0.25992052438176916,0.43996068918470554,-0.3087087468802668,0.7101609863817984,5058,0.19682876252729875,0.4211150652431791,Uses full-text regex maximum amount.,
m7_regex_amount,C(cause_group)[T.中介合同纠纷],-0.2202414100173525,0.02862055293798287,1.412525223160798e-14,-0.27633666299342097,-0.16414615704128405,5058,0.19682876252729875,0.4211150652431791,Uses full-text regex maximum amount.,
m7_regex_amount,C(cause_group)[T.买卖合同纠纷],-0.038444177323948746,0.04346604409476807,0.37644546367527,-0.12363605830012406,0.04674770365222657,5058,0.19682876252729875,0.4211150652431791,Uses full-text regex maximum amount.,
m7_regex_amount,C(cause_group)[T.互易纠纷],-0.27467969084723415,0.05738672132750374,1.6974220074887068e-06,-0.3871555978399781,-0.16220378385449022,5058,0.19682876252729875,0.4211150652431791,Uses full-text regex maximum amount.,
m7_regex_amount,C(cause_group)[T.交通肇事罪],-9.436634802416228e-16,3.989388522344196e-16,0.018008958350368108,-1.7255692626548316e-15,-1.6175769782841385e-16,5058,0.19682876252729875,0.4211150652431791,Uses full-text regex maximum amount.,
m7_regex_amount,C(cause_group)[T.产品责任纠纷],-2.2843228731161787e-16,3.0857820479449977e-16,0.4591340186044699,-8.332344551228624e-16,3.763698804996267e-16,5058,0.19682876252729875,0.4211150652431791,Uses full-text regex maximum amount.,
m7_regex_amount,C(cause_group)[T.人身保险合同纠纷],-0.17626748171386672,0.03028651864666647,5.884828783692909e-09,-0.2356279674784338,-0.11690699594929965,5058,0.19682876252729875,0.4211150652431791,Uses full-text regex maximum amount.,
m7_regex_amount,C(cause_group)[T.仓储合同纠纷],0.5647941563468466,0.03288029506327578,3.9288174564133416e-66,0.500349962221776,0.6292383504719172,5058,0.19682876252729875,0.4211150652431791,Uses full-text regex maximum amount.,
m7_regex_amount,C(cause_group)[T.仿冒纠纷],6.655799311750676e-16,3.5260911508816594e-16,0.059081588333403205,-2.5521235018276668e-17,1.3566810973684117e-15,5058,0.19682876252729875,0.4211150652431791,Uses full-text regex maximum amount.,
m7_regex_amount,C(cause_group)[T.企业承包经营合同纠纷],-0.09506857645605184,0.030179299597178414,0.0016320042896823049,-0.1542189167451657,-0.035918236166937983,5058,0.19682876252729875,0.4211150652431791,Uses full-text regex maximum amount.,
m7_regex_amount,C(cause_group)[T.传播淫秽物品罪],6.79691004063958e-16,2.0577803073835647e-16,0.0009564616276163469,2.763734750072031e-16,1.083008533120713e-15,5058,0.19682876252729875,0.4211150652431791,Uses full-text regex maximum amount.,
m7_regex_amount,C(cause_group)[T.伪造、变造、买卖国家机关公文、证件、印章罪],-9.54661255732326e-16,2.2136851901867597e-16,1.6138748637541672e-05,-1.388535580319901e-15,-5.207869311447511e-16,5058,0.19682876252729875,0.4211150652431791,Uses full-text regex maximum amount.,
m7_regex_amount,C(cause_group)[T.伪造、变造、买卖身份证件罪],2.3331256762644417e-18,1.932984785354329e-16,0.9903697133584629,-3.7652493051957274e-16,3.811911818721016e-16,5058,0.19682876252729875,0.4211150652431791,Uses full-text regex maximum amount.,
m7_regex_amount,C(cause_group)[T.伪造、变造金融票证罪],1.5043502064277708e-15,2.7108504293725647e-16,2.867068822639061e-08,9.73033285523254e-16,2.0356671273322877e-15,5058,0.19682876252729875,0.4211150652431791,Uses full-text regex maximum amount.,
m7_regex_amount,C(cause_group)[T.供用电合同纠纷],-0.3903284375616889,0.03562200025722212,6.115871617324546e-28,-0.4601462751231208,-0.320510600000257,5058,0.19682876252729875,0.4211150652431791,Uses full-text regex maximum amount.,
m7_regex_amount,C(cause_group)[T.侵占罪],-7.328942761797719e-16,2.237070621170281e-16,0.0010523867650026712,-1.1713520610164118e-15,-2.9443649134313213e-16,5058,0.19682876252729875,0.4211150652431791,Uses full-text regex maximum amount.,
m7_regex_amount,C(cause_group)[T.侵害作品信息网络传播权纠纷],0.30711421153852103,0.2096137277049372,0.14288174349275817,-0.1037211454283416,0.7179495685053836,5058,0.19682876252729875,0.4211150652431791,Uses full-text regex maximum amount.,
m7_regex_amount,C(cause_group)[T.侵害作品发行权纠纷],9.310879713410902e-16,2.121332243317668e-16,1.1378610287368093e-05,5.153144917264715e-16,1.346861450955709e-15,5058,0.19682876252729875,0.4211150652431791,Uses full-text regex maximum amount.,
m7_regex_amount,C(cause_group)[T.侵害作品复制权纠纷],-1.436033478655682e-16,1.1614346713134734e-16,0.21629851206793493,-3.7124036048262054e-16,8.403366475148415e-17,5058,0.19682876252729875,0.4211150652431791,Uses full-text regex maximum amount.,
m7_regex_amount,C(cause_group)[T.侵害作品展览权纠纷],7.235951088241746e-17,1.6478298573163518e-16,0.6605745608319181,-2.506092064165651e-16,3.953282281814e-16,5058,0.19682876252729875,0.4211150652431791,Uses full-text regex maximum amount.,
m7_regex_amount,C(cause_group)[T.侵害作品广播权纠纷],1.3789631648253334e-15,1.9102311114699659e-16,5.243716205533623e-13,1.0045647467624283e-15,1.7533615828882386e-15,5058,0.19682876252729875,0.4211150652431791,Uses full-text regex maximum amount.,
m7_regex_amount,C(cause_group)[T.侵害作品改编权纠纷],-0.14616127176581165,0.11320076550380609,0.19664522727445888,-0.3680306951756357,0.07570815164401243,5058,0.19682876252729875,0.4211150652431791,Uses full-text regex maximum amount.,
m7_regex_amount,C(cause_group)[T.侵害其他著作财产权纠纷],1.067690823475668e-15,1.7997793281856145e-16,2.9864197769079223e-09,7.14940557139318e-16,1.4204410898120179e-15,5058,0.19682876252729875,0.4211150652431791,Uses full-text regex maximum amount.,
m7_regex_amount,C(cause_group)[T.侵害发明专利权纠纷],0.7796558270957817,0.11331132766201826,5.9579184602277175e-12,0.5575697058378087,1.0017419483537546,5058,0.19682876252729875,0.4211150652431791,Uses full-text regex maximum amount.,
m7_regex_amount,C(cause_group)[T.侵害商标权纠纷],0.2710907566913794,0.16592954190230516,0.10230709174657578,-0.05412516940836848,0.5963066827911272,5058,0.19682876252729875,0.4211150652431791,Uses full-text regex maximum amount.,
m7_regex_amount,C(cause_group)[T.侵害外观设计专利权纠纷],0.4834005246676424,0.29090404899378913,0.09656930948639844,-0.08676093431705967,1.0535619836523444,5058,0.19682876252729875,0.4211150652431791,Uses full-text regex maximum amount.,
m7_regex_amount,C(cause_group)[T.侵害实用新型专利权纠纷],-3.0070163297255493e-16,1.4111220393681287e-16,0.03309408952029703,-5.772764704677794e-16,-2.412679547733046e-17,5058,0.19682876252729875,0.4211150652431791,Uses full-text regex maximum amount.,
m7_regex_amount,C(cause_group)[T.侵害录音录像制作者权纠纷],-1.2611221731408302e-16,1.6600229369605352e-16,0.44743293905390547,-4.514707343093884e-16,1.992462996812223e-16,5058,0.19682876252729875,0.4211150652431791,Uses full-text regex maximum amount.,
m7_regex_amount,C(cause_group)[T.侵害计算机软件著作权纠纷],7.734007317353965e-19,2.0648361795146573e-16,0.9970114672224039,-4.0392705385066563e-16,4.054738553141364e-16,5058,0.19682876252729875,0.4211150652431791,Uses full-text regex maximum amount.,
m7_regex_amount,C(cause_group)[T.侵权责任纠纷],0.22641590967195135,0.15070769882811566,0.1330064023286061,-0.06896575222406465,0.5217975715679674,5058,0.19682876252729875,0.4211150652431791,Uses full-text regex maximum amount.,
m7_regex_amount,C(cause_group)[T.侵犯公民个人信息罪],1.6200839248386574e-16,1.773256435291372e-16,0.3609161443552692,-1.8554348236863128e-16,5.095602673363627e-16,5058,0.19682876252729875,0.4211150652431791,Uses full-text regex maximum amount.,
m7_regex_amount,C(cause_group)[T.侵犯著作权罪],-3.667117094409874e-16,1.0652064218750884e-16,0.0005760758870571083,-5.754883317385826e-16,-1.579350871433922e-16,5058,0.19682876252729875,0.4211150652431791,Uses full-text regex maximum amount.,
m7_regex_amount,C(cause_group)[T.保管合同纠纷],-0.10971244865967394,0.27674709803049324,0.6917835830801538,-0.6521267936254165,0.43270189630606853,5058,0.19682876252729875,0.4211150652431791,Uses full-text regex maximum amount.,
m7_regex_amount,C(cause_group)[T.保证合同纠纷],0.22947009350635791,0.10586576008395984,0.030192391017754686,0.021977016545838585,0.43696317046687727,5058,0.19682876252729875,0.4211150652431791,Uses full-text regex maximum amount.,
m7_regex_amount,C(cause_group)[T.保险代理合同纠纷],0.7707142601526895,0.02878845030365507,6.912623181503624e-158,0.7142899343868044,0.8271385859185746,5058,0.19682876252729875,0.4211150652431791,Uses full-text regex maximum amount.,
m7_regex_amount,C(cause_group)[T.信息网络买卖合同纠纷],-0.3041503394375574,0.10144235331817862,0.002715277729030701,-0.5029736984481747,-0.10532698042694008,5058,0.19682876252729875,0.4211150652431791,Uses full-text regex maximum amount.,
m7_regex_amount,C(cause_group)[T.信用卡纠纷],-0.2977528709810164,0.055818885492385034,9.593097599056905e-08,-0.4071558762032564,-0.18834986575877638,5058,0.19682876252729875,0.4211150652431791,Uses full-text regex maximum amount.,
m7_regex_amount,C(cause_group)[T.信用卡诈骗罪],-4.642484962248162e-16,1.4700158355197716e-16,0.0015879071570017926,-7.52366305657047e-16,-1.7613068679258537e-16,5058,0.19682876252729875,0.4211150652431791,Uses full-text regex maximum amount.,
m7_regex_amount,C(cause_group)[T.修理合同纠纷],-0.26366691668868314,0.030955993874686692,1.6306895905288284e-17,-0.3243395497887116,-0.2029942835886547,5058,0.19682876252729875,0.4211150652431791,Uses full-text regex maximum amount.,
m7_regex_amount,C(cause_group)[T.借款合同纠纷],0.06075709831138976,0.12034076044612203,0.6136463022114651,-0.17510645803517172,0.29662065465795123,5058,0.19682876252729875,0.4211150652431791,Uses full-text regex maximum amount.,
m7_regex_amount,C(cause_group)[T.借用合同纠纷],-0.3523962897643503,0.032081008877239574,4.533608834707536e-28,-0.4152739117514496,-0.28951866777725094,5058,0.19682876252729875,0.4211150652431791,Uses full-text regex maximum amount.,
m7_regex_amount,C(cause_group)[T.债券质权纠纷],0.13449726129874454,0.26988597698784367,0.6182384563781407,-0.39446953352983494,0.663464056127324,5058,0.19682876252729875,0.4211150652431791,Uses full-text regex maximum amount.,
m7_regex_amount,C(cause_group)[T.债务加入纠纷],-0.6309683216118925,0.02706326095175126,3.154712026559155e-120,-0.6840113383815342,-0.5779253048422509,5058,0.19682876252729875,0.4211150652431791,Uses full-text regex maximum amount.,
m7_regex_amount,C(cause_group)[T.债务转移合同纠纷],-0.1364706265361152,0.02887802367559525,2.29255612251389e-06,-0.19307051288497687,-0.07987074018725351,5058,0.19682876252729875,0.4211150652431791,Uses full-text regex maximum amount.,
m7_regex_amount,C(cause_group)[T.债权人撤销权纠纷],0.47992337828194614,0.2982558383384097,0.1075945441082827,-0.10464732304013752,1.0644940796040299,5058,0.19682876252729875,0.4211150652431791,Uses full-text regex maximum amount.,
m7_regex_amount,C(cause_group)[T.债权转让合同纠纷],0.12691835688945136,0.12685758323883511,0.31707872161209427,-0.1217179374244575,0.3755546512033602,5058,0.19682876252729875,0.4211150652431791,Uses full-text regex maximum amount.,
m7_regex_amount,C(cause_group)[T.假冒注册商标罪],2.797918375246674e-16,1.1972389980579427e-16,0.019440450689821247,4.513730581662868e-17,5.144463692327061e-16,5058,0.19682876252729875,0.4211150652431791,Uses full-text regex maximum amount.,
m7_regex_amount,C(cause_group)[T.偷越国（边）境罪],-2.9262649234482485e-17,1.890374254694024e-16,0.876980426816341,-3.997691948846859e-16,3.4124389641572093e-16,5058,0.19682876252729875,0.4211150652431791,Uses full-text regex maximum amount.,
m7_regex_amount,C(cause_group)[T.储蓄存款合同纠纷],-0.16897581420174002,0.030163524029945214,2.1190258585537183e-08,-0.2280952349472411,-0.10985639345623893,5058,0.19682876252729875,0.4211150652431791,Uses full-text regex maximum amount.,
m7_regex_amount,C(cause_group)[T.公司减资纠纷],2.1360480247270833e-16,1.0414976335005947e-16,0.04027289598798049,9.475017308222089e-18,4.177345876371946e-16,5058,0.19682876252729875,0.4211150652431791,Uses full-text regex maximum amount.,
m7_regex_amount,C(cause_group)[T.公司解散纠纷],6.228233335737386e-16,9.027825966796772e-17,5.239592654344241e-12,4.458811960375669e-16,7.997654711099103e-16,5058,0.19682876252729875,0.4211150652431791,Uses full-text regex maximum amount.,
m7_regex_amount,C(cause_group)[T.公安行政管理],5.897709125841049e-16,1.3490337548362041e-16,1.2322497683302513e-05,3.253651552433252e-16,8.541766699248847e-16,5058,0.19682876252729875,0.4211150652431791,Uses full-text regex maximum amount.,
m7_regex_amount,C(cause_group)[T.公益事业捐赠合同纠纷],-0.7364607566409747,0.10675836671369565,5.259551328296638e-12,-0.9457033104481378,-0.5272182028338115,5058,0.19682876252729875,0.4211150652431791,Uses full-text regex maximum amount.,
m7_regex_amount,C(cause_group)[T.共有物分割纠纷],2.308067057277361e-16,1.3309529407784726e-16,0.08289213625467909,-3.005527717661165e-17,4.916686886320838e-16,5058,0.19682876252729875,0.4211150652431791,Uses full-text regex maximum amount.,
m7_regex_amount,C(cause_group)[T.共有纠纷],-0.24200221670796015,0.05226209747705168,3.646970069380268e-06,-0.3444340455195031,-0.13957038789641724,5058,0.19682876252729875,0.4211150652431791,Uses full-text regex maximum amount.,
m7_regex_amount,C(cause_group)[T.其他案由],-2.5451994129363047e-16,9.577300601981462e-17,0.00787148414887738,-4.422315837836049e-16,-6.680829880365603e-17,5058,0.19682876252729875,0.4211150652431791,Uses full-text regex maximum amount.,
m7_regex_amount,C(cause_group)[T.其他行政行为],4.268811222384031e-16,8.301415441475075e-17,2.7143992304548634e-07,2.641763693784449e-16,5.895858750983613e-16,5058,0.19682876252729875,0.4211150652431791,Uses full-text regex maximum amount.,
m7_regex_amount,C(cause_group)[T.再保险合同纠纷],-0.19709709955453483,0.028996626263418472,1.066405371112333e-11,-0.2539294427040033,-0.1402647564050664,5058,0.19682876252729875,0.4211150652431791,Uses full-text regex maximum amount.,
m7_regex_amount,C(cause_group)[T.出售、购买、运输假币罪],5.441782308849733e-16,9.830054767001302e-17,3.0970199016803154e-08,3.51512697791185e-16,7.368437639787615e-16,5058,0.19682876252729875,0.4211150652431791,Uses full-text regex maximum amount.,
m7_regex_amount,C(cause_group)[T.分家析产纠纷],-1.0667980956074511e-16,9.15728705037296e-17,0.24403041772845646,-2.8615933770900536e-16,7.279971858751514e-17,5058,0.19682876252729875,0.4211150652431791,Uses full-text regex maximum amount.,
m7_regex_amount,C(cause_group)[T.分期付款买卖合同纠纷],-0.5550450815766963,0.040188096321602085,2.1822362732622154e-43,-0.633812302974263,-0.4762778601791296,5058,0.19682876252729875,0.4211150652431791,Uses full-text regex maximum amount.,
m7_regex_amount,C(cause_group)[T.制作、复制、出版、贩卖、传播淫秽物品牟利罪],-3.910550517995395e-16,8.40929711325171e-17,3.31500162459566e-06,-5.558742465722394e-16,-2.262358570268395e-16,5058,0.19682876252729875,0.4211150652431791,Uses full-text regex maximum amount.,
m7_regex_amount,C(cause_group)[T.制作、贩卖、传播淫秽物品罪],-2.5287109501439967e-16,4.218485648089271e-17,2.0429198345915965e-09,-3.355518944099405e-16,-1.7019029561885887e-16,5058,0.19682876252729875,0.4211150652431791,Uses full-text regex maximum amount.,
m7_regex_amount,C(cause_group)[T.劳务合同纠纷],-0.22932277638307627,0.047209818865612284,1.1886339228365513e-06,-0.32185232107633593,-0.1367932316898166,5058,0.19682876252729875,0.4211150652431791,Uses full-text regex maximum amount.,
m7_regex_amount,C(cause_group)[T.劳动争议],-0.13092489866437657,0.07553020016913511,0.08302259949070923,-0.2789613707409825,0.017111573412229353,5058,0.19682876252729875,0.4211150652431791,Uses full-text regex maximum amount.,
m7_regex_amount,C(cause_group)[T.劳动合同纠纷],-0.06835692770100305,0.09277712209320858,0.461252216201558,-0.25019674559296723,0.11348289019096114,5058,0.19682876252729875,0.4211150652431791,Uses full-text regex maximum amount.,
m7_regex_amount,C(cause_group)[T.占有物返还纠纷],-2.512431786849212e-16,1.1233548624403692e-16,0.025316204525289498,-4.714166859090282e-16,-3.1069671460814143e-17,5058,0.19682876252729875,0.4211150652431791,Uses full-text regex maximum amount.,
m7_regex_amount,C(cause_group)[T.危险驾驶罪],2.260351099168161e-16,7.785864659850654e-17,0.0036943298000537074,7.343496669871132e-17,3.786352531349209e-16,5058,0.19682876252729875,0.4211150652431791,Uses full-text regex maximum amount.,
m7_regex_amount,C(cause_group)[T.发起人责任纠纷],0.028950644167345253,0.22063649391311416,0.8956058518896858,-0.40348893757754933,0.4613902259122399,5058,0.19682876252729875,0.4211150652431791,Uses full-text regex maximum amount.,
m7_regex_amount,C(cause_group)[T.受贿罪],-2.605481343921725e-16,9.348488782306377e-17,0.0053188379033951,-4.437751476241446e-16,-7.732112116020047e-17,5058,0.19682876252729875,0.4211150652431791,Uses full-text regex maximum amount.,
m7_regex_amount,C(cause_group)[T.合伙企业纠纷],-0.1853629877259639,0.1328289651095022,0.16286473611515473,-0.4457029754443157,0.07497699999238785,5058,0.19682876252729875,0.4211150652431791,Uses full-text regex maximum amount.,
m7_regex_amount,C(cause_group)[T.合伙协议纠纷],-0.19131890671796717,0.0626930146677744,0.002275659183965212,-0.31419495754904636,-0.068442855886888,5058,0.19682876252729875,0.4211150652431791,Uses full-text regex maximum amount.,
m7_regex_amount,C(cause_group)[T.合伙合同纠纷],0.10250350256567399,0.08389871291212495,0.22180105438071152,-0.06193495309135651,0.2669419582227045,5058,0.19682876252729875,0.4211150652431791,Uses full-text regex maximum amount.,
m7_regex_amount,C(cause_group)[T.合作创作合同纠纷],-0.15445573331185852,0.029320517622767297,1.3803993270070864e-07,-0.21192289186055438,-0.09698857476316267,5058,0.19682876252729875,0.4211150652431791,Uses full-text regex maximum amount.,
m7_regex_amount,C(cause_group)[T.合同、准合同纠纷],0.5846780815176088,0.033212208336781505,2.2826398498742962e-69,0.5195833493304761,0.6497728137047415,5058,0.19682876252729875,0.4211150652431791,Uses full-text regex maximum amount.,
m7_regex_amount,C(cause_group)[T.合同、无因管理、不当得利],-0.35790867661554465,0.13274984514536733,0.0070153715331230816,-0.618093592053734,-0.09772376117735532,5058,0.19682876252729875,0.4211150652431791,Uses full-text regex maximum amount.,
m7_regex_amount,C(cause_group)[T.合同纠纷],0.06321542521167187,0.025977382946421716,0.014954488022687333,0.012300690224080313,0.11413016019926342,5058,0.19682876252729875,0.4211150652431791,Uses full-text regex maximum amount.,
m7_regex_amount,C(cause_group)[T.合同诈骗罪],-3.807151560799105e-17,1.6371636111785338e-17,0.020047602511031555,-7.015933275508568e-17,-5.983698460896419e-18,5058,0.19682876252729875,0.4211150652431791,Uses full-text regex maximum amount.,
m7_regex_amount,C(cause_group)[T.名誉权纠纷],0.5214037582346267,0.033015552387417796,3.494633259419259e-56,0.45669446462559243,0.586113051843661,5058,0.19682876252729875,0.4211150652431791,Uses full-text regex maximum amount.,
m7_regex_amount,C(cause_group)[T.商品房销售合同纠纷],-0.2518313893265204,0.029951601060052662,4.172596922944676e-17,-0.31053544868353533,-0.19312732996950546,5058,0.19682876252729875,0.4211150652431791,Uses full-text regex maximum amount.,
m7_regex_amount,C(cause_group)[T.商品房预售合同纠纷],-0.23695659612845893,0.043298738906062006,4.4348512109482654e-08,-0.32182056496034367,-0.1520926272965742,5058,0.19682876252729875,0.4211150652431791,Uses full-text regex maximum amount.,
m7_regex_amount,C(cause_group)[T.商标权权属、侵权纠纷],7.541449728188888e-17,1.0793458959440323e-16,0.4847360619195986,-1.3613341100925314e-16,2.8696240557303087e-16,5058,0.19682876252729875,0.4211150652431791,Uses full-text regex maximum amount.,
m7_regex_amount,C(cause_group)[T.商标权权属纠纷],-4.803062886341745e-16,4.0239406835411703e-17,7.662992563669177e-33,-5.591740767908364e-16,-4.014385004775127e-16,5058,0.19682876252729875,0.4211150652431791,Uses full-text regex maximum amount.,
m7_regex_amount,C(cause_group)[T.因申请诉中财产保全损害责任纠纷],-9.960001100222374e-17,2.1075726689208417e-17,2.2919286702473265e-06,-1.4090767626108182e-16,-5.829234574336565e-17,5058,0.19682876252729875,0.4211150652431791,Uses full-text regex maximum amount.,
m7_regex_amount,C(cause_group)[T.因申请财产保全损害责任纠纷],-6.222609232486507e-17,2.78213023845284e-17,0.02531022033247308,-1.1675484300153907e-16,-7.697341648191074e-18,5058,0.19682876252729875,0.4211150652431791,Uses full-text regex maximum amount.,
m7_regex_amount,C(cause_group)[T.国有公司、企业、事业单位人员失职罪],-1.3000829557231218e-16,3.718358970100647e-17,0.000471600579935495,-2.0288679220219935e-16,-5.712979894242502e-17,5058,0.19682876252729875,0.4211150652431791,Uses full-text regex maximum amount.,
m7_regex_amount,C(cause_group)[T.土地租赁合同纠纷],-0.23865150270031837,0.029145842050843647,2.6519829414934714e-16,-0.29577630341906497,-0.1815267019815718,5058,0.19682876252729875,0.4211150652431791,Uses full-text regex maximum amount.,
m7_regex_amount,C(cause_group)[T.妨害信用卡管理罪],-5.694728667344089e-16,1.9846288408309753e-17,4.5103493711669525e-181,-6.083708772414907e-16,-5.30574856227327e-16,5058,0.19682876252729875,0.4211150652431791,Uses full-text regex maximum amount.,
m7_regex_amount,C(cause_group)[T.委托合同纠纷],-0.0517965367016904,0.033803429456786896,0.12545176493146595,-0.11805004099093308,0.014456967587552279,5058,0.19682876252729875,0.4211150652431791,Uses full-text regex maximum amount.,
m7_regex_amount,C(cause_group)[T.委托理财合同纠纷],0.05951262238612489,0.04642151899797314,0.1998408701683746,-0.03147188295754435,0.15049712772979412,5058,0.19682876252729875,0.4211150652431791,Uses full-text regex maximum amount.,
m7_regex_amount,C(cause_group)[T.娱乐服务合同纠纷],-0.14261934000308343,0.05906648313728603,0.0157543945826873,-0.25838751964560647,-0.026851160360560386,5058,0.19682876252729875,0.4211150652431791,Uses full-text regex maximum amount.,
m7_regex_amount,C(cause_group)[T.婚约财产纠纷],0.4247279954556134,0.22960553310287263,0.06434006981364818,-0.025290580077136082,0.8747465709883628,5058,0.19682876252729875,0.4211150652431791,Uses full-text regex maximum amount.,
m7_regex_amount,C(cause_group)[T.定作合同纠纷],-0.3530460528351954,0.0773677513948129,5.037503370241089e-06,-0.5046840591338773,-0.2014080465365136,5058,0.19682876252729875,0.4211150652431791,Uses full-text regex maximum amount.,
m7_regex_amount,C(cause_group)[T.定金合同纠纷],0.05676371013013772,0.20383133600509934,0.7806410551481664,-0.34273836736053936,0.45626578762081477,5058,0.19682876252729875,0.4211150652431791,Uses full-text regex maximum amount.,
m7_regex_amount,C(cause_group)[T.容留他人吸毒罪],7.25300799239098e-17,6.937636103265052e-17,0.295811287295345,-6.344508907853326e-17,2.0850524892635284e-16,5058,0.19682876252729875,0.4211150652431791,Uses full-text regex maximum amount.,
m7_regex_amount,C(cause_group)[T.小额借款合同纠纷],2.5848771364396652e-17,4.963119786477758e-17,0.6024942623372311,-7.142658896014864e-17,1.2312413168894194e-16,5058,0.19682876252729875,0.4211150652431791,Uses full-text regex maximum amount.,
m7_regex_amount,C(cause_group)[T.帮助信息网络犯罪活动],9.480047539200776e-17,3.891540575890976e-18,4.470342166511737e-131,8.717319601888519e-17,1.0242775476513033e-16,5058,0.19682876252729875,0.4211150652431791,Uses full-text regex maximum amount.,
m7_regex_amount,C(cause_group)[T.帮助信息网络犯罪活动罪],-1.8075413560431476e-16,3.068065892777226e-17,3.827786348991446e-09,-2.4088712212470567e-16,-1.2062114908392385e-16,5058,0.19682876252729875,0.4211150652431791,Uses full-text regex maximum amount.,
m7_regex_amount,C(cause_group)[T.广告合同纠纷],0.018728818596465815,0.14380326364465518,0.896377200374195,-0.26312039900637646,0.30057803619930806,5058,0.19682876252729875,0.4211150652431791,Uses full-text regex maximum amount.,
m7_regex_amount,C(cause_group)[T.建筑物和物件损害责任纠纷],-5.372065424403569e-17,2.4881801415969736e-17,0.03084753237472303,-1.024880888898141e-16,-4.953219598257286e-18,5058,0.19682876252729875,0.4211150652431791,Uses full-text regex maximum amount.,
m7_regex_amount,C(cause_group)[T.建设工程合同纠纷],-0.14973325695544676,0.031970667904930625,2.8207628117275874e-06,-0.2123946146108014,-0.08707189930009211,5058,0.19682876252729875,0.4211150652431791,Uses full-text regex maximum amount.,
m7_regex_amount,C(cause_group)[T.建设工程施工合同纠纷],0.376478631138656,0.12441638193092514,0.0024784748579915966,0.13262700346726278,0.6203302588100492,5058,0.19682876252729875,0.4211150652431791,Uses full-text regex maximum amount.,
m7_regex_amount,C(cause_group)[T.开设赌场罪],3.171131474546305e-17,2.014615293098627e-18,7.964623033721815e-56,2.7762741328286137e-17,3.5659888162639966e-17,5058,0.19682876252729875,0.4211150652431791,Uses full-text regex maximum amount.,
m7_regex_amount,C(cause_group)[T.悬赏广告纠纷],0.6411567661070426,0.052481440723278046,2.5275372963850723e-34,0.538295032432644,0.7440184997814413,5058,0.19682876252729875,0.4211150652431791,Uses full-text regex maximum amount.,
m7_regex_amount,C(cause_group)[T.房屋买卖合同纠纷],-0.406385791467939,0.07037937045109387,7.731152631124618e-09,-0.5443268228066855,-0.26844476012919255,5058,0.19682876252729875,0.4211150652431791,Uses full-text regex maximum amount.,
m7_regex_amount,C(cause_group)[T.房屋拆迁安置补偿合同纠纷],0.8716633073672552,0.029811605076711684,6.185585303496971e-188,0.8132336350955688,0.9300929796389416,5058,0.19682876252729875,0.4211150652431791,Uses full-text regex maximum amount.,
m7_regex_amount,C(cause_group)[T.房屋租赁合同纠纷],0.041495947397743996,0.11514609808233883,0.7185656006781422,-0.1841862578039567,0.2671781525994447,5058,0.19682876252729875,0.4211150652431791,Uses full-text regex maximum amount.,
m7_regex_amount,C(cause_group)[T.所有权确认纠纷],-0.6295179793063732,0.02707902460903619,1.5099586158168948e-119,-0.6825918922765579,-0.5764440663361885,5058,0.19682876252729875,0.4211150652431791,Uses full-text regex maximum amount.,
m7_regex_amount,C(cause_group)[T.所有权纠纷],0.39511457225627605,0.04293955563587632,3.525093394817555e-20,0.31095458969780454,0.47927455481474757,5058,0.19682876252729875,0.4211150652431791,Uses full-text regex maximum amount.,
m7_regex_amount,C(cause_group)[T.执行异议之诉],0.03166259154270818,0.2934026072704112,0.914062985369271,-0.5433959516774475,0.6067211347628639,5058,0.19682876252729875,0.4211150652431791,Uses full-text regex maximum amount.,
m7_regex_amount,C(cause_group)[T.执行程序中的异议之诉],1.989507062666405e-16,2.4193340862524512e-23,0.0,1.9895065884856375e-16,1.9895075368471727e-16,5058,0.19682876252729875,0.4211150652431791,Uses full-text regex maximum amount.,
m7_regex_amount,C(cause_group)[T.技术合同纠纷],-0.10433816276546563,0.029800813751306415,0.0004631941445217506,-0.16274668442801218,-0.045929641102919076,5058,0.19682876252729875,0.4211150652431791,Uses full-text regex maximum amount.,
m7_regex_amount,C(cause_group)[T.技术委托开发合同纠纷],-0.16897589471799895,0.030163529844531307,2.1190064229228606e-08,-0.22809532685987938,-0.10985646257611853,5058,0.19682876252729875,0.4211150652431791,Uses full-text regex maximum amount.,
m7_regex_amount,C(cause_group)[T.技术服务合同纠纷],-0.11494633520002145,0.060134612140828214,0.05594244038271106,-0.23280800922032985,0.002915338820286925,5058,0.19682876252729875,0.4211150652431791,Uses full-text regex maximum amount.,
m7_regex_amount,C(cause_group)[T.抢劫罪],-8.488619539186714e-17,3.465845707020908e-24,0.0,-8.48862021847999e-17,-8.488618859893437e-17,5058,0.19682876252729875,0.4211150652431791,Uses full-text regex maximum amount.,
m7_regex_amount,C(cause_group)[T.抢夺罪],-1.3716297129595963e-16,1.7638647620046185e-24,0.0,-1.3716297475307103e-16,-1.3716296783884823e-16,5058,0.19682876252729875,0.4211150652431791,Uses full-text regex maximum amount.,
m7_regex_amount,C(cause_group)[T.抵押合同纠纷],0.19229559834472038,0.2224756188751604,0.3873986200879429,-0.24374860208885346,0.6283397987782942,5058,0.19682876252729875,0.4211150652431791,Uses full-text regex maximum amount.,
m7_regex_amount,C(cause_group)[T.担保物权确认纠纷],-0.22164179253965574,0.05242258516037333,2.3579572948292528e-05,-0.3243881714304714,-0.11889541364884011,5058,0.19682876252729875,0.4211150652431791,Uses full-text regex maximum amount.,
m7_regex_amount,C(cause_group)[T.拒不执行判决、裁定罪],3.428472992217622e-16,5.689124520346983e-24,0.0,3.4284728807128304e-16,3.428473103722414e-16,5058,0.19682876252729875,0.4211150652431791,Uses full-text regex maximum amount.,
m7_regex_amount,C(cause_group)[T.拒不支付劳动报酬罪],-1.8406186927125743e-16,3.933421444006771e-24,0.0,-1.840618769806218e-16,-1.8406186156189306e-16,5058,0.19682876252729875,0.4211150652431791,Uses full-text regex maximum amount.,
m7_regex_amount,C(cause_group)[T.持有、使用假币罪],3.2549705352789146e-17,1.449677427690505e-24,0.0,3.25497025114736e-17,3.2549708194104693e-17,5058,0.19682876252729875,0.4211150652431791,Uses full-text regex maximum amount.,
m7_regex_amount,C(cause_group)[T.挪用公款罪],2.404317194445329e-16,1.0182026267620723e-23,0.0,2.404316994881281e-16,2.4043173940093767e-16,5058,0.19682876252729875,0.4211150652431791,Uses full-text regex maximum amount.,
m7_regex_amount,C(cause_group)[T.挪用资金罪],-1.6435994140627584e-16,7.133257923020684e-25,0.0,-1.643599428043687e-16,-1.6435994000818299e-16,5058,0.19682876252729875,0.4211150652431791,Uses full-text regex maximum amount.,
m7_regex_amount,C(cause_group)[T.损害公司债权人利益责任纠纷],-0.22914677164891875,0.06158671932839848,0.00019865772755057855,-0.3498545234585566,-0.1084390198392809,5058,0.19682876252729875,0.4211150652431791,Uses full-text regex maximum amount.,
m7_regex_amount,C(cause_group)[T.损害公司利益责任纠纷],-0.20344827874017596,0.053023878175093915,0.00012458799074466752,-0.30737317028399946,-0.09952338719635248,5058,0.19682876252729875,0.4211150652431791,Uses full-text regex maximum amount.,
m7_regex_amount,C(cause_group)[T.排除妨害纠纷],0.4486213946496006,0.028709920905146114,4.842189427353005e-55,0.39235098367652066,0.5048918056226805,5058,0.19682876252729875,0.4211150652431791,Uses full-text regex maximum amount.,
m7_regex_amount,C(cause_group)[T.掩饰、隐瞒犯罪所得、犯罪所得收益],1.3581793847310475e-16,1.6846746243043203e-24,0.0,1.3581793517120316e-16,1.3581794177500634e-16,5058,0.19682876252729875,0.4211150652431791,Uses full-text regex maximum amount.,
m7_regex_amount,C(cause_group)[T.掩饰、隐瞒犯罪所得、犯罪所得收益罪],1.2908869085896905e-16,7.93749320917256e-24,0.0,1.2908867530176822e-16,1.2908870641616988e-16,5058,0.19682876252729875,0.4211150652431791,Uses full-text regex maximum amount.,
m7_regex_amount,C(cause_group)[T.提供侵入、非法控制计算机信息系统程序、工具],-2.458382117647303e-16,4.503350174051233e-25,0.0,-2.458382126473707e-16,-2.458382108820899e-16,5058,0.19682876252729875,0.4211150652431791,Uses full-text regex maximum amount.,
m7_regex_amount,C(cause_group)[T.提供侵入、非法控制计算机信息系统程序、工具罪],-1.4760596117899484e-16,1.4254808190817468e-24,0.0,-1.476059639728859e-16,-1.4760595838510377e-16,5058,0.19682876252729875,0.4211150652431791,Uses full-text regex maximum amount.,
m7_regex_amount,C(cause_group)[T.提供劳务者受害责任纠纷],-6.792539625959459e-17,1.3212225257474432e-25,0.0,-6.792539651854944e-17,-6.792539600063973e-17,5058,0.19682876252729875,0.4211150652431791,Uses full-text regex maximum amount.,
m7_regex_amount,C(cause_group)[T.故意伤害罪],2.7539796955992432e-17,3.594500257474467e-24,0.0,2.7539789910901385e-17,2.753980400108348e-17,5058,0.19682876252729875,0.4211150652431791,Uses full-text regex maximum amount.,
m7_regex_amount,C(cause_group)[T.故意杀人罪],1.3139084299034546e-16,1.5504589580869421e-25,0.0,1.3139084268646108e-16,1.3139084329422984e-16,5058,0.19682876252729875,0.4211150652431791,Uses full-text regex maximum amount.,
m7_regex_amount,C(cause_group)[T.故意毁坏财物罪],-1.5405989576671194e-16,1.9297874205751865e-24,0.0,-1.5405989954902577e-16,-1.540598919843981e-16,5058,0.19682876252729875,0.4211150652431791,Uses full-text regex maximum amount.,
m7_regex_amount,C(cause_group)[T.教育培训合同纠纷],-0.21189809827177597,0.04355234196740756,1.1424500155540713e-06,-0.2972591199702671,-0.12653707657328483,5058,0.19682876252729875,0.4211150652431791,Uses full-text regex maximum amount.,
m7_regex_amount,C(cause_group)[T.文化行政管理],4.410039020564723e-17,2.3563767618187667e-25,0.0,4.4100389743805873e-17,4.410039066748859e-17,5058,0.19682876252729875,0.4211150652431791,Uses full-text regex maximum amount.,
m7_regex_amount,C(cause_group)[T.旅游合同纠纷],-0.17442033401925516,0.03058433176387718,1.1776465540995837e-08,-0.23436452276767883,-0.1144761452708315,5058,0.19682876252729875,0.4211150652431791,Uses full-text regex maximum amount.,
m7_regex_amount,C(cause_group)[T.服务合同纠纷],-0.12791185923924991,0.06751753533036425,0.058158893249676574,-0.26024379681167453,0.004420078333174676,5058,0.19682876252729875,0.4211150652431791,Uses full-text regex maximum amount.,
m7_regex_amount,C(cause_group)[T.未分类],-0.06405792332390288,0.20012489555592589,0.7489003124574837,-0.4562955110233575,0.3281796643755518,5058,0.19682876252729875,0.4211150652431791,Uses full-text regex maximum amount.,
m7_regex_amount,C(cause_group)[T.机动车交通事故责任纠纷],0.5591416841321367,0.04106168526047889,3.168393068862285e-42,0.4786622598770789,0.6396211083871945,5058,0.19682876252729875,0.4211150652431791,Uses full-text regex maximum amount.,
m7_regex_amount,C(cause_group)[T.案外人执行异议之诉],-0.2618238365828494,0.059747265049305574,1.174925536918462e-05,-0.3789263242542571,-0.14472134891144176,5058,0.19682876252729875,0.4211150652431791,Uses full-text regex maximum amount.,
m7_regex_amount,C(cause_group)[T.欺诈客户责任纠纷],-1.6740258272285275e-17,8.767424727953399e-27,0.0,-1.6740258289469113e-17,-1.6740258255101438e-17,5058,0.19682876252729875,0.4211150652431791,Uses full-text regex maximum amount.,
m7_regex_amount,C(cause_group)[T.民间借贷纠纷],-0.06574870579435366,0.029714556507425854,0.026919945297005105,-0.12398816636548862,-0.007509245223218684,5058,0.19682876252729875,0.4211150652431791,Uses full-text regex maximum amount.,
m7_regex_amount,C(cause_group)[T.民间委托理财合同纠纷],0.15126323242291206,0.048168742181543364,0.0016878768705057459,0.05685423256649176,0.24567223227933238,5058,0.19682876252729875,0.4211150652431791,Uses full-text regex maximum amount.,
m7_regex_amount,C(cause_group)[T.法定继承纠纷],-2.872724078524117e-18,4.283882302581345e-31,0.0,-2.8727240785249567e-18,-2.8727240785232773e-18,5058,0.19682876252729875,0.4211150652431791,Uses full-text regex maximum amount.,
m7_regex_amount,C(cause_group)[T.法律服务合同纠纷],-0.26650671029457446,0.05788503560667777,4.143146690009786e-06,-0.3799592953274815,-0.1530541252616674,5058,0.19682876252729875,0.4211150652431791,Uses full-text regex maximum amount.,
m7_regex_amount,C(cause_group)[T.洗钱罪],0.0,0.0,,0.0,0.0,5058,0.19682876252729875,0.4211150652431791,Uses full-text regex maximum amount.,
m7_regex_amount,C(cause_group)[T.消费者权益保护民事公益诉讼],0.683452330117336,0.05257562175766254,1.2328259560319222e-38,0.5804060050075169,0.786498655227155,5058,0.19682876252729875,0.4211150652431791,Uses full-text regex maximum amount.,
m7_regex_amount,C(cause_group)[T.清算责任纠纷],0.30731959496561945,0.27168243160146266,0.2579826496279022,-0.22516818620551404,0.8398073761367529,5058,0.19682876252729875,0.4211150652431791,Uses full-text regex maximum amount.,
m7_regex_amount,C(cause_group)[T.演出合同纠纷],-0.17772834353173958,0.03390415330337775,1.587749854822287e-07,-0.24417926293268466,-0.11127742413079449,5058,0.19682876252729875,0.4211150652431791,Uses full-text regex maximum amount.,
m7_regex_amount,C(cause_group)[T.物业服务合同纠纷],-0.3244861208139083,0.059811644170193176,5.7911422805437545e-08,-0.441714789243612,-0.20725745238420462,5058,0.19682876252729875,0.4211150652431791,Uses full-text regex maximum amount.,
m7_regex_amount,C(cause_group)[T.物权保护纠纷],0.5382462294063929,0.11879463713749905,5.873385410223913e-06,0.30541301906039037,0.7710794397523955,5058,0.19682876252729875,0.4211150652431791,Uses full-text regex maximum amount.,
m7_regex_amount,C(cause_group)[T.物权确认纠纷],0.0,0.0,,0.0,0.0,5058,0.19682876252729875,0.4211150652431791,Uses full-text regex maximum amount.,
m7_regex_amount,C(cause_group)[T.物权纠纷],0.7667194696834018,0.05978994217902189,1.2102553066458595e-37,0.6495333363747866,0.8839056029920169,5058,0.19682876252729875,0.4211150652431791,Uses full-text regex maximum amount.,
m7_regex_amount,C(cause_group)[T.特许经营合同纠纷],-0.2211700623904082,0.03215556677768471,6.064472367365716e-12,-0.2841938151771429,-0.15814630960367349,5058,0.19682876252729875,0.4211150652431791,Uses full-text regex maximum amount.,
m7_regex_amount,C(cause_group)[T.生产、销售伪劣产品罪],0.0,0.0,,0.0,0.0,5058,0.19682876252729875,0.4211150652431791,Uses full-text regex maximum amount.,
m7_regex_amount,C(cause_group)[T.生产、销售有毒、有害食品罪],0.0,0.0,,0.0,0.0,5058,0.19682876252729875,0.4211150652431791,Uses full-text regex maximum amount.,
m7_regex_amount,C(cause_group)[T.生命权、身体权、健康权纠纷],0.0,0.0,,0.0,0.0,5058,0.19682876252729875,0.4211150652431791,Uses full-text regex maximum amount.,
m7_regex_amount,C(cause_group)[T.申请诉前停止侵害注册商标专用权],0.0,0.0,,0.0,0.0,5058,0.19682876252729875,0.4211150652431791,Uses full-text regex maximum amount.,
m7_regex_amount,C(cause_group)[T.电信服务合同纠纷],0.0,0.0,,0.0,0.0,5058,0.19682876252729875,0.4211150652431791,Uses full-text regex maximum amount.,
m7_regex_amount,C(cause_group)[T.盗伐林木罪],0.0,0.0,,0.0,0.0,5058,0.19682876252729875,0.4211150652431791,Uses full-text regex maximum amount.,
m7_regex_amount,C(cause_group)[T.盗窃罪],0.0,0.0,,0.0,0.0,5058,0.19682876252729875,0.4211150652431791,Uses full-text regex maximum amount.,
m7_regex_amount,C(cause_group)[T.相邻关系纠纷],0.0,0.0,,0.0,0.0,5058,0.19682876252729875,0.4211150652431791,Uses full-text regex maximum amount.,
m7_regex_amount,C(cause_group)[T.破坏计算机信息系统罪],0.0,0.0,,0.0,0.0,5058,0.19682876252729875,0.4211150652431791,Uses full-text regex maximum amount.,
m7_regex_amount,C(cause_group)[T.确认不侵害著作权纠纷],0.0,0.0,,0.0,0.0,5058,0.19682876252729875,0.4211150652431791,Uses full-text regex maximum amount.,
m7_regex_amount,C(cause_group)[T.确认合同效力纠纷],0.044567195012382495,0.18458653924242352,0.8092115069195094,-0.31721577393365696,0.40635016395842194,5058,0.19682876252729875,0.4211150652431791,Uses full-text regex maximum amount.,
m7_regex_amount,C(cause_group)[T.确认合同无效纠纷],0.5640823175164718,0.08041814314091669,2.3099340522464864e-12,0.40646565325668826,0.7216989817762552,5058,0.19682876252729875,0.4211150652431791,Uses full-text regex maximum amount.,
m7_regex_amount,C(cause_group)[T.确认合同有效纠纷],0.4585406858789754,0.05117311070696203,3.229788310852608e-19,0.3582432319164488,0.558838139841502,5058,0.19682876252729875,0.4211150652431791,Uses full-text regex maximum amount.,
m7_regex_amount,C(cause_group)[T.离婚后财产纠纷],-0.261532850944841,0.05504987656475316,2.0257891918335274e-06,-0.36942862636513274,-0.15363707552454928,5058,0.19682876252729875,0.4211150652431791,Uses full-text regex maximum amount.,
m7_regex_amount,C(cause_group)[T.离婚纠纷],0.19598659124925744,0.3597010801903175,0.5858500751664233,-0.5090145711239188,0.9009877536224337,5058,0.19682876252729875,0.4211150652431791,Uses full-text regex maximum amount.,
m7_regex_amount,C(cause_group)[T.种植、养殖回收合同纠纷],-0.18867143881704007,0.029414898426849426,1.4161489450749866e-10,-0.24632358034256885,-0.1310192972915113,5058,0.19682876252729875,0.4211150652431791,Uses full-text regex maximum amount.,
m7_regex_amount,C(cause_group)[T.租赁合同纠纷],-0.2622308835229857,0.06340419311456891,3.536273255390113e-05,-0.3865008184963632,-0.13796094854960816,5058,0.19682876252729875,0.4211150652431791,Uses full-text regex maximum amount.,
m7_regex_amount,C(cause_group)[T.窃取、收买、非法提供信用卡信息罪],0.0,0.0,,0.0,0.0,5058,0.19682876252729875,0.4211150652431791,Uses full-text regex maximum amount.,
m7_regex_amount,C(cause_group)[T.窝藏、包庇罪],0.0,0.0,,0.0,0.0,5058,0.19682876252729875,0.4211150652431791,Uses full-text regex maximum amount.,
m7_regex_amount,C(cause_group)[T.竞业限制纠纷],-0.22707255008669514,0.05233166824302285,1.4306482272947346e-05,-0.3296407350939184,-0.12450436507947187,5058,0.19682876252729875,0.4211150652431791,Uses full-text regex maximum amount.,
m7_regex_amount,C(cause_group)[T.组织、领导传销活动],0.0,0.0,,0.0,0.0,5058,0.19682876252729875,0.4211150652431791,Uses full-text regex maximum amount.,
m7_regex_amount,C(cause_group)[T.组织、领导传销活动罪],0.0,0.0,,0.0,0.0,5058,0.19682876252729875,0.4211150652431791,Uses full-text regex maximum amount.,
m7_regex_amount,C(cause_group)[T.组织他人偷越国（边）境罪],0.0,0.0,,0.0,0.0,5058,0.19682876252729875,0.4211150652431791,Uses full-text regex maximum amount.,
m7_regex_amount,C(cause_group)[T.组织卖淫罪],0.0,0.0,,0.0,0.0,5058,0.19682876252729875,0.4211150652431791,Uses full-text regex maximum amount.,
m7_regex_amount,C(cause_group)[T.组织淫秽表演罪],0.0,0.0,,0.0,0.0,5058,0.19682876252729875,0.4211150652431791,Uses full-text regex maximum amount.,
m7_regex_amount,C(cause_group)[T.绑架罪],0.0,0.0,,0.0,0.0,5058,0.19682876252729875,0.4211150652431791,Uses full-text regex maximum amount.,
m7_regex_amount,C(cause_group)[T.缔约过失责任纠纷],0.33436142945767344,0.26759543619218873,0.21148098051089792,-0.19011598790630257,0.8588388468216495,5058,0.19682876252729875,0.4211150652431791,Uses full-text regex maximum amount.,
m7_regex_amount,C(cause_group)[T.网络侵害虚拟财产纠纷],0.12075312480186222,0.29059831089383953,0.677751921593015,-0.44880909851823686,0.6903153481219613,5058,0.19682876252729875,0.4211150652431791,Uses full-text regex maximum amount.,
m7_regex_amount,C(cause_group)[T.网络侵权责任纠纷],-0.0516326253051147,0.09909449431089938,0.6023358840590876,-0.24585426522068676,0.14258901461045737,5058,0.19682876252729875,0.4211150652431791,Uses full-text regex maximum amount.,
m7_regex_amount,C(cause_group)[T.网络域名合同纠纷],-0.06874988351094448,0.04699967894228419,0.1435293744615551,-0.16086756152276707,0.023367794500878114,5058,0.19682876252729875,0.4211150652431791,Uses full-text regex maximum amount.,
m7_regex_amount,C(cause_group)[T.网络域名权属纠纷],0.0,0.0,,0.0,0.0,5058,0.19682876252729875,0.4211150652431791,Uses full-text regex maximum amount.,
m7_regex_amount,C(cause_group)[T.网络服务合同纠纷],-0.17408591389201838,0.05912822171808848,0.0032378000711985665,-0.28997509892937084,-0.058196728854665924,5058,0.19682876252729875,0.4211150652431791,Uses full-text regex maximum amount.,
m7_regex_amount,C(cause_group)[T.职务侵占罪],0.0,0.0,,0.0,0.0,5058,0.19682876252729875,0.4211150652431791,Uses full-text regex maximum amount.,
m7_regex_amount,C(cause_group)[T.联营合同纠纷],-0.1424156077769745,0.03296077753205766,1.5549275132934952e-05,-0.20701754464224453,-0.07781367091170449,5058,0.19682876252729875,0.4211150652431791,Uses full-text regex maximum amount.,
m7_regex_amount,C(cause_group)[T.肖像权纠纷],0.8255926397257293,0.11271685665646963,2.398224229072941e-13,0.604671660228485,1.0465136192229736,5058,0.19682876252729875,0.4211150652431791,Uses full-text regex maximum amount.,
m7_regex_amount,C(cause_group)[T.股东出资纠纷],-0.2725553628917629,0.05268901158515793,2.304796037452615e-07,-0.3758239279796861,-0.1692867978038397,5058,0.19682876252729875,0.4211150652431791,Uses full-text regex maximum amount.,
m7_regex_amount,C(cause_group)[T.股东损害公司债权人利益责任纠纷],-0.08569612132689357,0.16393387429674733,0.6011495608020396,-0.40700061079463484,0.23560836814084768,5058,0.19682876252729875,0.4211150652431791,Uses full-text regex maximum amount.,
m7_regex_amount,C(cause_group)[T.股东知情权纠纷],0.0,0.0,,0.0,0.0,5058,0.19682876252729875,0.4211150652431791,Uses full-text regex maximum amount.,
m7_regex_amount,C(cause_group)[T.股东资格确认纠纷],-0.4001140889663632,0.03395615031129815,4.761616413324932e-32,-0.4666669206301361,-0.3335612573025903,5058,0.19682876252729875,0.4211150652431791,Uses full-text regex maximum amount.,
m7_regex_amount,C(cause_group)[T.股权转让纠纷],-0.21008845023262646,0.13838554837329914,0.12897944833778327,-0.48131914102511825,0.061142240559865335,5058,0.19682876252729875,0.4211150652431791,Uses full-text regex maximum amount.,
m7_regex_amount,C(cause_group)[T.著作权合同纠纷],-0.12668210072806413,0.031905282218121125,7.170141072562434e-05,-0.18921530479216775,-0.06414889666396051,5058,0.19682876252729875,0.4211150652431791,Uses full-text regex maximum amount.,
m7_regex_amount,C(cause_group)[T.著作权权属、侵权纠纷],0.0,0.0,,0.0,0.0,5058,0.19682876252729875,0.4211150652431791,Uses full-text regex maximum amount.,
m7_regex_amount,C(cause_group)[T.著作权权属纠纷],-0.22287985972098198,0.0712903124302543,0.0017697902151370649,-0.36260630453088855,-0.08315341491107542,5058,0.19682876252729875,0.4211150652431791,Uses full-text regex maximum amount.,
m7_regex_amount,C(cause_group)[T.著作权许可使用合同纠纷],-0.15489911704175457,0.05913362729397455,0.008806497117990902,-0.27079889681315944,-0.038999337270349724,5058,0.19682876252729875,0.4211150652431791,Uses full-text regex maximum amount.,
m7_regex_amount,C(cause_group)[T.虚假诉讼罪],0.0,0.0,,0.0,0.0,5058,0.19682876252729875,0.4211150652431791,Uses full-text regex maximum amount.,
m7_regex_amount,C(cause_group)[T.融资租赁合同纠纷],-0.32224537507589623,0.04696028061873672,6.7863289996106294e-12,-0.41428583379251455,-0.23020491635927792,5058,0.19682876252729875,0.4211150652431791,Uses full-text regex maximum amount.,
m7_regex_amount,C(cause_group)[T.行政],0.0,0.0,,0.0,0.0,5058,0.19682876252729875,0.4211150652431791,Uses full-text regex maximum amount.,
m7_regex_amount,C(cause_group)[T.行政处罚],0.0,0.0,,0.0,0.0,5058,0.19682876252729875,0.4211150652431791,Uses full-text regex maximum amount.,
m7_regex_amount,C(cause_group)[T.行政复议],0.0,0.0,,0.0,0.0,5058,0.19682876252729875,0.4211150652431791,Uses full-text regex maximum amount.,
m7_regex_amount,C(cause_group)[T.行政强制],0.0,0.0,,0.0,0.0,5058,0.19682876252729875,0.4211150652431791,Uses full-text regex maximum amount.,
m7_regex_amount,C(cause_group)[T.行政强制措施],0.0,0.0,,0.0,0.0,5058,0.19682876252729875,0.4211150652431791,Uses full-text regex maximum amount.,
m7_regex_amount,C(cause_group)[T.行政拘留],0.0,0.0,,0.0,0.0,5058,0.19682876252729875,0.4211150652431791,Uses full-text regex maximum amount.,
m7_regex_amount,C(cause_group)[T.行政撤销],0.0,0.0,,0.0,0.0,5058,0.19682876252729875,0.4211150652431791,Uses full-text regex maximum amount.,
m7_regex_amount,C(cause_group)[T.行政监察],0.0,0.0,,0.0,0.0,5058,0.19682876252729875,0.4211150652431791,Uses full-text regex maximum amount.,
m7_regex_amount,C(cause_group)[T.行政确认],0.0,0.0,,0.0,0.0,5058,0.19682876252729875,0.4211150652431791,Uses full-text regex maximum amount.,
m7_regex_amount,C(cause_group)[T.行政非诉执行],0.0,0.0,,0.0,0.0,5058,0.19682876252729875,0.4211150652431791,Uses full-text regex maximum amount.,
m7_regex_amount,C(cause_group)[T.行纪合同纠纷],0.08496487953918996,0.2009654502147435,0.672453215839942,-0.30892016501858455,0.4788499240969645,5058,0.19682876252729875,0.4211150652431791,Uses full-text regex maximum amount.,
m7_regex_amount,C(cause_group)[T.被继承人债务清偿纠纷],-0.1649310124379768,0.11101557162791656,0.13736998585754717,-0.3825175345518199,0.0526555096758663,5058,0.19682876252729875,0.4211150652431791,Uses full-text regex maximum amount.,
m7_regex_amount,C(cause_group)[T.装饰装修合同纠纷],0.18755782602344004,0.2004703617115268,0.34948494106745476,-0.20535686289886992,0.58047251494575,5058,0.19682876252729875,0.4211150652431791,Uses full-text regex maximum amount.,
m7_regex_amount,C(cause_group)[T.计算机软件开发合同纠纷],-0.04143620678123549,0.08586662879325009,0.6294048252327475,-0.20973170668987567,0.12685929312740468,5058,0.19682876252729875,0.4211150652431791,Uses full-text regex maximum amount.,
m7_regex_amount,C(cause_group)[T.计算机软件著作权许可使用合同纠纷],-0.1873572852109791,0.032351115088913536,6.981448540301504e-09,-0.25076430564495994,-0.12395026477699826,5058,0.19682876252729875,0.4211150652431791,Uses full-text regex maximum amount.,
m7_regex_amount,C(cause_group)[T.诈骗],0.0,0.0,,0.0,0.0,5058,0.19682876252729875,0.4211150652431791,Uses full-text regex maximum amount.,
m7_regex_amount,C(cause_group)[T.诈骗罪],0.0,0.0,,0.0,0.0,5058,0.19682876252729875,0.4211150652431791,Uses full-text regex maximum amount.,
m7_regex_amount,C(cause_group)[T.诬告陷害罪],0.0,0.0,,0.0,0.0,5058,0.19682876252729875,0.4211150652431791,Uses full-text regex maximum amount.,
m7_regex_amount,C(cause_group)[T.财产保险合同纠纷],-0.15253558562810662,0.030970579651873685,8.428403979118164e-07,-0.21323680632610809,-0.09183436493010516,5058,0.19682876252729875,0.4211150652431791,Uses full-text regex maximum amount.,
m7_regex_amount,C(cause_group)[T.财产损失保险合同纠纷],-0.2371537484989998,0.029076382979707494,3.4563594875501205e-16,-0.2941424119399199,-0.1801650850580797,5058,0.19682876252729875,0.4211150652431791,Uses full-text regex maximum amount.,
m7_regex_amount,C(cause_group)[T.财产损害赔偿纠纷],0.1422479924416635,0.11089758953547414,0.19959829232509418,-0.0751072890201718,0.3596032739034988,5058,0.19682876252729875,0.4211150652431791,Uses full-text regex maximum amount.,
m7_regex_amount,C(cause_group)[T.贪污罪],0.0,0.0,,0.0,0.0,5058,0.19682876252729875,0.4211150652431791,Uses full-text regex maximum amount.,
m7_regex_amount,C(cause_group)[T.贷款诈骗罪],0.0,0.0,,0.0,0.0,5058,0.19682876252729875,0.4211150652431791,Uses full-text regex maximum amount.,
m7_regex_amount,C(cause_group)[T.赌博罪],0.0,0.0,,0.0,0.0,5058,0.19682876252729875,0.4211150652431791,Uses full-text regex maximum amount.,
m7_regex_amount,C(cause_group)[T.赠与合同纠纷],0.4166127545376699,0.0785155176597101,1.1198328324525181e-07,0.2627251676971195,0.5705003413782203,5058,0.19682876252729875,0.4211150652431791,Uses full-text regex maximum amount.,
m7_regex_amount,C(cause_group)[T.走私、贩卖、运输、制造毒品],0.0,0.0,,0.0,0.0,5058,0.19682876252729875,0.4211150652431791,Uses full-text regex maximum amount.,
m7_regex_amount,C(cause_group)[T.走私、贩卖、运输、制造毒品罪],0.0,0.0,,0.0,0.0,5058,0.19682876252729875,0.4211150652431791,Uses full-text regex maximum amount.,
m7_regex_amount,C(cause_group)[T.走私普通货物、物品罪],0.0,0.0,,0.0,0.0,5058,0.19682876252729875,0.4211150652431791,Uses full-text regex maximum amount.,
m7_regex_amount,C(cause_group)[T.走私武器、弹药罪],0.0,0.0,,0.0,0.0,5058,0.19682876252729875,0.4211150652431791,Uses full-text regex maximum amount.,
m7_regex_amount,C(cause_group)[T.走私罪],0.0,0.0,,0.0,0.0,5058,0.19682876252729875,0.4211150652431791,Uses full-text regex maximum amount.,
m7_regex_amount,C(cause_group)[T.车辆租赁合同纠纷],-0.22405351726039713,0.030941315894074103,4.4459839655946364e-13,-0.28469738204705913,-0.16340965247373515,5058,0.19682876252729875,0.4211150652431791,Uses full-text regex maximum amount.,
m7_regex_amount,C(cause_group)[T.运输合同纠纷],0.11332875301966538,0.2633653317894338,0.6669701065739807,-0.40285781206406657,0.6295153181033973,5058,0.19682876252729875,0.4211150652431791,Uses full-text regex maximum amount.,
m7_regex_amount,C(cause_group)[T.运送他人偷越国（边）境罪],0.0,0.0,,0.0,0.0,5058,0.19682876252729875,0.4211150652431791,Uses full-text regex maximum amount.,
m7_regex_amount,C(cause_group)[T.返还原物纠纷],0.10012337604895553,0.10802891818529908,0.3540199312775646,-0.11160941288305477,0.31185616498096586,5058,0.19682876252729875,0.4211150652431791,Uses full-text regex maximum amount.,
m7_regex_amount,C(cause_group)[T.追偿权纠纷],-0.20430699965857774,0.1052908679061347,0.05233040509601146,-0.410673308655566,0.002059309338410531,5058,0.19682876252729875,0.4211150652431791,Uses full-text regex maximum amount.,
m7_regex_amount,C(cause_group)[T.追加、变更被执行人异议之诉],-0.4068657199623773,0.03357506500403898,8.47084517133049e-34,-0.47267163814888485,-0.34105980177586975,5058,0.19682876252729875,0.4211150652431791,Uses full-text regex maximum amount.,
m7_regex_amount,C(cause_group)[T.追索劳动报酬纠纷],0.0,0.0,,0.0,0.0,5058,0.19682876252729875,0.4211150652431791,Uses full-text regex maximum amount.,
m7_regex_amount,C(cause_group)[T.金融借款合同纠纷],-0.3701414566138956,0.031898324024035286,3.9422384292947803e-31,-0.4326610228681935,-0.30762189035959764,5058,0.19682876252729875,0.4211150652431791,Uses full-text regex maximum amount.,
m7_regex_amount,C(cause_group)[T.铁路运输财产损害责任纠纷],0.38268165922207414,0.027400905091829658,2.5127284120355997e-44,0.32897687209828785,0.43638644634586043,5058,0.19682876252729875,0.4211150652431791,Uses full-text regex maximum amount.,
m7_regex_amount,C(cause_group)[T.银行卡纠纷],-0.24835948514336534,0.053253428117725106,3.105323048480304e-06,-0.35273428630739917,-0.1439846839793315,5058,0.19682876252729875,0.4211150652431791,Uses full-text regex maximum amount.,
m7_regex_amount,C(cause_group)[T.销售假冒注册商标的商品罪],0.0,0.0,,0.0,0.0,5058,0.19682876252729875,0.4211150652431791,Uses full-text regex maximum amount.,
m7_regex_amount,C(cause_group)[T.隐私权纠纷],0.0,0.0,,0.0,0.0,5058,0.19682876252729875,0.4211150652431791,Uses full-text regex maximum amount.,
m7_regex_amount,C(cause_group)[T.集资诈骗罪],0.0,0.0,,0.0,0.0,5058,0.19682876252729875,0.4211150652431791,Uses full-text regex maximum amount.,
m7_regex_amount,C(cause_group)[T.非法侵入计算机信息系统罪],0.0,0.0,,0.0,0.0,5058,0.19682876252729875,0.4211150652431791,Uses full-text regex maximum amount.,
m7_regex_amount,C(cause_group)[T.非法出售增值税专用发票罪],0.0,0.0,,0.0,0.0,5058,0.19682876252729875,0.4211150652431791,Uses full-text regex maximum amount.,
m7_regex_amount,C(cause_group)[T.非法利用信息网络],0.0,0.0,,0.0,0.0,5058,0.19682876252729875,0.4211150652431791,Uses full-text regex maximum amount.,
m7_regex_amount,C(cause_group)[T.非法利用信息网络罪],0.0,0.0,,0.0,0.0,5058,0.19682876252729875,0.4211150652431791,Uses full-text regex maximum amount.,
m7_regex_amount,C(cause_group)[T.非法制造、买卖、运输、邮寄、储存枪支、弹药、爆炸物罪],0.0,0.0,,0.0,0.0,5058,0.19682876252729875,0.4211150652431791,Uses full-text regex maximum amount.,
m7_regex_amount,C(cause_group)[T.非法吸收公众存款],0.0,0.0,,0.0,0.0,5058,0.19682876252729875,0.4211150652431791,Uses full-text regex maximum amount.,
m7_regex_amount,C(cause_group)[T.非法吸收公众存款罪],0.0,0.0,,0.0,0.0,5058,0.19682876252729875,0.4211150652431791,Uses full-text regex maximum amount.,
m7_regex_amount,C(cause_group)[T.非法拘禁罪],0.0,0.0,,0.0,0.0,5058,0.19682876252729875,0.4211150652431791,Uses full-text regex maximum amount.,
m7_regex_amount,C(cause_group)[T.非法持有毒品罪],0.0,0.0,,0.0,0.0,5058,0.19682876252729875,0.4211150652431791,Uses full-text regex maximum amount.,
m7_regex_amount,C(cause_group)[T.非法种植毒品原植物罪],0.0,0.0,,0.0,0.0,5058,0.19682876252729875,0.4211150652431791,Uses full-text regex maximum amount.,
m7_regex_amount,C(cause_group)[T.非法获取计算机信息系统数据、非法控制计算机信息系统罪],0.0,0.0,,0.0,0.0,5058,0.19682876252729875,0.4211150652431791,Uses full-text regex maximum amount.,
m7_regex_amount,C(cause_group)[T.食品、药品监管渎职罪],0.0,0.0,,0.0,0.0,5058,0.19682876252729875,0.4211150652431791,Uses full-text regex maximum amount.,
m7_regex_amount,C(cause_group)[T.餐饮服务合同纠纷],0.8395979240415097,0.06689699160622083,3.944690164014917e-36,0.7084822298192386,0.9707136182637808,5058,0.19682876252729875,0.4211150652431791,Uses full-text regex maximum amount.,
m7_regex_amount,post2021,0.08158045060675766,0.013629397928494163,2.155618942021716e-09,0.05486732153594428,0.10829357967757103,5058,0.19682876252729875,0.4211150652431791,Uses full-text regex maximum amount.,
m7_regex_amount,log_regex_text_max,-0.012199717429646055,0.0030424657830000258,6.0766973432858206e-05,-0.01816284078852156,-0.00623659407077055,5058,0.19682876252729875,0.4211150652431791,Uses full-text regex maximum amount.,
m7_regex_amount,amount_llm_regex_conflict_flag,-0.08236518494253622,0.03237731037430644,0.010961717987964924,-0.14582354719245189,-0.018906822692620548,5058,0.19682876252729875,0.4211150652431791,Uses full-text regex maximum amount.,
m8_region_big4,Intercept,0.3389913178077345,0.055333744674760973,8.994412250976556e-10,0.23053917111546798,0.44744346450000105,5048,0.19777593058240062,0.4215530903328051,Adds Big4 region indicator.,
m8_region_big4,"C(transaction_type, Treatment(reference='借贷'))[T.投资/理财]",0.2527489260015312,0.022471876363861776,2.3867083882226907e-29,0.20870485766332522,0.2967929943397372,5048,0.19777593058240062,0.4215530903328051,Adds Big4 region indicator.,
m8_region_big4,"C(transaction_type, Treatment(reference='借贷'))[T.交易/买卖]",0.16895144902226614,0.03886290555465878,1.3777937183946786e-05,0.09278155380055332,0.24512134424397897,5048,0.19777593058240062,0.4215530903328051,Adds Big4 region indicator.,
m8_region_big4,"C(transaction_type, Treatment(reference='借贷'))[T.ICO/发币]",0.4943704010693515,0.11092074767585858,8.312638356712006e-06,0.27696973048641377,0.7117710716522891,5048,0.19777593058240062,0.4215530903328051,Adds Big4 region indicator.,
m8_region_big4,"C(transaction_type, Treatment(reference='借贷'))[T.挖矿]",0.061032227736952493,0.03799935215426839,0.10824345191884663,-0.01344513392126806,0.13550958939517305,5048,0.19777593058240062,0.4215530903328051,Adds Big4 region indicator.,
m8_region_big4,"C(transaction_type, Treatment(reference='借贷'))[T.技术服务]",-0.10952524769965108,0.06116252539567704,0.07333747676647047,-0.2294015946786945,0.010351099279392345,5048,0.19777593058240062,0.4215530903328051,Adds Big4 region indicator.,
m8_region_big4,"C(transaction_type, Treatment(reference='借贷'))[T.其他民商事]",-0.15490564639578705,0.0323442002498229,1.6737524707613335e-06,-0.21829911399419136,-0.09151217879738274,5048,0.19777593058240062,0.4215530903328051,Adds Big4 region indicator.,
m8_region_big4,"C(transaction_type, Treatment(reference='借贷'))[T.其他/未分类]",-0.0504281675534385,0.07130985279079531,0.47946102270365987,-0.1901929107662504,0.08933657565937338,5048,0.19777593058240062,0.4215530903328051,Adds Big4 region indicator.,
m8_region_big4,"C(transaction_type, Treatment(reference='借贷'))[T.未分类]",9.162961869989446e-15,1.6522804255071964e-15,2.92871303171249e-08,5.924551743634825e-15,1.2401371996344067e-14,5048,0.19777593058240062,0.4215530903328051,Adds Big4 region indicator.,
m8_region_big4,C(court_level_group)[T.基层法院],0.017610933893442093,0.014330733716221088,0.2191120429088912,-0.010476788062385087,0.04569865584926927,5048,0.19777593058240062,0.4215530903328051,Adds Big4 region indicator.,
m8_region_big4,C(court_level_group)[T.最高人民法院],-0.15731835152268717,0.09837701747042558,0.10979011318082671,-0.350133762671189,0.035497059625814675,5048,0.19777593058240062,0.4215530903328051,Adds Big4 region indicator.,
m8_region_big4,C(court_level_group)[T.高级法院],-0.015063803156933203,0.10500561850963057,0.8859291776329652,-0.22087103361016158,0.19074342729629518,5048,0.19777593058240062,0.4215530903328051,Adds Big4 region indicator.,
m8_region_big4,C(cause_group)[T.不当得利纠纷],0.29072936837231894,0.037024229107167426,4.0812288835085445e-15,0.21816321276691122,0.3632955239777267,5048,0.19777593058240062,0.4215530903328051,Adds Big4 region indicator.,
m8_region_big4,C(cause_group)[T.不正当竞争纠纷],0.40410942079457624,0.18049593636175465,0.02516348037727136,0.05034388616970359,0.7578749554194488,5048,0.19777593058240062,0.4215530903328051,Adds Big4 region indicator.,
m8_region_big4,C(cause_group)[T.与公司有关的纠纷],-0.12272291001176812,0.17505516289722375,0.48327007235179054,-0.465824724598119,0.2203789045745828,5048,0.19777593058240062,0.4215530903328051,Adds Big4 region indicator.,
m8_region_big4,C(cause_group)[T.专利行政管理],1.8275275061126478e-14,5.435471653070987e-16,7.937651497087048e-248,1.7209942193225724e-14,1.9340607929027232e-14,5048,0.19777593058240062,0.4215530903328051,Adds Big4 region indicator.,
m8_region_big4,C(cause_group)[T.业主撤销权纠纷],0.1824018882591602,0.2623012472447764,0.4868103908406165,-0.33169910944053754,0.696502885958858,5048,0.19777593058240062,0.4215530903328051,Adds Big4 region indicator.,
m8_region_big4,C(cause_group)[T.中介合同纠纷],-0.2376946703662477,0.02953764774616812,8.472582156665409e-16,-0.29558739613676793,-0.1798019445957275,5048,0.19777593058240062,0.4215530903328051,Adds Big4 region indicator.,
m8_region_big4,C(cause_group)[T.买卖合同纠纷],-0.03046179660567975,0.043545509477761285,0.4842150417023633,-0.11580942687053944,0.05488583365917995,5048,0.19777593058240062,0.4215530903328051,Adds Big4 region indicator.,
m8_region_big4,C(cause_group)[T.互易纠纷],-0.28258138255619064,0.059357502417817495,1.9295291182907016e-06,-0.3989199495073621,-0.1662428156050192,5048,0.19777593058240062,0.4215530903328051,Adds Big4 region indicator.,
m8_region_big4,C(cause_group)[T.交通肇事罪],-1.5144573366219767e-14,5.341514847969548e-16,7.778631777702878e-177,-1.6191491038710394e-14,-1.4097655693729142e-14,5048,0.19777593058240062,0.4215530903328051,Adds Big4 region indicator.,
m8_region_big4,C(cause_group)[T.产品责任纠纷],2.720736359708789e-14,3.810698914602596e-16,0.0,2.6460480334233194e-14,2.795424685994259e-14,5048,0.19777593058240062,0.4215530903328051,Adds Big4 region indicator.,
m8_region_big4,C(cause_group)[T.人身保险合同纠纷],-0.1641519478028446,0.03070462252300944,8.983781092742573e-08,-0.22433190210684045,-0.10397199349884872,5048,0.19777593058240062,0.4215530903328051,Adds Big4 region indicator.,
m8_region_big4,C(cause_group)[T.仓储合同纠纷],0.5370110483517453,0.034919859368034226,2.285775519515013e-53,0.46856938164519457,0.605452715058296,5048,0.19777593058240062,0.4215530903328051,Adds Big4 region indicator.,
m8_region_big4,C(cause_group)[T.仿冒纠纷],-1.3762219623536166e-14,1.8713659795523035e-16,0.0,-1.412900061571777e-14,-1.3395438631354562e-14,5048,0.19777593058240062,0.4215530903328051,Adds Big4 region indicator.,
m8_region_big4,C(cause_group)[T.企业承包经营合同纠纷],-0.14006722159583693,0.030629072320406386,4.807546252256349e-06,-0.2000991002237061,-0.08003534296796774,5048,0.19777593058240062,0.4215530903328051,Adds Big4 region indicator.,
m8_region_big4,C(cause_group)[T.传播淫秽物品罪],-2.6700275022315267e-15,2.189856958549547e-16,3.399561724805824e-34,-3.0992315792366802e-15,-2.2408234252263733e-15,5048,0.19777593058240062,0.4215530903328051,Adds Big4 region indicator.,
m8_region_big4,C(cause_group)[T.伪造、变造、买卖国家机关公文、证件、印章罪],1.0111972731481734e-14,2.1902100325006953e-16,0.0,9.682699453253767e-15,1.05412460097097e-14,5048,0.19777593058240062,0.4215530903328051,Adds Big4 region indicator.,
m8_region_big4,C(cause_group)[T.伪造、变造、买卖身份证件罪],-3.4542643191791834e-14,1.7338101690688927e-16,0.0,-3.4882463740532267e-14,-3.42028226430514e-14,5048,0.19777593058240062,0.4215530903328051,Adds Big4 region indicator.,
m8_region_big4,C(cause_group)[T.伪造、变造金融票证罪],5.0884701762828974e-14,1.4464448278758888e-16,0.0,5.060120378600288e-14,5.116819973965507e-14,5048,0.19777593058240062,0.4215530903328051,Adds Big4 region indicator.,
m8_region_big4,C(cause_group)[T.供用电合同纠纷],-0.41037976206176535,0.03591968676181633,3.139230238196664e-30,-0.48078105445088554,-0.33997846967264517,5048,0.19777593058240062,0.4215530903328051,Adds Big4 region indicator.,
m8_region_big4,C(cause_group)[T.侵占罪],-1.82747605872002e-14,2.5558018060616764e-16,0.0,-1.877568853635053e-14,-1.777383263804987e-14,5048,0.19777593058240062,0.4215530903328051,Adds Big4 region indicator.,
m8_region_big4,C(cause_group)[T.侵害作品信息网络传播权纠纷],0.3390144261727218,0.20698742721144409,0.10145291929179956,-0.06667347641431454,0.7447023287597582,5048,0.19777593058240062,0.4215530903328051,Adds Big4 region indicator.,
m8_region_big4,C(cause_group)[T.侵害作品发行权纠纷],-3.0345599294725706e-14,1.3469964689046938e-16,0.0,-3.060960575136129e-14,-3.0081592838090124e-14,5048,0.19777593058240062,0.4215530903328051,Adds Big4 region indicator.,
m8_region_big4,C(cause_group)[T.侵害作品复制权纠纷],-1.8689879065330234e-15,2.006933555423525e-16,1.2467653311194665e-20,-2.2623396553325262e-15,-1.4756361577335205e-15,5048,0.19777593058240062,0.4215530903328051,Adds Big4 region indicator.,
m8_region_big4,C(cause_group)[T.侵害作品展览权纠纷],-3.651672363063033e-14,1.7370769117405043e-16,0.0,-3.685718444916907e-14,-3.6176262812091585e-14,5048,0.19777593058240062,0.4215530903328051,Adds Big4 region indicator.,
m8_region_big4,C(cause_group)[T.侵害作品广播权纠纷],9.04237253254493e-15,1.4553796946981242e-16,0.0,8.757123354001009e-15,9.327621711088852e-15,5048,0.19777593058240062,0.4215530903328051,Adds Big4 region indicator.,
m8_region_big4,C(cause_group)[T.侵害作品改编权纠纷],-0.14450918075925911,0.11612782844575038,0.21335329825804095,-0.37211554211577585,0.08309718059725762,5048,0.19777593058240062,0.4215530903328051,Adds Big4 region indicator.,
m8_region_big4,C(cause_group)[T.侵害其他著作财产权纠纷],-7.151532392284614e-15,1.5715887969053756e-16,0.0,-7.459558136328731e-15,-6.843506648240497e-15,5048,0.19777593058240062,0.4215530903328051,Adds Big4 region indicator.,
m8_region_big4,C(cause_group)[T.侵害发明专利权纠纷],-6.349694398390797e-15,2.1156716372085178e-16,6.708007114121041e-198,-6.764358419594956e-15,-5.9350303771866385e-15,5048,0.19777593058240062,0.4215530903328051,Adds Big4 region indicator.,
m8_region_big4,C(cause_group)[T.侵害商标权纠纷],0.255523709930218,0.16351415582256365,0.11812297491333926,-0.06495814644447712,0.5760055663049131,5048,0.19777593058240062,0.4215530903328051,Adds Big4 region indicator.,
m8_region_big4,C(cause_group)[T.侵害外观设计专利权纠纷],0.46949770052865375,0.32716190264536527,0.1512693557481209,-0.1717278457698616,1.110723246827169,5048,0.19777593058240062,0.4215530903328051,Adds Big4 region indicator.,
m8_region_big4,C(cause_group)[T.侵害实用新型专利权纠纷],-1.0900283134025487e-14,1.3892613629975156e-16,0.0,-1.1172573357684302e-14,-1.0627992910366672e-14,5048,0.19777593058240062,0.4215530903328051,Adds Big4 region indicator.,
m8_region_big4,C(cause_group)[T.侵害录音录像制作者权纠纷],1.999275470780908e-15,1.4012697733714514e-16,3.4836926232557725e-46,1.7246316419376432e-15,2.273919299624173e-15,5048,0.19777593058240062,0.4215530903328051,Adds Big4 region indicator.,
m8_region_big4,C(cause_group)[T.侵害计算机软件著作权纠纷],1.1320343284222969e-14,1.25485615637072e-16,0.0,1.1074395996996471e-14,1.1566290571449466e-14,5048,0.19777593058240062,0.4215530903328051,Adds Big4 region indicator.,
m8_region_big4,C(cause_group)[T.侵权责任纠纷],0.22771560934158697,0.15446621054757093,0.14042509815142612,-0.07503260016003305,0.5304638188432069,5048,0.19777593058240062,0.4215530903328051,Adds Big4 region indicator.,
m8_region_big4,C(cause_group)[T.侵犯公民个人信息罪],-6.671996564164261e-16,2.3561576129659165e-16,0.004629726993439665,-1.1289980627477323e-15,-2.0540125008512008e-16,5048,0.19777593058240062,0.4215530903328051,Adds Big4 region indicator.,
m8_region_big4,C(cause_group)[T.侵犯著作权罪],3.911412070925702e-15,1.1748174175223652e-16,4.749281222755139e-243,3.681152088250283e-15,4.141672053601121e-15,5048,0.19777593058240062,0.4215530903328051,Adds Big4 region indicator.,
m8_region_big4,C(cause_group)[T.保管合同纠纷],-0.12173157485844814,0.287921504546003,0.6724453368993548,-0.6860473541431995,0.44258420442630325,5048,0.19777593058240062,0.4215530903328051,Adds Big4 region indicator.,
m8_region_big4,C(cause_group)[T.保证合同纠纷],0.23923147567860495,0.10572636616853245,0.023651606048611315,0.032011605771987306,0.4464513455852226,5048,0.19777593058240062,0.4215530903328051,Adds Big4 region indicator.,
m8_region_big4,C(cause_group)[T.保险代理合同纠纷],0.7635936825150003,0.029696653558478597,8.337778209774166e-146,0.705389311079019,0.8217980539509815,5048,0.19777593058240062,0.4215530903328051,Adds Big4 region indicator.,
m8_region_big4,C(cause_group)[T.信息网络买卖合同纠纷],-0.27788747865269314,0.099588982537949,0.005265213388378916,-0.4730782976840615,-0.08269665962132478,5048,0.19777593058240062,0.4215530903328051,Adds Big4 region indicator.,
m8_region_big4,C(cause_group)[T.信用卡纠纷],-0.3001384425015271,0.055565610635951695,6.608065656669989e-08,-0.4090450381269682,-0.19123184687608602,5048,0.19777593058240062,0.4215530903328051,Adds Big4 region indicator.,
m8_region_big4,C(cause_group)[T.信用卡诈骗罪],-2.1397187675784946e-14,1.1543962145776326e-16,0.0,-2.16234451762311e-14,-2.1170930175338794e-14,5048,0.19777593058240062,0.4215530903328051,Adds Big4 region indicator.,
m8_region_big4,C(cause_group)[T.修理合同纠纷],-0.2486412026350849,0.030750206564135338,6.173797668427734e-16,-0.30891050001795733,-0.18837190525221248,5048,0.19777593058240062,0.4215530903328051,Adds Big4 region indicator.,
m8_region_big4,C(cause_group)[T.借款合同纠纷],0.06411701602480954,0.12007580502503563,0.5933614925372452,-0.17122723723891395,0.299461269288533,5048,0.19777593058240062,0.4215530903328051,Adds Big4 region indicator.,
m8_region_big4,C(cause_group)[T.借用合同纠纷],-0.3139855590597521,0.03507775339106218,3.518591243682601e-19,-0.3827366923648117,-0.2452344257546925,5048,0.19777593058240062,0.4215530903328051,Adds Big4 region indicator.,
m8_region_big4,C(cause_group)[T.债券质权纠纷],0.12990629741855983,0.2704191975007456,0.6309511049265799,-0.40010559041112537,0.6599181852482451,5048,0.19777593058240062,0.4215530903328051,Adds Big4 region indicator.,
m8_region_big4,C(cause_group)[T.债务加入纠纷],-0.6451635178154317,0.027583308330579443,5.448695897414539e-121,-0.699225808717831,-0.5911012269130324,5048,0.19777593058240062,0.4215530903328051,Adds Big4 region indicator.,
m8_region_big4,C(cause_group)[T.债务转移合同纠纷],-0.1554960872455971,0.03030709256608733,2.8869260446270053e-07,-0.21489689715124988,-0.09609527733994433,5048,0.19777593058240062,0.4215530903328051,Adds Big4 region indicator.,
m8_region_big4,C(cause_group)[T.债权人撤销权纠纷],0.4365769323084292,0.29021446759885894,0.1324976577273037,-0.13223297197780082,1.0053868365946592,5048,0.19777593058240062,0.4215530903328051,Adds Big4 region indicator.,
m8_region_big4,C(cause_group)[T.债权转让合同纠纷],0.1188623861276413,0.12550532701965317,0.3436028828712103,-0.12712353469880064,0.3648483069540832,5048,0.19777593058240062,0.4215530903328051,Adds Big4 region indicator.,
m8_region_big4,C(cause_group)[T.假冒注册商标罪],7.976682189639467e-15,9.315024631925807e-17,0.0,7.794111061702687e-15,8.159253317576247e-15,5048,0.19777593058240062,0.4215530903328051,Adds Big4 region indicator.,
m8_region_big4,C(cause_group)[T.偷越国（边）境罪],6.4059534094823574e-15,9.544450319424957e-17,0.0,6.21888562069931e-15,6.593021198265405e-15,5048,0.19777593058240062,0.4215530903328051,Adds Big4 region indicator.,
m8_region_big4,C(cause_group)[T.储蓄存款合同纠纷],-0.09357984458481816,0.030424717466266214,0.002099502166248499,-0.15321119505850667,-0.03394849411112966,5048,0.19777593058240062,0.4215530903328051,Adds Big4 region indicator.,
m8_region_big4,C(cause_group)[T.公司减资纠纷],-1.545090514660388e-15,9.820773510105495e-17,9.00215496954193e-56,-1.7375741384617058e-15,-1.3526068908590702e-15,5048,0.19777593058240062,0.4215530903328051,Adds Big4 region indicator.,
m8_region_big4,C(cause_group)[T.公司解散纠纷],1.739695396416555e-14,8.235922487799418e-17,0.0,1.7235532849610046e-14,1.7558375078721057e-14,5048,0.19777593058240062,0.4215530903328051,Adds Big4 region indicator.,
m8_region_big4,C(cause_group)[T.公安行政管理],7.759295893274879e-15,8.300914260314991e-17,0.0,7.596600963385155e-15,7.921990823164603e-15,5048,0.19777593058240062,0.4215530903328051,Adds Big4 region indicator.,
m8_region_big4,C(cause_group)[T.公益事业捐赠合同纠纷],-0.7300715849849669,0.11130784272536733,5.415856371111182e-11,-0.9482309479235356,-0.5119122220463983,5048,0.19777593058240062,0.4215530903328051,Adds Big4 region indicator.,
m8_region_big4,C(cause_group)[T.共有物分割纠纷],-5.614456296132294e-15,8.157425853938471e-17,0.0,-5.774338904935047e-15,-5.454573687329541e-15,5048,0.19777593058240062,0.4215530903328051,Adds Big4 region indicator.,
m8_region_big4,C(cause_group)[T.共有纠纷],-0.26620879578799156,0.05385095144510966,7.675708957198516e-07,-0.3717547211536217,-0.16066287042236144,5048,0.19777593058240062,0.4215530903328051,Adds Big4 region indicator.,
m8_region_big4,C(cause_group)[T.其他案由],7.040045792343856e-15,1.0451047238173789e-16,0.0,6.835209030468382e-15,7.24488255421933e-15,5048,0.19777593058240062,0.4215530903328051,Adds Big4 region indicator.,
m8_region_big4,C(cause_group)[T.其他行政行为],1.6806972962560137e-14,7.70010092178063e-17,0.0,1.665605375772e-14,1.6957892167400275e-14,5048,0.19777593058240062,0.4215530903328051,Adds Big4 region indicator.,
m8_region_big4,C(cause_group)[T.再保险合同纠纷],-0.2386291849560906,0.029462109132180083,5.517271828080649e-16,-0.2963738577637522,-0.180884512148429,5048,0.19777593058240062,0.4215530903328051,Adds Big4 region indicator.,
m8_region_big4,C(cause_group)[T.出售、购买、运输假币罪],-1.637961423918604e-14,6.21263706974114e-17,0.0,-1.650137968824315e-14,-1.6257848790128927e-14,5048,0.19777593058240062,0.4215530903328051,Adds Big4 region indicator.,
m8_region_big4,C(cause_group)[T.分家析产纠纷],-6.1164576729243614e-15,6.991519214159845e-17,0.0,-6.253488931494092e-15,-5.9794264143546306e-15,5048,0.19777593058240062,0.4215530903328051,Adds Big4 region indicator.,
m8_region_big4,C(cause_group)[T.分期付款买卖合同纠纷],-0.563343496866456,0.04052275748298081,6.167824524351431e-44,-0.6427666420873493,-0.4839203516455627,5048,0.19777593058240062,0.4215530903328051,Adds Big4 region indicator.,
m8_region_big4,C(cause_group)[T.制作、复制、出版、贩卖、传播淫秽物品牟利罪],1.2881546240110325e-15,7.786797062420678e-17,1.8042309845450157e-61,1.1355362060383644e-15,1.4407730419837006e-15,5048,0.19777593058240062,0.4215530903328051,Adds Big4 region indicator.,
m8_region_big4,C(cause_group)[T.制作、贩卖、传播淫秽物品罪],5.540455193364569e-15,5.803733928462929e-17,0.0,5.426704098608164e-15,5.654206288120974e-15,5048,0.19777593058240062,0.4215530903328051,Adds Big4 region indicator.,
m8_region_big4,C(cause_group)[T.劳务合同纠纷],-0.1987949419205427,0.0473497250504394,2.6876098639399364e-05,-0.2915986976972779,-0.10599118614380748,5048,0.19777593058240062,0.4215530903328051,Adds Big4 region indicator.,
m8_region_big4,C(cause_group)[T.劳动争议],-0.12030713020284703,0.0777775114884933,0.12190876528719571,-0.2727482515274442,0.03213399112175011,5048,0.19777593058240062,0.4215530903328051,Adds Big4 region indicator.,
m8_region_big4,C(cause_group)[T.劳动合同纠纷],-0.024429739082720933,0.09074956455282392,0.7877761507722875,-0.20229561721894856,0.15343613905350667,5048,0.19777593058240062,0.4215530903328051,Adds Big4 region indicator.,
m8_region_big4,C(cause_group)[T.占有物返还纠纷],9.82408407372202e-15,8.292150314692754e-17,0.0,9.661560914010117e-15,9.986607233433923e-15,5048,0.19777593058240062,0.4215530903328051,Adds Big4 region indicator.,
m8_region_big4,C(cause_group)[T.危险驾驶罪],-5.3589737760927314e-15,7.37412468098254e-17,0.0,-5.503503964015068e-15,-5.214443588170395e-15,5048,0.19777593058240062,0.4215530903328051,Adds Big4 region indicator.,
m8_region_big4,C(cause_group)[T.发起人责任纠纷],0.0561681526918976,0.2251564490868427,0.8030028317513058,-0.38513037840524045,0.4974666837890357,5048,0.19777593058240062,0.4215530903328051,Adds Big4 region indicator.,
m8_region_big4,C(cause_group)[T.受贿罪],-8.711822881916956e-15,1.2295522096515658e-16,0.0,-8.952810686719826e-15,-8.470835077114085e-15,5048,0.19777593058240062,0.4215530903328051,Adds Big4 region indicator.,
m8_region_big4,C(cause_group)[T.合伙企业纠纷],-0.18755683125759698,0.13261598819314752,0.15727817651319217,-0.4474793918903551,0.07236572937516117,5048,0.19777593058240062,0.4215530903328051,Adds Big4 region indicator.,
m8_region_big4,C(cause_group)[T.合伙协议纠纷],-0.19485200937127217,0.06286584556078699,0.0019385464516714587,-0.3180668025280719,-0.07163721621447243,5048,0.19777593058240062,0.4215530903328051,Adds Big4 region indicator.,
m8_region_big4,C(cause_group)[T.合伙合同纠纷],0.10545248905317481,0.08342017481907353,0.2061896364109711,-0.058048049176244426,0.26895302728259407,5048,0.19777593058240062,0.4215530903328051,Adds Big4 region indicator.,
m8_region_big4,C(cause_group)[T.合作创作合同纠纷],-0.09209882733562888,0.030271914297220426,0.002347112414960868,-0.15143068910126406,-0.03276696556999371,5048,0.19777593058240062,0.4215530903328051,Adds Big4 region indicator.,
m8_region_big4,C(cause_group)[T.合同、准合同纠纷],0.5579755835817869,0.03572575944700094,5.4644284014836556e-55,0.48795438174532346,0.6279967854182503,5048,0.19777593058240062,0.4215530903328051,Adds Big4 region indicator.,
m8_region_big4,C(cause_group)[T.合同、无因管理、不当得利],-0.32336022494521377,0.12524607866432888,0.00982867549868597,-0.5688380283321688,-0.0778824215582587,5048,0.19777593058240062,0.4215530903328051,Adds Big4 region indicator.,
m8_region_big4,C(cause_group)[T.合同纠纷],0.0750129877886694,0.025982028523220364,0.0038879763835344,0.02408914763786508,0.12593682793947372,5048,0.19777593058240062,0.4215530903328051,Adds Big4 region indicator.,
m8_region_big4,C(cause_group)[T.合同诈骗罪],-1.156455533155263e-14,7.078558722172566e-17,0.0,-1.1703292533131731e-14,-1.142581812997353e-14,5048,0.19777593058240062,0.4215530903328051,Adds Big4 region indicator.,
m8_region_big4,C(cause_group)[T.名誉权纠纷],0.5166324945103207,0.03344808282050658,8.051869100444373e-54,0.4510754568302149,0.5821895321904265,5048,0.19777593058240062,0.4215530903328051,Adds Big4 region indicator.,
m8_region_big4,C(cause_group)[T.商品房销售合同纠纷],-0.24862622484123045,0.030745535918444346,6.136359701482916e-16,-0.308886367926764,-0.1883660817556969,5048,0.19777593058240062,0.4215530903328051,Adds Big4 region indicator.,
m8_region_big4,C(cause_group)[T.商品房预售合同纠纷],-0.24652004019507456,0.04900405710634473,4.889352862480473e-07,-0.3425662272198543,-0.1504738531702948,5048,0.19777593058240062,0.4215530903328051,Adds Big4 region indicator.,
m8_region_big4,C(cause_group)[T.商标权权属、侵权纠纷],7.754156021648615e-15,6.310149119843679e-17,0.0,7.630479371528907e-15,7.877832671768322e-15,5048,0.19777593058240062,0.4215530903328051,Adds Big4 region indicator.,
m8_region_big4,C(cause_group)[T.商标权权属纠纷],1.7351529036998068e-15,4.464537374957914e-17,0.0,1.6476495790743018e-15,1.822656228325312e-15,5048,0.19777593058240062,0.4215530903328051,Adds Big4 region indicator.,
m8_region_big4,C(cause_group)[T.因申请诉中财产保全损害责任纠纷],-4.699219175439357e-15,4.2447939580213893e-17,0.0,-4.782415608234508e-15,-4.616022742644206e-15,5048,0.19777593058240062,0.4215530903328051,Adds Big4 region indicator.,
m8_region_big4,C(cause_group)[T.因申请财产保全损害责任纠纷],9.798427374289115e-16,1.9087209944056196e-17,0.0,9.424324933732065e-16,1.0172529814846165e-15,5048,0.19777593058240062,0.4215530903328051,Adds Big4 region indicator.,
m8_region_big4,C(cause_group)[T.国有公司、企业、事业单位人员失职罪],-6.4416064064971215e-15,4.438464323099616e-17,0.0,-6.5285987086965334e-15,-6.35461410429771e-15,5048,0.19777593058240062,0.4215530903328051,Adds Big4 region indicator.,
m8_region_big4,C(cause_group)[T.土地租赁合同纠纷],-0.24676526424130157,0.030225690308066867,3.2386664332070257e-16,-0.306006528652974,-0.18752399982962914,5048,0.19777593058240062,0.4215530903328051,Adds Big4 region indicator.,
m8_region_big4,C(cause_group)[T.妨害信用卡管理罪],2.3038213119475435e-15,2.5493931403051807e-17,0.0,2.2538541245732272e-15,2.35378849932186e-15,5048,0.19777593058240062,0.4215530903328051,Adds Big4 region indicator.,
m8_region_big4,C(cause_group)[T.委托合同纠纷],-0.041993828105059625,0.03365884410781473,0.21216610322055363,-0.10796395031762471,0.023976294107505458,5048,0.19777593058240062,0.4215530903328051,Adds Big4 region indicator.,
m8_region_big4,C(cause_group)[T.委托理财合同纠纷],0.0729805893940398,0.04618776062511666,0.11408739380292442,-0.017545757957746072,0.16350693674582567,5048,0.19777593058240062,0.4215530903328051,Adds Big4 region indicator.,
m8_region_big4,C(cause_group)[T.娱乐服务合同纠纷],-0.19448248293071557,0.060470088287337055,0.0012991086206176768,-0.31300167811585355,-0.07596328774557759,5048,0.19777593058240062,0.4215530903328051,Adds Big4 region indicator.,
m8_region_big4,C(cause_group)[T.婚约财产纠纷],0.3890603243871903,0.23699182954622738,0.10066020787097416,-0.07543512615367082,0.8535557749280513,5048,0.19777593058240062,0.4215530903328051,Adds Big4 region indicator.,
m8_region_big4,C(cause_group)[T.定作合同纠纷],-0.3084520084052581,0.05173378809391603,2.4872246551200365e-09,-0.4098483698531606,-0.20705564695735562,5048,0.19777593058240062,0.4215530903328051,Adds Big4 region indicator.,
m8_region_big4,C(cause_group)[T.定金合同纠纷],0.05807995525678397,0.20558354378471674,0.7775504351048013,-0.3448563863753741,0.4610162968889421,5048,0.19777593058240062,0.4215530903328051,Adds Big4 region indicator.,
m8_region_big4,C(cause_group)[T.容留他人吸毒罪],5.586144965890465e-15,1.8539495014738695e-17,0.0,5.5498082233700174e-15,5.6224817084109126e-15,5048,0.19777593058240062,0.4215530903328051,Adds Big4 region indicator.,
m8_region_big4,C(cause_group)[T.小额借款合同纠纷],5.828004535766838e-15,2.980079442619473e-17,0.0,5.769596051980814e-15,5.886413019552862e-15,5048,0.19777593058240062,0.4215530903328051,Adds Big4 region indicator.,
m8_region_big4,C(cause_group)[T.帮助信息网络犯罪活动],7.183057172314197e-15,2.687231514252546e-18,0.0,7.177790295328141e-15,7.188324049300253e-15,5048,0.19777593058240062,0.4215530903328051,Adds Big4 region indicator.,
m8_region_big4,C(cause_group)[T.帮助信息网络犯罪活动罪],-1.7021646254775444e-15,1.1028952221275577e-17,0.0,-1.7237809746184576e-15,-1.6805482763366313e-15,5048,0.19777593058240062,0.4215530903328051,Adds Big4 region indicator.,
m8_region_big4,C(cause_group)[T.广告合同纠纷],0.03873881484826426,0.1402259420610251,0.7823483975788783,-0.23609898128954526,0.31357661098607376,5048,0.19777593058240062,0.4215530903328051,Adds Big4 region indicator.,
m8_region_big4,C(cause_group)[T.建筑物和物件损害责任纠纷],5.107605755355288e-15,2.018821404954798e-17,0.0,5.068037582905988e-15,5.147173927804588e-15,5048,0.19777593058240062,0.4215530903328051,Adds Big4 region indicator.,
m8_region_big4,C(cause_group)[T.建设工程合同纠纷],-0.21806552927227696,0.0332836925099762,5.6877023171480036e-11,-0.2833003678643359,-0.15283069068021804,5048,0.19777593058240062,0.4215530903328051,Adds Big4 region indicator.,
m8_region_big4,C(cause_group)[T.建设工程施工合同纠纷],0.34922000271811293,0.12394171779653906,0.004838183436878957,0.1062986996548693,0.5921413057813566,5048,0.19777593058240062,0.4215530903328051,Adds Big4 region indicator.,
m8_region_big4,C(cause_group)[T.开设赌场罪],7.030599520565697e-15,4.361193198772405e-17,0.0,6.945121704573548e-15,7.116077336557846e-15,5048,0.19777593058240062,0.4215530903328051,Adds Big4 region indicator.,
m8_region_big4,C(cause_group)[T.悬赏广告纠纷],0.7053257934210168,0.05733211458988244,8.786178348244338e-35,0.5929569136673238,0.8176946731747097,5048,0.19777593058240062,0.4215530903328051,Adds Big4 region indicator.,
m8_region_big4,C(cause_group)[T.房屋买卖合同纠纷],-0.4232308294441782,0.0720047351655095,4.157060804706662e-09,-0.5643575170849215,-0.2821041418034349,5048,0.19777593058240062,0.4215530903328051,Adds Big4 region indicator.,
m8_region_big4,C(cause_group)[T.房屋拆迁安置补偿合同纠纷],0.9333040419874739,0.031465794188676406,2.453270324961572e-193,0.8716322186327183,0.9949758653422294,5048,0.19777593058240062,0.4215530903328051,Adds Big4 region indicator.,
m8_region_big4,C(cause_group)[T.房屋租赁合同纠纷],0.0545608743653542,0.11474637273049809,0.6344370040743392,-0.17033788354303103,0.27945963227373943,5048,0.19777593058240062,0.4215530903328051,Adds Big4 region indicator.,
m8_region_big4,C(cause_group)[T.所有权确认纠纷],-0.5784455084883778,0.029083742367338003,5.071175670292658e-88,-0.6354485960640021,-0.5214424209127536,5048,0.19777593058240062,0.4215530903328051,Adds Big4 region indicator.,
m8_region_big4,C(cause_group)[T.所有权纠纷],0.4069316209422565,0.043397845072581834,6.802454620614128e-21,0.32187340759334704,0.49198983429116594,5048,0.19777593058240062,0.4215530903328051,Adds Big4 region indicator.,
m8_region_big4,C(cause_group)[T.执行异议之诉],0.026231142106977898,0.2955173903239763,0.9292699083372675,-0.5529722997332811,0.6054345839472368,5048,0.19777593058240062,0.4215530903328051,Adds Big4 region indicator.,
m8_region_big4,C(cause_group)[T.执行程序中的异议之诉],-9.638681753480692e-15,2.79412686965272e-26,0.0,-9.638681753535456e-15,-9.638681753425928e-15,5048,0.19777593058240062,0.4215530903328051,Adds Big4 region indicator.,
m8_region_big4,C(cause_group)[T.技术合同纠纷],-0.08622808842630508,0.030479031436370704,0.0046679778082215255,-0.14596589232525578,-0.026490284527354392,5048,0.19777593058240062,0.4215530903328051,Adds Big4 region indicator.,
m8_region_big4,C(cause_group)[T.技术委托开发合同纠纷],-0.16354582297307654,0.030021138516201976,5.102850997616227e-08,-0.22238617323972065,-0.10470547270643243,5048,0.19777593058240062,0.4215530903328051,Adds Big4 region indicator.,
m8_region_big4,C(cause_group)[T.技术服务合同纠纷],-0.12004999274214284,0.060819260490383414,0.04839525693103592,-0.23925355286965422,-0.0008464326146314788,5048,0.19777593058240062,0.4215530903328051,Adds Big4 region indicator.,
m8_region_big4,C(cause_group)[T.抢劫罪],-1.6848723898522058e-16,7.175775565456616e-29,0.0,-1.6848723898536122e-16,-1.6848723898507994e-16,5048,0.19777593058240062,0.4215530903328051,Adds Big4 region indicator.,
m8_region_big4,C(cause_group)[T.抢夺罪],1.3960516879284361e-14,3.9494511300992795e-28,0.0,1.3960516879283586e-14,1.3960516879285136e-14,5048,0.19777593058240062,0.4215530903328051,Adds Big4 region indicator.,
m8_region_big4,C(cause_group)[T.抵押合同纠纷],0.16587144502855458,0.21596257326010496,0.4424536549218675,-0.2574074205698441,0.5891503106269532,5048,0.19777593058240062,0.4215530903328051,Adds Big4 region indicator.,
m8_region_big4,C(cause_group)[T.担保物权确认纠纷],-0.2571562917525773,0.05460380821849354,2.483328682268793e-06,-0.36417778927955685,-0.15013479422559778,5048,0.19777593058240062,0.4215530903328051,Adds Big4 region indicator.,
m8_region_big4,C(cause_group)[T.拒不执行判决、裁定罪],-3.1482228889612062e-15,1.5431387312873438e-28,0.0,-3.1482228889615088e-15,-3.1482228889609037e-15,5048,0.19777593058240062,0.4215530903328051,Adds Big4 region indicator.,
m8_region_big4,C(cause_group)[T.拒不支付劳动报酬罪],-9.806440449512332e-16,2.7670902502872495e-28,0.0,-9.806440449517755e-16,-9.806440449506908e-16,5048,0.19777593058240062,0.4215530903328051,Adds Big4 region indicator.,
m8_region_big4,C(cause_group)[T.持有、使用假币罪],-1.0705269045007996e-14,2.5146027758061484e-28,0.0,-1.0705269045008488e-14,-1.0705269045007504e-14,5048,0.19777593058240062,0.4215530903328051,Adds Big4 region indicator.,
m8_region_big4,C(cause_group)[T.挪用公款罪],-3.1969677924393377e-15,8.742446687298926e-29,0.0,-3.196967792439509e-15,-3.1969677924391666e-15,5048,0.19777593058240062,0.4215530903328051,Adds Big4 region indicator.,
m8_region_big4,C(cause_group)[T.挪用资金罪],3.901033542042381e-15,1.348489671983065e-28,0.0,3.901033542042117e-15,3.901033542042645e-15,5048,0.19777593058240062,0.4215530903328051,Adds Big4 region indicator.,
m8_region_big4,C(cause_group)[T.损害公司债权人利益责任纠纷],-0.21930275808605318,0.06474097014304554,0.0007056162887446961,-0.3461927278906054,-0.09241278828150096,5048,0.19777593058240062,0.4215530903328051,Adds Big4 region indicator.,
m8_region_big4,C(cause_group)[T.损害公司利益责任纠纷],-0.23971113562084392,0.05499973306225076,1.3101350829969863e-05,-0.34750863158217227,-0.13191363965951558,5048,0.19777593058240062,0.4215530903328051,Adds Big4 region indicator.,
m8_region_big4,C(cause_group)[T.排除妨害纠纷],0.5047701020816409,0.034450110340870824,1.3041243496610583e-48,0.4372491265501032,0.5722910776131785,5048,0.19777593058240062,0.4215530903328051,Adds Big4 region indicator.,
m8_region_big4,C(cause_group)[T.掩饰、隐瞒犯罪所得、犯罪所得收益],5.036137198984025e-15,1.5094363772769394e-28,0.0,5.036137198983729e-15,5.036137198984321e-15,5048,0.19777593058240062,0.4215530903328051,Adds Big4 region indicator.,
m8_region_big4,C(cause_group)[T.掩饰、隐瞒犯罪所得、犯罪所得收益罪],-4.396719065221394e-16,2.49684179346714e-28,0.0,-4.396719065226288e-16,-4.3967190652165003e-16,5048,0.19777593058240062,0.4215530903328051,Adds Big4 region indicator.,
m8_region_big4,C(cause_group)[T.提供侵入、非法控制计算机信息系统程序、工具],1.8994813892749264e-15,7.897760956071952e-29,0.0,1.8994813892747718e-15,1.899481389275081e-15,5048,0.19777593058240062,0.4215530903328051,Adds Big4 region indicator.,
m8_region_big4,C(cause_group)[T.提供侵入、非法控制计算机信息系统程序、工具罪],6.982644830674218e-15,2.605095077991078e-28,0.0,6.982644830673708e-15,6.982644830674729e-15,5048,0.19777593058240062,0.4215530903328051,Adds Big4 region indicator.,
m8_region_big4,C(cause_group)[T.提供劳务者受害责任纠纷],1.287440056333159e-15,1.55649219297556e-28,0.0,1.287440056332854e-15,1.2874400563334641e-15,5048,0.19777593058240062,0.4215530903328051,Adds Big4 region indicator.,
m8_region_big4,C(cause_group)[T.故意伤害罪],-5.709329151946517e-15,2.9918184229386065e-28,0.0,-5.709329151947103e-15,-5.709329151945931e-15,5048,0.19777593058240062,0.4215530903328051,Adds Big4 region indicator.,
m8_region_big4,C(cause_group)[T.故意杀人罪],6.6634374709770434e-15,1.5675834577148523e-28,0.0,6.6634374709767365e-15,6.66343747097735e-15,5048,0.19777593058240062,0.4215530903328051,Adds Big4 region indicator.,
m8_region_big4,C(cause_group)[T.故意毁坏财物罪],-1.5468000926967555e-15,6.182400345539019e-29,0.0,-1.5468000926968766e-15,-1.5468000926966344e-15,5048,0.19777593058240062,0.4215530903328051,Adds Big4 region indicator.,
m8_region_big4,C(cause_group)[T.教育培训合同纠纷],-0.1379676240972476,0.043035428068703654,0.001346370164744642,-0.2223155131711709,-0.053619735023324316,5048,0.19777593058240062,0.4215530903328051,Adds Big4 region indicator.,
m8_region_big4,C(cause_group)[T.文化行政管理],3.0908091071756306e-15,7.608588501134135e-29,0.0,3.0908091071754815e-15,3.0908091071757797e-15,5048,0.19777593058240062,0.4215530903328051,Adds Big4 region indicator.,
m8_region_big4,C(cause_group)[T.旅游合同纠纷],-0.09518923720102751,0.030682709260559108,0.0019197529969910358,-0.15532624229983696,-0.03505223210221806,5048,0.19777593058240062,0.4215530903328051,Adds Big4 region indicator.,
m8_region_big4,C(cause_group)[T.服务合同纠纷],-0.10320183905608651,0.06909480553345873,0.13527324448218414,-0.23862516942046447,0.03222149130829144,5048,0.19777593058240062,0.4215530903328051,Adds Big4 region indicator.,
m8_region_big4,C(cause_group)[T.未分类],-0.03919113372117797,0.1872001549029165,0.834171764222786,-0.4060966952312135,0.3277144277888576,5048,0.19777593058240062,0.4215530903328051,Adds Big4 region indicator.,
m8_region_big4,C(cause_group)[T.机动车交通事故责任纠纷],0.5350382288691254,0.04137027040413805,2.9347359532448983e-38,0.45395398884633154,0.6161224688919194,5048,0.19777593058240062,0.4215530903328051,Adds Big4 region indicator.,
m8_region_big4,C(cause_group)[T.案外人执行异议之诉],-0.2630464963599072,0.0759755559150601,0.0005356759688736866,-0.41195584965883403,-0.11413714306098033,5048,0.19777593058240062,0.4215530903328051,Adds Big4 region indicator.,
m8_region_big4,C(cause_group)[T.欺诈客户责任纠纷],-6.761447823379807e-18,7.986131801042567e-31,0.0,-6.7614478233813724e-18,-6.761447823378242e-18,5048,0.19777593058240062,0.4215530903328051,Adds Big4 region indicator.,
m8_region_big4,C(cause_group)[T.民间借贷纠纷],-0.05662679345878704,0.029667568435279765,0.05629947366833603,-0.1147741591008127,0.0015205721832386304,5048,0.19777593058240062,0.4215530903328051,Adds Big4 region indicator.,
m8_region_big4,C(cause_group)[T.民间委托理财合同纠纷],0.1592793131862153,0.048102422655694775,0.0009287904328082701,0.06500029721193,0.2535583291605006,5048,0.19777593058240062,0.4215530903328051,Adds Big4 region indicator.,
m8_region_big4,C(cause_group)[T.法定继承纠纷],-8.941709066825858e-18,1.0561298260311583e-30,0.0,-8.941709066827927e-18,-8.941709066823789e-18,5048,0.19777593058240062,0.4215530903328051,Adds Big4 region indicator.,
m8_region_big4,C(cause_group)[T.法律服务合同纠纷],-0.2164771161688737,0.05988403385775506,0.00030041860681218367,-0.3338476657790508,-0.09910656655869658,5048,0.19777593058240062,0.4215530903328051,Adds Big4 region indicator.,
m8_region_big4,C(cause_group)[T.洗钱罪],0.0,0.0,,0.0,0.0,5048,0.19777593058240062,0.4215530903328051,Adds Big4 region indicator.,
m8_region_big4,C(cause_group)[T.消费者权益保护民事公益诉讼],0.7312339939003428,0.05592893103651441,4.6153800574513214e-39,0.6216153033749502,0.8408526844257355,5048,0.19777593058240062,0.4215530903328051,Adds Big4 region indicator.,
m8_region_big4,C(cause_group)[T.清算责任纠纷],0.31161406545046044,0.2601832910364665,0.23104499904442055,-0.19833581436011694,0.8215639452610378,5048,0.19777593058240062,0.4215530903328051,Adds Big4 region indicator.,
m8_region_big4,C(cause_group)[T.演出合同纠纷],-0.21097505839619868,0.035687228741297136,3.3842960031022333e-09,-0.28092074143718376,-0.1410293753552136,5048,0.19777593058240062,0.4215530903328051,Adds Big4 region indicator.,
m8_region_big4,C(cause_group)[T.物业服务合同纠纷],-0.3027136170412692,0.061592833686084765,8.889407185757277e-07,-0.42343335277176075,-0.18199388131077765,5048,0.19777593058240062,0.4215530903328051,Adds Big4 region indicator.,
m8_region_big4,C(cause_group)[T.物权保护纠纷],0.5212903862482686,0.11927476219595587,1.2396217335169116e-05,0.28751614807961556,0.7550646244169217,5048,0.19777593058240062,0.4215530903328051,Adds Big4 region indicator.,
m8_region_big4,C(cause_group)[T.物权确认纠纷],0.0,0.0,,0.0,0.0,5048,0.19777593058240062,0.4215530903328051,Adds Big4 region indicator.,
m8_region_big4,C(cause_group)[T.物权纠纷],0.736645443092172,0.06153884077776379,5.0774221804053034e-33,0.6160315315174101,0.8572593546669338,5048,0.19777593058240062,0.4215530903328051,Adds Big4 region indicator.,
m8_region_big4,C(cause_group)[T.特许经营合同纠纷],-0.21074545687493734,0.03618615577785533,5.748138363763791e-09,-0.2816690189384898,-0.1398218948113849,5048,0.19777593058240062,0.4215530903328051,Adds Big4 region indicator.,
m8_region_big4,C(cause_group)[T.生产、销售伪劣产品罪],0.0,0.0,,0.0,0.0,5048,0.19777593058240062,0.4215530903328051,Adds Big4 region indicator.,
m8_region_big4,C(cause_group)[T.生产、销售有毒、有害食品罪],0.0,0.0,,0.0,0.0,5048,0.19777593058240062,0.4215530903328051,Adds Big4 region indicator.,
m8_region_big4,C(cause_group)[T.生命权、身体权、健康权纠纷],0.0,0.0,,0.0,0.0,5048,0.19777593058240062,0.4215530903328051,Adds Big4 region indicator.,
m8_region_big4,C(cause_group)[T.申请诉前停止侵害注册商标专用权],0.0,0.0,,0.0,0.0,5048,0.19777593058240062,0.4215530903328051,Adds Big4 region indicator.,
m8_region_big4,C(cause_group)[T.电信服务合同纠纷],0.0,0.0,,0.0,0.0,5048,0.19777593058240062,0.4215530903328051,Adds Big4 region indicator.,
m8_region_big4,C(cause_group)[T.盗伐林木罪],0.0,0.0,,0.0,0.0,5048,0.19777593058240062,0.4215530903328051,Adds Big4 region indicator.,
m8_region_big4,C(cause_group)[T.盗窃罪],0.0,0.0,,0.0,0.0,5048,0.19777593058240062,0.4215530903328051,Adds Big4 region indicator.,
m8_region_big4,C(cause_group)[T.相邻关系纠纷],0.0,0.0,,0.0,0.0,5048,0.19777593058240062,0.4215530903328051,Adds Big4 region indicator.,
m8_region_big4,C(cause_group)[T.破坏计算机信息系统罪],0.0,0.0,,0.0,0.0,5048,0.19777593058240062,0.4215530903328051,Adds Big4 region indicator.,
m8_region_big4,C(cause_group)[T.确认不侵害著作权纠纷],0.0,0.0,,0.0,0.0,5048,0.19777593058240062,0.4215530903328051,Adds Big4 region indicator.,
m8_region_big4,C(cause_group)[T.确认合同效力纠纷],0.05561917682972966,0.18972922101020476,0.7694072757994624,-0.3162432631651118,0.42748161682457114,5048,0.19777593058240062,0.4215530903328051,Adds Big4 region indicator.,
m8_region_big4,C(cause_group)[T.确认合同无效纠纷],0.5656934906645255,0.08198639898511594,5.205910632700892e-12,0.405003101431567,0.726383879897484,5048,0.19777593058240062,0.4215530903328051,Adds Big4 region indicator.,
m8_region_big4,C(cause_group)[T.确认合同有效纠纷],0.4162666396562478,0.042321478945047716,7.891849065619983e-23,0.3333180651514841,0.49921521416101156,5048,0.19777593058240062,0.4215530903328051,Adds Big4 region indicator.,
m8_region_big4,C(cause_group)[T.离婚后财产纠纷],-0.23914736260844288,0.05674473680393738,2.5039725926871388e-05,-0.35036500305636464,-0.12792972216052112,5048,0.19777593058240062,0.4215530903328051,Adds Big4 region indicator.,
m8_region_big4,C(cause_group)[T.离婚纠纷],0.1902831751485105,0.3639878981359211,0.6011319829365538,-0.5231199960063286,0.9036863463033498,5048,0.19777593058240062,0.4215530903328051,Adds Big4 region indicator.,
m8_region_big4,C(cause_group)[T.种植、养殖回收合同纠纷],-0.23005746378394532,0.03136467837752445,2.2185095357104094e-13,-0.2915311037905754,-0.16858382377731523,5048,0.19777593058240062,0.4215530903328051,Adds Big4 region indicator.,
m8_region_big4,C(cause_group)[T.租赁合同纠纷],-0.24896050657500662,0.06504299331061184,0.00012938310034493503,-0.37644243091048546,-0.12147858223952776,5048,0.19777593058240062,0.4215530903328051,Adds Big4 region indicator.,
m8_region_big4,C(cause_group)[T.窃取、收买、非法提供信用卡信息罪],0.0,0.0,,0.0,0.0,5048,0.19777593058240062,0.4215530903328051,Adds Big4 region indicator.,
m8_region_big4,C(cause_group)[T.窝藏、包庇罪],0.0,0.0,,0.0,0.0,5048,0.19777593058240062,0.4215530903328051,Adds Big4 region indicator.,
m8_region_big4,C(cause_group)[T.竞业限制纠纷],-0.26062200897118043,0.05411264535024871,1.4625441482073041e-06,-0.36668084496585673,-0.15456317297650413,5048,0.19777593058240062,0.4215530903328051,Adds Big4 region indicator.,
m8_region_big4,C(cause_group)[T.组织、领导传销活动],0.0,0.0,,0.0,0.0,5048,0.19777593058240062,0.4215530903328051,Adds Big4 region indicator.,
m8_region_big4,C(cause_group)[T.组织、领导传销活动罪],0.0,0.0,,0.0,0.0,5048,0.19777593058240062,0.4215530903328051,Adds Big4 region indicator.,
m8_region_big4,C(cause_group)[T.组织他人偷越国（边）境罪],0.0,0.0,,0.0,0.0,5048,0.19777593058240062,0.4215530903328051,Adds Big4 region indicator.,
m8_region_big4,C(cause_group)[T.组织卖淫罪],0.0,0.0,,0.0,0.0,5048,0.19777593058240062,0.4215530903328051,Adds Big4 region indicator.,
m8_region_big4,C(cause_group)[T.组织淫秽表演罪],0.0,0.0,,0.0,0.0,5048,0.19777593058240062,0.4215530903328051,Adds Big4 region indicator.,
m8_region_big4,C(cause_group)[T.绑架罪],0.0,0.0,,0.0,0.0,5048,0.19777593058240062,0.4215530903328051,Adds Big4 region indicator.,
m8_region_big4,C(cause_group)[T.缔约过失责任纠纷],0.3413740835647819,0.28915430983106766,0.23776371801320784,-0.2253579496786468,0.9081061168082105,5048,0.19777593058240062,0.4215530903328051,Adds Big4 region indicator.,
m8_region_big4,C(cause_group)[T.网络侵害虚拟财产纠纷],0.1248373275242157,0.29820537892647975,0.6754875176717569,-0.4596344751678042,0.7093091302162357,5048,0.19777593058240062,0.4215530903328051,Adds Big4 region indicator.,
m8_region_big4,C(cause_group)[T.网络侵权责任纠纷],-0.005386334861237244,0.10081549601270667,0.9573911765325631,-0.20298107612968375,0.19220840640720926,5048,0.19777593058240062,0.4215530903328051,Adds Big4 region indicator.,
m8_region_big4,C(cause_group)[T.网络域名合同纠纷],-0.09169876893576959,0.047996393324599124,0.05606441903271498,-0.18576997123980254,0.0023724333682633575,5048,0.19777593058240062,0.4215530903328051,Adds Big4 region indicator.,
m8_region_big4,C(cause_group)[T.网络域名权属纠纷],0.0,0.0,,0.0,0.0,5048,0.19777593058240062,0.4215530903328051,Adds Big4 region indicator.,
m8_region_big4,C(cause_group)[T.网络服务合同纠纷],-0.1337609169113567,0.05991939884111882,0.025592008400714607,-0.25120078061524065,-0.01632105320747275,5048,0.19777593058240062,0.4215530903328051,Adds Big4 region indicator.,
m8_region_big4,C(cause_group)[T.职务侵占罪],0.0,0.0,,0.0,0.0,5048,0.19777593058240062,0.4215530903328051,Adds Big4 region indicator.,
m8_region_big4,C(cause_group)[T.联营合同纠纷],-0.11191988917475792,0.037016071377817296,0.002498289337667196,-0.18447005592444377,-0.039369722425072085,5048,0.19777593058240062,0.4215530903328051,Adds Big4 region indicator.,
m8_region_big4,C(cause_group)[T.肖像权纠纷],0.849382667473678,0.11563595438676372,2.0527298946480546e-13,0.6227403615577046,1.0760249733896514,5048,0.19777593058240062,0.4215530903328051,Adds Big4 region indicator.,
m8_region_big4,C(cause_group)[T.股东出资纠纷],-0.2672532957494438,0.05356155741347545,6.04895440869342e-07,-0.37223201923573,-0.16227457226315756,5048,0.19777593058240062,0.4215530903328051,Adds Big4 region indicator.,
m8_region_big4,C(cause_group)[T.股东损害公司债权人利益责任纠纷],-0.10411435432643755,0.17336795177480502,0.5481465474038753,-0.44390929587853234,0.2356805872256572,5048,0.19777593058240062,0.4215530903328051,Adds Big4 region indicator.,
m8_region_big4,C(cause_group)[T.股东知情权纠纷],0.0,0.0,,0.0,0.0,5048,0.19777593058240062,0.4215530903328051,Adds Big4 region indicator.,
m8_region_big4,C(cause_group)[T.股东资格确认纠纷],-0.4493269465508357,0.03379985028102467,2.516248937613375e-40,-0.5155734357844901,-0.3830804573171813,5048,0.19777593058240062,0.4215530903328051,Adds Big4 region indicator.,
m8_region_big4,C(cause_group)[T.股权转让纠纷],-0.19803456953085263,0.14440884761786257,0.1702669627550547,-0.48107070991079603,0.08500157084909077,5048,0.19777593058240062,0.4215530903328051,Adds Big4 region indicator.,
m8_region_big4,C(cause_group)[T.著作权合同纠纷],-0.11323897015038528,0.03223919765859178,0.00044397479075011017,-0.1764266364516932,-0.050051303849077355,5048,0.19777593058240062,0.4215530903328051,Adds Big4 region indicator.,
m8_region_big4,C(cause_group)[T.著作权权属、侵权纠纷],0.0,0.0,,0.0,0.0,5048,0.19777593058240062,0.4215530903328051,Adds Big4 region indicator.,
m8_region_big4,C(cause_group)[T.著作权权属纠纷],-0.1975298388270687,0.08071392869405447,0.014393770532354562,-0.35572623211814947,-0.039333445535987915,5048,0.19777593058240062,0.4215530903328051,Adds Big4 region indicator.,
m8_region_big4,C(cause_group)[T.著作权许可使用合同纠纷],-0.13795251656111004,0.06492400216851571,0.03360073755265241,-0.26520122254360123,-0.010703810578618883,5048,0.19777593058240062,0.4215530903328051,Adds Big4 region indicator.,
m8_region_big4,C(cause_group)[T.虚假诉讼罪],0.0,0.0,,0.0,0.0,5048,0.19777593058240062,0.4215530903328051,Adds Big4 region indicator.,
m8_region_big4,C(cause_group)[T.融资租赁合同纠纷],-0.23591152585097694,0.047653722172678374,7.400889641226314e-07,-0.32931110503870437,-0.1425119466632495,5048,0.19777593058240062,0.4215530903328051,Adds Big4 region indicator.,
m8_region_big4,C(cause_group)[T.行政],0.0,0.0,,0.0,0.0,5048,0.19777593058240062,0.4215530903328051,Adds Big4 region indicator.,
m8_region_big4,C(cause_group)[T.行政处罚],0.0,0.0,,0.0,0.0,5048,0.19777593058240062,0.4215530903328051,Adds Big4 region indicator.,
m8_region_big4,C(cause_group)[T.行政复议],0.0,0.0,,0.0,0.0,5048,0.19777593058240062,0.4215530903328051,Adds Big4 region indicator.,
m8_region_big4,C(cause_group)[T.行政强制],0.0,0.0,,0.0,0.0,5048,0.19777593058240062,0.4215530903328051,Adds Big4 region indicator.,
m8_region_big4,C(cause_group)[T.行政强制措施],0.0,0.0,,0.0,0.0,5048,0.19777593058240062,0.4215530903328051,Adds Big4 region indicator.,
m8_region_big4,C(cause_group)[T.行政拘留],0.0,0.0,,0.0,0.0,5048,0.19777593058240062,0.4215530903328051,Adds Big4 region indicator.,
m8_region_big4,C(cause_group)[T.行政撤销],0.0,0.0,,0.0,0.0,5048,0.19777593058240062,0.4215530903328051,Adds Big4 region indicator.,
m8_region_big4,C(cause_group)[T.行政监察],0.0,0.0,,0.0,0.0,5048,0.19777593058240062,0.4215530903328051,Adds Big4 region indicator.,
m8_region_big4,C(cause_group)[T.行政确认],0.0,0.0,,0.0,0.0,5048,0.19777593058240062,0.4215530903328051,Adds Big4 region indicator.,
m8_region_big4,C(cause_group)[T.行政非诉执行],0.0,0.0,,0.0,0.0,5048,0.19777593058240062,0.4215530903328051,Adds Big4 region indicator.,
m8_region_big4,C(cause_group)[T.行纪合同纠纷],0.10938795377528514,0.23603863110473852,0.6430544456497269,-0.3532392621501381,0.5720151697007084,5048,0.19777593058240062,0.4215530903328051,Adds Big4 region indicator.,
m8_region_big4,C(cause_group)[T.被继承人债务清偿纠纷],-0.17509402282765338,0.10729173665925114,0.10269144686964296,-0.3853819625185414,0.03519391686323467,5048,0.19777593058240062,0.4215530903328051,Adds Big4 region indicator.,
m8_region_big4,C(cause_group)[T.装饰装修合同纠纷],0.16727747925402742,0.20591793130688107,0.41659069477876676,-0.23631424987845234,0.5708692083865072,5048,0.19777593058240062,0.4215530903328051,Adds Big4 region indicator.,
m8_region_big4,C(cause_group)[T.计算机软件开发合同纠纷],0.012339141697020044,0.09409239637860507,0.8956656953075149,-0.1720785664241129,0.196756849818153,5048,0.19777593058240062,0.4215530903328051,Adds Big4 region indicator.,
m8_region_big4,C(cause_group)[T.计算机软件著作权许可使用合同纠纷],-0.13802250973709085,0.032211034380788636,1.827844262711504e-05,-0.201154977028218,-0.07489004244596369,5048,0.19777593058240062,0.4215530903328051,Adds Big4 region indicator.,
m8_region_big4,C(cause_group)[T.诈骗],0.0,0.0,,0.0,0.0,5048,0.19777593058240062,0.4215530903328051,Adds Big4 region indicator.,
m8_region_big4,C(cause_group)[T.诈骗罪],0.0,0.0,,0.0,0.0,5048,0.19777593058240062,0.4215530903328051,Adds Big4 region indicator.,
m8_region_big4,C(cause_group)[T.诬告陷害罪],0.0,0.0,,0.0,0.0,5048,0.19777593058240062,0.4215530903328051,Adds Big4 region indicator.,
m8_region_big4,C(cause_group)[T.财产保险合同纠纷],-0.14506652360497208,0.030786354374910833,2.4524960177026978e-06,-0.20540666939508445,-0.08472637781485971,5048,0.19777593058240062,0.4215530903328051,Adds Big4 region indicator.,
m8_region_big4,C(cause_group)[T.财产损失保险合同纠纷],-0.2398683660821703,0.02941404194636643,3.494890257041542e-16,-0.29751882893679893,-0.18221790322754167,5048,0.19777593058240062,0.4215530903328051,Adds Big4 region indicator.,
m8_region_big4,C(cause_group)[T.财产损害赔偿纠纷],0.15845177523643206,0.11407609740908907,0.16483254763365296,-0.0651332671822655,0.38203681765512965,5048,0.19777593058240062,0.4215530903328051,Adds Big4 region indicator.,
m8_region_big4,C(cause_group)[T.贪污罪],0.0,0.0,,0.0,0.0,5048,0.19777593058240062,0.4215530903328051,Adds Big4 region indicator.,
m8_region_big4,C(cause_group)[T.贷款诈骗罪],0.0,0.0,,0.0,0.0,5048,0.19777593058240062,0.4215530903328051,Adds Big4 region indicator.,
m8_region_big4,C(cause_group)[T.赌博罪],0.0,0.0,,0.0,0.0,5048,0.19777593058240062,0.4215530903328051,Adds Big4 region indicator.,
m8_region_big4,C(cause_group)[T.赠与合同纠纷],0.42035674275338075,0.07790171266472759,6.814732571364786e-08,0.2676721915965269,0.5730412939102346,5048,0.19777593058240062,0.4215530903328051,Adds Big4 region indicator.,
m8_region_big4,C(cause_group)[T.走私、贩卖、运输、制造毒品],0.0,0.0,,0.0,0.0,5048,0.19777593058240062,0.4215530903328051,Adds Big4 region indicator.,
m8_region_big4,C(cause_group)[T.走私、贩卖、运输、制造毒品罪],0.0,0.0,,0.0,0.0,5048,0.19777593058240062,0.4215530903328051,Adds Big4 region indicator.,
m8_region_big4,C(cause_group)[T.走私普通货物、物品罪],0.0,0.0,,0.0,0.0,5048,0.19777593058240062,0.4215530903328051,Adds Big4 region indicator.,
m8_region_big4,C(cause_group)[T.走私武器、弹药罪],0.0,0.0,,0.0,0.0,5048,0.19777593058240062,0.4215530903328051,Adds Big4 region indicator.,
m8_region_big4,C(cause_group)[T.走私罪],0.0,0.0,,0.0,0.0,5048,0.19777593058240062,0.4215530903328051,Adds Big4 region indicator.,
m8_region_big4,C(cause_group)[T.车辆租赁合同纠纷],-0.22889796407447094,0.02927792354379415,5.362323744974773e-15,-0.28628163976242477,-0.1715142883865171,5048,0.19777593058240062,0.4215530903328051,Adds Big4 region indicator.,
m8_region_big4,C(cause_group)[T.运输合同纠纷],0.16367957872643035,0.27593592882595597,0.5530609275628278,-0.3771449038130511,0.7045040612659118,5048,0.19777593058240062,0.4215530903328051,Adds Big4 region indicator.,
m8_region_big4,C(cause_group)[T.运送他人偷越国（边）境罪],0.0,0.0,,0.0,0.0,5048,0.19777593058240062,0.4215530903328051,Adds Big4 region indicator.,
m8_region_big4,C(cause_group)[T.返还原物纠纷],0.10161781539260323,0.10596814666791911,0.3375855453747617,-0.10607593558497636,0.3093115663701828,5048,0.19777593058240062,0.4215530903328051,Adds Big4 region indicator.,
m8_region_big4,C(cause_group)[T.追偿权纠纷],-0.21590931350927037,0.11015732348833014,0.04999477226191136,-0.4318137001797256,-4.926838815144663e-06,5048,0.19777593058240062,0.4215530903328051,Adds Big4 region indicator.,
m8_region_big4,C(cause_group)[T.追加、变更被执行人异议之诉],-0.3783806082018871,0.0343665432952083,3.4145557003874453e-28,-0.4457377953336319,-0.31102342107014236,5048,0.19777593058240062,0.4215530903328051,Adds Big4 region indicator.,
m8_region_big4,C(cause_group)[T.追索劳动报酬纠纷],0.0,0.0,,0.0,0.0,5048,0.19777593058240062,0.4215530903328051,Adds Big4 region indicator.,
m8_region_big4,C(cause_group)[T.金融借款合同纠纷],-0.3687614485373719,0.03367734965905626,6.656818625437016e-28,-0.43476784096388443,-0.3027550561108594,5048,0.19777593058240062,0.4215530903328051,Adds Big4 region indicator.,
m8_region_big4,C(cause_group)[T.铁路运输财产损害责任纠纷],0.3601710704691362,0.028945769260604864,1.52735604881488e-35,0.3034384052135441,0.41690373572472833,5048,0.19777593058240062,0.4215530903328051,Adds Big4 region indicator.,
m8_region_big4,C(cause_group)[T.银行卡纠纷],-0.25638512659052964,0.055399460226247206,3.6932906350505627e-06,-0.3649660733969334,-0.1478041797841259,5048,0.19777593058240062,0.4215530903328051,Adds Big4 region indicator.,
m8_region_big4,C(cause_group)[T.销售假冒注册商标的商品罪],0.0,0.0,,0.0,0.0,5048,0.19777593058240062,0.4215530903328051,Adds Big4 region indicator.,
m8_region_big4,C(cause_group)[T.隐私权纠纷],0.0,0.0,,0.0,0.0,5048,0.19777593058240062,0.4215530903328051,Adds Big4 region indicator.,
m8_region_big4,C(cause_group)[T.集资诈骗罪],0.0,0.0,,0.0,0.0,5048,0.19777593058240062,0.4215530903328051,Adds Big4 region indicator.,
m8_region_big4,C(cause_group)[T.非法侵入计算机信息系统罪],0.0,0.0,,0.0,0.0,5048,0.19777593058240062,0.4215530903328051,Adds Big4 region indicator.,
m8_region_big4,C(cause_group)[T.非法出售增值税专用发票罪],0.0,0.0,,0.0,0.0,5048,0.19777593058240062,0.4215530903328051,Adds Big4 region indicator.,
m8_region_big4,C(cause_group)[T.非法利用信息网络],0.0,0.0,,0.0,0.0,5048,0.19777593058240062,0.4215530903328051,Adds Big4 region indicator.,
m8_region_big4,C(cause_group)[T.非法利用信息网络罪],0.0,0.0,,0.0,0.0,5048,0.19777593058240062,0.4215530903328051,Adds Big4 region indicator.,
m8_region_big4,C(cause_group)[T.非法制造、买卖、运输、邮寄、储存枪支、弹药、爆炸物罪],0.0,0.0,,0.0,0.0,5048,0.19777593058240062,0.4215530903328051,Adds Big4 region indicator.,
m8_region_big4,C(cause_group)[T.非法吸收公众存款],0.0,0.0,,0.0,0.0,5048,0.19777593058240062,0.4215530903328051,Adds Big4 region indicator.,
m8_region_big4,C(cause_group)[T.非法吸收公众存款罪],0.0,0.0,,0.0,0.0,5048,0.19777593058240062,0.4215530903328051,Adds Big4 region indicator.,
m8_region_big4,C(cause_group)[T.非法拘禁罪],0.0,0.0,,0.0,0.0,5048,0.19777593058240062,0.4215530903328051,Adds Big4 region indicator.,
m8_region_big4,C(cause_group)[T.非法持有毒品罪],0.0,0.0,,0.0,0.0,5048,0.19777593058240062,0.4215530903328051,Adds Big4 region indicator.,
m8_region_big4,C(cause_group)[T.非法种植毒品原植物罪],0.0,0.0,,0.0,0.0,5048,0.19777593058240062,0.4215530903328051,Adds Big4 region indicator.,
m8_region_big4,C(cause_group)[T.非法获取计算机信息系统数据、非法控制计算机信息系统罪],0.0,0.0,,0.0,0.0,5048,0.19777593058240062,0.4215530903328051,Adds Big4 region indicator.,
m8_region_big4,C(cause_group)[T.食品、药品监管渎职罪],0.0,0.0,,0.0,0.0,5048,0.19777593058240062,0.4215530903328051,Adds Big4 region indicator.,
m8_region_big4,C(cause_group)[T.餐饮服务合同纠纷],0.8614010691660456,0.06852572838601016,3.06868164629209e-36,0.7270931095150917,0.9957090288169996,5048,0.19777593058240062,0.4215530903328051,Adds Big4 region indicator.,
m8_region_big4,post2021,0.08001651487698713,0.013642310403413866,4.482675589204622e-09,0.053278077820379854,0.10675495193359441,5048,0.19777593058240062,0.4215530903328051,Adds Big4 region indicator.,
m8_region_big4,region_big4,-0.06909761291358693,0.014710385829530614,2.6375316378987198e-06,-0.0979294393381553,-0.04026578648901856,5048,0.19777593058240062,0.4215530903328051,Adds Big4 region indicator.,
m8_region_big4,log_amount_master,-0.0036062731283929227,0.0038560946562143025,0.34967810241500663,-0.011164079775550317,0.003951533518764471,5048,0.19777593058240062,0.4215530903328051,Adds Big4 region indicator.,
m8_region_big4,amount_llm_regex_conflict_flag,-0.07760418666720843,0.03309448648145775,0.01903075625726481,-0.14246818825771332,-0.012740185076703547,5048,0.19777593058240062,0.4215530903328051,Adds Big4 region indicator.,
m8_region_big4,amount_regex_fallback_flag,0.0,0.0,,0.0,0.0,5048,0.19777593058240062,0.4215530903328051,Adds Big4 region indicator.,
m9_policy_by_big4,Intercept,0.35219397102477695,0.055961330006908894,3.1033858647662864e-10,0.2425117796842749,0.461876162365279,5048,0.1985099734647342,0.4215530903328051,Policy effect heterogeneity by Big4 region.,
m9_policy_by_big4,"C(transaction_type, Treatment(reference='借贷'))[T.投资/理财]",0.2531574597081262,0.022462649615692463,1.8425301570909132e-29,0.2091314754640265,0.2971834439522259,5048,0.1985099734647342,0.4215530903328051,Policy effect heterogeneity by Big4 region.,
m9_policy_by_big4,"C(transaction_type, Treatment(reference='借贷'))[T.交易/买卖]",0.17042882306194174,0.03891904255941699,1.1919230742310274e-05,0.09414890133270286,0.2467087447911806,5048,0.1985099734647342,0.4215530903328051,Policy effect heterogeneity by Big4 region.,
m9_policy_by_big4,"C(transaction_type, Treatment(reference='借贷'))[T.ICO/发币]",0.4876355613665294,0.10989668682724141,9.112897355965871e-06,0.27224201316485885,0.7030291095682,5048,0.1985099734647342,0.4215530903328051,Policy effect heterogeneity by Big4 region.,
m9_policy_by_big4,"C(transaction_type, Treatment(reference='借贷'))[T.挖矿]",0.06492095090685038,0.03808566701544265,0.08826844906578918,-0.009725584770602314,0.13956748658430307,5048,0.1985099734647342,0.4215530903328051,Policy effect heterogeneity by Big4 region.,
m9_policy_by_big4,"C(transaction_type, Treatment(reference='借贷'))[T.技术服务]",-0.10917081429263668,0.061146759389748895,0.07419807545275545,-0.22901626046788087,0.010674631882607519,5048,0.1985099734647342,0.4215530903328051,Policy effect heterogeneity by Big4 region.,
m9_policy_by_big4,"C(transaction_type, Treatment(reference='借贷'))[T.其他民商事]",-0.1546991151070623,0.03232016277320632,1.69750090615046e-06,-0.21804547011701889,-0.09135276009710572,5048,0.1985099734647342,0.4215530903328051,Policy effect heterogeneity by Big4 region.,
m9_policy_by_big4,"C(transaction_type, Treatment(reference='借贷'))[T.其他/未分类]",-0.04738385091830774,0.07155797707305214,0.5078595448099059,-0.18763490878803285,0.09286720695141737,5048,0.1985099734647342,0.4215530903328051,Policy effect heterogeneity by Big4 region.,
m9_policy_by_big4,"C(transaction_type, Treatment(reference='借贷'))[T.未分类]",3.615901606878754e-15,9.52694678093563e-16,0.0001473780216683218,1.7486543495523902e-15,5.483148864205118e-15,5048,0.1985099734647342,0.4215530903328051,Policy effect heterogeneity by Big4 region.,
m9_policy_by_big4,C(court_level_group)[T.基层法院],0.017737601612888676,0.014333672413200592,0.21590974571946875,-0.010355880083179808,0.04583108330895716,5048,0.1985099734647342,0.4215530903328051,Policy effect heterogeneity by Big4 region.,
m9_policy_by_big4,C(court_level_group)[T.最高人民法院],-0.16195697717356575,0.09846675992142316,0.1000134705269815,-0.3549482802939072,0.031034325946775687,5048,0.1985099734647342,0.4215530903328051,Policy effect heterogeneity by Big4 region.,
m9_policy_by_big4,C(court_level_group)[T.高级法院],-0.014584036790147525,0.10524880927694483,0.8897921338943381,-0.2208679123886845,0.19169983880838945,5048,0.1985099734647342,0.4215530903328051,Policy effect heterogeneity by Big4 region.,
m9_policy_by_big4,C(cause_group)[T.不当得利纠纷],0.28983286154133525,0.037060949221249875,5.263978704076215e-15,0.21719473583481774,0.36247098724785276,5048,0.1985099734647342,0.4215530903328051,Policy effect heterogeneity by Big4 region.,
m9_policy_by_big4,C(cause_group)[T.不正当竞争纠纷],0.4106092816392533,0.18096591189778283,0.023269123121278643,0.05592261189015052,0.7652959513883562,5048,0.1985099734647342,0.4215530903328051,Policy effect heterogeneity by Big4 region.,
m9_policy_by_big4,C(cause_group)[T.与公司有关的纠纷],-0.12879012595447065,0.17269468011691674,0.4558077144317628,-0.46726547930529283,0.20968522739635154,5048,0.1985099734647342,0.4215530903328051,Policy effect heterogeneity by Big4 region.,
m9_policy_by_big4,C(cause_group)[T.专利行政管理],-7.255152384990855e-16,4.649294222187304e-16,0.11864538862261975,-1.6367601614008134e-15,1.857296844026424e-16,5048,0.1985099734647342,0.4215530903328051,Policy effect heterogeneity by Big4 region.,
m9_policy_by_big4,C(cause_group)[T.业主撤销权纠纷],0.1756246730348414,0.26192461818227025,0.5025288476835068,-0.33773814526681323,0.6889874913364961,5048,0.1985099734647342,0.4215530903328051,Policy effect heterogeneity by Big4 region.,
m9_policy_by_big4,C(cause_group)[T.中介合同纠纷],-0.2308030387486899,0.02968363948874477,7.519199452978301e-15,-0.2889819030767006,-0.1726241744206792,5048,0.1985099734647342,0.4215530903328051,Policy effect heterogeneity by Big4 region.,
m9_policy_by_big4,C(cause_group)[T.买卖合同纠纷],-0.031717501609773754,0.04363910000520177,0.46734000697970945,-0.11724856593771091,0.0538135627181634,5048,0.1985099734647342,0.4215530903328051,Policy effect heterogeneity by Big4 region.,
m9_policy_by_big4,C(cause_group)[T.互易纠纷],-0.2915309000888556,0.057485849821889756,3.950022558829607e-07,-0.4042010953604378,-0.17886070481727342,5048,0.1985099734647342,0.4215530903328051,Policy effect heterogeneity by Big4 region.,
m9_policy_by_big4,C(cause_group)[T.交通肇事罪],2.458259369291478e-16,2.567200769167917e-16,0.33828259438509434,-2.5733616793611633e-16,7.48988041794412e-16,5048,0.1985099734647342,0.4215530903328051,Policy effect heterogeneity by Big4 region.,
m9_policy_by_big4,C(cause_group)[T.产品责任纠纷],-8.398324722628832e-16,2.862754389054904e-16,0.0033499973596914073,-1.4009220221760412e-15,-2.787429223497254e-16,5048,0.1985099734647342,0.4215530903328051,Policy effect heterogeneity by Big4 region.,
m9_policy_by_big4,C(cause_group)[T.人身保险合同纠纷],-0.1810116286183838,0.03215293138762734,1.8051452148685804e-08,-0.24403021613552084,-0.11799304110124674,5048,0.1985099734647342,0.4215530903328051,Policy effect heterogeneity by Big4 region.,
m9_policy_by_big4,C(cause_group)[T.仓储合同纠纷],0.5400123789511494,0.03495189938857273,7.525838321003507e-54,0.4715079149582793,0.6085168429440195,5048,0.1985099734647342,0.4215530903328051,Policy effect heterogeneity by Big4 region.,
m9_policy_by_big4,C(cause_group)[T.仿冒纠纷],-4.9930429215264735e-16,2.457582337826184e-16,0.04218515354556423,-9.809815792707542e-16,-1.762700503454047e-17,5048,0.1985099734647342,0.4215530903328051,Policy effect heterogeneity by Big4 region.,
m9_policy_by_big4,C(cause_group)[T.企业承包经营合同纠纷],-0.15249732925538267,0.031505622225478806,1.2962948032872838e-06,-0.2142472141278458,-0.09074744438291954,5048,0.1985099734647342,0.4215530903328051,Policy effect heterogeneity by Big4 region.,
m9_policy_by_big4,C(cause_group)[T.传播淫秽物品罪],7.494910518843777e-16,2.145750891743789e-16,0.0004777910351279155,3.289316051231246e-16,1.1700504986456308e-15,5048,0.1985099734647342,0.4215530903328051,Policy effect heterogeneity by Big4 region.,
m9_policy_by_big4,C(cause_group)[T.伪造、变造、买卖国家机关公文、证件、印章罪],5.2845731252774414e-17,1.782930596480983e-16,0.7669260456218585,-2.9660224435094987e-16,4.022937068564987e-16,5048,0.1985099734647342,0.4215530903328051,Policy effect heterogeneity by Big4 region.,
m9_policy_by_big4,C(cause_group)[T.伪造、变造、买卖身份证件罪],7.825092661723997e-16,2.94476932448158e-16,0.007877271428986502,2.053450842961756e-16,1.3596734480486236e-15,5048,0.1985099734647342,0.4215530903328051,Policy effect heterogeneity by Big4 region.,
m9_policy_by_big4,C(cause_group)[T.伪造、变造金融票证罪],1.038464280493797e-15,2.280539157819952e-16,5.273781858830422e-06,5.914868190277558e-16,1.4854417419598384e-15,5048,0.1985099734647342,0.4215530903328051,Policy effect heterogeneity by Big4 region.,
m9_policy_by_big4,C(cause_group)[T.供用电合同纠纷],-0.41538178833241185,0.03485188795416085,9.481426129002612e-33,-0.48369023351579243,-0.34707334314903127,5048,0.1985099734647342,0.4215530903328051,Policy effect heterogeneity by Big4 region.,
m9_policy_by_big4,C(cause_group)[T.侵占罪],-7.878538056841024e-16,4.744694448585993e-16,0.09681505492223332,-1.7177968293716703e-15,1.4208921800346548e-16,5048,0.1985099734647342,0.4215530903328051,Policy effect heterogeneity by Big4 region.,
m9_policy_by_big4,C(cause_group)[T.侵害作品信息网络传播权纠纷],0.34202887947084415,0.20543135584843622,0.09592667147733527,-0.06060917928732262,0.744666938229011,5048,0.1985099734647342,0.4215530903328051,Policy effect heterogeneity by Big4 region.,
m9_policy_by_big4,C(cause_group)[T.侵害作品发行权纠纷],-3.718256656409308e-17,1.396268278592091e-16,0.7900084913064404,-3.108461204437168e-16,2.364809873155306e-16,5048,0.1985099734647342,0.4215530903328051,Policy effect heterogeneity by Big4 region.,
m9_policy_by_big4,C(cause_group)[T.侵害作品复制权纠纷],4.265224550070852e-16,1.8881278763255355e-16,0.023885240481594835,5.645619142667051e-17,7.965887185874998e-16,5048,0.1985099734647342,0.4215530903328051,Policy effect heterogeneity by Big4 region.,
m9_policy_by_big4,C(cause_group)[T.侵害作品展览权纠纷],2.5181836298026613e-16,1.137437760915718e-16,0.026835043496100656,2.888465837519733e-17,4.747520675853349e-16,5048,0.1985099734647342,0.4215530903328051,Policy effect heterogeneity by Big4 region.,
m9_policy_by_big4,C(cause_group)[T.侵害作品广播权纠纷],3.560047291705952e-16,1.5511869251792677e-16,0.02173041643146508,5.1977678506515993e-17,6.600317798346744e-16,5048,0.1985099734647342,0.4215530903328051,Policy effect heterogeneity by Big4 region.,
m9_policy_by_big4,C(cause_group)[T.侵害作品改编权纠纷],-0.12372934017163334,0.11704933325759335,0.290479635867402,-0.35314181777094267,0.10568313742767599,5048,0.1985099734647342,0.4215530903328051,Policy effect heterogeneity by Big4 region.,
m9_policy_by_big4,C(cause_group)[T.侵害其他著作财产权纠纷],7.113293958050532e-16,1.6172966670993256e-16,1.0912136179517083e-05,3.9434507382191886e-16,1.0283137177881875e-15,5048,0.1985099734647342,0.4215530903328051,Policy effect heterogeneity by Big4 region.,
m9_policy_by_big4,C(cause_group)[T.侵害发明专利权纠纷],3.3979569969080834e-16,1.0826592917045073e-16,0.001697984466652446,1.2759837776396044e-16,5.519930216176563e-16,5048,0.1985099734647342,0.4215530903328051,Policy effect heterogeneity by Big4 region.,
m9_policy_by_big4,C(cause_group)[T.侵害商标权纠纷],0.262002867164621,0.1592701310919367,0.09996527742375587,-0.05016085358854799,0.57416658791779,5048,0.1985099734647342,0.4215530903328051,Policy effect heterogeneity by Big4 region.,
m9_policy_by_big4,C(cause_group)[T.侵害外观设计专利权纠纷],0.4778320262038128,0.33739571353767106,0.15670635781734907,-0.18345142086821564,1.1391154732758413,5048,0.1985099734647342,0.4215530903328051,Policy effect heterogeneity by Big4 region.,
m9_policy_by_big4,C(cause_group)[T.侵害实用新型专利权纠纷],1.2885403874696091e-16,1.4433218777452717e-16,0.3719855822837733,-1.5403185110098462e-16,4.1173992859490647e-16,5048,0.1985099734647342,0.4215530903328051,Policy effect heterogeneity by Big4 region.,
m9_policy_by_big4,C(cause_group)[T.侵害录音录像制作者权纠纷],-2.627694538596939e-17,1.4723059048005703e-16,0.8583501357687567,-3.1484360014944693e-16,2.6228970937750815e-16,5048,0.1985099734647342,0.4215530903328051,Policy effect heterogeneity by Big4 region.,
m9_policy_by_big4,C(cause_group)[T.侵害计算机软件著作权纠纷],-3.439657664492095e-16,1.097617166736409e-16,0.0017258790027453905,-5.590947780108352e-16,-1.288367548875838e-16,5048,0.1985099734647342,0.4215530903328051,Policy effect heterogeneity by Big4 region.,
m9_policy_by_big4,C(cause_group)[T.侵权责任纠纷],0.22783363956563046,0.15410805899437233,0.13930025045187888,-0.07421260579071326,0.5298798849219741,5048,0.1985099734647342,0.4215530903328051,Policy effect heterogeneity by Big4 region.,
m9_policy_by_big4,C(cause_group)[T.侵犯公民个人信息罪],-2.8232302924798567e-16,1.5378500281683782e-16,0.0663828920230464,-5.837360961313786e-16,1.909003763540721e-17,5048,0.1985099734647342,0.4215530903328051,Policy effect heterogeneity by Big4 region.,
m9_policy_by_big4,C(cause_group)[T.侵犯著作权罪],-9.054300420678848e-17,1.4284328543077635e-16,0.5261705504261083,-3.705106990844851e-16,1.8942469067090818e-16,5048,0.1985099734647342,0.4215530903328051,Policy effect heterogeneity by Big4 region.,
m9_policy_by_big4,C(cause_group)[T.保管合同纠纷],-0.1322041840670178,0.2862049033003847,0.6441376508311873,-0.6931554867345407,0.4287471186005051,5048,0.1985099734647342,0.4215530903328051,Policy effect heterogeneity by Big4 region.,
m9_policy_by_big4,C(cause_group)[T.保证合同纠纷],0.23459274505385602,0.10622491945998674,0.02721270873211029,0.026395728651614075,0.44278976145609794,5048,0.1985099734647342,0.4215530903328051,Policy effect heterogeneity by Big4 region.,
m9_policy_by_big4,C(cause_group)[T.保险代理合同纠纷],0.7705139702184032,0.029846055041137336,5.822240065689766e-147,0.7120167772571738,0.8290111631796325,5048,0.1985099734647342,0.4215530903328051,Policy effect heterogeneity by Big4 region.,
m9_policy_by_big4,C(cause_group)[T.信息网络买卖合同纠纷],-0.2817398492801092,0.10022253312545142,0.0049365875535938115,-0.4781724046453665,-0.0853072939148519,5048,0.1985099734647342,0.4215530903328051,Policy effect heterogeneity by Big4 region.,
m9_policy_by_big4,C(cause_group)[T.信用卡纠纷],-0.3049668815151347,0.05500403194923093,2.948864243705338e-08,-0.41277280314011777,-0.1971609598901516,5048,0.1985099734647342,0.4215530903328051,Policy effect heterogeneity by Big4 region.,
m9_policy_by_big4,C(cause_group)[T.信用卡诈骗罪],-4.0514993723006087e-16,1.3215031179015444e-16,0.0021706918314210407,-6.641597888845024e-16,-1.461400855756193e-16,5048,0.1985099734647342,0.4215530903328051,Policy effect heterogeneity by Big4 region.,
m9_policy_by_big4,C(cause_group)[T.修理合同纠纷],-0.24199304838517624,0.030862641700158355,4.470791738082508e-15,-0.30248271458525067,-0.18150338218510184,5048,0.1985099734647342,0.4215530903328051,Policy effect heterogeneity by Big4 region.,
m9_policy_by_big4,C(cause_group)[T.借款合同纠纷],0.05746850877663161,0.11962062109174058,0.6309265769092057,-0.1769836003714923,0.2919206179247555,5048,0.1985099734647342,0.4215530903328051,Policy effect heterogeneity by Big4 region.,
m9_policy_by_big4,C(cause_group)[T.借用合同纠纷],-0.330525894251006,0.03609083017108297,5.278567928538458e-20,-0.40126262155848014,-0.2597891669435318,5048,0.1985099734647342,0.4215530903328051,Policy effect heterogeneity by Big4 region.,
m9_policy_by_big4,C(cause_group)[T.债券质权纠纷],0.11520164989451254,0.2709833310298762,0.6707459273222571,-0.41591591933474015,0.6463192191237652,5048,0.1985099734647342,0.4215530903328051,Policy effect heterogeneity by Big4 region.,
m9_policy_by_big4,C(cause_group)[T.债务加入纠纷],-0.6384697576434417,0.02783047133198193,1.7959026307349993e-116,-0.6930164791269008,-0.5839230361599826,5048,0.1985099734647342,0.4215530903328051,Policy effect heterogeneity by Big4 region.,
m9_policy_by_big4,C(cause_group)[T.债务转移合同纠纷],-0.16800432814635138,0.031193086678534182,7.206398522535256e-08,-0.22914165460291452,-0.10686700168978824,5048,0.1985099734647342,0.4215530903328051,Policy effect heterogeneity by Big4 region.,
m9_policy_by_big4,C(cause_group)[T.债权人撤销权纠纷],0.4319667843498019,0.29700402955502897,0.1458315927996596,-0.15015041684132463,1.0140839855409285,5048,0.1985099734647342,0.4215530903328051,Policy effect heterogeneity by Big4 region.,
m9_policy_by_big4,C(cause_group)[T.债权转让合同纠纷],0.12061768712732371,0.12364286601167133,0.32929597631205765,-0.12171787720086366,0.36295325145551105,5048,0.1985099734647342,0.4215530903328051,Policy effect heterogeneity by Big4 region.,
m9_policy_by_big4,C(cause_group)[T.假冒注册商标罪],2.3102259193242462e-17,1.2642380692651885e-16,0.8550046807503286,-2.246838491711799e-16,2.7088836755766484e-16,5048,0.1985099734647342,0.4215530903328051,Policy effect heterogeneity by Big4 region.,
m9_policy_by_big4,C(cause_group)[T.偷越国（边）境罪],-4.3473035807661714e-16,8.939329256910738e-17,1.1554942431811187e-06,-6.099379919715197e-16,-2.595227241817146e-16,5048,0.1985099734647342,0.4215530903328051,Policy effect heterogeneity by Big4 region.,
m9_policy_by_big4,C(cause_group)[T.储蓄存款合同纠纷],-0.07007339505693014,0.03156703641132943,0.026430437390637704,-0.13194364952180032,-0.00820314059205994,5048,0.1985099734647342,0.4215530903328051,Policy effect heterogeneity by Big4 region.,
m9_policy_by_big4,C(cause_group)[T.公司减资纠纷],-5.949275472835409e-16,1.0703472760743427e-16,2.724670534430206e-08,-8.047117584891672e-16,-3.851433360779147e-16,5048,0.1985099734647342,0.4215530903328051,Policy effect heterogeneity by Big4 region.,
m9_policy_by_big4,C(cause_group)[T.公司解散纠纷],3.843574326332982e-16,1.5280946554285935e-16,0.011894044287278643,8.48563836724795e-17,6.838584815941168e-16,5048,0.1985099734647342,0.4215530903328051,Policy effect heterogeneity by Big4 region.,
m9_policy_by_big4,C(cause_group)[T.公安行政管理],-1.682109997401893e-16,9.558900272293496e-17,0.07845330569064994,-3.5556200239524296e-16,1.914000291486439e-17,5048,0.1985099734647342,0.4215530903328051,Policy effect heterogeneity by Big4 region.,
m9_policy_by_big4,C(cause_group)[T.公益事业捐赠合同纠纷],-0.6993394105390471,0.11130956664323606,3.324582917201005e-10,-0.9175021522945508,-0.4811766687835435,5048,0.1985099734647342,0.4215530903328051,Policy effect heterogeneity by Big4 region.,
m9_policy_by_big4,C(cause_group)[T.共有物分割纠纷],2.3452644422340414e-16,1.0218285534192697e-16,0.02172370882073209,3.4251727915761004e-17,4.348011605310473e-16,5048,0.1985099734647342,0.4215530903328051,Policy effect heterogeneity by Big4 region.,
m9_policy_by_big4,C(cause_group)[T.共有纠纷],-0.28169350863263054,0.05434239410373587,2.175516318277395e-07,-0.38820264390963466,-0.17518437335562645,5048,0.1985099734647342,0.4215530903328051,Policy effect heterogeneity by Big4 region.,
m9_policy_by_big4,C(cause_group)[T.其他案由],-1.7217532481420208e-16,1.08109681495482e-16,0.111250273175646,-3.840664069254431e-16,3.971575729703899e-17,5048,0.1985099734647342,0.4215530903328051,Policy effect heterogeneity by Big4 region.,
m9_policy_by_big4,C(cause_group)[T.其他行政行为],-4.102934785976849e-17,8.983469995307847e-17,0.6478719639099622,-2.1710212432976438e-16,1.350434286102274e-16,5048,0.1985099734647342,0.4215530903328051,Policy effect heterogeneity by Big4 region.,
m9_policy_by_big4,C(cause_group)[T.再保险合同纠纷],-0.2317583392044772,0.02960551768901905,4.948476423597217e-15,-0.289784087618618,-0.17373259079033637,5048,0.1985099734647342,0.4215530903328051,Policy effect heterogeneity by Big4 region.,
m9_policy_by_big4,C(cause_group)[T.出售、购买、运输假币罪],-6.315951669565643e-17,1.0742625156375431e-16,0.5565767757553084,-2.7371110075475457e-16,1.4739206736344168e-16,5048,0.1985099734647342,0.4215530903328051,Policy effect heterogeneity by Big4 region.,
m9_policy_by_big4,C(cause_group)[T.分家析产纠纷],2.1468446535029305e-16,8.860073484465078e-17,0.015390590715288664,4.103021605099449e-17,3.883387146495916e-16,5048,0.1985099734647342,0.4215530903328051,Policy effect heterogeneity by Big4 region.,
m9_policy_by_big4,C(cause_group)[T.分期付款买卖合同纠纷],-0.5577625604349864,0.04072409138452983,1.0707738677671421e-42,-0.6375803128517827,-0.47794480801819006,5048,0.1985099734647342,0.4215530903328051,Policy effect heterogeneity by Big4 region.,
m9_policy_by_big4,C(cause_group)[T.制作、复制、出版、贩卖、传播淫秽物品牟利罪],5.929513744432516e-16,1.0046120524698918e-16,3.5848580156390098e-09,3.960510303156665e-16,7.898517185708368e-16,5048,0.1985099734647342,0.4215530903328051,Policy effect heterogeneity by Big4 region.,
m9_policy_by_big4,C(cause_group)[T.制作、贩卖、传播淫秽物品罪],-3.408819674772223e-17,1.3832879040178909e-16,0.8053503203476291,-3.0520764396021877e-16,2.370312504647743e-16,5048,0.1985099734647342,0.4215530903328051,Policy effect heterogeneity by Big4 region.,
m9_policy_by_big4,C(cause_group)[T.劳务合同纠纷],-0.19378079989990837,0.050642866372541395,0.00013002117899660182,-0.2930389940639641,-0.09452260573585262,5048,0.1985099734647342,0.4215530903328051,Policy effect heterogeneity by Big4 region.,
m9_policy_by_big4,C(cause_group)[T.劳动争议],-0.12542833437360934,0.07763337491234706,0.10617008449715339,-0.27758695320010496,0.026730284452886277,5048,0.1985099734647342,0.4215530903328051,Policy effect heterogeneity by Big4 region.,
m9_policy_by_big4,C(cause_group)[T.劳动合同纠纷],-0.029636670711466848,0.09313266511419561,0.7503181115930019,-0.21217334011952016,0.1528999986965865,5048,0.1985099734647342,0.4215530903328051,Policy effect heterogeneity by Big4 region.,
m9_policy_by_big4,C(cause_group)[T.占有物返还纠纷],-1.068538051849409e-17,8.417853888834149e-17,0.8989901740283878,-1.7567228501084776e-16,1.5430152397385958e-16,5048,0.1985099734647342,0.4215530903328051,Policy effect heterogeneity by Big4 region.,
m9_policy_by_big4,C(cause_group)[T.危险驾驶罪],-4.208631633698723e-17,9.105556480954066e-17,0.6439344833362688,-2.2055194395563967e-16,1.363793112816652e-16,5048,0.1985099734647342,0.4215530903328051,Policy effect heterogeneity by Big4 region.,
m9_policy_by_big4,C(cause_group)[T.发起人责任纠纷],0.07693080168770494,0.22549197937291107,0.7329765976075573,-0.3650253566858495,0.5188869600612593,5048,0.1985099734647342,0.4215530903328051,Policy effect heterogeneity by Big4 region.,
m9_policy_by_big4,C(cause_group)[T.受贿罪],-4.78982864615533e-17,1.1110339670583674e-16,0.6663851104984112,-2.656569425650594e-16,1.698603696419528e-16,5048,0.1985099734647342,0.4215530903328051,Policy effect heterogeneity by Big4 region.,
m9_policy_by_big4,C(cause_group)[T.合伙企业纠纷],-0.19505521281944316,0.13408664871165296,0.14575364436046231,-0.457860215101957,0.0677497894630707,5048,0.1985099734647342,0.4215530903328051,Policy effect heterogeneity by Big4 region.,
m9_policy_by_big4,C(cause_group)[T.合伙协议纠纷],-0.1990315512505989,0.06317471126870469,0.0016299458292139354,-0.3228517100709768,-0.075211392430221,5048,0.1985099734647342,0.4215530903328051,Policy effect heterogeneity by Big4 region.,
m9_policy_by_big4,C(cause_group)[T.合伙合同纠纷],0.10657094897656022,0.08370570570146299,0.20296045463270018,-0.0574892194988163,0.27063111745193674,5048,0.1985099734647342,0.4215530903328051,Policy effect heterogeneity by Big4 region.,
m9_policy_by_big4,C(cause_group)[T.合作创作合同纠纷],-0.06855943640010562,0.031438082046046215,0.02919993773272179,-0.13017694495337148,-0.006941927846839745,5048,0.1985099734647342,0.4215530903328051,Policy effect heterogeneity by Big4 region.,
m9_policy_by_big4,C(cause_group)[T.合同、准合同纠纷],0.5614432161777609,0.035761206954552476,1.5175846842930953e-55,0.49135253850315475,0.6315338938523671,5048,0.1985099734647342,0.4215530903328051,Policy effect heterogeneity by Big4 region.,
m9_policy_by_big4,C(cause_group)[T.合同、无因管理、不当得利],-0.3179833189583795,0.11269778877776136,0.004779103248226258,-0.538866926100094,-0.09709971181666496,5048,0.1985099734647342,0.4215530903328051,Policy effect heterogeneity by Big4 region.,
m9_policy_by_big4,C(cause_group)[T.合同纠纷],0.07204178696003631,0.026124950242358794,0.005822996263593011,0.020837825387112117,0.1232457485329605,5048,0.1985099734647342,0.4215530903328051,Policy effect heterogeneity by Big4 region.,
m9_policy_by_big4,C(cause_group)[T.合同诈骗罪],-1.7254234582922819e-16,6.061386153633503e-17,0.004419130363689186,-2.913433314043425e-16,-5.3741360254113854e-17,5048,0.1985099734647342,0.4215530903328051,Policy effect heterogeneity by Big4 region.,
m9_policy_by_big4,C(cause_group)[T.名誉权纠纷],0.5403343449689296,0.0349193210526925,5.214209792140449e-54,0.47189373334106105,0.6087749565967983,5048,0.1985099734647342,0.4215530903328051,Policy effect heterogeneity by Big4 region.,
m9_policy_by_big4,C(cause_group)[T.商品房销售合同纠纷],-0.2419777374489696,0.03085801814030585,4.446689796276725e-15,-0.30245834163825275,-0.18149713325968647,5048,0.1985099734647342,0.4215530903328051,Policy effect heterogeneity by Big4 region.,
m9_policy_by_big4,C(cause_group)[T.商品房预售合同纠纷],-0.2453909953994362,0.04651442712528698,1.3233044119904041e-07,-0.33655759732651164,-0.15422439347236078,5048,0.1985099734647342,0.4215530903328051,Policy effect heterogeneity by Big4 region.,
m9_policy_by_big4,C(cause_group)[T.商标权权属、侵权纠纷],8.853510154142129e-17,4.811912953275966e-17,0.065780737814713,-5.776659310205322e-18,1.828468623930479e-16,5048,0.1985099734647342,0.4215530903328051,Policy effect heterogeneity by Big4 region.,
m9_policy_by_big4,C(cause_group)[T.商标权权属纠纷],-7.196164619740328e-17,5.789908237450178e-17,0.21391183585288043,-1.854417623893446e-16,4.151846999453804e-17,5048,0.1985099734647342,0.4215530903328051,Policy effect heterogeneity by Big4 region.,
m9_policy_by_big4,C(cause_group)[T.因申请诉中财产保全损害责任纠纷],3.0165876947190434e-16,6.677836589166786e-17,6.262934331543789e-06,1.7077557737779738e-16,4.3254196156601133e-16,5048,0.1985099734647342,0.4215530903328051,Policy effect heterogeneity by Big4 region.,
m9_policy_by_big4,C(cause_group)[T.因申请财产保全损害责任纠纷],2.2774748170529315e-16,3.1131711950377693e-17,2.5621366458074014e-13,1.6673044750547767e-16,2.8876451590510864e-16,5048,0.1985099734647342,0.4215530903328051,Policy effect heterogeneity by Big4 region.,
m9_policy_by_big4,C(cause_group)[T.国有公司、企业、事业单位人员失职罪],-2.2265038027027934e-17,1.573983143656929e-17,0.1571956412208094,-5.311454076543508e-17,8.584464711379213e-18,5048,0.1985099734647342,0.4215530903328051,Policy effect heterogeneity by Big4 region.,
m9_policy_by_big4,C(cause_group)[T.土地租赁合同纠纷],-0.2400753845818384,0.030344073340266984,2.5375115891851692e-15,-0.29954867547300373,-0.1806020936906731,5048,0.1985099734647342,0.4215530903328051,Policy effect heterogeneity by Big4 region.,
m9_policy_by_big4,C(cause_group)[T.妨害信用卡管理罪],-4.709285980309807e-16,5.2504202267614135e-17,2.982677369070797e-19,-5.738349435125107e-16,-3.6802225254945073e-16,5048,0.1985099734647342,0.4215530903328051,Policy effect heterogeneity by Big4 region.,
m9_policy_by_big4,C(cause_group)[T.委托合同纠纷],-0.04185103805293547,0.03372494365648458,0.21462346195613535,-0.10795071300028782,0.024248636894416878,5048,0.1985099734647342,0.4215530903328051,Policy effect heterogeneity by Big4 region.,
m9_policy_by_big4,C(cause_group)[T.委托理财合同纠纷],0.07211956255596282,0.04620419132163104,0.11855020584298209,-0.018438988369232148,0.1626781134811578,5048,0.1985099734647342,0.4215530903328051,Policy effect heterogeneity by Big4 region.,
m9_policy_by_big4,C(cause_group)[T.娱乐服务合同纠纷],-0.20726144991753415,0.06078465761293426,0.0006501867407917583,-0.3263971896514837,-0.08812571018358459,5048,0.1985099734647342,0.4215530903328051,Policy effect heterogeneity by Big4 region.,
m9_policy_by_big4,C(cause_group)[T.婚约财产纠纷],0.38656225554300006,0.2423950547852,0.11076562157457578,-0.08852332186660522,0.8616478329526054,5048,0.1985099734647342,0.4215530903328051,Policy effect heterogeneity by Big4 region.,
m9_policy_by_big4,C(cause_group)[T.定作合同纠纷],-0.3153998580259322,0.06053345934162659,1.884956576820607e-07,-0.43404325819514,-0.19675645785672435,5048,0.1985099734647342,0.4215530903328051,Policy effect heterogeneity by Big4 region.,
m9_policy_by_big4,C(cause_group)[T.定金合同纠纷],0.06472921018705033,0.20549724386497406,0.7527706012535748,-0.3380379867105434,0.467496407084644,5048,0.1985099734647342,0.4215530903328051,Policy effect heterogeneity by Big4 region.,
m9_policy_by_big4,C(cause_group)[T.容留他人吸毒罪],1.0924731165622539e-16,4.953472279843769e-17,0.027421178024585064,1.2161038987112391e-17,2.0633358432533838e-16,5048,0.1985099734647342,0.4215530903328051,Policy effect heterogeneity by Big4 region.,
m9_policy_by_big4,C(cause_group)[T.小额借款合同纠纷],-1.2365932748322894e-16,4.1295977375560955e-17,0.0027492728150718083,-2.0459795584570931e-16,-4.2720699120748557e-17,5048,0.1985099734647342,0.4215530903328051,Policy effect heterogeneity by Big4 region.,
m9_policy_by_big4,C(cause_group)[T.帮助信息网络犯罪活动],3.506728418451752e-17,8.71764330795856e-18,5.756783465444926e-05,1.7981017270852125e-17,5.2153551098182914e-17,5048,0.1985099734647342,0.4215530903328051,Policy effect heterogeneity by Big4 region.,
m9_policy_by_big4,C(cause_group)[T.帮助信息网络犯罪活动罪],-6.81015035754496e-17,2.1609977684282797e-17,0.0016249443017033063,-1.1045628154335816e-16,-2.574672560754104e-17,5048,0.1985099734647342,0.4215530903328051,Policy effect heterogeneity by Big4 region.,
m9_policy_by_big4,C(cause_group)[T.广告合同纠纷],0.046830701066406855,0.14087608819244662,0.7395685380489632,-0.2292813580736769,0.3229427602064906,5048,0.1985099734647342,0.4215530903328051,Policy effect heterogeneity by Big4 region.,
m9_policy_by_big4,C(cause_group)[T.建筑物和物件损害责任纠纷],6.65235652757289e-17,4.1467952674231346e-18,6.485567519466862e-58,5.839599590031841e-17,7.465113465113937e-17,5048,0.1985099734647342,0.4215530903328051,Policy effect heterogeneity by Big4 region.,
m9_policy_by_big4,C(cause_group)[T.建设工程合同纠纷],-0.21086981908922725,0.0334629706827939,2.9461344521353845e-10,-0.276456036443223,-0.14528360173523153,5048,0.1985099734647342,0.4215530903328051,Policy effect heterogeneity by Big4 region.,
m9_policy_by_big4,C(cause_group)[T.建设工程施工合同纠纷],0.34789136851380725,0.12366517107692564,0.004905543860519334,0.10551208706104864,0.5902706499665659,5048,0.1985099734647342,0.4215530903328051,Policy effect heterogeneity by Big4 region.,
m9_policy_by_big4,C(cause_group)[T.开设赌场罪],-3.262084984020392e-16,1.5888221514559207e-17,1.127196079436381e-93,-3.5734884034896967e-16,-2.950681564551087e-16,5048,0.1985099734647342,0.4215530903328051,Policy effect heterogeneity by Big4 region.,
m9_policy_by_big4,C(cause_group)[T.悬赏广告纠纷],0.6850490283263756,0.05817729617981261,5.239556988568787e-32,0.5710236230960232,0.799074433556728,5048,0.1985099734647342,0.4215530903328051,Policy effect heterogeneity by Big4 region.,
m9_policy_by_big4,C(cause_group)[T.房屋买卖合同纠纷],-0.42798490886457485,0.07128127481221837,1.9231283958065687e-09,-0.567693640268625,-0.28827617746052475,5048,0.1985099734647342,0.4215530903328051,Policy effect heterogeneity by Big4 region.,
m9_policy_by_big4,C(cause_group)[T.房屋拆迁安置补偿合同纠纷],0.9571434121424383,0.03267383953376214,1.241192499341691e-188,0.8931038634196234,1.021182960865253,5048,0.1985099734647342,0.4215530903328051,Policy effect heterogeneity by Big4 region.,
m9_policy_by_big4,C(cause_group)[T.房屋租赁合同纠纷],0.05985919783532234,0.1143863052017635,0.6007603651750604,-0.16433384068474077,0.28405223635538546,5048,0.1985099734647342,0.4215530903328051,Policy effect heterogeneity by Big4 region.,
m9_policy_by_big4,C(cause_group)[T.所有权确认纠纷],-0.5956548588872791,0.030470571131716237,4.2458355055315164e-85,-0.6553760808938088,-0.5359336368807494,5048,0.1985099734647342,0.4215530903328051,Policy effect heterogeneity by Big4 region.,
m9_policy_by_big4,C(cause_group)[T.所有权纠纷],0.4130527114965584,0.043283206281542086,1.38725842532059e-21,0.3282191860493181,0.49788623694379874,5048,0.1985099734647342,0.4215530903328051,Policy effect heterogeneity by Big4 region.,
m9_policy_by_big4,C(cause_group)[T.执行异议之诉],0.015352267735944197,0.2912497692754815,0.9579616241959774,-0.5554867905495999,0.5861913260214884,5048,0.1985099734647342,0.4215530903328051,Policy effect heterogeneity by Big4 region.,
m9_policy_by_big4,C(cause_group)[T.执行程序中的异议之诉],5.11836459348386e-17,2.7334670751976725e-28,0.0,5.1183645934302855e-17,5.118364593537435e-17,5048,0.1985099734647342,0.4215530903328051,Policy effect heterogeneity by Big4 region.,
m9_policy_by_big4,C(cause_group)[T.技术合同纠纷],-0.06255811805057294,0.03171157824636587,0.04852728003275863,-0.1247116693063739,-0.0004045667947719933,5048,0.1985099734647342,0.4215530903328051,Policy effect heterogeneity by Big4 region.,
m9_policy_by_big4,C(cause_group)[T.技术委托开发合同纠纷],-0.17623310947633242,0.03097555073846939,1.2746697421223818e-08,-0.23694407332502548,-0.11552214562763934,5048,0.1985099734647342,0.4215530903328051,Policy effect heterogeneity by Big4 region.,
m9_policy_by_big4,C(cause_group)[T.技术服务合同纠纷],-0.09667694431255275,0.0615681293329581,0.11635851299528832,-0.2173482604006547,0.02399437177554918,5048,0.1985099734647342,0.4215530903328051,Policy effect heterogeneity by Big4 region.,
m9_policy_by_big4,C(cause_group)[T.抢劫罪],5.645209726887381e-17,1.5829714348721587e-28,0.0,5.645209726856356e-17,5.645209726918407e-17,5048,0.1985099734647342,0.4215530903328051,Policy effect heterogeneity by Big4 region.,
m9_policy_by_big4,C(cause_group)[T.抢夺罪],3.6261891450445327e-16,1.3604917944620824e-28,0.0,3.6261891450418663e-16,3.626189145047199e-16,5048,0.1985099734647342,0.4215530903328051,Policy effect heterogeneity by Big4 region.,
m9_policy_by_big4,C(cause_group)[T.抵押合同纠纷],0.15355755458395431,0.21608866663865237,0.47731794953836215,-0.26996844949508625,0.5770835586629949,5048,0.1985099734647342,0.4215530903328051,Policy effect heterogeneity by Big4 region.,
m9_policy_by_big4,C(cause_group)[T.担保物权确认纠纷],-0.272439655000861,0.055058477419768576,7.490783673755573e-07,-0.3803522877872192,-0.16452702221450277,5048,0.1985099734647342,0.4215530903328051,Policy effect heterogeneity by Big4 region.,
m9_policy_by_big4,C(cause_group)[T.拒不执行判决、裁定罪],1.22840030473681e-16,3.82267217828993e-29,0.0,1.228400304736061e-16,1.2284003047375592e-16,5048,0.1985099734647342,0.4215530903328051,Policy effect heterogeneity by Big4 region.,
m9_policy_by_big4,C(cause_group)[T.拒不支付劳动报酬罪],-1.662997605723002e-17,3.721074725431537e-29,0.0,-1.6629976057302953e-17,-1.6629976057157087e-17,5048,0.1985099734647342,0.4215530903328051,Policy effect heterogeneity by Big4 region.,
m9_policy_by_big4,C(cause_group)[T.持有、使用假币罪],6.66800866419988e-17,4.0204863699800684e-29,0.0,6.668008664192e-17,6.66800866420776e-17,5048,0.1985099734647342,0.4215530903328051,Policy effect heterogeneity by Big4 region.,
m9_policy_by_big4,C(cause_group)[T.挪用公款罪],-1.343519275234557e-16,7.289591942893298e-29,0.0,-1.3435192752359858e-16,-1.3435192752331281e-16,5048,0.1985099734647342,0.4215530903328051,Policy effect heterogeneity by Big4 region.,
m9_policy_by_big4,C(cause_group)[T.挪用资金罪],-3.3100103798226325e-17,3.6528244127339566e-29,0.0,-3.310010379829792e-17,-3.310010379815473e-17,5048,0.1985099734647342,0.4215530903328051,Policy effect heterogeneity by Big4 region.,
m9_policy_by_big4,C(cause_group)[T.损害公司债权人利益责任纠纷],-0.21863738281168296,0.07408488855799528,0.0031656872118874402,-0.3638410961840173,-0.07343366943934868,5048,0.1985099734647342,0.4215530903328051,Policy effect heterogeneity by Big4 region.,
m9_policy_by_big4,C(cause_group)[T.损害公司利益责任纠纷],-0.25487151844827577,0.05547881623979067,4.34760360990922e-06,-0.36360800018318135,-0.1461350367133702,5048,0.1985099734647342,0.4215530903328051,Policy effect heterogeneity by Big4 region.,
m9_policy_by_big4,C(cause_group)[T.排除妨害纠纷],0.5279430621583888,0.03553850874629583,6.406793297191361e-50,0.4582888649513873,0.5975972593653903,5048,0.1985099734647342,0.4215530903328051,Policy effect heterogeneity by Big4 region.,
m9_policy_by_big4,C(cause_group)[T.掩饰、隐瞒犯罪所得、犯罪所得收益],7.955270278548498e-17,5.813564631306939e-29,0.0,7.955270278537104e-17,7.955270278559892e-17,5048,0.1985099734647342,0.4215530903328051,Policy effect heterogeneity by Big4 region.,
m9_policy_by_big4,C(cause_group)[T.掩饰、隐瞒犯罪所得、犯罪所得收益罪],1.7866603898787497e-16,2.4186206240248412e-30,0.0,1.7866603898787023e-16,1.786660389878797e-16,5048,0.1985099734647342,0.4215530903328051,Policy effect heterogeneity by Big4 region.,
m9_policy_by_big4,C(cause_group)[T.提供侵入、非法控制计算机信息系统程序、工具],4.2515998876330784e-17,2.4099790389052024e-29,0.0,4.251599887628355e-17,4.251599887637802e-17,5048,0.1985099734647342,0.4215530903328051,Policy effect heterogeneity by Big4 region.,
m9_policy_by_big4,C(cause_group)[T.提供侵入、非法控制计算机信息系统程序、工具罪],1.7948909584184884e-16,2.665457765720637e-29,0.0,1.794890958417966e-16,1.7948909584190108e-16,5048,0.1985099734647342,0.4215530903328051,Policy effect heterogeneity by Big4 region.,
m9_policy_by_big4,C(cause_group)[T.提供劳务者受害责任纠纷],-1.0779100368969499e-16,5.1516874723464996e-30,0.0,-1.0779100368970508e-16,-1.0779100368968489e-16,5048,0.1985099734647342,0.4215530903328051,Policy effect heterogeneity by Big4 region.,
m9_policy_by_big4,C(cause_group)[T.故意伤害罪],3.714735260416174e-18,2.0236772201333658e-29,0.0,3.714735260376511e-18,3.7147352604558375e-18,5048,0.1985099734647342,0.4215530903328051,Policy effect heterogeneity by Big4 region.,
m9_policy_by_big4,C(cause_group)[T.故意杀人罪],-5.781878326134237e-17,3.312377361454712e-29,0.0,-5.78187832614073e-17,-5.781878326127745e-17,5048,0.1985099734647342,0.4215530903328051,Policy effect heterogeneity by Big4 region.,
m9_policy_by_big4,C(cause_group)[T.故意毁坏财物罪],1.2918114826900404e-16,2.794282799966636e-30,0.0,1.2918114826899857e-16,1.2918114826900952e-16,5048,0.1985099734647342,0.4215530903328051,Policy effect heterogeneity by Big4 region.,
m9_policy_by_big4,C(cause_group)[T.教育培训合同纠纷],-0.13484668419532925,0.05421867031074945,0.012879300286004468,-0.24111332529404927,-0.02858004309660922,5048,0.1985099734647342,0.4215530903328051,Policy effect heterogeneity by Big4 region.,
m9_policy_by_big4,C(cause_group)[T.文化行政管理],-1.0681278084032721e-16,3.3576332096371253e-29,0.0,-1.0681278084039302e-16,-1.068127808402614e-16,5048,0.1985099734647342,0.4215530903328051,Policy effect heterogeneity by Big4 region.,
m9_policy_by_big4,C(cause_group)[T.旅游合同纠纷],-0.07171858445957965,0.03179636037152302,0.02409822855463826,-0.13403830562722138,-0.009398863291937919,5048,0.1985099734647342,0.4215530903328051,Policy effect heterogeneity by Big4 region.,
m9_policy_by_big4,C(cause_group)[T.服务合同纠纷],-0.10500759216695418,0.0685669330963116,0.12565546838999597,-0.23939631156609237,0.029381127232184,5048,0.1985099734647342,0.4215530903328051,Policy effect heterogeneity by Big4 region.,
m9_policy_by_big4,C(cause_group)[T.未分类],-0.042907479794664416,0.1878714105210463,0.8193450144180464,-0.41112867814065457,0.32531371855132574,5048,0.1985099734647342,0.4215530903328051,Policy effect heterogeneity by Big4 region.,
m9_policy_by_big4,C(cause_group)[T.机动车交通事故责任纠纷],0.5213142029684878,0.04211046807929252,3.3667419016238123e-35,0.4387792021609509,0.6038492037760248,5048,0.1985099734647342,0.4215530903328051,Policy effect heterogeneity by Big4 region.,
m9_policy_by_big4,C(cause_group)[T.案外人执行异议之诉],-0.2505280263721388,0.0808554169421497,0.0019452312901213527,-0.4090017315337219,-0.09205432121055565,5048,0.1985099734647342,0.4215530903328051,Policy effect heterogeneity by Big4 region.,
m9_policy_by_big4,C(cause_group)[T.欺诈客户责任纠纷],9.731844566157167e-17,5.4438959553975414e-30,0.0,9.7318445661561e-17,9.731844566158235e-17,5048,0.1985099734647342,0.4215530903328051,Policy effect heterogeneity by Big4 region.,
m9_policy_by_big4,C(cause_group)[T.民间借贷纠纷],-0.05703020576178419,0.029717203943070036,0.05497202149516015,-0.11527485521143314,0.0012144436878647608,5048,0.1985099734647342,0.4215530903328051,Policy effect heterogeneity by Big4 region.,
m9_policy_by_big4,C(cause_group)[T.民间委托理财合同纠纷],0.15988521696925137,0.048268242225996,0.0009248897122616744,0.06528120060924375,0.254489233329259,5048,0.1985099734647342,0.4215530903328051,Policy effect heterogeneity by Big4 region.,
m9_policy_by_big4,C(cause_group)[T.法定继承纠纷],1.2245266354888812e-17,9.550042181845948e-32,0.0,1.2245266354888626e-17,1.2245266354888999e-17,5048,0.1985099734647342,0.4215530903328051,Policy effect heterogeneity by Big4 region.,
m9_policy_by_big4,C(cause_group)[T.法律服务合同纠纷],-0.2336391675860973,0.06042641935445011,0.00011040534011497093,-0.35207277323553354,-0.11520556193666101,5048,0.1985099734647342,0.4215530903328051,Policy effect heterogeneity by Big4 region.,
m9_policy_by_big4,C(cause_group)[T.洗钱罪],0.0,0.0,,0.0,0.0,5048,0.1985099734647342,0.4215530903328051,Policy effect heterogeneity by Big4 region.,
m9_policy_by_big4,C(cause_group)[T.消费者权益保护民事公益诉讼],0.7112684478129863,0.05676884187298314,5.167820573182341e-36,0.60000356229789,0.8225333333280825,5048,0.1985099734647342,0.4215530903328051,Policy effect heterogeneity by Big4 region.,
m9_policy_by_big4,C(cause_group)[T.清算责任纠纷],0.30496997665032155,0.2626746589805238,0.245634626778917,-0.20986289460284568,0.8198028479034888,5048,0.1985099734647342,0.4215530903328051,Policy effect heterogeneity by Big4 region.,
m9_policy_by_big4,C(cause_group)[T.演出合同纠纷],-0.21065352127870407,0.03300051316515717,1.7326574136309484e-10,-0.275333338553752,-0.1459737040036561,5048,0.1985099734647342,0.4215530903328051,Policy effect heterogeneity by Big4 region.,
m9_policy_by_big4,C(cause_group)[T.物业服务合同纠纷],-0.2964066963732632,0.06164120125136191,1.5200559338776388e-06,-0.41722123078971785,-0.17559216195680857,5048,0.1985099734647342,0.4215530903328051,Policy effect heterogeneity by Big4 region.,
m9_policy_by_big4,C(cause_group)[T.物权保护纠纷],0.5184657930713557,0.11266912452667255,4.191228972333953e-06,0.297638366829419,0.7392932193132923,5048,0.1985099734647342,0.4215530903328051,Policy effect heterogeneity by Big4 region.,
m9_policy_by_big4,C(cause_group)[T.物权确认纠纷],0.0,0.0,,0.0,0.0,5048,0.1985099734647342,0.4215530903328051,Policy effect heterogeneity by Big4 region.,
m9_policy_by_big4,C(cause_group)[T.物权纠纷],0.7399815486196439,0.061809827054384675,4.986861066313841e-33,0.6188365137024006,0.8611265835368873,5048,0.1985099734647342,0.4215530903328051,Policy effect heterogeneity by Big4 region.,
m9_policy_by_big4,C(cause_group)[T.特许经营合同纠纷],-0.21594794980983856,0.03225391122150313,2.153054818911169e-11,-0.279164454164537,-0.1527314454551401,5048,0.1985099734647342,0.4215530903328051,Policy effect heterogeneity by Big4 region.,
m9_policy_by_big4,C(cause_group)[T.生产、销售伪劣产品罪],0.0,0.0,,0.0,0.0,5048,0.1985099734647342,0.4215530903328051,Policy effect heterogeneity by Big4 region.,
m9_policy_by_big4,C(cause_group)[T.生产、销售有毒、有害食品罪],0.0,0.0,,0.0,0.0,5048,0.1985099734647342,0.4215530903328051,Policy effect heterogeneity by Big4 region.,
m9_policy_by_big4,C(cause_group)[T.生命权、身体权、健康权纠纷],0.0,0.0,,0.0,0.0,5048,0.1985099734647342,0.4215530903328051,Policy effect heterogeneity by Big4 region.,
m9_policy_by_big4,C(cause_group)[T.申请诉前停止侵害注册商标专用权],0.0,0.0,,0.0,0.0,5048,0.1985099734647342,0.4215530903328051,Policy effect heterogeneity by Big4 region.,
m9_policy_by_big4,C(cause_group)[T.电信服务合同纠纷],0.0,0.0,,0.0,0.0,5048,0.1985099734647342,0.4215530903328051,Policy effect heterogeneity by Big4 region.,
m9_policy_by_big4,C(cause_group)[T.盗伐林木罪],0.0,0.0,,0.0,0.0,5048,0.1985099734647342,0.4215530903328051,Policy effect heterogeneity by Big4 region.,
m9_policy_by_big4,C(cause_group)[T.盗窃罪],0.0,0.0,,0.0,0.0,5048,0.1985099734647342,0.4215530903328051,Policy effect heterogeneity by Big4 region.,
m9_policy_by_big4,C(cause_group)[T.相邻关系纠纷],0.0,0.0,,0.0,0.0,5048,0.1985099734647342,0.4215530903328051,Policy effect heterogeneity by Big4 region.,
m9_policy_by_big4,C(cause_group)[T.破坏计算机信息系统罪],0.0,0.0,,0.0,0.0,5048,0.1985099734647342,0.4215530903328051,Policy effect heterogeneity by Big4 region.,
m9_policy_by_big4,C(cause_group)[T.确认不侵害著作权纠纷],0.0,0.0,,0.0,0.0,5048,0.1985099734647342,0.4215530903328051,Policy effect heterogeneity by Big4 region.,
m9_policy_by_big4,C(cause_group)[T.确认合同效力纠纷],0.05706908814951575,0.19000188606216084,0.7639020829016849,-0.31532776552700237,0.4294659418260339,5048,0.1985099734647342,0.4215530903328051,Policy effect heterogeneity by Big4 region.,
m9_policy_by_big4,C(cause_group)[T.确认合同无效纠纷],0.5637838558585808,0.08202808649259243,6.283967973470715e-12,0.4030117606123632,0.7245559511047984,5048,0.1985099734647342,0.4215530903328051,Policy effect heterogeneity by Big4 region.,
m9_policy_by_big4,C(cause_group)[T.确认合同有效纠纷],0.41358015019261407,0.03813804082421788,2.1226694915955527e-27,0.33883096373622873,0.4883293366489994,5048,0.1985099734647342,0.4215530903328051,Policy effect heterogeneity by Big4 region.,
m9_policy_by_big4,C(cause_group)[T.离婚后财产纠纷],-0.24534527834807796,0.06176969964684216,7.129094982274573e-05,-0.3664116649917451,-0.12427889170441082,5048,0.1985099734647342,0.4215530903328051,Policy effect heterogeneity by Big4 region.,
m9_policy_by_big4,C(cause_group)[T.离婚纠纷],0.1778641785314632,0.3641431440014493,0.625234128562971,-0.53584326892856,0.8915716259914864,5048,0.1985099734647342,0.4215530903328051,Policy effect heterogeneity by Big4 region.,
m9_policy_by_big4,C(cause_group)[T.种植、养殖回收合同纠纷],-0.22299596221033047,0.03152803976065176,1.5168409077340498e-12,-0.2847897846443547,-0.1612021397763062,5048,0.1985099734647342,0.4215530903328051,Policy effect heterogeneity by Big4 region.,
m9_policy_by_big4,C(cause_group)[T.租赁合同纠纷],-0.2458627362661388,0.06471736315918902,0.0001452677470211518,-0.3727064372325486,-0.11901903529972899,5048,0.1985099734647342,0.4215530903328051,Policy effect heterogeneity by Big4 region.,
m9_policy_by_big4,C(cause_group)[T.窃取、收买、非法提供信用卡信息罪],0.0,0.0,,0.0,0.0,5048,0.1985099734647342,0.4215530903328051,Policy effect heterogeneity by Big4 region.,
m9_policy_by_big4,C(cause_group)[T.窝藏、包庇罪],0.0,0.0,,0.0,0.0,5048,0.1985099734647342,0.4215530903328051,Policy effect heterogeneity by Big4 region.,
m9_policy_by_big4,C(cause_group)[T.竞业限制纠纷],-0.2759824581572952,0.05458248220253627,4.275896756247719e-07,-0.38296215746106477,-0.16900275885352567,5048,0.1985099734647342,0.4215530903328051,Policy effect heterogeneity by Big4 region.,
m9_policy_by_big4,C(cause_group)[T.组织、领导传销活动],0.0,0.0,,0.0,0.0,5048,0.1985099734647342,0.4215530903328051,Policy effect heterogeneity by Big4 region.,
m9_policy_by_big4,C(cause_group)[T.组织、领导传销活动罪],0.0,0.0,,0.0,0.0,5048,0.1985099734647342,0.4215530903328051,Policy effect heterogeneity by Big4 region.,
m9_policy_by_big4,C(cause_group)[T.组织他人偷越国（边）境罪],0.0,0.0,,0.0,0.0,5048,0.1985099734647342,0.4215530903328051,Policy effect heterogeneity by Big4 region.,
m9_policy_by_big4,C(cause_group)[T.组织卖淫罪],0.0,0.0,,0.0,0.0,5048,0.1985099734647342,0.4215530903328051,Policy effect heterogeneity by Big4 region.,
m9_policy_by_big4,C(cause_group)[T.组织淫秽表演罪],0.0,0.0,,0.0,0.0,5048,0.1985099734647342,0.4215530903328051,Policy effect heterogeneity by Big4 region.,
m9_policy_by_big4,C(cause_group)[T.绑架罪],0.0,0.0,,0.0,0.0,5048,0.1985099734647342,0.4215530903328051,Policy effect heterogeneity by Big4 region.,
m9_policy_by_big4,C(cause_group)[T.缔约过失责任纠纷],0.3507297241510164,0.2922962811355977,0.23017364010218233,-0.22216045968974946,0.9236199079917822,5048,0.1985099734647342,0.4215530903328051,Policy effect heterogeneity by Big4 region.,
m9_policy_by_big4,C(cause_group)[T.网络侵害虚拟财产纠纷],0.1296624664919131,0.29701204897940375,0.662433196563406,-0.45247045248216483,0.7117953854659911,5048,0.1985099734647342,0.4215530903328051,Policy effect heterogeneity by Big4 region.,
m9_policy_by_big4,C(cause_group)[T.网络侵权责任纠纷],-0.006915974621004253,0.10243793958672008,0.9461726758506794,-0.2076906468614655,0.19385869761945695,5048,0.1985099734647342,0.4215530903328051,Policy effect heterogeneity by Big4 region.,
m9_policy_by_big4,C(cause_group)[T.网络域名合同纠纷],-0.09711261026821316,0.048690487630875696,0.04609871202286903,-0.1925442124144225,-0.0016810081220038214,5048,0.1985099734647342,0.4215530903328051,Policy effect heterogeneity by Big4 region.,
m9_policy_by_big4,C(cause_group)[T.网络域名权属纠纷],0.0,0.0,,0.0,0.0,5048,0.1985099734647342,0.4215530903328051,Policy effect heterogeneity by Big4 region.,
m9_policy_by_big4,C(cause_group)[T.网络服务合同纠纷],-0.13269183261212306,0.06003700672068862,0.027093549381694646,-0.2503622035242619,-0.015021461699984195,5048,0.1985099734647342,0.4215530903328051,Policy effect heterogeneity by Big4 region.,
m9_policy_by_big4,C(cause_group)[T.职务侵占罪],0.0,0.0,,0.0,0.0,5048,0.1985099734647342,0.4215530903328051,Policy effect heterogeneity by Big4 region.,
m9_policy_by_big4,C(cause_group)[T.联营合同纠纷],-0.09576093275307951,0.03972297413116671,0.015921104961405336,-0.1736165314089825,-0.017905334097176512,5048,0.1985099734647342,0.4215530903328051,Policy effect heterogeneity by Big4 region.,
m9_policy_by_big4,C(cause_group)[T.肖像权纠纷],0.8700266479846,0.1165453133619747,8.321343757932681e-14,0.6416020312281949,1.0984512647410052,5048,0.1985099734647342,0.4215530903328051,Policy effect heterogeneity by Big4 region.,
m9_policy_by_big4,C(cause_group)[T.股东出资纠纷],-0.28700850078603807,0.05435157584049702,1.287670916826005e-07,-0.39353563193640956,-0.18048136963566658,5048,0.1985099734647342,0.4215530903328051,Policy effect heterogeneity by Big4 region.,
m9_policy_by_big4,C(cause_group)[T.股东损害公司债权人利益责任纠纷],-0.11121650771698595,0.17082899923758796,0.5150206811491245,-0.4460351937376787,0.22360217830370682,5048,0.1985099734647342,0.4215530903328051,Policy effect heterogeneity by Big4 region.,
m9_policy_by_big4,C(cause_group)[T.股东知情权纠纷],0.0,0.0,,0.0,0.0,5048,0.1985099734647342,0.4215530903328051,Policy effect heterogeneity by Big4 region.,
m9_policy_by_big4,C(cause_group)[T.股东资格确认纠纷],-0.4460217398967531,0.03383133299021849,1.0893257854221034e-39,-0.5123299341065631,-0.37971354568694304,5048,0.1985099734647342,0.4215530903328051,Policy effect heterogeneity by Big4 region.,
m9_policy_by_big4,C(cause_group)[T.股权转让纠纷],-0.20671890045017843,0.14638266932021646,0.1578965204156738,-0.493623660278639,0.08018585937828215,5048,0.1985099734647342,0.4215530903328051,Policy effect heterogeneity by Big4 region.,
m9_policy_by_big4,C(cause_group)[T.著作权合同纠纷],-0.10762106986197555,0.03964985508235945,0.006641867959534266,-0.18533335781563248,-0.02990878190831861,5048,0.1985099734647342,0.4215530903328051,Policy effect heterogeneity by Big4 region.,
m9_policy_by_big4,C(cause_group)[T.著作权权属、侵权纠纷],0.0,0.0,,0.0,0.0,5048,0.1985099734647342,0.4215530903328051,Policy effect heterogeneity by Big4 region.,
m9_policy_by_big4,C(cause_group)[T.著作权权属纠纷],-0.18267948816884014,0.08395800662127782,0.029566960125639034,-0.34723415736032004,-0.018124818977360208,5048,0.1985099734647342,0.4215530903328051,Policy effect heterogeneity by Big4 region.,
m9_policy_by_big4,C(cause_group)[T.著作权许可使用合同纠纷],-0.133658564688366,0.07070847008005704,0.05872097992428575,-0.2722446194472058,0.004927490070473772,5048,0.1985099734647342,0.4215530903328051,Policy effect heterogeneity by Big4 region.,
m9_policy_by_big4,C(cause_group)[T.虚假诉讼罪],0.0,0.0,,0.0,0.0,5048,0.1985099734647342,0.4215530903328051,Policy effect heterogeneity by Big4 region.,
m9_policy_by_big4,C(cause_group)[T.融资租赁合同纠纷],-0.2169209230826772,0.04800618332214092,6.224874987369458e-06,-0.3110113134293008,-0.12283053273605359,5048,0.1985099734647342,0.4215530903328051,Policy effect heterogeneity by Big4 region.,
m9_policy_by_big4,C(cause_group)[T.行政],0.0,0.0,,0.0,0.0,5048,0.1985099734647342,0.4215530903328051,Policy effect heterogeneity by Big4 region.,
m9_policy_by_big4,C(cause_group)[T.行政处罚],0.0,0.0,,0.0,0.0,5048,0.1985099734647342,0.4215530903328051,Policy effect heterogeneity by Big4 region.,
m9_policy_by_big4,C(cause_group)[T.行政复议],0.0,0.0,,0.0,0.0,5048,0.1985099734647342,0.4215530903328051,Policy effect heterogeneity by Big4 region.,
m9_policy_by_big4,C(cause_group)[T.行政强制],0.0,0.0,,0.0,0.0,5048,0.1985099734647342,0.4215530903328051,Policy effect heterogeneity by Big4 region.,
m9_policy_by_big4,C(cause_group)[T.行政强制措施],0.0,0.0,,0.0,0.0,5048,0.1985099734647342,0.4215530903328051,Policy effect heterogeneity by Big4 region.,
m9_policy_by_big4,C(cause_group)[T.行政拘留],0.0,0.0,,0.0,0.0,5048,0.1985099734647342,0.4215530903328051,Policy effect heterogeneity by Big4 region.,
m9_policy_by_big4,C(cause_group)[T.行政撤销],0.0,0.0,,0.0,0.0,5048,0.1985099734647342,0.4215530903328051,Policy effect heterogeneity by Big4 region.,
m9_policy_by_big4,C(cause_group)[T.行政监察],0.0,0.0,,0.0,0.0,5048,0.1985099734647342,0.4215530903328051,Policy effect heterogeneity by Big4 region.,
m9_policy_by_big4,C(cause_group)[T.行政确认],0.0,0.0,,0.0,0.0,5048,0.1985099734647342,0.4215530903328051,Policy effect heterogeneity by Big4 region.,
m9_policy_by_big4,C(cause_group)[T.行政非诉执行],0.0,0.0,,0.0,0.0,5048,0.1985099734647342,0.4215530903328051,Policy effect heterogeneity by Big4 region.,
m9_policy_by_big4,C(cause_group)[T.行纪合同纠纷],0.10435236144511112,0.227565307675499,0.6465501225334358,-0.34166744572964325,0.5503721686198655,5048,0.1985099734647342,0.4215530903328051,Policy effect heterogeneity by Big4 region.,
m9_policy_by_big4,C(cause_group)[T.被继承人债务清偿纠纷],-0.17903041864236394,0.10712103291789307,0.0946642124917836,-0.3889837851481639,0.03092294786343605,5048,0.1985099734647342,0.4215530903328051,Policy effect heterogeneity by Big4 region.,
m9_policy_by_big4,C(cause_group)[T.装饰装修合同纠纷],0.16384531213164172,0.20857623575738063,0.43213608362480316,-0.24495659798375974,0.5726472222470431,5048,0.1985099734647342,0.4215530903328051,Policy effect heterogeneity by Big4 region.,
m9_policy_by_big4,C(cause_group)[T.计算机软件开发合同纠纷],0.02319573837567128,0.0942167469503442,0.8055309050024493,-0.16146569238752734,0.20785716913886987,5048,0.1985099734647342,0.4215530903328051,Policy effect heterogeneity by Big4 region.,
m9_policy_by_big4,C(cause_group)[T.计算机软件著作权许可使用合同纠纷],-0.1490237026878841,0.03415122847189945,1.2791539642487658e-05,-0.21595888052060586,-0.08208852485516231,5048,0.1985099734647342,0.4215530903328051,Policy effect heterogeneity by Big4 region.,
m9_policy_by_big4,C(cause_group)[T.诈骗],0.0,0.0,,0.0,0.0,5048,0.1985099734647342,0.4215530903328051,Policy effect heterogeneity by Big4 region.,
m9_policy_by_big4,C(cause_group)[T.诈骗罪],0.0,0.0,,0.0,0.0,5048,0.1985099734647342,0.4215530903328051,Policy effect heterogeneity by Big4 region.,
m9_policy_by_big4,C(cause_group)[T.诬告陷害罪],0.0,0.0,,0.0,0.0,5048,0.1985099734647342,0.4215530903328051,Policy effect heterogeneity by Big4 region.,
m9_policy_by_big4,C(cause_group)[T.财产保险合同纠纷],-0.15760782783924385,0.031695629257020394,6.608086249555454e-07,-0.21973011965033784,-0.09548553602814984,5048,0.1985099734647342,0.4215530903328051,Policy effect heterogeneity by Big4 region.,
m9_policy_by_big4,C(cause_group)[T.财产损失保险合同纠纷],-0.23302508271753192,0.029553895601468417,3.151654672525411e-15,-0.29094965369926673,-0.1751005117357971,5048,0.1985099734647342,0.4215530903328051,Policy effect heterogeneity by Big4 region.,
m9_policy_by_big4,C(cause_group)[T.财产损害赔偿纠纷],0.1561699032378055,0.1132420892643142,0.16787008197525133,-0.06578051325432024,0.3781203197299312,5048,0.1985099734647342,0.4215530903328051,Policy effect heterogeneity by Big4 region.,
m9_policy_by_big4,C(cause_group)[T.贪污罪],0.0,0.0,,0.0,0.0,5048,0.1985099734647342,0.4215530903328051,Policy effect heterogeneity by Big4 region.,
m9_policy_by_big4,C(cause_group)[T.贷款诈骗罪],0.0,0.0,,0.0,0.0,5048,0.1985099734647342,0.4215530903328051,Policy effect heterogeneity by Big4 region.,
m9_policy_by_big4,C(cause_group)[T.赌博罪],0.0,0.0,,0.0,0.0,5048,0.1985099734647342,0.4215530903328051,Policy effect heterogeneity by Big4 region.,
m9_policy_by_big4,C(cause_group)[T.赠与合同纠纷],0.4232280158004176,0.07804227864530945,5.8587079853705094e-08,0.27026796038417167,0.5761880712166635,5048,0.1985099734647342,0.4215530903328051,Policy effect heterogeneity by Big4 region.,
m9_policy_by_big4,C(cause_group)[T.走私、贩卖、运输、制造毒品],0.0,0.0,,0.0,0.0,5048,0.1985099734647342,0.4215530903328051,Policy effect heterogeneity by Big4 region.,
m9_policy_by_big4,C(cause_group)[T.走私、贩卖、运输、制造毒品罪],0.0,0.0,,0.0,0.0,5048,0.1985099734647342,0.4215530903328051,Policy effect heterogeneity by Big4 region.,
m9_policy_by_big4,C(cause_group)[T.走私普通货物、物品罪],0.0,0.0,,0.0,0.0,5048,0.1985099734647342,0.4215530903328051,Policy effect heterogeneity by Big4 region.,
m9_policy_by_big4,C(cause_group)[T.走私武器、弹药罪],0.0,0.0,,0.0,0.0,5048,0.1985099734647342,0.4215530903328051,Policy effect heterogeneity by Big4 region.,
m9_policy_by_big4,C(cause_group)[T.走私罪],0.0,0.0,,0.0,0.0,5048,0.1985099734647342,0.4215530903328051,Policy effect heterogeneity by Big4 region.,
m9_policy_by_big4,C(cause_group)[T.车辆租赁合同纠纷],-0.22194319345533042,0.029411833307207737,4.4865449591977683e-14,-0.2795893274567532,-0.16429705945390766,5048,0.1985099734647342,0.4215530903328051,Policy effect heterogeneity by Big4 region.,
m9_policy_by_big4,C(cause_group)[T.运输合同纠纷],0.16809202992667596,0.2678478709617448,0.5302887452168534,-0.3568801504940756,0.6930642103474275,5048,0.1985099734647342,0.4215530903328051,Policy effect heterogeneity by Big4 region.,
m9_policy_by_big4,C(cause_group)[T.运送他人偷越国（边）境罪],0.0,0.0,,0.0,0.0,5048,0.1985099734647342,0.4215530903328051,Policy effect heterogeneity by Big4 region.,
m9_policy_by_big4,C(cause_group)[T.返还原物纠纷],0.09981075195956118,0.1065395113221343,0.34883953269746415,-0.10900285316231936,0.30862435708144176,5048,0.1985099734647342,0.4215530903328051,Policy effect heterogeneity by Big4 region.,
m9_policy_by_big4,C(cause_group)[T.追偿权纠纷],-0.21942519472386604,0.1085334516238824,0.043204386574540114,-0.4321468510244958,-0.006703538423236316,5048,0.1985099734647342,0.4215530903328051,Policy effect heterogeneity by Big4 region.,
m9_policy_by_big4,C(cause_group)[T.追加、变更被执行人异议之诉],-0.39888446384891446,0.036080261271744955,2.0623980869572785e-28,-0.4696004764943299,-0.328168451203499,5048,0.1985099734647342,0.4215530903328051,Policy effect heterogeneity by Big4 region.,
m9_policy_by_big4,C(cause_group)[T.追索劳动报酬纠纷],0.0,0.0,,0.0,0.0,5048,0.1985099734647342,0.4215530903328051,Policy effect heterogeneity by Big4 region.,
m9_policy_by_big4,C(cause_group)[T.金融借款合同纠纷],-0.36372812668037724,0.03373944349733961,4.2555851542855055e-27,-0.429856220793587,-0.2976000325671675,5048,0.1985099734647342,0.4215530903328051,Policy effect heterogeneity by Big4 region.,
m9_policy_by_big4,C(cause_group)[T.铁路运输财产损害责任纠纷],0.3669834847940077,0.029203198402917244,3.224877821304117e-36,0.3097462676909123,0.42422070189710315,5048,0.1985099734647342,0.4215530903328051,Policy effect heterogeneity by Big4 region.,
m9_policy_by_big4,C(cause_group)[T.银行卡纠纷],-0.271916379327307,0.05593367872504887,1.165543141874804e-06,-0.381544375151237,-0.162288383503377,5048,0.1985099734647342,0.4215530903328051,Policy effect heterogeneity by Big4 region.,
m9_policy_by_big4,C(cause_group)[T.销售假冒注册商标的商品罪],0.0,0.0,,0.0,0.0,5048,0.1985099734647342,0.4215530903328051,Policy effect heterogeneity by Big4 region.,
m9_policy_by_big4,C(cause_group)[T.隐私权纠纷],0.0,0.0,,0.0,0.0,5048,0.1985099734647342,0.4215530903328051,Policy effect heterogeneity by Big4 region.,
m9_policy_by_big4,C(cause_group)[T.集资诈骗罪],0.0,0.0,,0.0,0.0,5048,0.1985099734647342,0.4215530903328051,Policy effect heterogeneity by Big4 region.,
m9_policy_by_big4,C(cause_group)[T.非法侵入计算机信息系统罪],0.0,0.0,,0.0,0.0,5048,0.1985099734647342,0.4215530903328051,Policy effect heterogeneity by Big4 region.,
m9_policy_by_big4,C(cause_group)[T.非法出售增值税专用发票罪],0.0,0.0,,0.0,0.0,5048,0.1985099734647342,0.4215530903328051,Policy effect heterogeneity by Big4 region.,
m9_policy_by_big4,C(cause_group)[T.非法利用信息网络],0.0,0.0,,0.0,0.0,5048,0.1985099734647342,0.4215530903328051,Policy effect heterogeneity by Big4 region.,
m9_policy_by_big4,C(cause_group)[T.非法利用信息网络罪],0.0,0.0,,0.0,0.0,5048,0.1985099734647342,0.4215530903328051,Policy effect heterogeneity by Big4 region.,
m9_policy_by_big4,C(cause_group)[T.非法制造、买卖、运输、邮寄、储存枪支、弹药、爆炸物罪],0.0,0.0,,0.0,0.0,5048,0.1985099734647342,0.4215530903328051,Policy effect heterogeneity by Big4 region.,
m9_policy_by_big4,C(cause_group)[T.非法吸收公众存款],0.0,0.0,,0.0,0.0,5048,0.1985099734647342,0.4215530903328051,Policy effect heterogeneity by Big4 region.,
m9_policy_by_big4,C(cause_group)[T.非法吸收公众存款罪],0.0,0.0,,0.0,0.0,5048,0.1985099734647342,0.4215530903328051,Policy effect heterogeneity by Big4 region.,
m9_policy_by_big4,C(cause_group)[T.非法拘禁罪],0.0,0.0,,0.0,0.0,5048,0.1985099734647342,0.4215530903328051,Policy effect heterogeneity by Big4 region.,
m9_policy_by_big4,C(cause_group)[T.非法持有毒品罪],0.0,0.0,,0.0,0.0,5048,0.1985099734647342,0.4215530903328051,Policy effect heterogeneity by Big4 region.,
m9_policy_by_big4,C(cause_group)[T.非法种植毒品原植物罪],0.0,0.0,,0.0,0.0,5048,0.1985099734647342,0.4215530903328051,Policy effect heterogeneity by Big4 region.,
m9_policy_by_big4,C(cause_group)[T.非法获取计算机信息系统数据、非法控制计算机信息系统罪],0.0,0.0,,0.0,0.0,5048,0.1985099734647342,0.4215530903328051,Policy effect heterogeneity by Big4 region.,
m9_policy_by_big4,C(cause_group)[T.食品、药品监管渎职罪],0.0,0.0,,0.0,0.0,5048,0.1985099734647342,0.4215530903328051,Policy effect heterogeneity by Big4 region.,
m9_policy_by_big4,C(cause_group)[T.餐饮服务合同纠纷],0.8435003823208724,0.06906798842918564,2.6621114922549092e-34,0.7081296125150394,0.9788711521267055,5048,0.1985099734647342,0.4215530903328051,Policy effect heterogeneity by Big4 region.,
m9_policy_by_big4,post2021,0.06056810788041602,0.016760065409944656,0.00030170131664844507,0.027718983298388962,0.09341723246244307,5048,0.1985099734647342,0.4215530903328051,Policy effect heterogeneity by Big4 region.,
m9_policy_by_big4,region_big4,-0.10527203439520863,0.02176647890910165,1.3219232030331984e-06,-0.14793354912729856,-0.0626105196631187,5048,0.1985099734647342,0.4215530903328051,Policy effect heterogeneity by Big4 region.,
m9_policy_by_big4,post2021:region_big4,0.060024603910259045,0.02809831860495337,0.032660286389516326,0.004952911418418707,0.11509629640209938,5048,0.1985099734647342,0.4215530903328051,Policy effect heterogeneity by Big4 region.,
m9_policy_by_big4,log_amount_master,-0.0036864853697579367,0.003861194935200908,0.33970289281833044,-0.011254288380040185,0.003881317640524311,5048,0.1985099734647342,0.4215530903328051,Policy effect heterogeneity by Big4 region.,
m9_policy_by_big4,amount_llm_regex_conflict_flag,-0.07685945684583917,0.033127871620083724,0.020336314195994087,-0.14178889210566983,-0.011930021586008505,5048,0.1985099734647342,0.4215530903328051,Policy effect heterogeneity by Big4 region.,
m9_policy_by_big4,amount_regex_fallback_flag,0.0,0.0,,0.0,0.0,5048,0.1985099734647342,0.4215530903328051,Policy effect heterogeneity by Big4 region.,
m10_region_macro,Intercept,0.2563100867716356,0.05996613517222766,1.9178414454369087e-05,0.13877862154200876,0.3738415520012624,5048,0.19686300538807977,0.4215530903328051,Adds macro-region categories.,
m10_region_macro,C(region_macro)[T.东部],0.087014994639559,0.02812289302969618,0.0019741208683730273,0.031895137160281965,0.14213485211883603,5048,0.19686300538807977,0.4215530903328051,Adds macro-region categories.,
m10_region_macro,C(region_macro)[T.中部],0.12094971598177819,0.030561705382939744,7.571996375962938e-05,0.061049874125092385,0.180849557838464,5048,0.19686300538807977,0.4215530903328051,Adds macro-region categories.,
m10_region_macro,C(region_macro)[T.未映射],-0.008065331707515562,0.049765396714711106,0.8712530428138342,-0.10560371694469725,0.08947305352966614,5048,0.19686300538807977,0.4215530903328051,Adds macro-region categories.,
m10_region_macro,C(region_macro)[T.西部],0.104912863755204,0.03043359702243582,0.0005662797432618006,0.04526410967122437,0.16456161783918363,5048,0.19686300538807977,0.4215530903328051,Adds macro-region categories.,
m10_region_macro,"C(transaction_type, Treatment(reference='借贷'))[T.投资/理财]",0.2502085323714669,0.022526617865911404,1.1568092385519368e-28,0.20605717266078402,0.2943598920821498,5048,0.19686300538807977,0.4215530903328051,Adds macro-region categories.,
m10_region_macro,"C(transaction_type, Treatment(reference='借贷'))[T.交易/买卖]",0.17006084717011372,0.03893412989066404,1.2544010164052812e-05,0.0937513548150078,0.24637033952521964,5048,0.19686300538807977,0.4215530903328051,Adds macro-region categories.,
m10_region_macro,"C(transaction_type, Treatment(reference='借贷'))[T.ICO/发币]",0.4733796126775746,0.11000652590558968,1.68351996311536e-05,0.25777078383824636,0.6889884415169029,5048,0.19686300538807977,0.4215530903328051,Adds macro-region categories.,
m10_region_macro,"C(transaction_type, Treatment(reference='借贷'))[T.挖矿]",0.05911561703412587,0.03790098325653619,0.11882172585774292,-0.015168945127340662,0.1334001791955924,5048,0.19686300538807977,0.4215530903328051,Adds macro-region categories.,
m10_region_macro,"C(transaction_type, Treatment(reference='借贷'))[T.技术服务]",-0.11745311458281374,0.06161311278728735,0.056611214964316814,-0.23821259662130123,0.0033063674556737394,5048,0.19686300538807977,0.4215530903328051,Adds macro-region categories.,
m10_region_macro,"C(transaction_type, Treatment(reference='借贷'))[T.其他民商事]",-0.15993425600487654,0.03233141670495143,7.547693110569269e-07,-0.22330266831573803,-0.09656584369401507,5048,0.19686300538807977,0.4215530903328051,Adds macro-region categories.,
m10_region_macro,"C(transaction_type, Treatment(reference='借贷'))[T.其他/未分类]",-0.0642774364427644,0.071473661190928,0.3684841486465932,-0.20436323822020147,0.07580836533467267,5048,0.19686300538807977,0.4215530903328051,Adds macro-region categories.,
m10_region_macro,"C(transaction_type, Treatment(reference='借贷'))[T.未分类]",7.0394401503599366e-15,1.1754694282610572e-15,2.116284995205993e-09,4.735562406040375e-15,9.343317894679498e-15,5048,0.19686300538807977,0.4215530903328051,Adds macro-region categories.,
m10_region_macro,C(court_level_group)[T.基层法院],0.011570742594982069,0.01440339339259719,0.42178143172573257,-0.016659389709670607,0.03980087489963474,5048,0.19686300538807977,0.4215530903328051,Adds macro-region categories.,
m10_region_macro,C(court_level_group)[T.最高人民法院],-0.008065331707515628,0.04976539671471058,0.8712530428138318,-0.10560371694469628,0.08947305352966503,5048,0.19686300538807977,0.4215530903328051,Adds macro-region categories.,
m10_region_macro,C(court_level_group)[T.高级法院],-0.004770847397603223,0.10420006557661031,0.9634812520029233,-0.20899922311447128,0.19945752831926483,5048,0.19686300538807977,0.4215530903328051,Adds macro-region categories.,
m10_region_macro,C(cause_group)[T.不当得利纠纷],0.2968422815566997,0.03705001536664707,1.1291837159798274e-15,0.22422558581141588,0.36945897730198357,5048,0.19686300538807977,0.4215530903328051,Adds macro-region categories.,
m10_region_macro,C(cause_group)[T.不正当竞争纠纷],0.39331585198506963,0.18336201719780387,0.0319509611031157,0.033932902144760024,0.7526988018253793,5048,0.19686300538807977,0.4215530903328051,Adds macro-region categories.,
m10_region_macro,C(cause_group)[T.与公司有关的纠纷],-0.0980016279823677,0.1998695195525872,0.6239017946302463,-0.48973868791276276,0.2937354319480273,5048,0.19686300538807977,0.4215530903328051,Adds macro-region categories.,
m10_region_macro,C(cause_group)[T.专利行政管理],6.387419871434916e-16,2.8479017990798944e-16,0.024906413715857216,8.05634913731498e-17,1.1969204829138333e-15,5048,0.19686300538807977,0.4215530903328051,Adds macro-region categories.,
m10_region_macro,C(cause_group)[T.业主撤销权纠纷],0.18998796934574744,0.2555398106454517,0.4571929471744436,-0.31086085613552306,0.690836794827018,5048,0.19686300538807977,0.4215530903328051,Adds macro-region categories.,
m10_region_macro,C(cause_group)[T.中介合同纠纷],-0.22118185016465836,0.03139427577206514,1.8507254906130938e-12,-0.28271349999862444,-0.15965020033069227,5048,0.19686300538807977,0.4215530903328051,Adds macro-region categories.,
m10_region_macro,C(cause_group)[T.买卖合同纠纷],-0.03169917596860754,0.043514100821889584,0.4663194725072535,-0.11698524639915589,0.053586894461940815,5048,0.19686300538807977,0.4215530903328051,Adds macro-region categories.,
m10_region_macro,C(cause_group)[T.互易纠纷],-0.2638990520801155,0.05983529483587176,1.0316815864860201e-05,-0.3811740749627596,-0.14662402919747136,5048,0.19686300538807977,0.4215530903328051,Adds macro-region categories.,
m10_region_macro,C(cause_group)[T.交通肇事罪],-5.6714209004720445e-18,3.5558747977456015e-16,0.9872747282041673,-7.026100746119749e-16,6.912672328110307e-16,5048,0.19686300538807977,0.4215530903328051,Adds macro-region categories.,
m10_region_macro,C(cause_group)[T.产品责任纠纷],3.4966042002880626e-16,3.91551929638576e-16,0.3718509540133669,-4.1776726013996407e-16,1.1170881001975766e-15,5048,0.19686300538807977,0.4215530903328051,Adds macro-region categories.,
m10_region_macro,C(cause_group)[T.人身保险合同纠纷],-0.19588941937482168,0.030236339621916207,9.257209913129097e-11,-0.25515155605809886,-0.13662728269154448,5048,0.19686300538807977,0.4215530903328051,Adds macro-region categories.,
m10_region_macro,C(cause_group)[T.仓储合同纠纷],0.5281667849626277,0.0375931205213208,7.751463733161257e-45,0.4544856226743653,0.6018479472508901,5048,0.19686300538807977,0.4215530903328051,Adds macro-region categories.,
m10_region_macro,C(cause_group)[T.仿冒纠纷],9.079240564579173e-16,3.0928862445713594e-16,0.003329852802925801,3.017294916939967e-16,1.514118621221838e-15,5048,0.19686300538807977,0.4215530903328051,Adds macro-region categories.,
m10_region_macro,C(cause_group)[T.企业承包经营合同纠纷],-0.11016492827234338,0.030745100351153926,0.00033944923229701373,-0.17042421766167484,-0.049905638883011916,5048,0.19686300538807977,0.4215530903328051,Adds macro-region categories.,
m10_region_macro,C(cause_group)[T.传播淫秽物品罪],2.2502624747379494e-16,2.1487925749388185e-16,0.2949972830853633,-1.9612935823892203e-16,6.46181853186512e-16,5048,0.19686300538807977,0.4215530903328051,Adds macro-region categories.,
m10_region_macro,C(cause_group)[T.伪造、变造、买卖国家机关公文、证件、印章罪],2.9469238249168435e-17,2.7343199008444606e-16,0.9141738683449461,-5.064476145374589e-16,5.653860910357959e-16,5048,0.19686300538807977,0.4215530903328051,Adds macro-region categories.,
m10_region_macro,C(cause_group)[T.伪造、变造、买卖身份证件罪],1.1239502246187877e-15,2.0251793651369726e-16,2.8586591634136773e-08,7.270223628285719e-16,1.5208780864090035e-15,5048,0.19686300538807977,0.4215530903328051,Adds macro-region categories.,
m10_region_macro,C(cause_group)[T.伪造、变造金融票证罪],7.42084698813803e-16,1.8037352490018113e-16,3.885997115096118e-05,3.8855908624490935e-16,1.0956103113826967e-15,5048,0.19686300538807977,0.4215530903328051,Adds macro-region categories.,
m10_region_macro,C(cause_group)[T.供用电合同纠纷],-0.3951758351387795,0.03527441164305263,3.945845246803566e-29,-0.464312411535003,-0.326039258742556,5048,0.19686300538807977,0.4215530903328051,Adds macro-region categories.,
m10_region_macro,C(cause_group)[T.侵占罪],1.7615831253132714e-16,1.4107265142341927e-16,0.2117725055448555,-1.0033900346214781e-16,4.52655628524802e-16,5048,0.19686300538807977,0.4215530903328051,Adds macro-region categories.,
m10_region_macro,C(cause_group)[T.侵害作品信息网络传播权纠纷],0.3047488817043777,0.2071196116579817,0.1411919971835998,-0.10119809763718873,0.7106958610459442,5048,0.19686300538807977,0.4215530903328051,Adds macro-region categories.,
m10_region_macro,C(cause_group)[T.侵害作品发行权纠纷],-1.0176017216033094e-15,1.9888219531008578e-16,3.110834226807423e-07,-1.4074036615773383e-15,-6.277997816292805e-16,5048,0.19686300538807977,0.4215530903328051,Adds macro-region categories.,
m10_region_macro,C(cause_group)[T.侵害作品复制权纠纷],5.598297444430581e-16,1.6525305594690334e-16,0.000704782518316586,2.35939706451945e-16,8.837197824341713e-16,5048,0.19686300538807977,0.4215530903328051,Adds macro-region categories.,
m10_region_macro,C(cause_group)[T.侵害作品展览权纠纷],2.337559032068183e-16,2.0799952796395731e-16,0.2610855728018212,-1.7391568040386988e-16,6.414274868175064e-16,5048,0.19686300538807977,0.4215530903328051,Adds macro-region categories.,
m10_region_macro,C(cause_group)[T.侵害作品广播权纠纷],-1.0288733015009022e-17,1.3329388739811872e-16,0.9384737225887221,-2.715399516746591e-16,2.5096248564464104e-16,5048,0.19686300538807977,0.4215530903328051,Adds macro-region categories.,
m10_region_macro,C(cause_group)[T.侵害作品改编权纠纷],-0.1746438942206205,0.11511219816789933,0.1292256969804521,-0.4002596568109408,0.0509718683696998,5048,0.19686300538807977,0.4215530903328051,Adds macro-region categories.,
m10_region_macro,C(cause_group)[T.侵害其他著作财产权纠纷],-1.2367071356275176e-15,2.1585683470848695e-16,1.0084984052964188e-08,-1.6597787574729675e-15,-8.136355137820678e-16,5048,0.19686300538807977,0.4215530903328051,Adds macro-region categories.,
m10_region_macro,C(cause_group)[T.侵害发明专利权纠纷],-6.444380517080998e-16,2.054845606498948e-16,0.0017115990463513395,-1.04718038996093e-15,-2.4169571345526963e-16,5048,0.19686300538807977,0.4215530903328051,Adds macro-region categories.,
m10_region_macro,C(cause_group)[T.侵害商标权纠纷],0.22799053845242487,0.16345976781538962,0.16308196387397567,-0.09238471938701828,0.548365796291868,5048,0.19686300538807977,0.4215530903328051,Adds macro-region categories.,
m10_region_macro,C(cause_group)[T.侵害外观设计专利权纠纷],0.4381881943636505,0.316531219377356,0.16625305058498574,-0.18220159559851418,1.0585779843258152,5048,0.19686300538807977,0.4215530903328051,Adds macro-region categories.,
m10_region_macro,C(cause_group)[T.侵害实用新型专利权纠纷],-2.3738726789735693e-16,1.5998782364858127e-16,0.13786640733693992,-5.509576402135218e-16,7.618310441880788e-17,5048,0.19686300538807977,0.4215530903328051,Adds macro-region categories.,
m10_region_macro,C(cause_group)[T.侵害录音录像制作者权纠纷],1.2126965428883318e-15,1.4896671061829015e-16,3.929284302199441e-16,9.207271551810826e-16,1.504665930595581e-15,5048,0.19686300538807977,0.4215530903328051,Adds macro-region categories.,
m10_region_macro,C(cause_group)[T.侵害计算机软件著作权纠纷],-5.523050490630499e-16,1.3524181291487331e-16,4.4298772658249626e-05,-8.173741315801055e-16,-2.8723596654599426e-16,5048,0.19686300538807977,0.4215530903328051,Adds macro-region categories.,
m10_region_macro,C(cause_group)[T.侵权责任纠纷],0.242903651671712,0.15457348097952078,0.1160794286679126,-0.060054804013135815,0.5458621073565598,5048,0.19686300538807977,0.4215530903328051,Adds macro-region categories.,
m10_region_macro,C(cause_group)[T.侵犯公民个人信息罪],1.0769112505635707e-16,1.777748067130402e-16,0.5446656989341367,-2.407410934597711e-16,4.561233435724853e-16,5048,0.19686300538807977,0.4215530903328051,Adds macro-region categories.,
m10_region_macro,C(cause_group)[T.侵犯著作权罪],-1.153778096809366e-16,1.1047758388812881e-16,0.29632120634394343,-3.319098952006716e-16,1.0115427583879841e-16,5048,0.19686300538807977,0.4215530903328051,Adds macro-region categories.,
m10_region_macro,C(cause_group)[T.保管合同纠纷],-0.11994266948262014,0.2772262660006947,0.6652671577515308,-0.6632961664125027,0.42341082744726244,5048,0.19686300538807977,0.4215530903328051,Adds macro-region categories.,
m10_region_macro,C(cause_group)[T.保证合同纠纷],0.25423072912468836,0.10579228811057488,0.01625620266959929,0.04688165458587662,0.4615798036635001,5048,0.19686300538807977,0.4215530903328051,Adds macro-region categories.,
m10_region_macro,C(cause_group)[T.保险代理合同纠纷],0.780961360147157,0.03154098714126168,2.4070856224999422e-135,0.7191421613134431,0.8427805589808709,5048,0.19686300538807977,0.4215530903328051,Adds macro-region categories.,
m10_region_macro,C(cause_group)[T.信息网络买卖合同纠纷],-0.29459747824857385,0.10060580115126934,0.00340891739166112,-0.4917812251408601,-0.09741373135628764,5048,0.19686300538807977,0.4215530903328051,Adds macro-region categories.,
m10_region_macro,C(cause_group)[T.信用卡纠纷],-0.26275956622082225,0.05657611011449869,3.4113977068880408e-06,-0.37364670443061193,-0.15187242801103257,5048,0.19686300538807977,0.4215530903328051,Adds macro-region categories.,
m10_region_macro,C(cause_group)[T.信用卡诈骗罪],-7.989761681090007e-16,1.6124610139872488e-16,7.232628512866019e-07,-1.1150127194979952e-15,-4.829396167200063e-16,5048,0.19686300538807977,0.4215530903328051,Adds macro-region categories.,
m10_region_macro,C(cause_group)[T.修理合同纠纷],-0.23939170646897107,0.03256697994571835,1.9709872949337452e-13,-0.30322181424781725,-0.1755615986901249,5048,0.19686300538807977,0.4215530903328051,Adds macro-region categories.,
m10_region_macro,C(cause_group)[T.借款合同纠纷],0.07127001319760494,0.12179130028938481,0.5584256971969036,-0.16743654899989197,0.3099765753951018,5048,0.19686300538807977,0.4215530903328051,Adds macro-region categories.,
m10_region_macro,C(cause_group)[T.借用合同纠纷],-0.34738620598011793,0.03436038415522661,4.984395382582505e-24,-0.41473132141932284,-0.28004109054091303,5048,0.19686300538807977,0.4215530903328051,Adds macro-region categories.,
m10_region_macro,C(cause_group)[T.债券质权纠纷],0.18602980776413042,0.30867909382103254,0.5467321696185184,-0.41897009890555365,0.7910297144338145,5048,0.19686300538807977,0.4215530903328051,Adds macro-region categories.,
m10_region_macro,C(cause_group)[T.债务加入纠纷],-0.6131178108862629,0.028075881842972786,1.013443060620952e-105,-0.6681455281326917,-0.5580900936398342,5048,0.19686300538807977,0.4215530903328051,Adds macro-region categories.,
m10_region_macro,C(cause_group)[T.债务转移合同纠纷],-0.15204046190941584,0.03252520697197357,2.9460964205532313e-06,-0.2157886961641951,-0.08829222765463657,5048,0.19686300538807977,0.4215530903328051,Adds macro-region categories.,
m10_region_macro,C(cause_group)[T.债权人撤销权纠纷],0.4372647732713076,0.29556741923971713,0.13903133156660255,-0.1420367234419891,1.0165662699846043,5048,0.19686300538807977,0.4215530903328051,Adds macro-region categories.,
m10_region_macro,C(cause_group)[T.债权转让合同纠纷],0.12413382012053273,0.125706839160827,0.32340414523993355,-0.12224705724505747,0.3705146974861229,5048,0.19686300538807977,0.4215530903328051,Adds macro-region categories.,
m10_region_macro,C(cause_group)[T.假冒注册商标罪],-4.156304391085566e-16,1.3340868551265908e-16,0.0018365351457785182,-6.771066579381989e-16,-1.5415422027891433e-16,5048,0.19686300538807977,0.4215530903328051,Adds macro-region categories.,
m10_region_macro,C(cause_group)[T.偷越国（边）境罪],1.5961647605335267e-16,1.1695263594445332e-16,0.17231721312567871,-6.960647829480039e-17,3.888394304015057e-16,5048,0.19686300538807977,0.4215530903328051,Adds macro-region categories.,
m10_region_macro,C(cause_group)[T.储蓄存款合同纠纷],-0.1300521467130588,0.029871621345984676,1.3385745164275934e-05,-0.18859944871100667,-0.07150484471511095,5048,0.19686300538807977,0.4215530903328051,Adds macro-region categories.,
m10_region_macro,C(cause_group)[T.公司减资纠纷],8.576521365486563e-17,9.849115793209838e-17,0.3838682816644414,-1.0727390868769365e-16,2.788043359974249e-16,5048,0.19686300538807977,0.4215530903328051,Adds macro-region categories.,
m10_region_macro,C(cause_group)[T.公司解散纠纷],1.4459150364796368e-16,1.126972120352125e-16,0.19948902765095755,-7.629097309912674e-17,3.654739803950541e-16,5048,0.19686300538807977,0.4215530903328051,Adds macro-region categories.,
m10_region_macro,C(cause_group)[T.公安行政管理],-5.423775168106462e-16,1.4456170327710315e-16,0.0001755166052381661,-8.257132487775343e-16,-2.5904178484375815e-16,5048,0.19686300538807977,0.4215530903328051,Adds macro-region categories.,
m10_region_macro,C(cause_group)[T.公益事业捐赠合同纠纷],-0.7420989703727843,0.11016913382949396,1.6280948903109536e-11,-0.9580265048865657,-0.5261714358590028,5048,0.19686300538807977,0.4215530903328051,Adds macro-region categories.,
m10_region_macro,C(cause_group)[T.共有物分割纠纷],4.528813868298824e-16,8.157422009756811e-17,2.8278994618956968e-08,2.9299885337170544e-16,6.127639202880594e-16,5048,0.19686300538807977,0.4215530903328051,Adds macro-region categories.,
m10_region_macro,C(cause_group)[T.共有纠纷],-0.2580697568888,0.05566373615197524,3.5482504502555084e-06,-0.36716867499161165,-0.14897083878598838,5048,0.19686300538807977,0.4215530903328051,Adds macro-region categories.,
m10_region_macro,C(cause_group)[T.其他案由],-1.6710981471419925e-16,8.954632271672875e-17,0.062015783006041623,-3.426173821869885e-16,8.397752758589994e-18,5048,0.19686300538807977,0.4215530903328051,Adds macro-region categories.,
m10_region_macro,C(cause_group)[T.其他行政行为],4.3704950074914626e-16,1.230721841527317e-16,0.00038353145791285217,1.9583245231111093e-16,6.782665491871816e-16,5048,0.19686300538807977,0.4215530903328051,Adds macro-region categories.,
m10_region_macro,C(cause_group)[T.再保险合同纠纷],-0.2227364407854365,0.031325441997753535,1.1570663186755056e-12,-0.2841331789008319,-0.16133970267004114,5048,0.19686300538807977,0.4215530903328051,Adds macro-region categories.,
m10_region_macro,C(cause_group)[T.出售、购买、运输假币罪],3.7144451592921036e-16,6.930484242916745e-17,8.34178579709055e-08,2.356095208138187e-16,5.07279511044602e-16,5048,0.19686300538807977,0.4215530903328051,Adds macro-region categories.,
m10_region_macro,C(cause_group)[T.分家析产纠纷],-2.962134834000671e-16,1.1066777644478032e-16,0.007437314117069361,-5.131183394809666e-16,-7.930862731916754e-17,5048,0.19686300538807977,0.4215530903328051,Adds macro-region categories.,
m10_region_macro,C(cause_group)[T.分期付款买卖合同纠纷],-0.5362596779627624,0.040902591717600856,2.861249903184033e-39,-0.6164272846036064,-0.4560920713219184,5048,0.19686300538807977,0.4215530903328051,Adds macro-region categories.,
m10_region_macro,C(cause_group)[T.制作、复制、出版、贩卖、传播淫秽物品牟利罪],1.8369508692599932e-16,6.60809229856565e-17,0.0054383928711732345,5.417885780894757e-17,3.132113160430511e-16,5048,0.19686300538807977,0.4215530903328051,Adds macro-region categories.,
m10_region_macro,C(cause_group)[T.制作、贩卖、传播淫秽物品罪],3.337745768224032e-16,1.4199254314566707e-16,0.018740721472954185,5.5474306183646006e-17,6.120748474611605e-16,5048,0.19686300538807977,0.4215530903328051,Adds macro-region categories.,
m10_region_macro,C(cause_group)[T.劳务合同纠纷],-0.20576669408792295,0.0468679263045832,1.1316731691611506e-05,-0.29762614167498347,-0.11390724650086244,5048,0.19686300538807977,0.4215530903328051,Adds macro-region categories.,
m10_region_macro,C(cause_group)[T.劳动争议],-0.14084929453468653,0.0771142527207559,0.06777476280238448,-0.29199045256208794,0.010291863492714881,5048,0.19686300538807977,0.4215530903328051,Adds macro-region categories.,
m10_region_macro,C(cause_group)[T.劳动合同纠纷],-0.05268501379468356,0.09241994961050519,0.5686362896887045,-0.23382478648428034,0.1284547588949132,5048,0.19686300538807977,0.4215530903328051,Adds macro-region categories.,
m10_region_macro,C(cause_group)[T.占有物返还纠纷],-1.772147800361563e-17,1.0911955127375812e-16,0.8709875306136277,-2.315918685093533e-16,1.9614891250212205e-16,5048,0.19686300538807977,0.4215530903328051,Adds macro-region categories.,
m10_region_macro,C(cause_group)[T.危险驾驶罪],2.871992899119296e-16,7.753070902950526e-17,0.00021195063899679274,1.352418925182449e-16,4.3915668730561425e-16,5048,0.19686300538807977,0.4215530903328051,Adds macro-region categories.,
m10_region_macro,C(cause_group)[T.发起人责任纠纷],0.03132022900384093,0.22555841638499696,0.8895636272688203,-0.41076614352064234,0.47340660152832414,5048,0.19686300538807977,0.4215530903328051,Adds macro-region categories.,
m10_region_macro,C(cause_group)[T.受贿罪],3.1784512051613544e-16,1.3510327955941935e-16,0.018642251426709888,5.3047558386427064e-17,5.826426826458439e-16,5048,0.19686300538807977,0.4215530903328051,Adds macro-region categories.,
m10_region_macro,C(cause_group)[T.合伙企业纠纷],-0.18659629226850333,0.13312037431724072,0.1610015661542814,-0.4475074315387859,0.07431484700177926,5048,0.19686300538807977,0.4215530903328051,Adds macro-region categories.,
m10_region_macro,C(cause_group)[T.合伙协议纠纷],-0.18958820996910955,0.06287297410936432,0.002566265018201138,-0.3128169748243829,-0.0663594451138362,5048,0.19686300538807977,0.4215530903328051,Adds macro-region categories.,
m10_region_macro,C(cause_group)[T.合伙合同纠纷],0.11137651076570539,0.08420976117243657,0.18596574493312723,-0.053671588278989726,0.2764246098104005,5048,0.19686300538807977,0.4215530903328051,Adds macro-region categories.,
m10_region_macro,C(cause_group)[T.合作创作合同纠纷],-0.12758843394721114,0.029728168433027138,1.7720152914570715e-05,-0.18585457340228487,-0.06932229449213742,5048,0.19686300538807977,0.4215530903328051,Adds macro-region categories.,
m10_region_macro,C(cause_group)[T.合同、准合同纠纷],0.5790787158579914,0.03678869487818975,7.959606926992579e-56,0.5069741988585064,0.6511832328574765,5048,0.19686300538807977,0.4215530903328051,Adds macro-region categories.,
m10_region_macro,C(cause_group)[T.合同、无因管理、不当得利],-0.32968710221291053,0.1457166170022861,0.023665149786345353,-0.6152864234864082,-0.044087780939412846,5048,0.19686300538807977,0.4215530903328051,Adds macro-region categories.,
m10_region_macro,C(cause_group)[T.合同纠纷],0.0786975551508995,0.026080134749273058,0.002548449066549021,0.027581430330372754,0.12981367997142626,5048,0.19686300538807977,0.4215530903328051,Adds macro-region categories.,
m10_region_macro,C(cause_group)[T.合同诈骗罪],-3.245563745720618e-17,4.665074813923711e-17,0.48660716580117924,-1.2388942366195985e-16,5.897814874754749e-17,5048,0.19686300538807977,0.4215530903328051,Adds macro-region categories.,
m10_region_macro,C(cause_group)[T.名誉权纠纷],0.4895271616339931,0.03274299124620612,1.5436658721708522e-50,0.4253520780453189,0.5537022452226674,5048,0.19686300538807977,0.4215530903328051,Adds macro-region categories.,
m10_region_macro,C(cause_group)[T.商品房销售合同纠纷],-0.23936679049860526,0.032562523656536765,1.9674392797069825e-13,-0.30318816411115085,-0.17554541688605968,5048,0.19686300538807977,0.4215530903328051,Adds macro-region categories.,
m10_region_macro,C(cause_group)[T.商品房预售合同纠纷],-0.22232994907978415,0.03147287566053478,1.6157125850124456e-12,-0.2840156518643396,-0.16064424629522872,5048,0.19686300538807977,0.4215530903328051,Adds macro-region categories.,
m10_region_macro,C(cause_group)[T.商标权权属、侵权纠纷],4.531847221149997e-16,9.529089852795544e-17,1.9765934486302533e-06,2.664179929457462e-16,6.399514512842532e-16,5048,0.19686300538807977,0.4215530903328051,Adds macro-region categories.,
m10_region_macro,C(cause_group)[T.商标权权属纠纷],2.8138604984669957e-16,3.7721778830634853e-17,8.684372986862434e-14,2.074527219058698e-16,3.5531937778752933e-16,5048,0.19686300538807977,0.4215530903328051,Adds macro-region categories.,
m10_region_macro,C(cause_group)[T.因申请诉中财产保全损害责任纠纷],-3.0295546347799595e-16,5.627753569194742e-17,7.315701876768549e-08,-4.1325740657288033e-16,-1.9265352038311157e-16,5048,0.19686300538807977,0.4215530903328051,Adds macro-region categories.,
m10_region_macro,C(cause_group)[T.因申请财产保全损害责任纠纷],1.2373972514283213e-16,2.62966580291227e-17,2.5320670383584236e-06,7.21992224919856e-17,1.7528022779367866e-16,5048,0.19686300538807977,0.4215530903328051,Adds macro-region categories.,
m10_region_macro,C(cause_group)[T.国有公司、企业、事业单位人员失职罪],-1.1905256759741595e-16,6.288185097396257e-17,0.058321453433671906,-2.422987307875975e-16,4.193595592765609e-18,5048,0.19686300538807977,0.4215530903328051,Adds macro-region categories.,
m10_region_macro,C(cause_group)[T.土地租赁合同纠纷],-0.23627103156041604,0.032066443920678415,1.729852453355975e-13,-0.2991201067572191,-0.17342195636361296,5048,0.19686300538807977,0.4215530903328051,Adds macro-region categories.,
m10_region_macro,C(cause_group)[T.妨害信用卡管理罪],2.237196845112347e-16,3.1011278098986506e-17,5.427611583358147e-13,1.629386963226654e-16,2.8450067269980404e-16,5048,0.19686300538807977,0.4215530903328051,Adds macro-region categories.,
m10_region_macro,C(cause_group)[T.委托合同纠纷],-0.033703806205421044,0.03380762193113857,0.31879886666567625,-0.09996552759339912,0.03255791518255703,5048,0.19686300538807977,0.4215530903328051,Adds macro-region categories.,
m10_region_macro,C(cause_group)[T.委托理财合同纠纷],0.07052765229528159,0.04622106061351974,0.12704050511529377,-0.020063961834459923,0.1611192664250231,5048,0.19686300538807977,0.4215530903328051,Adds macro-region categories.,
m10_region_macro,C(cause_group)[T.娱乐服务合同纠纷],-0.20161053254203146,0.06207763902539793,0.0011633538445150135,-0.32328046927708953,-0.07994059580697337,5048,0.19686300538807977,0.4215530903328051,Adds macro-region categories.,
m10_region_macro,C(cause_group)[T.婚约财产纠纷],0.42826224697266047,0.23958135847515633,0.07384958896864302,-0.04130858700582596,0.8978330809511469,5048,0.19686300538807977,0.4215530903328051,Adds macro-region categories.,
m10_region_macro,C(cause_group)[T.定作合同纠纷],-0.32619098792922907,0.07045089999718393,3.655824981309919e-06,-0.4642722146021426,-0.18810976125631557,5048,0.19686300538807977,0.4215530903328051,Adds macro-region categories.,
m10_region_macro,C(cause_group)[T.定金合同纠纷],0.06515226931165988,0.1945678199878494,0.7377334534372504,-0.31619365041499736,0.4464981890383172,5048,0.19686300538807977,0.4215530903328051,Adds macro-region categories.,
m10_region_macro,C(cause_group)[T.容留他人吸毒罪],8.896439466574802e-18,2.6731533895092428e-17,0.7392800342168604,-4.3496404219318065e-17,6.128928315246767e-17,5048,0.19686300538807977,0.4215530903328051,Adds macro-region categories.,
m10_region_macro,C(cause_group)[T.小额借款合同纠纷],1.3206059368194809e-16,1.388392854485236e-17,1.8746392905159354e-21,1.0484859377010986e-16,1.592725935937863e-16,5048,0.19686300538807977,0.4215530903328051,Adds macro-region categories.,
m10_region_macro,C(cause_group)[T.帮助信息网络犯罪活动],1.5602170230979386e-16,1.1024923122697663e-17,1.822264835836493e-45,1.3441325005698357e-16,1.7763015456260415e-16,5048,0.19686300538807977,0.4215530903328051,Adds macro-region categories.,
m10_region_macro,C(cause_group)[T.帮助信息网络犯罪活动罪],6.218358337958668e-16,4.181580528953275e-17,5.097554211409274e-50,5.398783614438431e-16,7.037933061478905e-16,5048,0.19686300538807977,0.4215530903328051,Adds macro-region categories.,
m10_region_macro,C(cause_group)[T.广告合同纠纷],0.020178047303559266,0.14863033458339978,0.89201105040145,-0.2711320554900424,0.3114881500971609,5048,0.19686300538807977,0.4215530903328051,Adds macro-region categories.,
m10_region_macro,C(cause_group)[T.建筑物和物件损害责任纠纷],-3.0259151801159373e-16,2.306286706729427e-17,2.5196688968607232e-39,-3.477939068437254e-16,-2.573891291794621e-16,5048,0.19686300538807977,0.4215530903328051,Adds macro-region categories.,
m10_region_macro,C(cause_group)[T.建设工程合同纠纷],-0.19739100041367386,0.034715114682112164,1.3003057757435325e-08,-0.26543137490979135,-0.12935062591755636,5048,0.19686300538807977,0.4215530903328051,Adds macro-region categories.,
m10_region_macro,C(cause_group)[T.建设工程施工合同纠纷],0.3661583750204833,0.12444240500411302,0.0032568704499613844,0.12225574306287479,0.6100610069780918,5048,0.19686300538807977,0.4215530903328051,Adds macro-region categories.,
m10_region_macro,C(cause_group)[T.开设赌场罪],8.73713222577481e-18,1.2508186517096712e-17,0.4848563639505844,-1.577846285964424e-17,3.325272731119386e-17,5048,0.19686300538807977,0.4215530903328051,Adds macro-region categories.,
m10_region_macro,C(cause_group)[T.悬赏广告纠纷],0.6651275561586285,0.05694671041857698,1.6162980543549317e-31,0.5535140547001858,0.7767410576170712,5048,0.19686300538807977,0.4215530903328051,Adds macro-region categories.,
m10_region_macro,C(cause_group)[T.房屋买卖合同纠纷],-0.4243586304588052,0.07166716141333299,3.195186106489183e-09,-0.5648236857031566,-0.28389357521445385,5048,0.19686300538807977,0.4215530903328051,Adds macro-region categories.,
m10_region_macro,C(cause_group)[T.房屋拆迁安置补偿合同纠纷],0.8969444066913937,0.0311715048607348,4.473325564596725e-182,0.8358493798204383,0.9580394335623492,5048,0.19686300538807977,0.4215530903328051,Adds macro-region categories.,
m10_region_macro,C(cause_group)[T.房屋租赁合同纠纷],0.06745224465748403,0.11277225809488002,0.5497545317438639,-0.1535773196637364,0.28848180897870446,5048,0.19686300538807977,0.4215530903328051,Adds macro-region categories.,
m10_region_macro,C(cause_group)[T.所有权确认纠纷],-0.6170763466405731,0.027906851605285596,2.4228304588946164e-108,-0.6717727707088367,-0.5623799225723095,5048,0.19686300538807977,0.4215530903328051,Adds macro-region categories.,
m10_region_macro,C(cause_group)[T.所有权纠纷],0.5132074891454497,0.049332793862413474,2.4032799072198315e-25,0.41651698991838065,0.6098979883725187,5048,0.19686300538807977,0.4215530903328051,Adds macro-region categories.,
m10_region_macro,C(cause_group)[T.执行异议之诉],0.03982690043774645,0.2738447788536065,0.8843666106895473,-0.49689900346965804,0.5765528043451509,5048,0.19686300538807977,0.4215530903328051,Adds macro-region categories.,
m10_region_macro,C(cause_group)[T.执行程序中的异议之诉],-2.3702463856608187e-16,3.0501294047440618e-30,0.0,-2.3702463856608783e-16,-2.370246385660759e-16,5048,0.19686300538807977,0.4215530903328051,Adds macro-region categories.,
m10_region_macro,C(cause_group)[T.技术合同纠纷],-0.11782229894543436,0.029988774036047456,8.534235825886972e-05,-0.17659921599659725,-0.05904538189427147,5048,0.19686300538807977,0.4215530903328051,Adds macro-region categories.,
m10_region_macro,C(cause_group)[T.技术委托开发合同纠纷],-0.13149669646860157,0.029994405420164877,1.1649795168929884e-05,-0.19028465082981771,-0.07270874210738543,5048,0.19686300538807977,0.4215530903328051,Adds macro-region categories.,
m10_region_macro,C(cause_group)[T.技术服务合同纠纷],-0.15705359246956294,0.06062747127612508,0.00958452187472756,-0.27588125264450475,-0.03822593229462114,5048,0.19686300538807977,0.4215530903328051,Adds macro-region categories.,
m10_region_macro,C(cause_group)[T.抢劫罪],3.496269964957509e-17,2.120858273843511e-30,0.0,3.496269964957094e-17,3.4962699649579246e-17,5048,0.19686300538807977,0.4215530903328051,Adds macro-region categories.,
m10_region_macro,C(cause_group)[T.抢夺罪],-9.151594393186367e-17,2.7258067191434154e-30,0.0,-9.151594393186901e-17,-9.151594393185833e-17,5048,0.19686300538807977,0.4215530903328051,Adds macro-region categories.,
m10_region_macro,C(cause_group)[T.抵押合同纠纷],0.20100960759433445,0.21714830091343948,0.35461285902444006,-0.22459324150007304,0.6266124566887419,5048,0.19686300538807977,0.4215530903328051,Adds macro-region categories.,
m10_region_macro,C(cause_group)[T.担保物权确认纠纷],-0.20907594709451163,0.05416417849551133,0.00011336802443739471,-0.3152357861979127,-0.10291610799111055,5048,0.19686300538807977,0.4215530903328051,Adds macro-region categories.,
m10_region_macro,C(cause_group)[T.拒不执行判决、裁定罪],2.043634409568165e-17,2.557183496746683e-30,0.0,2.043634409567664e-17,2.043634409568666e-17,5048,0.19686300538807977,0.4215530903328051,Adds macro-region categories.,
m10_region_macro,C(cause_group)[T.拒不支付劳动报酬罪],-1.7118268543125284e-16,2.0634666113912538e-30,0.0,-1.7118268543125688e-16,-1.711826854312488e-16,5048,0.19686300538807977,0.4215530903328051,Adds macro-region categories.,
m10_region_macro,C(cause_group)[T.持有、使用假币罪],4.4276400418561735e-17,1.7574129659730432e-30,0.0,4.427640041855829e-17,4.427640041856518e-17,5048,0.19686300538807977,0.4215530903328051,Adds macro-region categories.,
m10_region_macro,C(cause_group)[T.挪用公款罪],4.8736249089506174e-17,1.9088945171945243e-30,0.0,4.873624908950243e-17,4.8736249089509915e-17,5048,0.19686300538807977,0.4215530903328051,Adds macro-region categories.,
m10_region_macro,C(cause_group)[T.挪用资金罪],8.908452082810433e-17,4.08917486097521e-30,0.0,8.908452082809632e-17,8.908452082811234e-17,5048,0.19686300538807977,0.4215530903328051,Adds macro-region categories.,
m10_region_macro,C(cause_group)[T.损害公司债权人利益责任纠纷],-0.24413341586339193,0.06426160417792762,0.0001452484289249812,-0.3700838456408987,-0.11818298608588515,5048,0.19686300538807977,0.4215530903328051,Adds macro-region categories.,
m10_region_macro,C(cause_group)[T.损害公司利益责任纠纷],-0.2156788494631887,0.05632148060748273,0.00012844335731219587,-0.3260669230098259,-0.10529077591655145,5048,0.19686300538807977,0.4215530903328051,Adds macro-region categories.,
m10_region_macro,C(cause_group)[T.排除妨害纠纷],0.45206821848410933,0.033335762666442635,6.814580364651263e-42,0.38673132426070683,0.5174051127075118,5048,0.19686300538807977,0.4215530903328051,Adds macro-region categories.,
m10_region_macro,C(cause_group)[T.掩饰、隐瞒犯罪所得、犯罪所得收益],-6.464278420896904e-17,1.5489529293068485e-30,0.0,-6.464278420897207e-17,-6.464278420896601e-17,5048,0.19686300538807977,0.4215530903328051,Adds macro-region categories.,
m10_region_macro,C(cause_group)[T.掩饰、隐瞒犯罪所得、犯罪所得收益罪],1.3712154043993576e-16,2.340773930901777e-30,0.0,1.3712154043993118e-16,1.3712154043994035e-16,5048,0.19686300538807977,0.4215530903328051,Adds macro-region categories.,
m10_region_macro,C(cause_group)[T.提供侵入、非法控制计算机信息系统程序、工具],1.411419615429144e-16,2.8556710675655073e-30,0.0,1.4114196154290882e-16,1.4114196154292e-16,5048,0.19686300538807977,0.4215530903328051,Adds macro-region categories.,
m10_region_macro,C(cause_group)[T.提供侵入、非法控制计算机信息系统程序、工具罪],2.0566462141061367e-17,1.2471977142444375e-30,0.0,2.0566462141058923e-17,2.056646214106381e-17,5048,0.19686300538807977,0.4215530903328051,Adds macro-region categories.,
m10_region_macro,C(cause_group)[T.提供劳务者受害责任纠纷],-1.7598664472433245e-16,1.716474701855289e-30,0.0,-1.759866447243358e-16,-1.759866447243291e-16,5048,0.19686300538807977,0.4215530903328051,Adds macro-region categories.,
m10_region_macro,C(cause_group)[T.故意伤害罪],2.8000733404030493e-16,1.973046202470104e-30,0.0,2.800073340403011e-16,2.800073340403088e-16,5048,0.19686300538807977,0.4215530903328051,Adds macro-region categories.,
m10_region_macro,C(cause_group)[T.故意杀人罪],-2.7371491231987086e-17,4.291211304463301e-31,0.0,-2.7371491231987928e-17,-2.7371491231986245e-17,5048,0.19686300538807977,0.4215530903328051,Adds macro-region categories.,
m10_region_macro,C(cause_group)[T.故意毁坏财物罪],-1.1778374588520023e-16,1.7925202810235388e-30,0.0,-1.1778374588520375e-16,-1.177837458851967e-16,5048,0.19686300538807977,0.4215530903328051,Adds macro-region categories.,
m10_region_macro,C(cause_group)[T.教育培训合同纠纷],-0.17811175674883925,0.043873426764340084,4.914153196109174e-05,-0.2641020930853015,-0.092121420412377,5048,0.19686300538807977,0.4215530903328051,Adds macro-region categories.,
m10_region_macro,C(cause_group)[T.文化行政管理],3.059471463620137e-17,1.1807123162541318e-30,0.0,3.059471463619906e-17,3.059471463620368e-17,5048,0.19686300538807977,0.4215530903328051,Adds macro-region categories.,
m10_region_macro,C(cause_group)[T.旅游合同纠纷],-0.13272941541870384,0.03012147997030862,1.0506856970464635e-05,-0.19176643132155335,-0.07369239951585432,5048,0.19686300538807977,0.4215530903328051,Adds macro-region categories.,
m10_region_macro,C(cause_group)[T.服务合同纠纷],-0.1226411353707102,0.06896545301178754,0.0753549051243346,-0.2578109394513032,0.012528668709882784,5048,0.19686300538807977,0.4215530903328051,Adds macro-region categories.,
m10_region_macro,C(cause_group)[T.未分类],-0.0449881265109721,0.1952426454539132,0.8177641633535198,-0.4276566798469649,0.3376804268250207,5048,0.19686300538807977,0.4215530903328051,Adds macro-region categories.,
m10_region_macro,C(cause_group)[T.机动车交通事故责任纠纷],0.5241794138662749,0.04303941766718476,4.019140442722077e-34,0.43982370532301585,0.6085351224095339,5048,0.19686300538807977,0.4215530903328051,Adds macro-region categories.,
m10_region_macro,C(cause_group)[T.案外人执行异议之诉],-0.25951560719972566,0.06531275164153805,7.084516534451739e-05,-0.3875262481483495,-0.1315049662511018,5048,0.19686300538807977,0.4215530903328051,Adds macro-region categories.,
m10_region_macro,C(cause_group)[T.欺诈客户责任纠纷],8.198465315868284e-18,6.513810468612115e-31,0.0,8.198465315867006e-18,8.198465315869561e-18,5048,0.19686300538807977,0.4215530903328051,Adds macro-region categories.,
m10_region_macro,C(cause_group)[T.民间借贷纠纷],-0.05373319133089298,0.029703954176244933,0.07045760289671163,-0.11195187171476118,0.004485489052975217,5048,0.19686300538807977,0.4215530903328051,Adds macro-region categories.,
m10_region_macro,C(cause_group)[T.民间委托理财合同纠纷],0.15694266402085688,0.04831133061816376,0.001159873019410972,0.062254195964048714,0.2516311320776651,5048,0.19686300538807977,0.4215530903328051,Adds macro-region categories.,
m10_region_macro,C(cause_group)[T.法定继承纠纷],0.0,0.0,,0.0,0.0,5048,0.19686300538807977,0.4215530903328051,Adds macro-region categories.,
m10_region_macro,C(cause_group)[T.法律服务合同纠纷],-0.24992337539143045,0.05973214714419316,2.863381878495612e-05,-0.36699623251329605,-0.13285051826956482,5048,0.19686300538807977,0.4215530903328051,Adds macro-region categories.,
m10_region_macro,C(cause_group)[T.洗钱罪],0.0,0.0,,0.0,0.0,5048,0.19686300538807977,0.4215530903328051,Adds macro-region categories.,
m10_region_macro,C(cause_group)[T.消费者权益保护民事公益诉讼],0.6905010290189959,0.05558376557968663,1.9677962182903153e-35,0.581558850357693,0.7994432076802989,5048,0.19686300538807977,0.4215530903328051,Adds macro-region categories.,
m10_region_macro,C(cause_group)[T.清算责任纠纷],0.30999990790774756,0.27488694410824893,0.2594314213331418,-0.2287686023646951,0.8487684181801902,5048,0.19686300538807977,0.4215530903328051,Adds macro-region categories.,
m10_region_macro,C(cause_group)[T.演出合同纠纷],-0.12392080570957911,0.033171206046224415,0.00018712351531356643,-0.18893517488393624,-0.05890643653522197,5048,0.19686300538807977,0.4215530903328051,Adds macro-region categories.,
m10_region_macro,C(cause_group)[T.物业服务合同纠纷],-0.2963322541383955,0.06284256914515182,2.4115333855240165e-06,-0.4195014263588611,-0.17316308191792984,5048,0.19686300538807977,0.4215530903328051,Adds macro-region categories.,
m10_region_macro,C(cause_group)[T.物权保护纠纷],0.5269627310706826,0.1121928842226131,2.6409391288629445e-06,0.3070687186726888,0.7468567434686764,5048,0.19686300538807977,0.4215530903328051,Adds macro-region categories.,
m10_region_macro,C(cause_group)[T.物权确认纠纷],0.0,0.0,,0.0,0.0,5048,0.19686300538807977,0.4215530903328051,Adds macro-region categories.,
m10_region_macro,C(cause_group)[T.物权纠纷],0.8657623468399603,0.06629911446736704,5.688890870936508e-39,0.7358184702770225,0.9957062234028982,5048,0.19686300538807977,0.4215530903328051,Adds macro-region categories.,
m10_region_macro,C(cause_group)[T.特许经营合同纠纷],-0.2248750466921644,0.029712264631575006,3.777762972928582e-14,-0.2831100152691747,-0.16664007811515413,5048,0.19686300538807977,0.4215530903328051,Adds macro-region categories.,
m10_region_macro,C(cause_group)[T.生产、销售伪劣产品罪],0.0,0.0,,0.0,0.0,5048,0.19686300538807977,0.4215530903328051,Adds macro-region categories.,
m10_region_macro,C(cause_group)[T.生产、销售有毒、有害食品罪],0.0,0.0,,0.0,0.0,5048,0.19686300538807977,0.4215530903328051,Adds macro-region categories.,
m10_region_macro,C(cause_group)[T.生命权、身体权、健康权纠纷],0.0,0.0,,0.0,0.0,5048,0.19686300538807977,0.4215530903328051,Adds macro-region categories.,
m10_region_macro,C(cause_group)[T.申请诉前停止侵害注册商标专用权],0.0,0.0,,0.0,0.0,5048,0.19686300538807977,0.4215530903328051,Adds macro-region categories.,
m10_region_macro,C(cause_group)[T.电信服务合同纠纷],0.0,0.0,,0.0,0.0,5048,0.19686300538807977,0.4215530903328051,Adds macro-region categories.,
m10_region_macro,C(cause_group)[T.盗伐林木罪],0.0,0.0,,0.0,0.0,5048,0.19686300538807977,0.4215530903328051,Adds macro-region categories.,
m10_region_macro,C(cause_group)[T.盗窃罪],0.0,0.0,,0.0,0.0,5048,0.19686300538807977,0.4215530903328051,Adds macro-region categories.,
m10_region_macro,C(cause_group)[T.相邻关系纠纷],0.0,0.0,,0.0,0.0,5048,0.19686300538807977,0.4215530903328051,Adds macro-region categories.,
m10_region_macro,C(cause_group)[T.破坏计算机信息系统罪],0.0,0.0,,0.0,0.0,5048,0.19686300538807977,0.4215530903328051,Adds macro-region categories.,
m10_region_macro,C(cause_group)[T.确认不侵害著作权纠纷],0.0,0.0,,0.0,0.0,5048,0.19686300538807977,0.4215530903328051,Adds macro-region categories.,
m10_region_macro,C(cause_group)[T.确认合同效力纠纷],0.06213958475730966,0.18121363637034765,0.7316677597566437,-0.2930326160361094,0.4173117855507287,5048,0.19686300538807977,0.4215530903328051,Adds macro-region categories.,
m10_region_macro,C(cause_group)[T.确认合同无效纠纷],0.5727354029152935,0.07674113045180093,8.443767671892897e-14,0.42232555109687364,0.7231452547337133,5048,0.19686300538807977,0.4215530903328051,Adds macro-region categories.,
m10_region_macro,C(cause_group)[T.确认合同有效纠纷],0.4204947762204797,0.04924650544204791,1.3589205158704739e-17,0.32397339918961005,0.5170161532513494,5048,0.19686300538807977,0.4215530903328051,Adds macro-region categories.,
m10_region_macro,C(cause_group)[T.离婚后财产纠纷],-0.2655976453348444,0.05707839043964699,3.2680966402093224e-06,-0.37746923489206785,-0.153726055777621,5048,0.19686300538807977,0.4215530903328051,Adds macro-region categories.,
m10_region_macro,C(cause_group)[T.离婚纠纷],0.18030188243039424,0.3624071265587211,0.6188280660131265,-0.5300030333653484,0.8906067982261369,5048,0.19686300538807977,0.4215530903328051,Adds macro-region categories.,
m10_region_macro,C(cause_group)[T.种植、养殖回收合同纠纷],-0.20847714779723853,0.033104265928714675,3.023056776007948e-10,-0.27336031675215566,-0.14359397884232136,5048,0.19686300538807977,0.4215530903328051,Adds macro-region categories.,
m10_region_macro,C(cause_group)[T.租赁合同纠纷],-0.23785764239938953,0.06271586254059319,0.0001490641863478802,-0.3607784742383169,-0.11493681056046218,5048,0.19686300538807977,0.4215530903328051,Adds macro-region categories.,
m10_region_macro,C(cause_group)[T.窃取、收买、非法提供信用卡信息罪],0.0,0.0,,0.0,0.0,5048,0.19686300538807977,0.4215530903328051,Adds macro-region categories.,
m10_region_macro,C(cause_group)[T.窝藏、包庇罪],0.0,0.0,,0.0,0.0,5048,0.19686300538807977,0.4215530903328051,Adds macro-region categories.,
m10_region_macro,C(cause_group)[T.竞业限制纠纷],-0.24877598397164133,0.055904837507560375,8.58741726128443e-06,-0.35834745204802365,-0.13920451589525903,5048,0.19686300538807977,0.4215530903328051,Adds macro-region categories.,
m10_region_macro,C(cause_group)[T.组织、领导传销活动],0.0,0.0,,0.0,0.0,5048,0.19686300538807977,0.4215530903328051,Adds macro-region categories.,
m10_region_macro,C(cause_group)[T.组织、领导传销活动罪],0.0,0.0,,0.0,0.0,5048,0.19686300538807977,0.4215530903328051,Adds macro-region categories.,
m10_region_macro,C(cause_group)[T.组织他人偷越国（边）境罪],0.0,0.0,,0.0,0.0,5048,0.19686300538807977,0.4215530903328051,Adds macro-region categories.,
m10_region_macro,C(cause_group)[T.组织卖淫罪],0.0,0.0,,0.0,0.0,5048,0.19686300538807977,0.4215530903328051,Adds macro-region categories.,
m10_region_macro,C(cause_group)[T.组织淫秽表演罪],0.0,0.0,,0.0,0.0,5048,0.19686300538807977,0.4215530903328051,Adds macro-region categories.,
m10_region_macro,C(cause_group)[T.绑架罪],0.0,0.0,,0.0,0.0,5048,0.19686300538807977,0.4215530903328051,Adds macro-region categories.,
m10_region_macro,C(cause_group)[T.缔约过失责任纠纷],0.3491034345781261,0.2737167389562511,0.20216109983795472,-0.1873715157418776,0.8855783848981298,5048,0.19686300538807977,0.4215530903328051,Adds macro-region categories.,
m10_region_macro,C(cause_group)[T.网络侵害虚拟财产纠纷],0.13672590799535667,0.2967993257699421,0.6450369226807933,-0.44499008114950067,0.718441897140214,5048,0.19686300538807977,0.4215530903328051,Adds macro-region categories.,
m10_region_macro,C(cause_group)[T.网络侵权责任纠纷],-0.031121706575368807,0.10305791009501591,0.7626652464127812,-0.23311149868356687,0.17086808553282926,5048,0.19686300538807977,0.4215530903328051,Adds macro-region categories.,
m10_region_macro,C(cause_group)[T.网络域名合同纠纷],-0.08144008514618711,0.04799671273845156,0.08973738293827924,-0.175511913489867,0.012631743197492773,5048,0.19686300538807977,0.4215530903328051,Adds macro-region categories.,
m10_region_macro,C(cause_group)[T.网络域名权属纠纷],0.0,0.0,,0.0,0.0,5048,0.19686300538807977,0.4215530903328051,Adds macro-region categories.,
m10_region_macro,C(cause_group)[T.网络服务合同纠纷],-0.1604780730889327,0.060251971677510854,0.007734406117466749,-0.27856976757438134,-0.04238637860348403,5048,0.19686300538807977,0.4215530903328051,Adds macro-region categories.,
m10_region_macro,C(cause_group)[T.职务侵占罪],0.0,0.0,,0.0,0.0,5048,0.19686300538807977,0.4215530903328051,Adds macro-region categories.,
m10_region_macro,C(cause_group)[T.联营合同纠纷],-0.12797503153213957,0.03361090088928988,0.00014035297039085328,-0.193851186763093,-0.06209887630118614,5048,0.19686300538807977,0.4215530903328051,Adds macro-region categories.,
m10_region_macro,C(cause_group)[T.肖像权纠纷],0.8151950279849012,0.11457153631792298,1.1178155711234258e-12,0.5906389431483493,1.039751112821453,5048,0.19686300538807977,0.4215530903328051,Adds macro-region categories.,
m10_region_macro,C(cause_group)[T.股东出资纠纷],-0.29516551695339965,0.053184419835812596,2.8591589640567538e-08,-0.39940506437025003,-0.1909259695365493,5048,0.19686300538807977,0.4215530903328051,Adds macro-region categories.,
m10_region_macro,C(cause_group)[T.股东损害公司债权人利益责任纠纷],-0.12017996905258664,0.16629571245575117,0.4698713930344789,-0.4461135762492878,0.20575363814411451,5048,0.19686300538807977,0.4215530903328051,Adds macro-region categories.,
m10_region_macro,C(cause_group)[T.股东知情权纠纷],0.0,0.0,,0.0,0.0,5048,0.19686300538807977,0.4215530903328051,Adds macro-region categories.,
m10_region_macro,C(cause_group)[T.股东资格确认纠纷],-0.4330692430670358,0.03494578079571906,2.86581917640485e-35,-0.5015617148382766,-0.36457677129579497,5048,0.19686300538807977,0.4215530903328051,Adds macro-region categories.,
m10_region_macro,C(cause_group)[T.股权转让纠纷],-0.21214244883715863,0.1451788806542878,0.14394720597096589,-0.49668782623540153,0.07240292856108424,5048,0.19686300538807977,0.4215530903328051,Adds macro-region categories.,
m10_region_macro,C(cause_group)[T.著作权合同纠纷],-0.12309445340249897,0.02958009062252905,3.16308856200974e-05,-0.1810703656820869,-0.06511854112291104,5048,0.19686300538807977,0.4215530903328051,Adds macro-region categories.,
m10_region_macro,C(cause_group)[T.著作权权属、侵权纠纷],0.0,0.0,,0.0,0.0,5048,0.19686300538807977,0.4215530903328051,Adds macro-region categories.,
m10_region_macro,C(cause_group)[T.著作权权属纠纷],-0.21162639179340642,0.0729248531084726,0.0037081340526115385,-0.3545564774638865,-0.06869630612292632,5048,0.19686300538807977,0.4215530903328051,Adds macro-region categories.,
m10_region_macro,C(cause_group)[T.著作权许可使用合同纠纷],-0.14898683228452286,0.057082788566031724,0.009053872608097419,-0.2608670420110598,-0.037106622557985885,5048,0.19686300538807977,0.4215530903328051,Adds macro-region categories.,
m10_region_macro,C(cause_group)[T.虚假诉讼罪],0.0,0.0,,0.0,0.0,5048,0.19686300538807977,0.4215530903328051,Adds macro-region categories.,
m10_region_macro,C(cause_group)[T.融资租赁合同纠纷],-0.2800831726631896,0.04731015181633192,3.2164905257786434e-09,-0.3728093663263224,-0.18735697900005682,5048,0.19686300538807977,0.4215530903328051,Adds macro-region categories.,
m10_region_macro,C(cause_group)[T.行政],0.0,0.0,,0.0,0.0,5048,0.19686300538807977,0.4215530903328051,Adds macro-region categories.,
m10_region_macro,C(cause_group)[T.行政处罚],0.0,0.0,,0.0,0.0,5048,0.19686300538807977,0.4215530903328051,Adds macro-region categories.,
m10_region_macro,C(cause_group)[T.行政复议],0.0,0.0,,0.0,0.0,5048,0.19686300538807977,0.4215530903328051,Adds macro-region categories.,
m10_region_macro,C(cause_group)[T.行政强制],0.0,0.0,,0.0,0.0,5048,0.19686300538807977,0.4215530903328051,Adds macro-region categories.,
m10_region_macro,C(cause_group)[T.行政强制措施],0.0,0.0,,0.0,0.0,5048,0.19686300538807977,0.4215530903328051,Adds macro-region categories.,
m10_region_macro,C(cause_group)[T.行政拘留],0.0,0.0,,0.0,0.0,5048,0.19686300538807977,0.4215530903328051,Adds macro-region categories.,
m10_region_macro,C(cause_group)[T.行政撤销],0.0,0.0,,0.0,0.0,5048,0.19686300538807977,0.4215530903328051,Adds macro-region categories.,
m10_region_macro,C(cause_group)[T.行政监察],0.0,0.0,,0.0,0.0,5048,0.19686300538807977,0.4215530903328051,Adds macro-region categories.,
m10_region_macro,C(cause_group)[T.行政确认],0.0,0.0,,0.0,0.0,5048,0.19686300538807977,0.4215530903328051,Adds macro-region categories.,
m10_region_macro,C(cause_group)[T.行政非诉执行],0.0,0.0,,0.0,0.0,5048,0.19686300538807977,0.4215530903328051,Adds macro-region categories.,
m10_region_macro,C(cause_group)[T.行纪合同纠纷],0.10113624089762527,0.2103206369272297,0.6306110712908373,-0.31108463268526987,0.5133571144805203,5048,0.19686300538807977,0.4215530903328051,Adds macro-region categories.,
m10_region_macro,C(cause_group)[T.被继承人债务清偿纠纷],-0.1461180626906479,0.10857973213661581,0.17839240135058188,-0.3589304271294212,0.0666943017481254,5048,0.19686300538807977,0.4215530903328051,Adds macro-region categories.,
m10_region_macro,C(cause_group)[T.装饰装修合同纠纷],0.1671467228934127,0.19956526975586503,0.4022811441891594,-0.22399401839310323,0.5582874641799287,5048,0.19686300538807977,0.4215530903328051,Adds macro-region categories.,
m10_region_macro,C(cause_group)[T.计算机软件开发合同纠纷],-0.01705621402040597,0.09257313983107195,0.8538206158680616,-0.19849623402509733,0.1643838059842854,5048,0.19686300538807977,0.4215530903328051,Adds macro-region categories.,
m10_region_macro,C(cause_group)[T.计算机软件著作权许可使用合同纠纷],-0.17751381949033368,0.0322072674495514,3.5557098323564604e-08,-0.2406389037319036,-0.11438873524876374,5048,0.19686300538807977,0.4215530903328051,Adds macro-region categories.,
m10_region_macro,C(cause_group)[T.诈骗],0.0,0.0,,0.0,0.0,5048,0.19686300538807977,0.4215530903328051,Adds macro-region categories.,
m10_region_macro,C(cause_group)[T.诈骗罪],0.0,0.0,,0.0,0.0,5048,0.19686300538807977,0.4215530903328051,Adds macro-region categories.,
m10_region_macro,C(cause_group)[T.诬告陷害罪],0.0,0.0,,0.0,0.0,5048,0.19686300538807977,0.4215530903328051,Adds macro-region categories.,
m10_region_macro,C(cause_group)[T.财产保险合同纠纷],-0.15241612546029584,0.033130590130670004,4.215485355504957e-06,-0.21735088890296722,-0.08748136201762448,5048,0.19686300538807977,0.4215530903328051,Adds macro-region categories.,
m10_region_macro,C(cause_group)[T.财产损失保险合同纠纷],-0.22479785253541706,0.031283301798367795,6.677880336738218e-13,-0.28611199737771503,-0.1634837076931191,5048,0.19686300538807977,0.4215530903328051,Adds macro-region categories.,
m10_region_macro,C(cause_group)[T.财产损害赔偿纠纷],0.1430470437644156,0.11302182662098946,0.20563534612062062,-0.07847166587965407,0.3645657534084853,5048,0.19686300538807977,0.4215530903328051,Adds macro-region categories.,
m10_region_macro,C(cause_group)[T.贪污罪],0.0,0.0,,0.0,0.0,5048,0.19686300538807977,0.4215530903328051,Adds macro-region categories.,
m10_region_macro,C(cause_group)[T.贷款诈骗罪],0.0,0.0,,0.0,0.0,5048,0.19686300538807977,0.4215530903328051,Adds macro-region categories.,
m10_region_macro,C(cause_group)[T.赌博罪],0.0,0.0,,0.0,0.0,5048,0.19686300538807977,0.4215530903328051,Adds macro-region categories.,
m10_region_macro,C(cause_group)[T.赠与合同纠纷],0.4253702785723394,0.07823311028764925,5.411967207694152e-08,0.27203620000999684,0.5787043571346819,5048,0.19686300538807977,0.4215530903328051,Adds macro-region categories.,
m10_region_macro,C(cause_group)[T.走私、贩卖、运输、制造毒品],0.0,0.0,,0.0,0.0,5048,0.19686300538807977,0.4215530903328051,Adds macro-region categories.,
m10_region_macro,C(cause_group)[T.走私、贩卖、运输、制造毒品罪],0.0,0.0,,0.0,0.0,5048,0.19686300538807977,0.4215530903328051,Adds macro-region categories.,
m10_region_macro,C(cause_group)[T.走私普通货物、物品罪],0.0,0.0,,0.0,0.0,5048,0.19686300538807977,0.4215530903328051,Adds macro-region categories.,
m10_region_macro,C(cause_group)[T.走私武器、弹药罪],0.0,0.0,,0.0,0.0,5048,0.19686300538807977,0.4215530903328051,Adds macro-region categories.,
m10_region_macro,C(cause_group)[T.走私罪],0.0,0.0,,0.0,0.0,5048,0.19686300538807977,0.4215530903328051,Adds macro-region categories.,
m10_region_macro,C(cause_group)[T.车辆租赁合同纠纷],-0.2234294785698982,0.031153631601820823,7.398568322502186e-13,-0.2844894744970959,-0.1623694826427005,5048,0.19686300538807977,0.4215530903328051,Adds macro-region categories.,
m10_region_macro,C(cause_group)[T.运输合同纠纷],0.14345369046445278,0.26742964120236323,0.5916706830268408,-0.38069877469064806,0.6676061556195536,5048,0.19686300538807977,0.4215530903328051,Adds macro-region categories.,
m10_region_macro,C(cause_group)[T.运送他人偷越国（边）境罪],0.0,0.0,,0.0,0.0,5048,0.19686300538807977,0.4215530903328051,Adds macro-region categories.,
m10_region_macro,C(cause_group)[T.返还原物纠纷],0.10645485036859742,0.10758763677624687,0.3224327343556551,-0.10441304289462344,0.3173227436318183,5048,0.19686300538807977,0.4215530903328051,Adds macro-region categories.,
m10_region_macro,C(cause_group)[T.追偿权纠纷],-0.183595889476671,0.10852240132055266,0.09068817197336224,-0.3962958875807562,0.02910410862741422,5048,0.19686300538807977,0.4215530903328051,Adds macro-region categories.,
m10_region_macro,C(cause_group)[T.追加、变更被执行人异议之诉],-0.412095968544661,0.03405613121693875,1.0497914732532655e-33,-0.4788447591826312,-0.34534717790669084,5048,0.19686300538807977,0.4215530903328051,Adds macro-region categories.,
m10_region_macro,C(cause_group)[T.追索劳动报酬纠纷],0.0,0.0,,0.0,0.0,5048,0.19686300538807977,0.4215530903328051,Adds macro-region categories.,
m10_region_macro,C(cause_group)[T.金融借款合同纠纷],-0.3465396140202314,0.03608721766390747,7.777483097274563e-22,-0.4172692609437477,-0.2758099670967151,5048,0.19686300538807977,0.4215530903328051,Adds macro-region categories.,
m10_region_macro,C(cause_group)[T.铁路运输财产损害责任纠纷],0.3957564228636854,0.02926809665461236,1.1634509433423887e-41,0.3383920075246079,0.4531208382027629,5048,0.19686300538807977,0.4215530903328051,Adds macro-region categories.,
m10_region_macro,C(cause_group)[T.银行卡纠纷],-0.2434164902174664,0.05672434641343299,1.7769641165559148e-05,-0.35459416623436885,-0.13223881420056394,5048,0.19686300538807977,0.4215530903328051,Adds macro-region categories.,
m10_region_macro,C(cause_group)[T.销售假冒注册商标的商品罪],0.0,0.0,,0.0,0.0,5048,0.19686300538807977,0.4215530903328051,Adds macro-region categories.,
m10_region_macro,C(cause_group)[T.隐私权纠纷],0.0,0.0,,0.0,0.0,5048,0.19686300538807977,0.4215530903328051,Adds macro-region categories.,
m10_region_macro,C(cause_group)[T.集资诈骗罪],0.0,0.0,,0.0,0.0,5048,0.19686300538807977,0.4215530903328051,Adds macro-region categories.,
m10_region_macro,C(cause_group)[T.非法侵入计算机信息系统罪],0.0,0.0,,0.0,0.0,5048,0.19686300538807977,0.4215530903328051,Adds macro-region categories.,
m10_region_macro,C(cause_group)[T.非法出售增值税专用发票罪],0.0,0.0,,0.0,0.0,5048,0.19686300538807977,0.4215530903328051,Adds macro-region categories.,
m10_region_macro,C(cause_group)[T.非法利用信息网络],0.0,0.0,,0.0,0.0,5048,0.19686300538807977,0.4215530903328051,Adds macro-region categories.,
m10_region_macro,C(cause_group)[T.非法利用信息网络罪],0.0,0.0,,0.0,0.0,5048,0.19686300538807977,0.4215530903328051,Adds macro-region categories.,
m10_region_macro,C(cause_group)[T.非法制造、买卖、运输、邮寄、储存枪支、弹药、爆炸物罪],0.0,0.0,,0.0,0.0,5048,0.19686300538807977,0.4215530903328051,Adds macro-region categories.,
m10_region_macro,C(cause_group)[T.非法吸收公众存款],0.0,0.0,,0.0,0.0,5048,0.19686300538807977,0.4215530903328051,Adds macro-region categories.,
m10_region_macro,C(cause_group)[T.非法吸收公众存款罪],0.0,0.0,,0.0,0.0,5048,0.19686300538807977,0.4215530903328051,Adds macro-region categories.,
m10_region_macro,C(cause_group)[T.非法拘禁罪],0.0,0.0,,0.0,0.0,5048,0.19686300538807977,0.4215530903328051,Adds macro-region categories.,
m10_region_macro,C(cause_group)[T.非法持有毒品罪],0.0,0.0,,0.0,0.0,5048,0.19686300538807977,0.4215530903328051,Adds macro-region categories.,
m10_region_macro,C(cause_group)[T.非法种植毒品原植物罪],0.0,0.0,,0.0,0.0,5048,0.19686300538807977,0.4215530903328051,Adds macro-region categories.,
m10_region_macro,C(cause_group)[T.非法获取计算机信息系统数据、非法控制计算机信息系统罪],0.0,0.0,,0.0,0.0,5048,0.19686300538807977,0.4215530903328051,Adds macro-region categories.,
m10_region_macro,C(cause_group)[T.食品、药品监管渎职罪],0.0,0.0,,0.0,0.0,5048,0.19686300538807977,0.4215530903328051,Adds macro-region categories.,
m10_region_macro,C(cause_group)[T.餐饮服务合同纠纷],0.8262020481977171,0.06835094212812994,1.2275239945893954e-33,0.692236663317201,0.9601674330782333,5048,0.19686300538807977,0.4215530903328051,Adds macro-region categories.,
m10_region_macro,post2021,0.08154831018166941,0.013703217364237288,2.664539893757956e-09,0.054690497675440444,0.10840612268789838,5048,0.19686300538807977,0.4215530903328051,Adds macro-region categories.,
m10_region_macro,log_amount_master,-0.0059991341412491015,0.003860257891447218,0.12016628932529697,-0.013565100579522177,0.0015668322970239746,5048,0.19686300538807977,0.4215530903328051,Adds macro-region categories.,
m10_region_macro,amount_llm_regex_conflict_flag,-0.07566961929938304,0.0329095928625357,0.02148688833972651,-0.14017123605582943,-0.01116800254293665,5048,0.19686300538807977,0.4215530903328051,Adds macro-region categories.,
m10_region_macro,amount_regex_fallback_flag,0.0,0.0,,0.0,0.0,5048,0.19686300538807977,0.4215530903328051,Adds macro-region categories.,
m11_strict_dv,Intercept,0.3349259449123902,0.05520467646035539,1.3033371115269042e-09,0.22672676727190752,0.44312512255287284,4987,0.1966298025886546,0.41287347102466415,Strict DV robustness.,
m11_strict_dv,"C(transaction_type, Treatment(reference='借贷'))[T.投资/理财]",0.247585254805961,0.022739448037756092,1.3161413132083618e-27,0.20301675562363905,0.2921537539882829,4987,0.1966298025886546,0.41287347102466415,Strict DV robustness.,
m11_strict_dv,"C(transaction_type, Treatment(reference='借贷'))[T.交易/买卖]",0.1653110867936311,0.03944614271833605,2.7796664761513593e-05,0.08799806773666555,0.24262410585059666,4987,0.1966298025886546,0.41287347102466415,Strict DV robustness.,
m11_strict_dv,"C(transaction_type, Treatment(reference='借贷'))[T.ICO/发币]",0.4791049089609337,0.11162847510971471,1.7710315117310082e-05,0.26031711809676705,0.6978926998251004,4987,0.1966298025886546,0.41287347102466415,Strict DV robustness.,
m11_strict_dv,"C(transaction_type, Treatment(reference='借贷'))[T.挖矿]",0.05650077938706783,0.03825081633920943,0.13964534017893104,-0.018469443017038893,0.13147100179117455,4987,0.1966298025886546,0.41287347102466415,Strict DV robustness.,
m11_strict_dv,"C(transaction_type, Treatment(reference='借贷'))[T.技术服务]",-0.12580204294457623,0.05935727191899662,0.034056334207259155,-0.2421401581263603,-0.00946392776279216,4987,0.1966298025886546,0.41287347102466415,Strict DV robustness.,
m11_strict_dv,"C(transaction_type, Treatment(reference='借贷'))[T.其他民商事]",-0.1659497930337555,0.03242924466740601,3.0995971898208276e-07,-0.2295099446277089,-0.10238964143980213,4987,0.1966298025886546,0.41287347102466415,Strict DV robustness.,
m11_strict_dv,"C(transaction_type, Treatment(reference='借贷'))[T.其他/未分类]",-0.07487930451152285,0.07113615588440818,0.2925154184550527,-0.2143036080435899,0.06454499902054421,4987,0.1966298025886546,0.41287347102466415,Strict DV robustness.,
m11_strict_dv,"C(transaction_type, Treatment(reference='借贷'))[T.未分类]",-8.535124186034787e-15,1.2633282396371286e-15,1.4179255097344441e-11,-1.1011202036375946e-14,-6.0590463356936284e-15,4987,0.1966298025886546,0.41287347102466415,Strict DV robustness.,
m11_strict_dv,C(court_level_group)[T.基层法院],0.013966844907437059,0.01441115588550999,0.3324608972679075,-0.014278501603754951,0.04221219141862907,4987,0.1966298025886546,0.41287347102466415,Strict DV robustness.,
m11_strict_dv,C(court_level_group)[T.最高人民法院],-0.10709150518413676,0.10354040123542006,0.3009974345728901,-0.31002696255038664,0.09584395218211308,4987,0.1966298025886546,0.41287347102466415,Strict DV robustness.,
m11_strict_dv,C(court_level_group)[T.高级法院],-0.05064631966311298,0.10345678677162466,0.6244588663920595,-0.2534178956917372,0.15212525636551125,4987,0.1966298025886546,0.41287347102466415,Strict DV robustness.,
m11_strict_dv,C(cause_group)[T.不当得利纠纷],0.2997519724511437,0.037041625282957194,5.854812257954261e-16,0.22715172096771932,0.3723522239345681,4987,0.1966298025886546,0.41287347102466415,Strict DV robustness.,
m11_strict_dv,C(cause_group)[T.不正当竞争纠纷],0.2615300018349904,0.20792772343486918,0.20846668569575977,-0.14600084748475817,0.669060851154739,4987,0.1966298025886546,0.41287347102466415,Strict DV robustness.,
m11_strict_dv,C(cause_group)[T.与公司有关的纠纷],-0.09610121947246461,0.1749189293622005,0.5827279942677397,-0.4389360212366833,0.2467335822917541,4987,0.1966298025886546,0.41287347102466415,Strict DV robustness.,
m11_strict_dv,C(cause_group)[T.专利行政管理],4.1256851681240646e-15,5.315140145583309e-16,8.350941762367067e-15,3.083936842311438e-15,5.167433493936691e-15,4987,0.1966298025886546,0.41287347102466415,Strict DV robustness.,
m11_strict_dv,C(cause_group)[T.业主撤销权纠纷],0.21255551212227797,0.2557792934985525,0.40596718192573167,-0.28876269112598496,0.7138737153705409,4987,0.1966298025886546,0.41287347102466415,Strict DV robustness.,
m11_strict_dv,C(cause_group)[T.中介合同纠纷],-0.2013848770772183,0.028439154946989714,1.4285587952553742e-12,-0.25712459652407227,-0.14564515763036434,4987,0.1966298025886546,0.41287347102466415,Strict DV robustness.,
m11_strict_dv,C(cause_group)[T.买卖合同纠纷],-0.024757737061851817,0.043782397435584264,0.571752496541269,-0.11056965919241579,0.06105418506871216,4987,0.1966298025886546,0.41287347102466415,Strict DV robustness.,
m11_strict_dv,C(cause_group)[T.互易纠纷],-0.23476685678554832,0.05873435818141101,6.412435291502649e-05,-0.3498840834761894,-0.11964963009490727,4987,0.1966298025886546,0.41287347102466415,Strict DV robustness.,
m11_strict_dv,C(cause_group)[T.交通肇事罪],-3.4428978973296946e-16,2.954280362089285e-16,0.24385991616369151,-9.233181007258644e-16,2.3473852125992546e-16,4987,0.1966298025886546,0.41287347102466415,Strict DV robustness.,
m11_strict_dv,C(cause_group)[T.产品责任纠纷],2.0754685330899655e-15,3.106479094363747e-16,2.37161650601245e-11,1.4666098187220106e-15,2.6843272474579203e-15,4987,0.1966298025886546,0.41287347102466415,Strict DV robustness.,
m11_strict_dv,C(cause_group)[T.人身保险合同纠纷],-0.1946602699798794,0.02921752161034569,2.693003835794946e-11,-0.25192556005367767,-0.13739497990608113,4987,0.1966298025886546,0.41287347102466415,Strict DV robustness.,
m11_strict_dv,C(cause_group)[T.仓储合同纠纷],0.5620100825860297,0.03435312820986618,3.703818331072074e-60,0.49467918853840503,0.6293409766336543,4987,0.1966298025886546,0.41287347102466415,Strict DV robustness.,
m11_strict_dv,C(cause_group)[T.仿冒纠纷],-1.422730801160703e-15,2.7988328448079697e-16,3.709324238380733e-07,-1.9712919586178433e-15,-8.741696437035626e-16,4987,0.1966298025886546,0.41287347102466415,Strict DV robustness.,
m11_strict_dv,C(cause_group)[T.企业承包经营合同纠纷],-0.10238459320730643,0.029565952829152364,0.0005343429551714692,-0.16033279592105518,-0.04443639049355768,4987,0.1966298025886546,0.41287347102466415,Strict DV robustness.,
m11_strict_dv,C(cause_group)[T.传播淫秽物品罪],3.871975921829989e-16,2.573304354655728e-16,0.13240873388071703,-1.171607934555324e-16,8.915559778215302e-16,4987,0.1966298025886546,0.41287347102466415,Strict DV robustness.,
m11_strict_dv,C(cause_group)[T.伪造、变造、买卖国家机关公文、证件、印章罪],1.6299207315111764e-15,2.207213363404803e-16,1.5300639395487115e-13,1.1973148616642832e-15,2.0625266013580696e-15,4987,0.1966298025886546,0.41287347102466415,Strict DV robustness.,
m11_strict_dv,C(cause_group)[T.伪造、变造、买卖身份证件罪],-5.867586110999868e-16,1.770068172532372e-16,0.0009167829919821198,-9.336855979343947e-16,-2.3983162426557883e-16,4987,0.1966298025886546,0.41287347102466415,Strict DV robustness.,
m11_strict_dv,C(cause_group)[T.伪造、变造金融票证罪],-6.801732206201364e-16,1.885838783168379e-16,0.00031006678129527214,-1.0497908301860228e-15,-3.1055561105425005e-16,4987,0.1966298025886546,0.41287347102466415,Strict DV robustness.,
m11_strict_dv,C(cause_group)[T.供用电合同纠纷],-0.3774592554086793,0.03527265395888273,1.0048301114206465e-26,-0.4465923868072336,-0.308326124010125,4987,0.1966298025886546,0.41287347102466415,Strict DV robustness.,
m11_strict_dv,C(cause_group)[T.侵占罪],7.123269417522647e-17,1.7091021411455243e-16,0.6768361861321324,-2.6374517007932546e-16,4.0621055842977843e-16,4987,0.1966298025886546,0.41287347102466415,Strict DV robustness.,
m11_strict_dv,C(cause_group)[T.侵害作品信息网络传播权纠纷],0.2045244973068221,0.21197316986278908,0.3346147859166484,-0.21093528131303568,0.6199842759266798,4987,0.1966298025886546,0.41287347102466415,Strict DV robustness.,
m11_strict_dv,C(cause_group)[T.侵害作品发行权纠纷],1.104893596094437e-15,1.5848629614760136e-16,3.1348955079287965e-12,7.942661636019893e-16,1.4155210285868849e-15,4987,0.1966298025886546,0.41287347102466415,Strict DV robustness.,
m11_strict_dv,C(cause_group)[T.侵害作品复制权纠纷],5.4710840617827364e-17,1.2097490990032543e-16,0.6510892631183662,-1.8239562581978848e-16,2.918173070554432e-16,4987,0.1966298025886546,0.41287347102466415,Strict DV robustness.,
m11_strict_dv,C(cause_group)[T.侵害作品展览权纠纷],-8.352933574169752e-16,1.5719075492870116e-16,1.0731324635164599e-07,-1.1433815757798915e-15,-5.27205139054059e-16,4987,0.1966298025886546,0.41287347102466415,Strict DV robustness.,
m11_strict_dv,C(cause_group)[T.侵害作品广播权纠纷],4.848446001469538e-16,1.2640996656927254e-16,0.00012531244069256982,2.370856183842674e-16,7.326035819096402e-16,4987,0.1966298025886546,0.41287347102466415,Strict DV robustness.,
m11_strict_dv,C(cause_group)[T.侵害作品改编权纠纷],-0.11879425664403499,0.11553665384123032,0.3038579192392493,-0.3452419370671177,0.10765342377904773,4987,0.1966298025886546,0.41287347102466415,Strict DV robustness.,
m11_strict_dv,C(cause_group)[T.侵害其他著作财产权纠纷],-1.2413496904971469e-16,2.1274145355492918e-16,0.5595557102723215,-5.411005560360766e-16,2.928306179366472e-16,4987,0.1966298025886546,0.41287347102466415,Strict DV robustness.,
m11_strict_dv,C(cause_group)[T.侵害发明专利权纠纷],0.8270335133501734,0.11567491229951773,8.700832968264242e-13,0.6003148513282893,1.0537521753720576,4987,0.1966298025886546,0.41287347102466415,Strict DV robustness.,
m11_strict_dv,C(cause_group)[T.侵害商标权纠纷],0.16930388808777805,0.1650175788713728,0.30490343223229865,-0.1541246233161104,0.4927323994916665,4987,0.1966298025886546,0.41287347102466415,Strict DV robustness.,
m11_strict_dv,C(cause_group)[T.侵害外观设计专利权纠纷],-0.21857637908939176,0.05607694071623343,9.707282186148865e-05,-0.32848516325639704,-0.10866759492238649,4987,0.1966298025886546,0.41287347102466415,Strict DV robustness.,
m11_strict_dv,C(cause_group)[T.侵害实用新型专利权纠纷],-2.195714307972576e-16,1.1747312772136366e-16,0.061606052031596054,-4.498145302824042e-16,1.0671668687888991e-17,4987,0.1966298025886546,0.41287347102466415,Strict DV robustness.,
m11_strict_dv,C(cause_group)[T.侵害录音录像制作者权纠纷],-3.1387557310581734e-15,1.4920096368621e-16,3.001780356629543e-98,-3.4311842463418136e-15,-2.846327215774533e-15,4987,0.1966298025886546,0.41287347102466415,Strict DV robustness.,
m11_strict_dv,C(cause_group)[T.侵害计算机软件著作权纠纷],-8.306312425636307e-16,1.8242443354396872e-16,5.281353598095125e-06,-1.1881765622099299e-15,-4.730859229173316e-16,4987,0.1966298025886546,0.41287347102466415,Strict DV robustness.,
m11_strict_dv,C(cause_group)[T.侵权责任纠纷],0.25222464950678847,0.1514936484342659,0.09592892248119889,-0.04469744531094544,0.5491467443245224,4987,0.1966298025886546,0.41287347102466415,Strict DV robustness.,
m11_strict_dv,C(cause_group)[T.侵犯公民个人信息罪],4.177209830996207e-16,1.1309182384632691e-16,0.00022106287396946893,1.960650814148719e-16,6.393768847843695e-16,4987,0.1966298025886546,0.41287347102466415,Strict DV robustness.,
m11_strict_dv,C(cause_group)[T.侵犯著作权罪],1.566563059958277e-16,1.2370371269688774e-16,0.2053759155548216,-8.579851564396247e-17,3.991111276356179e-16,4987,0.1966298025886546,0.41287347102466415,Strict DV robustness.,
m11_strict_dv,C(cause_group)[T.保管合同纠纷],-0.10490125410592137,0.2738158023791772,0.7016390662562333,-0.6415703651670455,0.43176785695520276,4987,0.1966298025886546,0.41287347102466415,Strict DV robustness.,
m11_strict_dv,C(cause_group)[T.保证合同纠纷],0.25789367459777,0.1054157257383383,0.014427318952195452,0.05128264874647495,0.4645047004490651,4987,0.1966298025886546,0.41287347102466415,Strict DV robustness.,
m11_strict_dv,C(cause_group)[T.保险代理合同纠纷],0.8005641562676826,0.028585796527027255,1.386266602711901e-172,0.744537024605319,0.8565912879300462,4987,0.1966298025886546,0.41287347102466415,Strict DV robustness.,
m11_strict_dv,C(cause_group)[T.信息网络买卖合同纠纷],-0.31333049981210814,0.09977509762320633,0.0016873586747273178,-0.5088860977075604,-0.1177749019166558,4987,0.1966298025886546,0.41287347102466415,Strict DV robustness.,
m11_strict_dv,C(cause_group)[T.信用卡纠纷],-0.2626441496341279,0.05610980964770031,2.8562465884521846e-06,-0.3726173557230186,-0.15267094354523725,4987,0.1966298025886546,0.41287347102466415,Strict DV robustness.,
m11_strict_dv,C(cause_group)[T.信用卡诈骗罪],-1.1967325263850526e-15,1.3266216296058768e-16,1.8654491744692256e-19,-1.456745587898988e-15,-9.367194648711171e-16,4987,0.1966298025886546,0.41287347102466415,Strict DV robustness.,
m11_strict_dv,C(cause_group)[T.修理合同纠纷],-0.21794490245003179,0.02984459591469548,2.821359068558829e-13,-0.27643923557598615,-0.15945056932407742,4987,0.1966298025886546,0.41287347102466415,Strict DV robustness.,
m11_strict_dv,C(cause_group)[T.借款合同纠纷],0.06963907780884993,0.11966188234643732,0.5605899723174121,-0.16489390191243652,0.3041720575301364,4987,0.1966298025886546,0.41287347102466415,Strict DV robustness.,
m11_strict_dv,C(cause_group)[T.借用合同纠纷],-0.3529370366588886,0.033935058844672156,2.4698236281150403e-25,-0.4194485298076934,-0.28642554351008376,4987,0.1966298025886546,0.41287347102466415,Strict DV robustness.,
m11_strict_dv,C(cause_group)[T.债券质权纠纷],0.1687953503407876,0.2629231221912359,0.5208763788141548,-0.3465244998568586,0.6841152005384339,4987,0.1966298025886546,0.41287347102466415,Strict DV robustness.,
m11_strict_dv,C(cause_group)[T.债务加入纠纷],-0.6146389583260334,0.02714702991227046,1.7068128003778644e-113,-0.6678461592413151,-0.5614317574107518,4987,0.1966298025886546,0.41287347102466415,Strict DV robustness.,
m11_strict_dv,C(cause_group)[T.债务转移合同纠纷],-0.11305038307800004,0.029102845995532967,0.00010253521438590906,-0.1700909130768604,-0.05600985307913969,4987,0.1966298025886546,0.41287347102466415,Strict DV robustness.,
m11_strict_dv,C(cause_group)[T.债权人撤销权纠纷],0.4458470464534226,0.29735727593151623,0.13377900797326311,-0.13696250491328826,1.0286565978201334,4987,0.1966298025886546,0.41287347102466415,Strict DV robustness.,
m11_strict_dv,C(cause_group)[T.债权转让合同纠纷],0.13836586881782276,0.12535070798156087,0.26966689955337064,-0.10731700426263405,0.38404874189827953,4987,0.1966298025886546,0.41287347102466415,Strict DV robustness.,
m11_strict_dv,C(cause_group)[T.假冒注册商标罪],-6.324090991464882e-16,1.0415873706422381e-16,1.2665030586978669e-09,-8.365564724675442e-16,-4.2826172582543227e-16,4987,0.1966298025886546,0.41287347102466415,Strict DV robustness.,
m11_strict_dv,C(cause_group)[T.偷越国（边）境罪],-1.0315940523502134e-15,9.39850636807839e-17,4.976911672640273e-28,-1.2158013922492534e-15,-8.473867124511734e-16,4987,0.1966298025886546,0.41287347102466415,Strict DV robustness.,
m11_strict_dv,C(cause_group)[T.储蓄存款合同纠纷],-0.12391443305089875,0.028836013349125427,1.7296055985728076e-05,-0.1804319806729008,-0.06739688542889669,4987,0.1966298025886546,0.41287347102466415,Strict DV robustness.,
m11_strict_dv,C(cause_group)[T.公司减资纠纷],1.2054618551117898e-15,7.705847255419818e-17,3.6811413407482315e-55,1.0544300242018931e-15,1.3564936860216865e-15,4987,0.1966298025886546,0.41287347102466415,Strict DV robustness.,
m11_strict_dv,C(cause_group)[T.公司解散纠纷],-1.040312759243448e-15,1.0518686535545886e-16,4.593878601770226e-23,-1.2464752269868112e-15,-8.341502915000846e-16,4987,0.1966298025886546,0.41287347102466415,Strict DV robustness.,
m11_strict_dv,C(cause_group)[T.公安行政管理],-2.0043496868546406e-16,1.1824309428042656e-16,0.09005468848058054,-4.3218717489567417e-16,3.131723752474606e-17,4987,0.1966298025886546,0.41287347102466415,Strict DV robustness.,
m11_strict_dv,C(cause_group)[T.公益事业捐赠合同纠纷],-0.7496289052658718,0.11148659646204553,1.768783418715169e-11,-0.9681386190904316,-0.5311191914413119,4987,0.1966298025886546,0.41287347102466415,Strict DV robustness.,
m11_strict_dv,C(cause_group)[T.共有物分割纠纷],1.2151170639941624e-15,9.897251354956903e-17,1.1990706202741551e-34,1.0211345019776045e-15,1.4090996260107202e-15,4987,0.1966298025886546,0.41287347102466415,Strict DV robustness.,
m11_strict_dv,C(cause_group)[T.共有纠纷],-0.21355359052004758,0.053123729629076216,5.821582650618249e-05,-0.3176741873174803,-0.10943299372261482,4987,0.1966298025886546,0.41287347102466415,Strict DV robustness.,
m11_strict_dv,C(cause_group)[T.其他案由],5.433894267683713e-16,8.700298436112686e-17,4.2206495066469004e-10,3.728667108730611e-16,7.139121426636815e-16,4987,0.1966298025886546,0.41287347102466415,Strict DV robustness.,
m11_strict_dv,C(cause_group)[T.其他行政行为],1.84627313155676e-15,7.922846988003811e-17,4.118690384635094e-120,1.6909881840416687e-15,2.001558079071851e-15,4987,0.1966298025886546,0.41287347102466415,Strict DV robustness.,
m11_strict_dv,C(cause_group)[T.再保险合同纠纷],-0.20279862025531853,0.028374151607036737,8.850026935631984e-13,-0.25841093549698985,-0.1471863050136472,4987,0.1966298025886546,0.41287347102466415,Strict DV robustness.,
m11_strict_dv,C(cause_group)[T.出售、购买、运输假币罪],2.899088074940308e-16,8.152202674101352e-17,0.00037625459465905623,1.3012857113493312e-16,4.496890438531286e-16,4987,0.1966298025886546,0.41287347102466415,Strict DV robustness.,
m11_strict_dv,C(cause_group)[T.分家析产纠纷],-1.2826374582448594e-16,6.21693476511802e-17,0.03909982082536318,-2.5011342816314893e-16,-6.4140634858229544e-18,4987,0.1966298025886546,0.41287347102466415,Strict DV robustness.,
m11_strict_dv,C(cause_group)[T.分期付款买卖合同纠纷],-0.5353563059125207,0.04041947062781443,4.822155075204033e-40,-0.6145770126172115,-0.45613559920782987,4987,0.1966298025886546,0.41287347102466415,Strict DV robustness.,
m11_strict_dv,C(cause_group)[T.制作、复制、出版、贩卖、传播淫秽物品牟利罪],1.3651607523302929e-15,5.283795076414582e-17,3.4287162941700637e-147,1.2616002718156665e-15,1.4687212328449193e-15,4987,0.1966298025886546,0.41287347102466415,Strict DV robustness.,
m11_strict_dv,C(cause_group)[T.制作、贩卖、传播淫秽物品罪],2.4616254125813254e-16,9.238865267271363e-17,0.0077120295964377,6.508410943943363e-17,4.2724097307683145e-16,4987,0.1966298025886546,0.41287347102466415,Strict DV robustness.,
m11_strict_dv,C(cause_group)[T.劳务合同纠纷],-0.19051045985273996,0.047464713181238884,5.9767154090834783e-05,-0.28353958822449177,-0.09748133148098817,4987,0.1966298025886546,0.41287347102466415,Strict DV robustness.,
m11_strict_dv,C(cause_group)[T.劳动争议],-0.12278778102690811,0.07707842158931853,0.11115479095338286,-0.273858711327167,0.028283149273350752,4987,0.1966298025886546,0.41287347102466415,Strict DV robustness.,
m11_strict_dv,C(cause_group)[T.劳动合同纠纷],-0.036295884705393223,0.09272462645432872,0.695473967873177,-0.21803281303580743,0.145441043625021,4987,0.1966298025886546,0.41287347102466415,Strict DV robustness.,
m11_strict_dv,C(cause_group)[T.占有物返还纠纷],-4.131775671341529e-16,1.2166141447667143e-16,0.0006834673708687446,-6.516295578166288e-16,-1.7472557645167696e-16,4987,0.1966298025886546,0.41287347102466415,Strict DV robustness.,
m11_strict_dv,C(cause_group)[T.危险驾驶罪],2.958989665974765e-16,8.713408044548331e-17,0.0006840236227465005,1.251193070983134e-16,4.666786260966396e-16,4987,0.1966298025886546,0.41287347102466415,Strict DV robustness.,
m11_strict_dv,C(cause_group)[T.发起人责任纠纷],0.04140742168459234,0.22532757111087104,0.8541974642551706,-0.40022650241660285,0.4830413457857875,4987,0.1966298025886546,0.41287347102466415,Strict DV robustness.,
m11_strict_dv,C(cause_group)[T.受贿罪],-3.4522474886523567e-16,6.601740333524494e-17,1.701538767712645e-07,-4.746164817551702e-16,-2.1583301597530115e-16,4987,0.1966298025886546,0.41287347102466415,Strict DV robustness.,
m11_strict_dv,C(cause_group)[T.合伙企业纠纷],-0.15858114381996255,0.1350129208961895,0.24016970479094057,-0.42320160622404923,0.10603931858412416,4987,0.1966298025886546,0.41287347102466415,Strict DV robustness.,
m11_strict_dv,C(cause_group)[T.合伙协议纠纷],-0.16874305255433367,0.06294909368460588,0.007348433116019949,-0.29212100903559896,-0.045365096073068364,4987,0.1966298025886546,0.41287347102466415,Strict DV robustness.,
m11_strict_dv,C(cause_group)[T.合伙合同纠纷],0.09909193822620581,0.08783909828521021,0.25927455740082794,-0.07306953084728023,0.27125340729969183,4987,0.1966298025886546,0.41287347102466415,Strict DV robustness.,
m11_strict_dv,C(cause_group)[T.合作创作合同纠纷],-0.12167393509023801,0.02872388896461431,2.2755294507823552e-05,-0.17797172295680957,-0.06537614722366646,4987,0.1966298025886546,0.41287347102466415,Strict DV robustness.,
m11_strict_dv,C(cause_group)[T.合同、准合同纠纷],0.5937254447493855,0.03495493953311735,1.052399033340055e-64,0.5252150221827001,0.6622358673160709,4987,0.1966298025886546,0.41287347102466415,Strict DV robustness.,
m11_strict_dv,C(cause_group)[T.合同、无因管理、不当得利],-0.3240158534878544,0.14812144905196037,0.02870595278693633,-0.6143285589675813,-0.033703148008127515,4987,0.1966298025886546,0.41287347102466415,Strict DV robustness.,
m11_strict_dv,C(cause_group)[T.合同纠纷],0.08277288511790756,0.025704638591126282,0.0012812191791232972,0.03239271924368165,0.13315305099213348,4987,0.1966298025886546,0.41287347102466415,Strict DV robustness.,
m11_strict_dv,C(cause_group)[T.合同诈骗罪],-5.150561468967796e-16,3.838617781754668e-17,4.759434171485789e-41,-5.902916729233215e-16,-4.398206208702378e-16,4987,0.1966298025886546,0.41287347102466415,Strict DV robustness.,
m11_strict_dv,C(cause_group)[T.名誉权纠纷],0.4895797645711375,0.032453004164317435,2.0080366934449772e-51,0.42597304521894697,0.553186483923328,4987,0.1966298025886546,0.41287347102466415,Strict DV robustness.,
m11_strict_dv,C(cause_group)[T.商品房销售合同纠纷],-0.21792224389113848,0.02983958484412991,2.811579392560664e-13,-0.27640675549926036,-0.1594377322830166,4987,0.1966298025886546,0.41287347102466415,Strict DV robustness.,
m11_strict_dv,C(cause_group)[T.商品房预售合同纠纷],-0.23010819562108897,0.046155639245589394,6.180693126660425e-07,-0.3205715862258677,-0.13964480501631027,4987,0.1966298025886546,0.41287347102466415,Strict DV robustness.,
m11_strict_dv,C(cause_group)[T.商标权权属、侵权纠纷],2.3357798411752577e-16,5.3379118544544483e-17,1.2097089902569452e-05,1.2895683424372448e-16,3.3819913399132706e-16,4987,0.1966298025886546,0.41287347102466415,Strict DV robustness.,
m11_strict_dv,C(cause_group)[T.商标权权属纠纷],-7.72773196597822e-16,9.346490002505759e-18,0.0,-7.91091980384597e-16,-7.54454412811047e-16,4987,0.1966298025886546,0.41287347102466415,Strict DV robustness.,
m11_strict_dv,C(cause_group)[T.因申请诉中财产保全损害责任纠纷],2.2568501259265086e-16,3.513594115485844e-17,1.334430936355088e-10,1.5681983336620964e-16,2.945501918190921e-16,4987,0.1966298025886546,0.41287347102466415,Strict DV robustness.,
m11_strict_dv,C(cause_group)[T.因申请财产保全损害责任纠纷],-5.468360099782611e-16,4.564693058558422e-17,4.540263664608624e-33,-6.36302349930806e-16,-4.573696700257162e-16,4987,0.1966298025886546,0.41287347102466415,Strict DV robustness.,
m11_strict_dv,C(cause_group)[T.国有公司、企业、事业单位人员失职罪],-3.986008043571879e-16,5.999615945791591e-17,3.0575542941481985e-11,-5.161911161054252e-16,-2.810104926089506e-16,4987,0.1966298025886546,0.41287347102466415,Strict DV robustness.,
m11_strict_dv,C(cause_group)[T.土地租赁合同纠纷],-0.2151069637643895,0.02927845193121815,2.0279925563011613e-13,-0.27249167507266425,-0.15772225245611474,4987,0.1966298025886546,0.41287347102466415,Strict DV robustness.,
m11_strict_dv,C(cause_group)[T.妨害信用卡管理罪],-1.3933747858743243e-16,1.7112124011345253e-17,3.868231472375432e-16,-1.728766253486522e-16,-1.0579833182621266e-16,4987,0.1966298025886546,0.41287347102466415,Strict DV robustness.,
m11_strict_dv,C(cause_group)[T.委托合同纠纷],-0.03532072295694629,0.03369717855780743,0.29455548734828296,-0.10136597931086422,0.03072453339697164,4987,0.1966298025886546,0.41287347102466415,Strict DV robustness.,
m11_strict_dv,C(cause_group)[T.委托理财合同纠纷],0.06784689434933865,0.046948866528559334,0.1484232947490411,-0.024171193161615687,0.15986498186029297,4987,0.1966298025886546,0.41287347102466415,Strict DV robustness.,
m11_strict_dv,C(cause_group)[T.娱乐服务合同纠纷],-0.15620037540596168,0.05838479627959319,0.007464894140923399,-0.27063247335867247,-0.04176827745325089,4987,0.1966298025886546,0.41287347102466415,Strict DV robustness.,
m11_strict_dv,C(cause_group)[T.婚约财产纠纷],0.4462095775991524,0.23085237837879033,0.05325117835595981,-0.006252769768689714,0.8986719249669946,4987,0.1966298025886546,0.41287347102466415,Strict DV robustness.,
m11_strict_dv,C(cause_group)[T.定作合同纠纷],-0.31491944111812875,0.07667043862232066,4.000638094313789e-05,-0.46519073949676604,-0.1646481427394915,4987,0.1966298025886546,0.41287347102466415,Strict DV robustness.,
m11_strict_dv,C(cause_group)[T.定金合同纠纷],0.08490778963788981,0.20438953661599074,0.6778334355828016,-0.3156883409462827,0.4855039202220623,4987,0.1966298025886546,0.41287347102466415,Strict DV robustness.,
m11_strict_dv,C(cause_group)[T.容留他人吸毒罪],-7.670006876167511e-16,7.021677294416718e-17,8.916962235458036e-28,-9.046230336979454e-16,-6.29378341535557e-16,4987,0.1966298025886546,0.41287347102466415,Strict DV robustness.,
m11_strict_dv,C(cause_group)[T.小额借款合同纠纷],-3.033394540200141e-16,2.4680116570759385e-17,1.0144178428382325e-34,-3.5171159363295267e-16,-2.549673144070755e-16,4987,0.1966298025886546,0.41287347102466415,Strict DV robustness.,
m11_strict_dv,C(cause_group)[T.帮助信息网络犯罪活动],1.3285502891329147e-15,2.04088111535347e-17,0.0,1.2885497543047073e-15,1.368550823961122e-15,4987,0.1966298025886546,0.41287347102466415,Strict DV robustness.,
m11_strict_dv,C(cause_group)[T.帮助信息网络犯罪活动罪],2.2139542817743904e-15,2.7582802004867413e-17,0.0,2.1598929832521512e-15,2.2680155802966296e-15,4987,0.1966298025886546,0.41287347102466415,Strict DV robustness.,
m11_strict_dv,C(cause_group)[T.广告合同纠纷],0.029189425653682516,0.147610156129528,0.8432432265035807,-0.2601211641125266,0.3185000154198917,4987,0.1966298025886546,0.41287347102466415,Strict DV robustness.,
m11_strict_dv,C(cause_group)[T.建筑物和物件损害责任纠纷],-3.617496915608402e-16,2.0179300517676486e-17,7.289245106044185e-72,-4.013003938086966e-16,-3.221989893129838e-16,4987,0.1966298025886546,0.41287347102466415,Strict DV robustness.,
m11_strict_dv,C(cause_group)[T.建设工程合同纠纷],-0.1780272902667675,0.032144112676965264,3.052292092435407e-08,-0.24102859342861682,-0.1150259871049182,4987,0.1966298025886546,0.41287347102466415,Strict DV robustness.,
m11_strict_dv,C(cause_group)[T.建设工程施工合同纠纷],0.38545593861807564,0.1242030691699884,0.001912893597017544,0.14202239627556124,0.62888948096059,4987,0.1966298025886546,0.41287347102466415,Strict DV robustness.,
m11_strict_dv,C(cause_group)[T.开设赌场罪],-4.0634744630867415e-16,2.223382023826268e-17,1.2828528568546828e-74,-4.499249332144068e-16,-3.6276995940294154e-16,4987,0.1966298025886546,0.41287347102466415,Strict DV robustness.,
m11_strict_dv,C(cause_group)[T.悬赏广告纠纷],0.674868433466518,0.05634413205138607,4.6551294355269854e-33,0.5644359639056324,0.7853009030274036,4987,0.1966298025886546,0.41287347102466415,Strict DV robustness.,
m11_strict_dv,C(cause_group)[T.房屋买卖合同纠纷],-0.4057131132695627,0.0711479369740222,1.1814081514112726e-08,-0.5451605073129719,-0.2662657192261535,4987,0.1966298025886546,0.41287347102466415,Strict DV robustness.,
m11_strict_dv,C(cause_group)[T.房屋拆迁安置补偿合同纠纷],0.9040806290007052,0.030113273049536808,4.9672725457169766e-198,0.8450596983669924,0.963101559634418,4987,0.1966298025886546,0.41287347102466415,Strict DV robustness.,
m11_strict_dv,C(cause_group)[T.房屋租赁合同纠纷],0.06841066287004438,0.11636771275756554,0.5566104656637365,-0.15966586309808625,0.29648718883817504,4987,0.1966298025886546,0.41287347102466415,Strict DV robustness.,
m11_strict_dv,C(cause_group)[T.所有权确认纠纷],-0.6182388468388865,0.026902436366484497,7.25799590571095e-117,-0.6709666532135767,-0.5655110404641963,4987,0.1966298025886546,0.41287347102466415,Strict DV robustness.,
m11_strict_dv,C(cause_group)[T.所有权纠纷],0.4292481886927543,0.04298359743967603,1.7494727519006822e-23,0.34500188578502117,0.5134944916004873,4987,0.1966298025886546,0.41287347102466415,Strict DV robustness.,
m11_strict_dv,C(cause_group)[T.执行异议之诉],0.016263985868336626,0.287847862148632,0.9549418858051801,-0.5479074569698323,0.5804354287065057,4987,0.1966298025886546,0.41287347102466415,Strict DV robustness.,
m11_strict_dv,C(cause_group)[T.执行程序中的异议之诉],-1.9785752877956456e-16,3.5664206346099554e-30,0.0,-1.9785752877957156e-16,-1.9785752877955756e-16,4987,0.1966298025886546,0.41287347102466415,Strict DV robustness.,
m11_strict_dv,C(cause_group)[T.技术合同纠纷],-0.11279262154657166,0.029133711000889,0.00010814542608370604,-0.16989364584431246,-0.05569159724883085,4987,0.1966298025886546,0.41287347102466415,Strict DV robustness.,
m11_strict_dv,C(cause_group)[T.技术委托开发合同纠纷],-0.12522810517462496,0.028941835480573358,1.5123022747354541e-05,-0.18195306036303222,-0.06850314998621769,4987,0.1966298025886546,0.41287347102466415,Strict DV robustness.,
m11_strict_dv,C(cause_group)[T.技术服务合同纠纷],-0.14589376530236536,0.05826498647120164,0.012280852351906462,-0.2600910403456341,-0.031696490259096655,4987,0.1966298025886546,0.41287347102466415,Strict DV robustness.,
m11_strict_dv,C(cause_group)[T.抢劫罪],1.3781596637468378e-16,4.904136370497891e-30,0.0,1.3781596637467417e-16,1.378159663746934e-16,4987,0.1966298025886546,0.41287347102466415,Strict DV robustness.,
m11_strict_dv,C(cause_group)[T.抢夺罪],2.03351515395039e-16,2.875888038681129e-30,0.0,2.0335151539503335e-16,2.0335151539504464e-16,4987,0.1966298025886546,0.41287347102466415,Strict DV robustness.,
m11_strict_dv,C(cause_group)[T.抵押合同纠纷],0.2056219156503292,0.21535767761325353,0.3396825933725607,-0.2164713762658356,0.627715207566494,4987,0.1966298025886546,0.41287347102466415,Strict DV robustness.,
m11_strict_dv,C(cause_group)[T.担保物权确认纠纷],-0.19985887032620583,0.05374412235007875,0.0002002418215283457,-0.30519541451307436,-0.09452232613933731,4987,0.1966298025886546,0.41287347102466415,Strict DV robustness.,
m11_strict_dv,C(cause_group)[T.拒不执行判决、裁定罪],2.579306866134096e-16,4.116280719137471e-30,0.0,2.579306866134015e-16,2.5793068661341768e-16,4987,0.1966298025886546,0.41287347102466415,Strict DV robustness.,
m11_strict_dv,C(cause_group)[T.拒不支付劳动报酬罪],2.4294039562547812e-17,6.1339942424648714e-31,0.0,2.429403956254661e-17,2.4294039562549014e-17,4987,0.1966298025886546,0.41287347102466415,Strict DV robustness.,
m11_strict_dv,C(cause_group)[T.持有、使用假币罪],6.343992396328816e-17,1.1302980667339786e-30,0.0,6.343992396328594e-17,6.343992396329038e-17,4987,0.1966298025886546,0.41287347102466415,Strict DV robustness.,
m11_strict_dv,C(cause_group)[T.挪用公款罪],5.745794678949704e-17,2.026177620902855e-30,0.0,5.745794678949307e-17,5.745794678950101e-17,4987,0.1966298025886546,0.41287347102466415,Strict DV robustness.,
m11_strict_dv,C(cause_group)[T.挪用资金罪],-2.5524287467211954e-18,1.603071039924595e-30,0.0,-2.5524287467243373e-18,-2.5524287467180534e-18,4987,0.1966298025886546,0.41287347102466415,Strict DV robustness.,
m11_strict_dv,C(cause_group)[T.损害公司债权人利益责任纠纷],-0.23545462940276765,0.06491116620925887,0.0002863602149516991,-0.36267817736740837,-0.10823108143812693,4987,0.1966298025886546,0.41287347102466415,Strict DV robustness.,
m11_strict_dv,C(cause_group)[T.损害公司利益责任纠纷],-0.18614281570310517,0.05416913280886654,0.0005896603283507825,-0.2923123650822506,-0.07997326632395975,4987,0.1966298025886546,0.41287347102466415,Strict DV robustness.,
m11_strict_dv,C(cause_group)[T.排除妨害纠纷],0.45895906159312877,0.03216049237558886,3.3227884714777164e-46,0.3959256548118996,0.521992468374358,4987,0.1966298025886546,0.41287347102466415,Strict DV robustness.,
m11_strict_dv,C(cause_group)[T.掩饰、隐瞒犯罪所得、犯罪所得收益],3.1523216411233427e-16,1.7895251100912087e-30,0.0,3.1523216411233077e-16,3.1523216411233777e-16,4987,0.1966298025886546,0.41287347102466415,Strict DV robustness.,
m11_strict_dv,C(cause_group)[T.掩饰、隐瞒犯罪所得、犯罪所得收益罪],-2.582821702815532e-16,2.6251259120829094e-30,0.0,-2.5828217028155834e-16,-2.582821702815481e-16,4987,0.1966298025886546,0.41287347102466415,Strict DV robustness.,
m11_strict_dv,C(cause_group)[T.提供侵入、非法控制计算机信息系统程序、工具],3.0392064902686726e-17,1.9463077198747222e-30,0.0,3.039206490268291e-17,3.039206490269054e-17,4987,0.1966298025886546,0.41287347102466415,Strict DV robustness.,
m11_strict_dv,C(cause_group)[T.提供侵入、非法控制计算机信息系统程序、工具罪],-9.885789677397346e-17,1.2698237035662571e-30,0.0,-9.885789677397595e-17,-9.885789677397097e-17,4987,0.1966298025886546,0.41287347102466415,Strict DV robustness.,
m11_strict_dv,C(cause_group)[T.提供劳务者受害责任纠纷],1.123191498905952e-16,1.919778000099443e-30,0.0,1.1231914989059143e-16,1.1231914989059897e-16,4987,0.1966298025886546,0.41287347102466415,Strict DV robustness.,
m11_strict_dv,C(cause_group)[T.故意伤害罪],4.378120479288927e-18,2.0154566464755894e-30,0.0,4.378120479284976e-18,4.378120479292877e-18,4987,0.1966298025886546,0.41287347102466415,Strict DV robustness.,
m11_strict_dv,C(cause_group)[T.故意杀人罪],-2.813643104847755e-17,6.406118013529128e-31,0.0,-2.813643104847881e-17,-2.8136431048476294e-17,4987,0.1966298025886546,0.41287347102466415,Strict DV robustness.,
m11_strict_dv,C(cause_group)[T.故意毁坏财物罪],7.239691288337371e-17,3.202104932945724e-30,0.0,7.239691288336743e-17,7.239691288337998e-17,4987,0.1966298025886546,0.41287347102466415,Strict DV robustness.,
m11_strict_dv,C(cause_group)[T.教育培训合同纠纷],-0.17305653807744084,0.04374403571680291,7.6177755311414e-05,-0.2587932726208083,-0.08731980353407337,4987,0.1966298025886546,0.41287347102466415,Strict DV robustness.,
m11_strict_dv,C(cause_group)[T.文化行政管理],1.1509112106248e-16,1.3622619965803637e-30,0.0,1.1509112106247734e-16,1.1509112106248267e-16,4987,0.1966298025886546,0.41287347102466415,Strict DV robustness.,
m11_strict_dv,C(cause_group)[T.旅游合同纠纷],-0.126349138572701,0.029055283984644586,1.3702373351128119e-05,-0.18329644874318782,-0.06940182840221418,4987,0.1966298025886546,0.41287347102466415,Strict DV robustness.,
m11_strict_dv,C(cause_group)[T.服务合同纠纷],-0.11263291237101347,0.06743105788753283,0.0948517640114091,-0.24479535727001336,0.01952953252798642,4987,0.1966298025886546,0.41287347102466415,Strict DV robustness.,
m11_strict_dv,C(cause_group)[T.未分类],-0.030751662304944364,0.19760354246042633,0.8763301696466936,-0.4180474887449113,0.3565441641350226,4987,0.1966298025886546,0.41287347102466415,Strict DV robustness.,
m11_strict_dv,C(cause_group)[T.机动车交通事故责任纠纷],0.5647850558233581,0.04128191299159817,1.3155051221293031e-42,0.4838739931469096,0.6456961184998067,4987,0.1966298025886546,0.41287347102466415,Strict DV robustness.,
m11_strict_dv,C(cause_group)[T.案外人执行异议之诉],-0.2430272382742716,0.06188981719687607,8.609330706914885e-05,-0.3643290509899164,-0.12172542555862682,4987,0.1966298025886546,0.41287347102466415,Strict DV robustness.,
m11_strict_dv,C(cause_group)[T.欺诈客户责任纠纷],1.403131283036782e-18,7.887923047786527e-31,0.0,1.403131283035236e-18,1.4031312830383279e-18,4987,0.1966298025886546,0.41287347102466415,Strict DV robustness.,
m11_strict_dv,C(cause_group)[T.民间借贷纠纷],-0.0587721354599591,0.029608170936797584,0.04714478657887246,-0.11680308414418791,-0.0007411867757302834,4987,0.1966298025886546,0.41287347102466415,Strict DV robustness.,
m11_strict_dv,C(cause_group)[T.民间委托理财合同纠纷],0.16334062181122097,0.04871559512391986,0.0007995712298318405,0.06785980988290297,0.258821433739539,4987,0.1966298025886546,0.41287347102466415,Strict DV robustness.,
m11_strict_dv,C(cause_group)[T.法定继承纠纷],0.0,0.0,,0.0,0.0,4987,0.1966298025886546,0.41287347102466415,Strict DV robustness.,
m11_strict_dv,C(cause_group)[T.法律服务合同纠纷],-0.24531413827318505,0.057047635268040554,1.7067242263424244e-05,-0.35712544880172153,-0.13350282774464856,4987,0.1966298025886546,0.41287347102466415,Strict DV robustness.,
m11_strict_dv,C(cause_group)[T.洗钱罪],0.0,0.0,,0.0,0.0,4987,0.1966298025886546,0.41287347102466415,Strict DV robustness.,
m11_strict_dv,C(cause_group)[T.消费者权益保护民事公益诉讼],0.7013874676712775,0.05494100376330183,2.5324010709425466e-37,0.5937050790207263,0.8090698563218286,4987,0.1966298025886546,0.41287347102466415,Strict DV robustness.,
m11_strict_dv,C(cause_group)[T.清算责任纠纷],0.3263510457704231,0.278797466436191,0.24177296663168424,-0.22008194742552584,0.8727840389663721,4987,0.1966298025886546,0.41287347102466415,Strict DV robustness.,
m11_strict_dv,C(cause_group)[T.演出合同纠纷],-0.17719368086694606,0.03625841638657444,1.0240129973038435e-06,-0.2482588711210889,-0.10612849061280323,4987,0.1966298025886546,0.41287347102466415,Strict DV robustness.,
m11_strict_dv,C(cause_group)[T.物业服务合同纠纷],-0.27124202232722877,0.05950720396181901,5.160922877790151e-06,-0.3878739989130732,-0.15461004574138432,4987,0.1966298025886546,0.41287347102466415,Strict DV robustness.,
m11_strict_dv,C(cause_group)[T.物权保护纠纷],0.5517780758693736,0.11798203174712595,2.913896889249148e-06,0.3205375428221454,0.7830186089166017,4987,0.1966298025886546,0.41287347102466415,Strict DV robustness.,
m11_strict_dv,C(cause_group)[T.物权确认纠纷],0.0,0.0,,0.0,0.0,4987,0.1966298025886546,0.41287347102466415,Strict DV robustness.,
m11_strict_dv,C(cause_group)[T.物权纠纷],0.7984396045872891,0.06035542495126589,5.970647951321409e-40,0.6801451454111979,0.9167340637633804,4987,0.1966298025886546,0.41287347102466415,Strict DV robustness.,
m11_strict_dv,C(cause_group)[T.特许经营合同纠纷],-0.2128816186242665,0.029430182668980714,4.708919171612858e-13,-0.27056371671390356,-0.1551995205346294,4987,0.1966298025886546,0.41287347102466415,Strict DV robustness.,
m11_strict_dv,C(cause_group)[T.生产、销售伪劣产品罪],0.0,0.0,,0.0,0.0,4987,0.1966298025886546,0.41287347102466415,Strict DV robustness.,
m11_strict_dv,C(cause_group)[T.生产、销售有毒、有害食品罪],0.0,0.0,,0.0,0.0,4987,0.1966298025886546,0.41287347102466415,Strict DV robustness.,
m11_strict_dv,C(cause_group)[T.生命权、身体权、健康权纠纷],0.0,0.0,,0.0,0.0,4987,0.1966298025886546,0.41287347102466415,Strict DV robustness.,
m11_strict_dv,C(cause_group)[T.申请诉前停止侵害注册商标专用权],0.0,0.0,,0.0,0.0,4987,0.1966298025886546,0.41287347102466415,Strict DV robustness.,
m11_strict_dv,C(cause_group)[T.电信服务合同纠纷],0.0,0.0,,0.0,0.0,4987,0.1966298025886546,0.41287347102466415,Strict DV robustness.,
m11_strict_dv,C(cause_group)[T.盗伐林木罪],0.0,0.0,,0.0,0.0,4987,0.1966298025886546,0.41287347102466415,Strict DV robustness.,
m11_strict_dv,C(cause_group)[T.盗窃罪],0.0,0.0,,0.0,0.0,4987,0.1966298025886546,0.41287347102466415,Strict DV robustness.,
m11_strict_dv,C(cause_group)[T.相邻关系纠纷],0.0,0.0,,0.0,0.0,4987,0.1966298025886546,0.41287347102466415,Strict DV robustness.,
m11_strict_dv,C(cause_group)[T.破坏计算机信息系统罪],0.0,0.0,,0.0,0.0,4987,0.1966298025886546,0.41287347102466415,Strict DV robustness.,
m11_strict_dv,C(cause_group)[T.确认不侵害著作权纠纷],0.0,0.0,,0.0,0.0,4987,0.1966298025886546,0.41287347102466415,Strict DV robustness.,
m11_strict_dv,C(cause_group)[T.确认合同效力纠纷],0.016215289115580993,0.20012181281375555,0.9354204047422883,-0.3760162565202462,0.4084468347514082,4987,0.1966298025886546,0.41287347102466415,Strict DV robustness.,
m11_strict_dv,C(cause_group)[T.确认合同无效纠纷],0.5808975007860889,0.08125196686905586,8.719952376356733e-13,0.42164657204969774,0.7401484295224801,4987,0.1966298025886546,0.41287347102466415,Strict DV robustness.,
m11_strict_dv,C(cause_group)[T.确认合同有效纠纷],0.4539474519261941,0.04647770621535387,1.560131639522539e-22,0.3628528216600671,0.5450420821923211,4987,0.1966298025886546,0.41287347102466415,Strict DV robustness.,
m11_strict_dv,C(cause_group)[T.离婚后财产纠纷],-0.25736049670356725,0.056795882226108825,5.861539164231422e-06,-0.36867838033691913,-0.14604261307021538,4987,0.1966298025886546,0.41287347102466415,Strict DV robustness.,
m11_strict_dv,C(cause_group)[T.离婚纠纷],0.2156983833537367,0.3628862466094501,0.5522468226978274,-0.4955455904857059,0.9269423571931793,4987,0.1966298025886546,0.41287347102466415,Strict DV robustness.,
m11_strict_dv,C(cause_group)[T.种植、养殖回收合同纠纷],-0.1898312332679245,0.03022804425084924,3.386367661300185e-10,-0.24907711132267205,-0.13058535521317696,4987,0.1966298025886546,0.41287347102466415,Strict DV robustness.,
m11_strict_dv,C(cause_group)[T.租赁合同纠纷],-0.23565180602553196,0.063552980882191,0.00020893701140835096,-0.3602133596647889,-0.11109025238627501,4987,0.1966298025886546,0.41287347102466415,Strict DV robustness.,
m11_strict_dv,C(cause_group)[T.窃取、收买、非法提供信用卡信息罪],0.0,0.0,,0.0,0.0,4987,0.1966298025886546,0.41287347102466415,Strict DV robustness.,
m11_strict_dv,C(cause_group)[T.窝藏、包庇罪],0.0,0.0,,0.0,0.0,4987,0.1966298025886546,0.41287347102466415,Strict DV robustness.,
m11_strict_dv,C(cause_group)[T.竞业限制纠纷],-0.2051018425905036,0.053300411674266655,0.00011906910949997527,-0.3095687298332245,-0.1006349553477827,4987,0.1966298025886546,0.41287347102466415,Strict DV robustness.,
m11_strict_dv,C(cause_group)[T.组织、领导传销活动],0.0,0.0,,0.0,0.0,4987,0.1966298025886546,0.41287347102466415,Strict DV robustness.,
m11_strict_dv,C(cause_group)[T.组织、领导传销活动罪],0.0,0.0,,0.0,0.0,4987,0.1966298025886546,0.41287347102466415,Strict DV robustness.,
m11_strict_dv,C(cause_group)[T.组织他人偷越国（边）境罪],0.0,0.0,,0.0,0.0,4987,0.1966298025886546,0.41287347102466415,Strict DV robustness.,
m11_strict_dv,C(cause_group)[T.组织卖淫罪],0.0,0.0,,0.0,0.0,4987,0.1966298025886546,0.41287347102466415,Strict DV robustness.,
m11_strict_dv,C(cause_group)[T.组织淫秽表演罪],0.0,0.0,,0.0,0.0,4987,0.1966298025886546,0.41287347102466415,Strict DV robustness.,
m11_strict_dv,C(cause_group)[T.绑架罪],0.0,0.0,,0.0,0.0,4987,0.1966298025886546,0.41287347102466415,Strict DV robustness.,
m11_strict_dv,C(cause_group)[T.缔约过失责任纠纷],0.36108529720419624,0.2754635522207706,0.18991592954720804,-0.17881334420198258,0.9009839386103751,4987,0.1966298025886546,0.41287347102466415,Strict DV robustness.,
m11_strict_dv,C(cause_group)[T.网络侵害虚拟财产纠纷],0.15701544037925408,0.2942918301672762,0.5936622343503954,-0.4197859476929855,0.7338168284514937,4987,0.1966298025886546,0.41287347102466415,Strict DV robustness.,
m11_strict_dv,C(cause_group)[T.网络侵权责任纠纷],-0.07257798638906536,0.09352275279544198,0.43772164803465863,-0.2558792136031743,0.11072324082504358,4987,0.1966298025886546,0.41287347102466415,Strict DV robustness.,
m11_strict_dv,C(cause_group)[T.网络域名合同纠纷],-0.07326438603882714,0.04766788282410202,0.12429921663090542,-0.16669171959334253,0.020162947515688256,4987,0.1966298025886546,0.41287347102466415,Strict DV robustness.,
m11_strict_dv,C(cause_group)[T.网络域名权属纠纷],0.0,0.0,,0.0,0.0,4987,0.1966298025886546,0.41287347102466415,Strict DV robustness.,
m11_strict_dv,C(cause_group)[T.网络服务合同纠纷],-0.1566073077166185,0.05816486921205169,0.0070924395731887845,-0.2706083565377224,-0.042606258895514545,4987,0.1966298025886546,0.41287347102466415,Strict DV robustness.,
m11_strict_dv,C(cause_group)[T.职务侵占罪],0.0,0.0,,0.0,0.0,4987,0.1966298025886546,0.41287347102466415,Strict DV robustness.,
m11_strict_dv,C(cause_group)[T.联营合同纠纷],-0.1202695544876728,0.03202994834985599,0.00017340418420669753,-0.18304709968006866,-0.05749200929527694,4987,0.1966298025886546,0.41287347102466415,Strict DV robustness.,
m11_strict_dv,C(cause_group)[T.肖像权纠纷],0.0,0.0,,0.0,0.0,4987,0.1966298025886546,0.41287347102466415,Strict DV robustness.,
m11_strict_dv,C(cause_group)[T.股东出资纠纷],-0.28787398536345743,0.05268530009201461,4.654485530097912e-08,-0.39113527605849086,-0.184612694668424,4987,0.1966298025886546,0.41287347102466415,Strict DV robustness.,
m11_strict_dv,C(cause_group)[T.股东损害公司债权人利益责任纠纷],-0.11588440311128785,0.1653924281875636,0.4835131699109393,-0.44004760567453977,0.2082787994519641,4987,0.1966298025886546,0.41287347102466415,Strict DV robustness.,
m11_strict_dv,C(cause_group)[T.股东知情权纠纷],0.0,0.0,,0.0,0.0,4987,0.1966298025886546,0.41287347102466415,Strict DV robustness.,
m11_strict_dv,C(cause_group)[T.股东资格确认纠纷],-0.41732189712220497,0.03306618034127903,1.621499960221829e-36,-0.4821304196974182,-0.3525133745469917,4987,0.1966298025886546,0.41287347102466415,Strict DV robustness.,
m11_strict_dv,C(cause_group)[T.股权转让纠纷],-0.1999899280802005,0.14488414960972215,0.16748083538648884,-0.48395764324596885,0.08397778708556786,4987,0.1966298025886546,0.41287347102466415,Strict DV robustness.,
m11_strict_dv,C(cause_group)[T.著作权合同纠纷],-0.1077267498486181,0.030358866969878957,0.0003875138813950784,-0.1672290357210235,-0.0482244639762127,4987,0.1966298025886546,0.41287347102466415,Strict DV robustness.,
m11_strict_dv,C(cause_group)[T.著作权权属、侵权纠纷],0.0,0.0,,0.0,0.0,4987,0.1966298025886546,0.41287347102466415,Strict DV robustness.,
m11_strict_dv,C(cause_group)[T.著作权权属纠纷],-0.18017392913251948,0.07066909467165779,0.010786406179330528,-0.31868280950902017,-0.041665048756018785,4987,0.1966298025886546,0.41287347102466415,Strict DV robustness.,
m11_strict_dv,C(cause_group)[T.著作权许可使用合同纠纷],-0.14163412795737235,0.06010063202922709,0.018442292648836636,-0.2594292021827519,-0.023839053731992826,4987,0.1966298025886546,0.41287347102466415,Strict DV robustness.,
m11_strict_dv,C(cause_group)[T.虚假诉讼罪],0.0,0.0,,0.0,0.0,4987,0.1966298025886546,0.41287347102466415,Strict DV robustness.,
m11_strict_dv,C(cause_group)[T.融资租赁合同纠纷],-0.2633538933634121,0.04641816046519475,1.3990100450739646e-08,-0.3543318161037948,-0.17237597062302937,4987,0.1966298025886546,0.41287347102466415,Strict DV robustness.,
m11_strict_dv,C(cause_group)[T.行政],0.0,0.0,,0.0,0.0,4987,0.1966298025886546,0.41287347102466415,Strict DV robustness.,
m11_strict_dv,C(cause_group)[T.行政处罚],0.0,0.0,,0.0,0.0,4987,0.1966298025886546,0.41287347102466415,Strict DV robustness.,
m11_strict_dv,C(cause_group)[T.行政复议],0.0,0.0,,0.0,0.0,4987,0.1966298025886546,0.41287347102466415,Strict DV robustness.,
m11_strict_dv,C(cause_group)[T.行政强制],0.0,0.0,,0.0,0.0,4987,0.1966298025886546,0.41287347102466415,Strict DV robustness.,
m11_strict_dv,C(cause_group)[T.行政强制措施],0.0,0.0,,0.0,0.0,4987,0.1966298025886546,0.41287347102466415,Strict DV robustness.,
m11_strict_dv,C(cause_group)[T.行政拘留],0.0,0.0,,0.0,0.0,4987,0.1966298025886546,0.41287347102466415,Strict DV robustness.,
m11_strict_dv,C(cause_group)[T.行政撤销],0.0,0.0,,0.0,0.0,4987,0.1966298025886546,0.41287347102466415,Strict DV robustness.,
m11_strict_dv,C(cause_group)[T.行政监察],0.0,0.0,,0.0,0.0,4987,0.1966298025886546,0.41287347102466415,Strict DV robustness.,
m11_strict_dv,C(cause_group)[T.行政确认],0.0,0.0,,0.0,0.0,4987,0.1966298025886546,0.41287347102466415,Strict DV robustness.,
m11_strict_dv,C(cause_group)[T.行政非诉执行],0.0,0.0,,0.0,0.0,4987,0.1966298025886546,0.41287347102466415,Strict DV robustness.,
m11_strict_dv,C(cause_group)[T.行纪合同纠纷],0.10392368835696988,0.20904304190564976,0.6190902260412989,-0.3057931449968009,0.5136405217107407,4987,0.1966298025886546,0.41287347102466415,Strict DV robustness.,
m11_strict_dv,C(cause_group)[T.被继承人债务清偿纠纷],-0.14801069893085528,0.10976227399837939,0.1775085358092019,-0.3631408028288961,0.06711940496718555,4987,0.1966298025886546,0.41287347102466415,Strict DV robustness.,
m11_strict_dv,C(cause_group)[T.装饰装修合同纠纷],0.05824893126504792,0.18577350242616242,0.7538642726566205,-0.30586044277209473,0.4223583053021906,4987,0.1966298025886546,0.41287347102466415,Strict DV robustness.,
m11_strict_dv,C(cause_group)[T.计算机软件开发合同纠纷],-0.0041722024291536985,0.0843747440616838,0.9605618978562881,-0.16954366199483875,0.16119925713653135,4987,0.1966298025886546,0.41287347102466415,Strict DV robustness.,
m11_strict_dv,C(cause_group)[T.计算机软件著作权许可使用合同纠纷],-0.1660204191612514,0.03192580222157498,1.990788112196633e-07,-0.22859384169308722,-0.1034469966294156,4987,0.1966298025886546,0.41287347102466415,Strict DV robustness.,
m11_strict_dv,C(cause_group)[T.诈骗],0.0,0.0,,0.0,0.0,4987,0.1966298025886546,0.41287347102466415,Strict DV robustness.,
m11_strict_dv,C(cause_group)[T.诈骗罪],0.0,0.0,,0.0,0.0,4987,0.1966298025886546,0.41287347102466415,Strict DV robustness.,
m11_strict_dv,C(cause_group)[T.诬告陷害罪],0.0,0.0,,0.0,0.0,4987,0.1966298025886546,0.41287347102466415,Strict DV robustness.,
m11_strict_dv,C(cause_group)[T.财产保险合同纠纷],-0.10994758814345913,0.029814136123615335,0.00022623063480152946,-0.1683822211759198,-0.05151295511099846,4987,0.1966298025886546,0.41287347102466415,Strict DV robustness.,
m11_strict_dv,C(cause_group)[T.财产损失保险合同纠纷],-0.20467326606871367,0.028342051122949477,5.140196068160471e-13,-0.26022266551768763,-0.1491238666197397,4987,0.1966298025886546,0.41287347102466415,Strict DV robustness.,
m11_strict_dv,C(cause_group)[T.财产损害赔偿纠纷],0.15869767739314844,0.11178577368491642,0.1557069857955487,-0.060398413013233065,0.37779376779952994,4987,0.1966298025886546,0.41287347102466415,Strict DV robustness.,
m11_strict_dv,C(cause_group)[T.贪污罪],0.0,0.0,,0.0,0.0,4987,0.1966298025886546,0.41287347102466415,Strict DV robustness.,
m11_strict_dv,C(cause_group)[T.贷款诈骗罪],0.0,0.0,,0.0,0.0,4987,0.1966298025886546,0.41287347102466415,Strict DV robustness.,
m11_strict_dv,C(cause_group)[T.赌博罪],0.0,0.0,,0.0,0.0,4987,0.1966298025886546,0.41287347102466415,Strict DV robustness.,
m11_strict_dv,C(cause_group)[T.赠与合同纠纷],0.3946772797511817,0.08399516602540986,2.6168246276931353e-06,0.23004977946591604,0.5593047800364475,4987,0.1966298025886546,0.41287347102466415,Strict DV robustness.,
m11_strict_dv,C(cause_group)[T.走私、贩卖、运输、制造毒品],0.0,0.0,,0.0,0.0,4987,0.1966298025886546,0.41287347102466415,Strict DV robustness.,
m11_strict_dv,C(cause_group)[T.走私、贩卖、运输、制造毒品罪],0.0,0.0,,0.0,0.0,4987,0.1966298025886546,0.41287347102466415,Strict DV robustness.,
m11_strict_dv,C(cause_group)[T.走私普通货物、物品罪],0.0,0.0,,0.0,0.0,4987,0.1966298025886546,0.41287347102466415,Strict DV robustness.,
m11_strict_dv,C(cause_group)[T.走私武器、弹药罪],0.0,0.0,,0.0,0.0,4987,0.1966298025886546,0.41287347102466415,Strict DV robustness.,
m11_strict_dv,C(cause_group)[T.走私罪],0.0,0.0,,0.0,0.0,4987,0.1966298025886546,0.41287347102466415,Strict DV robustness.,
m11_strict_dv,C(cause_group)[T.车辆租赁合同纠纷],-0.19441470783137912,0.028275767957303254,6.17013474790414e-12,-0.24983419466290518,-0.13899522099985306,4987,0.1966298025886546,0.41287347102466415,Strict DV robustness.,
m11_strict_dv,C(cause_group)[T.运输合同纠纷],0.1531882783839352,0.26419483151080814,0.5620287815730223,-0.3646240762788765,0.671000633046747,4987,0.1966298025886546,0.41287347102466415,Strict DV robustness.,
m11_strict_dv,C(cause_group)[T.运送他人偷越国（边）境罪],0.0,0.0,,0.0,0.0,4987,0.1966298025886546,0.41287347102466415,Strict DV robustness.,
m11_strict_dv,C(cause_group)[T.返还原物纠纷],0.11921136828067652,0.10786500512068174,0.2690770952435567,-0.0922001569480882,0.33062289350944124,4987,0.1966298025886546,0.41287347102466415,Strict DV robustness.,
m11_strict_dv,C(cause_group)[T.追偿权纠纷],-0.1722923249802367,0.10771498241597115,0.10970499224351192,-0.38340981111090533,0.03882516115043197,4987,0.1966298025886546,0.41287347102466415,Strict DV robustness.,
m11_strict_dv,C(cause_group)[T.追加、变更被执行人异议之诉],-0.41452512647690554,0.03338235858554173,2.100467922316468e-35,-0.4799533470235688,-0.3490969059302423,4987,0.1966298025886546,0.41287347102466415,Strict DV robustness.,
m11_strict_dv,C(cause_group)[T.追索劳动报酬纠纷],0.0,0.0,,0.0,0.0,4987,0.1966298025886546,0.41287347102466415,Strict DV robustness.,
m11_strict_dv,C(cause_group)[T.金融借款合同纠纷],-0.35484377013816903,0.031901203690279066,9.67285086221273e-29,-0.41736898043459225,-0.2923185598417458,4987,0.1966298025886546,0.41287347102466415,Strict DV robustness.,
m11_strict_dv,C(cause_group)[T.铁路运输财产损害责任纠纷],0.3934312610983988,0.028523655166031572,2.8022220079640767e-43,0.33752592426553707,0.4493365979312606,4987,0.1966298025886546,0.41287347102466415,Strict DV robustness.,
m11_strict_dv,C(cause_group)[T.银行卡纠纷],-0.21136739886271358,0.05483725572669214,0.00011599061555256525,-0.318846445098043,-0.10388835262738416,4987,0.1966298025886546,0.41287347102466415,Strict DV robustness.,
m11_strict_dv,C(cause_group)[T.销售假冒注册商标的商品罪],0.0,0.0,,0.0,0.0,4987,0.1966298025886546,0.41287347102466415,Strict DV robustness.,
m11_strict_dv,C(cause_group)[T.隐私权纠纷],0.0,0.0,,0.0,0.0,4987,0.1966298025886546,0.41287347102466415,Strict DV robustness.,
m11_strict_dv,C(cause_group)[T.集资诈骗罪],0.0,0.0,,0.0,0.0,4987,0.1966298025886546,0.41287347102466415,Strict DV robustness.,
m11_strict_dv,C(cause_group)[T.非法侵入计算机信息系统罪],0.0,0.0,,0.0,0.0,4987,0.1966298025886546,0.41287347102466415,Strict DV robustness.,
m11_strict_dv,C(cause_group)[T.非法出售增值税专用发票罪],0.0,0.0,,0.0,0.0,4987,0.1966298025886546,0.41287347102466415,Strict DV robustness.,
m11_strict_dv,C(cause_group)[T.非法利用信息网络],0.0,0.0,,0.0,0.0,4987,0.1966298025886546,0.41287347102466415,Strict DV robustness.,
m11_strict_dv,C(cause_group)[T.非法利用信息网络罪],0.0,0.0,,0.0,0.0,4987,0.1966298025886546,0.41287347102466415,Strict DV robustness.,
m11_strict_dv,C(cause_group)[T.非法制造、买卖、运输、邮寄、储存枪支、弹药、爆炸物罪],0.0,0.0,,0.0,0.0,4987,0.1966298025886546,0.41287347102466415,Strict DV robustness.,
m11_strict_dv,C(cause_group)[T.非法吸收公众存款],0.0,0.0,,0.0,0.0,4987,0.1966298025886546,0.41287347102466415,Strict DV robustness.,
m11_strict_dv,C(cause_group)[T.非法吸收公众存款罪],0.0,0.0,,0.0,0.0,4987,0.1966298025886546,0.41287347102466415,Strict DV robustness.,
m11_strict_dv,C(cause_group)[T.非法拘禁罪],0.0,0.0,,0.0,0.0,4987,0.1966298025886546,0.41287347102466415,Strict DV robustness.,
m11_strict_dv,C(cause_group)[T.非法持有毒品罪],0.0,0.0,,0.0,0.0,4987,0.1966298025886546,0.41287347102466415,Strict DV robustness.,
m11_strict_dv,C(cause_group)[T.非法种植毒品原植物罪],0.0,0.0,,0.0,0.0,4987,0.1966298025886546,0.41287347102466415,Strict DV robustness.,
m11_strict_dv,C(cause_group)[T.非法获取计算机信息系统数据、非法控制计算机信息系统罪],0.0,0.0,,0.0,0.0,4987,0.1966298025886546,0.41287347102466415,Strict DV robustness.,
m11_strict_dv,C(cause_group)[T.食品、药品监管渎职罪],0.0,0.0,,0.0,0.0,4987,0.1966298025886546,0.41287347102466415,Strict DV robustness.,
m11_strict_dv,C(cause_group)[T.餐饮服务合同纠纷],0.8441596874991868,0.06609113779274119,2.3304914200635377e-37,0.71462343772814,0.9736959372702336,4987,0.1966298025886546,0.41287347102466415,Strict DV robustness.,
m11_strict_dv,post2021,0.08503343896247273,0.013673660533623075,5.010463529449575e-10,0.05823355677974476,0.1118333211452007,4987,0.1966298025886546,0.41287347102466415,Strict DV robustness.,
m11_strict_dv,log_amount_master,-0.005455606674416398,0.00385403327747938,0.15690502885713659,-0.013009373093494847,0.0020981597446620513,4987,0.1966298025886546,0.41287347102466415,Strict DV robustness.,
m11_strict_dv,amount_llm_regex_conflict_flag,-0.08905931780055672,0.032348968997939695,0.005903736610304166,-0.15246213197352126,-0.025656503627592156,4987,0.1966298025886546,0.41287347102466415,Strict DV robustness.,
m11_strict_dv,amount_regex_fallback_flag,0.0,0.0,,0.0,0.0,4987,0.1966298025886546,0.41287347102466415,Strict DV robustness.,
m12_event_study,Intercept,0.31668837098922187,0.058004372087256374,4.76851779857078e-08,0.203001890752339,0.43037485122610475,5030,0.20375641779915699,0.4226640159045726,Event study around 2021; 2020 is omitted reference year.,
m12_event_study,"C(transaction_type, Treatment(reference='借贷'))[T.投资/理财]",0.25650610558089953,0.02250424343693354,4.2723722039914034e-30,0.21239859894518792,0.30061361221661115,5030,0.20375641779915699,0.4226640159045726,Event study around 2021; 2020 is omitted reference year.,
m12_event_study,"C(transaction_type, Treatment(reference='借贷'))[T.交易/买卖]",0.168374144252366,0.03905394339025766,1.6228102672740374e-05,0.09182982175319489,0.2449184667515371,5030,0.20375641779915699,0.4226640159045726,Event study around 2021; 2020 is omitted reference year.,
m12_event_study,"C(transaction_type, Treatment(reference='借贷'))[T.ICO/发币]",0.5068395833846088,0.1087199295255911,3.133294206394551e-06,0.29375243711271737,0.7199267296565002,5030,0.20375641779915699,0.4226640159045726,Event study around 2021; 2020 is omitted reference year.,
m12_event_study,"C(transaction_type, Treatment(reference='借贷'))[T.挖矿]",0.06375325974262777,0.03753679280701635,0.0894284189590144,-0.009817502254266433,0.13732402173952196,5030,0.20375641779915699,0.4226640159045726,Event study around 2021; 2020 is omitted reference year.,
m12_event_study,"C(transaction_type, Treatment(reference='借贷'))[T.技术服务]",-0.11827988058778961,0.06024900795807345,0.049624812946740586,-0.23636576628988065,-0.00019399488569855905,5030,0.20375641779915699,0.4226640159045726,Event study around 2021; 2020 is omitted reference year.,
m12_event_study,"C(transaction_type, Treatment(reference='借贷'))[T.其他民商事]",-0.15092780343699208,0.03235281317540813,3.0852752048809932e-06,-0.21433815205934495,-0.08751745481463921,5030,0.20375641779915699,0.4226640159045726,Event study around 2021; 2020 is omitted reference year.,
m12_event_study,"C(transaction_type, Treatment(reference='借贷'))[T.其他/未分类]",-0.05636791960883729,0.07075815099621438,0.42566714939601913,-0.19505134717406442,0.08231550795638985,5030,0.20375641779915699,0.4226640159045726,Event study around 2021; 2020 is omitted reference year.,
m12_event_study,"C(transaction_type, Treatment(reference='借贷'))[T.未分类]",-2.3835990697636092e-15,5.896923437575599e-16,5.297323281236426e-05,-3.5393748254874396e-15,-1.2278233140397789e-15,5030,0.20375641779915699,0.4226640159045726,Event study around 2021; 2020 is omitted reference year.,
m12_event_study,C(court_level_group)[T.基层法院],0.012258379141128772,0.014330527595883552,0.3923279735443713,-0.015828938826260356,0.0403456971085179,5030,0.20375641779915699,0.4226640159045726,Event study around 2021; 2020 is omitted reference year.,
m12_event_study,C(court_level_group)[T.最高人民法院],-0.09129284591019214,0.103126971896438,0.37602341036052045,-0.29341799666188495,0.11083230484150065,5030,0.20375641779915699,0.4226640159045726,Event study around 2021; 2020 is omitted reference year.,
m12_event_study,C(court_level_group)[T.高级法院],-0.004929437669491487,0.10827890182689053,0.9636885491016354,-0.2171521855357452,0.2072933101967622,5030,0.20375641779915699,0.4226640159045726,Event study around 2021; 2020 is omitted reference year.,
m12_event_study,C(cause_group)[T.不当得利纠纷],0.30553266927287,0.03686119713432551,1.1445990350703285e-16,0.23328605046256096,0.377779288083179,5030,0.20375641779915699,0.4226640159045726,Event study around 2021; 2020 is omitted reference year.,
m12_event_study,C(cause_group)[T.不正当竞争纠纷],0.38156133360526007,0.17966251973355743,0.03368963029851284,0.029429265555770745,0.7336934016547494,5030,0.20375641779915699,0.4226640159045726,Event study around 2021; 2020 is omitted reference year.,
m12_event_study,C(cause_group)[T.与公司有关的纠纷],-0.10449626705473293,0.18122688830078235,0.5642065551899853,-0.45969444115452957,0.25070190704506373,5030,0.20375641779915699,0.4226640159045726,Event study around 2021; 2020 is omitted reference year.,
m12_event_study,C(cause_group)[T.专利行政管理],5.0223593073612515e-15,4.663966880887669e-16,4.852131186983738e-27,4.108238596198507e-15,5.936480018523996e-15,5030,0.20375641779915699,0.4226640159045726,Event study around 2021; 2020 is omitted reference year.,
m12_event_study,C(cause_group)[T.业主撤销权纠纷],0.19720662664629157,0.24544232860224285,0.42170059005518334,-0.28385149769574963,0.6782647509883328,5030,0.20375641779915699,0.4226640159045726,Event study around 2021; 2020 is omitted reference year.,
m12_event_study,C(cause_group)[T.中介合同纠纷],-0.23674011505625003,0.03364904370694655,1.9845175372069982e-12,-0.30269102883607946,-0.17078920127642064,5030,0.20375641779915699,0.4226640159045726,Event study around 2021; 2020 is omitted reference year.,
m12_event_study,C(cause_group)[T.买卖合同纠纷],-0.007326370952941731,0.04369202477638653,0.8668333701832857,-0.09296116592629103,0.07830842402040758,5030,0.20375641779915699,0.4226640159045726,Event study around 2021; 2020 is omitted reference year.,
m12_event_study,C(cause_group)[T.互易纠纷],-0.29914906532643076,0.0554817425976833,6.973714933212406e-08,-0.40789128261741175,-0.19040684803544977,5030,0.20375641779915699,0.4226640159045726,Event study around 2021; 2020 is omitted reference year.,
m12_event_study,C(cause_group)[T.交通肇事罪],-5.114107010407972e-16,5.324579411915009e-16,0.3368179457506252,-1.5550090890584852e-15,5.321876869768908e-16,5030,0.20375641779915699,0.4226640159045726,Event study around 2021; 2020 is omitted reference year.,
m12_event_study,C(cause_group)[T.产品责任纠纷],-3.0019072196937905e-14,3.80999223659615e-16,0.0,-3.076581695344847e-14,-2.927232744042734e-14,5030,0.20375641779915699,0.4226640159045726,Event study around 2021; 2020 is omitted reference year.,
m12_event_study,C(cause_group)[T.人身保险合同纠纷],-0.22961614102626005,0.03431502756900753,2.2102063411570472e-11,-0.29687235919001387,-0.16235992286250625,5030,0.20375641779915699,0.4226640159045726,Event study around 2021; 2020 is omitted reference year.,
m12_event_study,C(cause_group)[T.仓储合同纠纷],0.5694300880300078,0.03685445939974708,7.45377503458337e-54,0.49719667493680986,0.6416635011232058,5030,0.20375641779915699,0.4226640159045726,Event study around 2021; 2020 is omitted reference year.,
m12_event_study,C(cause_group)[T.仿冒纠纷],-1.6663986944934925e-14,4.491335698243208e-16,2.5585540165828697e-301,-1.7544272566038498e-14,-1.5783701323831352e-14,5030,0.20375641779915699,0.4226640159045726,Event study around 2021; 2020 is omitted reference year.,
m12_event_study,C(cause_group)[T.企业承包经营合同纠纷],-0.057582476218345946,0.038768194572331736,0.13746384721399513,-0.13356674132575735,0.018401788889065462,5030,0.20375641779915699,0.4226640159045726,Event study around 2021; 2020 is omitted reference year.,
m12_event_study,C(cause_group)[T.传播淫秽物品罪],-1.0617002911673324e-14,2.8469514239589517e-16,2.1685698386538087e-304,-1.117499513734278e-14,-1.0059010686003867e-14,5030,0.20375641779915699,0.4226640159045726,Event study around 2021; 2020 is omitted reference year.,
m12_event_study,C(cause_group)[T.伪造、变造、买卖国家机关公文、证件、印章罪],-4.4455804610261564e-14,2.272069228958503e-16,0.0,-4.49011219961756e-14,-4.401048722434753e-14,5030,0.20375641779915699,0.4226640159045726,Event study around 2021; 2020 is omitted reference year.,
m12_event_study,C(cause_group)[T.伪造、变造、买卖身份证件罪],-6.8524650181993934e-15,3.067586907679366e-16,1.569318699901626e-110,-7.453701004049209e-15,-6.251229032349578e-15,5030,0.20375641779915699,0.4226640159045726,Event study around 2021; 2020 is omitted reference year.,
m12_event_study,C(cause_group)[T.伪造、变造金融票证罪],-1.4503232614545147e-14,2.1221366987835396e-16,0.0,-1.4919163764533792e-14,-1.40873014645565e-14,5030,0.20375641779915699,0.4226640159045726,Event study around 2021; 2020 is omitted reference year.,
m12_event_study,C(cause_group)[T.供用电合同纠纷],-0.383775704228122,0.03856663240939759,2.4971732009826673e-23,-0.4593649147555365,-0.30818649370070755,5030,0.20375641779915699,0.4226640159045726,Event study around 2021; 2020 is omitted reference year.,
m12_event_study,C(cause_group)[T.侵占罪],-7.293522189581561e-16,2.273674209372526e-16,0.0013374833016824342,-1.1749841752529294e-15,-2.837202626633828e-16,5030,0.20375641779915699,0.4226640159045726,Event study around 2021; 2020 is omitted reference year.,
m12_event_study,C(cause_group)[T.侵害作品信息网络传播权纠纷],0.3321103704762873,0.22393368501239813,0.13805457956557893,-0.10679158707334996,0.7710123280259245,5030,0.20375641779915699,0.4226640159045726,Event study around 2021; 2020 is omitted reference year.,
m12_event_study,C(cause_group)[T.侵害作品发行权纠纷],-5.947936138886713e-15,2.150689897399228e-16,2.367217122877094e-168,-6.3694636129683764e-15,-5.52640866480505e-15,5030,0.20375641779915699,0.4226640159045726,Event study around 2021; 2020 is omitted reference year.,
m12_event_study,C(cause_group)[T.侵害作品复制权纠纷],2.1308766267339263e-14,1.447652091280455e-16,0.0,2.1025031671233885e-14,2.159250086344464e-14,5030,0.20375641779915699,0.4226640159045726,Event study around 2021; 2020 is omitted reference year.,
m12_event_study,C(cause_group)[T.侵害作品展览权纠纷],-2.1664826295421795e-16,2.3104808379589517e-16,0.34841089686230264,-6.694941858911649e-16,2.3619765998272907e-16,5030,0.20375641779915699,0.4226640159045726,Event study around 2021; 2020 is omitted reference year.,
m12_event_study,C(cause_group)[T.侵害作品广播权纠纷],-3.5317946902223437e-15,2.6377608720016495e-16,6.977337960949528e-41,-4.0487863211175634e-15,-3.0148030593271236e-15,5030,0.20375641779915699,0.4226640159045726,Event study around 2021; 2020 is omitted reference year.,
m12_event_study,C(cause_group)[T.侵害作品改编权纠纷],-0.23949550787387258,0.11927668114791935,0.04465404412668512,-0.47327350711926214,-0.005717508628483026,5030,0.20375641779915699,0.4226640159045726,Event study around 2021; 2020 is omitted reference year.,
m12_event_study,C(cause_group)[T.侵害其他著作财产权纠纷],8.880034499117829e-15,3.6246739253079e-16,1.5193991643360683e-132,8.169611464187337e-15,9.59045753404832e-15,5030,0.20375641779915699,0.4226640159045726,Event study around 2021; 2020 is omitted reference year.,
m12_event_study,C(cause_group)[T.侵害发明专利权纠纷],0.770588545880292,0.1156800206377341,2.7126871993658793e-11,0.543859871699483,0.997317220061101,5030,0.20375641779915699,0.4226640159045726,Event study around 2021; 2020 is omitted reference year.,
m12_event_study,C(cause_group)[T.侵害商标权纠纷],0.24510916178965736,0.1694221100297667,0.14797071885801383,-0.08695207205346767,0.5771703956327824,5030,0.20375641779915699,0.4226640159045726,Event study around 2021; 2020 is omitted reference year.,
m12_event_study,C(cause_group)[T.侵害外观设计专利权纠纷],0.4520314126558358,0.30312254417576223,0.13589594125990628,-0.14207785683080976,1.0461406821424815,5030,0.20375641779915699,0.4226640159045726,Event study around 2021; 2020 is omitted reference year.,
m12_event_study,C(cause_group)[T.侵害实用新型专利权纠纷],2.8702141683349018e-15,1.6906197401600079e-16,1.2094304213722151e-64,2.5388587881082936e-15,3.20156954856151e-15,5030,0.20375641779915699,0.4226640159045726,Event study around 2021; 2020 is omitted reference year.,
m12_event_study,C(cause_group)[T.侵害录音录像制作者权纠纷],6.976523059864667e-15,1.707811505419825e-16,0.0,6.641798155564068e-15,7.311247964165266e-15,5030,0.20375641779915699,0.4226640159045726,Event study around 2021; 2020 is omitted reference year.,
m12_event_study,C(cause_group)[T.侵害计算机软件著作权纠纷],-3.391963781421463e-15,1.5360978621359637e-16,4.740194969299741e-108,-3.693033430073009e-15,-3.090894132769917e-15,5030,0.20375641779915699,0.4226640159045726,Event study around 2021; 2020 is omitted reference year.,
m12_event_study,C(cause_group)[T.侵权责任纠纷],0.26056241159376836,0.15706302592329013,0.09712239773200958,-0.04727546251876119,0.568400285706298,5030,0.20375641779915699,0.4226640159045726,Event study around 2021; 2020 is omitted reference year.,
m12_event_study,C(cause_group)[T.侵犯公民个人信息罪],-1.721114326332108e-15,2.2225069179743267e-16,9.632006077348172e-15,-2.1567176777941876e-15,-1.2855109748700285e-15,5030,0.20375641779915699,0.4226640159045726,Event study around 2021; 2020 is omitted reference year.,
m12_event_study,C(cause_group)[T.侵犯著作权罪],-5.589768642935878e-16,2.4382388920881755e-16,0.0218743023155303,-1.0368629057133546e-15,-8.109082287382112e-17,5030,0.20375641779915699,0.4226640159045726,Event study around 2021; 2020 is omitted reference year.,
m12_event_study,C(cause_group)[T.保管合同纠纷],-0.0901686724920779,0.2597215187870884,0.7284602729528014,-0.5992134953248142,0.41887615034065834,5030,0.20375641779915699,0.4226640159045726,Event study around 2021; 2020 is omitted reference year.,
m12_event_study,C(cause_group)[T.保证合同纠纷],0.2602811483713073,0.10476181168949202,0.01297320222245263,0.05495177050473571,0.46561052623787885,5030,0.20375641779915699,0.4226640159045726,Event study around 2021; 2020 is omitted reference year.,
m12_event_study,C(cause_group)[T.保险代理合同纠纷],0.8587686200325416,0.031480567849261135,7.462779545259325e-164,0.7970678408351203,0.920469399229963,5030,0.20375641779915699,0.4226640159045726,Event study around 2021; 2020 is omitted reference year.,
m12_event_study,C(cause_group)[T.信息网络买卖合同纠纷],-0.28049799466445713,0.1036108349487571,0.006784795640995173,-0.48357149957214496,-0.07742448975676927,5030,0.20375641779915699,0.4226640159045726,Event study around 2021; 2020 is omitted reference year.,
m12_event_study,C(cause_group)[T.信用卡纠纷],-0.2756056486650816,0.059794314109434206,4.041662049329563e-06,-0.3928003507998478,-0.15841094653031534,5030,0.20375641779915699,0.4226640159045726,Event study around 2021; 2020 is omitted reference year.,
m12_event_study,C(cause_group)[T.信用卡诈骗罪],-7.585916976714586e-15,1.0255579811954898e-16,0.0,-7.786922647434662e-15,-7.38491130599451e-15,5030,0.20375641779915699,0.4226640159045726,Event study around 2021; 2020 is omitted reference year.,
m12_event_study,C(cause_group)[T.修理合同纠纷],-0.2863532816130514,0.03396279273948128,3.4160645076007215e-17,-0.35291913219683313,-0.21978743102926965,5030,0.20375641779915699,0.4226640159045726,Event study around 2021; 2020 is omitted reference year.,
m12_event_study,C(cause_group)[T.借款合同纠纷],0.0787818297700763,0.12052198773730877,0.5133232478868592,-0.15743692554022692,0.31500058508037954,5030,0.20375641779915699,0.4226640159045726,Event study around 2021; 2020 is omitted reference year.,
m12_event_study,C(cause_group)[T.借用合同纠纷],-0.3365688733307384,0.03702557011772563,9.888072022462781e-20,-0.4091376572685431,-0.26400008939293373,5030,0.20375641779915699,0.4226640159045726,Event study around 2021; 2020 is omitted reference year.,
m12_event_study,C(cause_group)[T.债券质权纠纷],0.35462110358269994,0.2739599759237238,0.195518078033586,-0.18233058243325906,0.8915727895986589,5030,0.20375641779915699,0.4226640159045726,Event study around 2021; 2020 is omitted reference year.,
m12_event_study,C(cause_group)[T.债务加入纠纷],-0.6080300189092447,0.03106944270039317,2.7850116607248847e-85,-0.6689250076217462,-0.5471350301967431,5030,0.20375641779915699,0.4226640159045726,Event study around 2021; 2020 is omitted reference year.,
m12_event_study,C(cause_group)[T.债务转移合同纠纷],-0.10397548843085277,0.031869310707387494,0.0011041140777224413,-0.16643818962944898,-0.04151278723225658,5030,0.20375641779915699,0.4226640159045726,Event study around 2021; 2020 is omitted reference year.,
m12_event_study,C(cause_group)[T.债权人撤销权纠纷],0.4409842966214278,0.2729921422334661,0.10622981611146921,-0.09407047021860149,0.9760390634614571,5030,0.20375641779915699,0.4226640159045726,Event study around 2021; 2020 is omitted reference year.,
m12_event_study,C(cause_group)[T.债权转让合同纠纷],0.18110264898047448,0.13847837940715235,0.19093962448387658,-0.09030998729501719,0.4525152852559662,5030,0.20375641779915699,0.4226640159045726,Event study around 2021; 2020 is omitted reference year.,
m12_event_study,C(cause_group)[T.假冒注册商标罪],2.7362572928393002e-15,7.34392748728973e-17,7.639842590475926e-304,2.592318959037684e-15,2.8801956266409164e-15,5030,0.20375641779915699,0.4226640159045726,Event study around 2021; 2020 is omitted reference year.,
m12_event_study,C(cause_group)[T.偷越国（边）境罪],-1.5034848471445646e-16,1.2663616498827997e-16,0.23512996482784543,-3.9855080723175736e-16,9.785383780284444e-17,5030,0.20375641779915699,0.4226640159045726,Event study around 2021; 2020 is omitted reference year.,
m12_event_study,C(cause_group)[T.储蓄存款合同纠纷],0.16374984880052879,0.10545586965332711,0.12047551307030235,-0.04293985767834277,0.3704395552794003,5030,0.20375641779915699,0.4226640159045726,Event study around 2021; 2020 is omitted reference year.,
m12_event_study,C(cause_group)[T.公司减资纠纷],-4.456634567539317e-15,1.5439310433333881e-16,3.23754158556951e-183,-4.7592394914939965e-15,-4.154029643584638e-15,5030,0.20375641779915699,0.4226640159045726,Event study around 2021; 2020 is omitted reference year.,
m12_event_study,C(cause_group)[T.公司解散纠纷],7.2187815434438e-15,1.371544072705683e-16,0.0,6.9499638448725484e-15,7.487599242015053e-15,5030,0.20375641779915699,0.4226640159045726,Event study around 2021; 2020 is omitted reference year.,
m12_event_study,C(cause_group)[T.公安行政管理],5.789199925219348e-15,1.0243805518065552e-16,0.0,5.588425026418936e-15,5.9899748240197596e-15,5030,0.20375641779915699,0.4226640159045726,Event study around 2021; 2020 is omitted reference year.,
m12_event_study,C(cause_group)[T.公益事业捐赠合同纠纷],-0.8328548561393122,0.10916196205136733,2.356045412611202e-14,-1.0468083702417204,-0.6189013420369041,5030,0.20375641779915699,0.4226640159045726,Event study around 2021; 2020 is omitted reference year.,
m12_event_study,C(cause_group)[T.共有物分割纠纷],-2.673052298762381e-16,1.2646227280543942e-16,0.034539598382309675,-5.151667299779784e-16,-1.9443729774497745e-17,5030,0.20375641779915699,0.4226640159045726,Event study around 2021; 2020 is omitted reference year.,
m12_event_study,C(cause_group)[T.共有纠纷],-0.2085282898591394,0.05444704055016188,0.00012818033009967758,-0.3152425284022486,-0.10181405131603022,5030,0.20375641779915699,0.4226640159045726,Event study around 2021; 2020 is omitted reference year.,
m12_event_study,C(cause_group)[T.其他案由],1.5694219160106893e-16,1.2042532614120735e-16,0.1924954182669102,-7.908711046218734e-17,3.929714936643252e-16,5030,0.20375641779915699,0.4226640159045726,Event study around 2021; 2020 is omitted reference year.,
m12_event_study,C(cause_group)[T.其他行政行为],-2.7276849773671736e-15,8.355987185874833e-17,9.916072129393214e-234,-2.8914593167631025e-15,-2.5639106379712448e-15,5030,0.20375641779915699,0.4226640159045726,Event study around 2021; 2020 is omitted reference year.,
m12_event_study,C(cause_group)[T.再保险合同纠纷],-0.2703074785729779,0.03268774566890013,1.3465438234145003e-16,-0.3343742828198273,-0.20624067432612847,5030,0.20375641779915699,0.4226640159045726,Event study around 2021; 2020 is omitted reference year.,
m12_event_study,C(cause_group)[T.出售、购买、运输假币罪],-1.1481765015732756e-14,1.3893791189935579e-16,0.0,-1.1754078319142693e-14,-1.120945171232282e-14,5030,0.20375641779915699,0.4226640159045726,Event study around 2021; 2020 is omitted reference year.,
m12_event_study,C(cause_group)[T.分家析产纠纷],-1.2652275211980854e-14,8.357148601651549e-17,0.0,-1.2816072314707716e-14,-1.2488478109253992e-14,5030,0.20375641779915699,0.4226640159045726,Event study around 2021; 2020 is omitted reference year.,
m12_event_study,C(cause_group)[T.分期付款买卖合同纠纷],-0.5589135882429473,0.04376171321746963,2.3579776997182124e-37,-0.6446849700509583,-0.47314220643493643,5030,0.20375641779915699,0.4226640159045726,Event study around 2021; 2020 is omitted reference year.,
m12_event_study,C(cause_group)[T.制作、复制、出版、贩卖、传播淫秽物品牟利罪],1.555772945499627e-15,9.115060239265328e-17,2.5615204145527784e-65,1.377121047640896e-15,1.7344248433583578e-15,5030,0.20375641779915699,0.4226640159045726,Event study around 2021; 2020 is omitted reference year.,
m12_event_study,C(cause_group)[T.制作、贩卖、传播淫秽物品罪],7.735101511810663e-15,9.637336817265749e-17,0.0,7.546213181123436e-15,7.92398984249789e-15,5030,0.20375641779915699,0.4226640159045726,Event study around 2021; 2020 is omitted reference year.,
m12_event_study,C(cause_group)[T.劳务合同纠纷],-0.2305084327298154,0.0526602468894508,1.2017178362053278e-05,-0.33372062005012637,-0.1272962454095044,5030,0.20375641779915699,0.4226640159045726,Event study around 2021; 2020 is omitted reference year.,
m12_event_study,C(cause_group)[T.劳动争议],-0.11553947788821227,0.07643449107345393,0.1306319844717501,-0.26534832756883026,0.0342693717924057,5030,0.20375641779915699,0.4226640159045726,Event study around 2021; 2020 is omitted reference year.,
m12_event_study,C(cause_group)[T.劳动合同纠纷],-0.05620883868195182,0.10124475924393064,0.5787730791681347,-0.2546449204234846,0.14222724305958095,5030,0.20375641779915699,0.4226640159045726,Event study around 2021; 2020 is omitted reference year.,
m12_event_study,C(cause_group)[T.占有物返还纠纷],-3.3227302258880513e-15,1.0625617331219562e-16,1.159422820619456e-214,-3.530988498715001e-15,-3.1144719530611017e-15,5030,0.20375641779915699,0.4226640159045726,Event study around 2021; 2020 is omitted reference year.,
m12_event_study,C(cause_group)[T.危险驾驶罪],4.747386418222233e-15,9.655441320284982e-17,0.0,4.558143245796249e-15,4.936629590648217e-15,5030,0.20375641779915699,0.4226640159045726,Event study around 2021; 2020 is omitted reference year.,
m12_event_study,C(cause_group)[T.发起人责任纠纷],0.04756521174878429,0.2201733402725389,0.8289602383978415,-0.3839666055412742,0.4790970290388428,5030,0.20375641779915699,0.4226640159045726,Event study around 2021; 2020 is omitted reference year.,
m12_event_study,C(cause_group)[T.受贿罪],-1.2893891690735805e-15,6.717481765428509e-17,4.1117165189651274e-82,-1.4210493923440246e-15,-1.1577289458031363e-15,5030,0.20375641779915699,0.4226640159045726,Event study around 2021; 2020 is omitted reference year.,
m12_event_study,C(cause_group)[T.合伙企业纠纷],-0.15672635604255453,0.14297580213673444,0.2730026381963184,-0.43695377889127895,0.1235010668061699,5030,0.20375641779915699,0.4226640159045726,Event study around 2021; 2020 is omitted reference year.,
m12_event_study,C(cause_group)[T.合伙协议纠纷],-0.15799843776501288,0.0633207741518971,0.012588367652498008,-0.282104874575926,-0.03389200095409978,5030,0.20375641779915699,0.4226640159045726,Event study around 2021; 2020 is omitted reference year.,
m12_event_study,C(cause_group)[T.合伙合同纠纷],0.1248557881490076,0.0846960981783967,0.1404379191765417,-0.041145513911718404,0.2908570902097336,5030,0.20375641779915699,0.4226640159045726,Event study around 2021; 2020 is omitted reference year.,
m12_event_study,C(cause_group)[T.合作创作合同纠纷],-0.1932027351815871,0.033059442367952815,5.093098275680045e-09,-0.25799805157175215,-0.128407418791422,5030,0.20375641779915699,0.4226640159045726,Event study around 2021; 2020 is omitted reference year.,
m12_event_study,C(cause_group)[T.合同、准合同纠纷],0.6030289902606627,0.037453850839749996,2.5269514735454594e-58,0.5296207915324175,0.6764371889889079,5030,0.20375641779915699,0.4226640159045726,Event study around 2021; 2020 is omitted reference year.,
m12_event_study,C(cause_group)[T.合同、无因管理、不当得利],-0.3534544471625546,0.11725688098929055,0.002575220665589202,-0.5832737108410634,-0.12363518348404579,5030,0.20375641779915699,0.4226640159045726,Event study around 2021; 2020 is omitted reference year.,
m12_event_study,C(cause_group)[T.合同纠纷],0.07922880168406547,0.02597289552809194,0.002285050942285398,0.02832286187478384,0.1301347414933471,5030,0.20375641779915699,0.4226640159045726,Event study around 2021; 2020 is omitted reference year.,
m12_event_study,C(cause_group)[T.合同诈骗罪],2.0337381327584365e-15,7.312137218742157e-17,3.0050411080998657e-170,1.8904228767709414e-15,2.1770533887459316e-15,5030,0.20375641779915699,0.4226640159045726,Event study around 2021; 2020 is omitted reference year.,
m12_event_study,C(cause_group)[T.名誉权纠纷],0.4256242794317699,0.03565792421235187,7.65379988403354e-33,0.3557360322121014,0.49551252665143836,5030,0.20375641779915699,0.4226640159045726,Event study around 2021; 2020 is omitted reference year.,
m12_event_study,C(cause_group)[T.商品房销售合同纠纷],-0.28632927738757263,0.03395838780906801,3.404789369205751e-17,-0.35288649446639,-0.2197720603087553,5030,0.20375641779915699,0.4226640159045726,Event study around 2021; 2020 is omitted reference year.,
m12_event_study,C(cause_group)[T.商品房预售合同纠纷],-0.20653529583102326,0.05251411607103339,8.391034130923915e-05,-0.30946107201020473,-0.10360951965184177,5030,0.20375641779915699,0.4226640159045726,Event study around 2021; 2020 is omitted reference year.,
m12_event_study,C(cause_group)[T.商标权权属、侵权纠纷],-6.732291305058105e-17,5.976747831305589e-17,0.259990403393517,-1.8446501799094934e-16,4.9819191889787234e-17,5030,0.20375641779915699,0.4226640159045726,Event study around 2021; 2020 is omitted reference year.,
m12_event_study,C(cause_group)[T.商标权权属纠纷],-3.724811734697326e-15,7.366399969764207e-17,0.0,-3.869190521061874e-15,-3.580432948332779e-15,5030,0.20375641779915699,0.4226640159045726,Event study around 2021; 2020 is omitted reference year.,
m12_event_study,C(cause_group)[T.因申请诉中财产保全损害责任纠纷],-2.031071151579265e-15,7.188963420457641e-17,1.3213404796284993e-175,-2.1719722454819937e-15,-1.8901700576765365e-15,5030,0.20375641779915699,0.4226640159045726,Event study around 2021; 2020 is omitted reference year.,
m12_event_study,C(cause_group)[T.因申请财产保全损害责任纠纷],-2.4257185203305392e-15,4.3849012733961186e-17,0.0,-2.5116610060467412e-15,-2.339776034614337e-15,5030,0.20375641779915699,0.4226640159045726,Event study around 2021; 2020 is omitted reference year.,
m12_event_study,C(cause_group)[T.国有公司、企业、事业单位人员失职罪],2.852501863307935e-15,8.242213315028816e-17,1.8857749917959736e-262,2.6909574508044053e-15,3.0140462758114645e-15,5030,0.20375641779915699,0.4226640159045726,Event study around 2021; 2020 is omitted reference year.,
m12_event_study,C(cause_group)[T.土地租赁合同纠纷],-0.28334680090682496,0.0334665516302856,2.5273152630518508e-17,-0.348940036788935,-0.21775356502471493,5030,0.20375641779915699,0.4226640159045726,Event study around 2021; 2020 is omitted reference year.,
m12_event_study,C(cause_group)[T.妨害信用卡管理罪],-4.7796194289196095e-15,8.571676871481057e-17,0.0,-4.947621208471788e-15,-4.611617649367431e-15,5030,0.20375641779915699,0.4226640159045726,Event study around 2021; 2020 is omitted reference year.,
m12_event_study,C(cause_group)[T.委托合同纠纷],-0.023468606646132473,0.03360243054028854,0.48491462612781,-0.08932816029810679,0.04239094700584185,5030,0.20375641779915699,0.4226640159045726,Event study around 2021; 2020 is omitted reference year.,
m12_event_study,C(cause_group)[T.委托理财合同纠纷],0.0827838822933904,0.046286665147196246,0.0736947429688434,-0.007936314359579602,0.17350407894636038,5030,0.20375641779915699,0.4226640159045726,Event study around 2021; 2020 is omitted reference year.,
m12_event_study,C(cause_group)[T.娱乐服务合同纠纷],-0.14234189448825849,0.06110257496832036,0.01982960889038357,-0.26210074078882506,-0.02258304818769194,5030,0.20375641779915699,0.4226640159045726,Event study around 2021; 2020 is omitted reference year.,
m12_event_study,C(cause_group)[T.婚约财产纠纷],0.4305245632710291,0.2263430643365764,0.057159572048457084,-0.01309969097909297,0.8741488175211511,5030,0.20375641779915699,0.4226640159045726,Event study around 2021; 2020 is omitted reference year.,
m12_event_study,C(cause_group)[T.定作合同纠纷],-0.3171088949300941,0.03704184522833799,1.1205901601648256e-17,-0.3897095774985434,-0.24450821236164477,5030,0.20375641779915699,0.4226640159045726,Event study around 2021; 2020 is omitted reference year.,
m12_event_study,C(cause_group)[T.定金合同纠纷],0.14436595376447073,0.20753903843021107,0.4866739372760913,-0.2624030869448172,0.5511349944737586,5030,0.20375641779915699,0.4226640159045726,Event study around 2021; 2020 is omitted reference year.,
m12_event_study,C(cause_group)[T.容留他人吸毒罪],-2.0128495553218746e-15,4.842361655399689e-17,0.0,-2.107758099768886e-15,-1.9179410108748633e-15,5030,0.20375641779915699,0.4226640159045726,Event study around 2021; 2020 is omitted reference year.,
m12_event_study,C(cause_group)[T.小额借款合同纠纷],-2.0436220326447436e-15,7.630529636665878e-17,5.212174214869305e-158,-2.19317766535305e-15,-1.8940663999364374e-15,5030,0.20375641779915699,0.4226640159045726,Event study around 2021; 2020 is omitted reference year.,
m12_event_study,C(cause_group)[T.帮助信息网络犯罪活动],-3.5659230316926503e-16,4.818541180932263e-17,1.357540552372435e-13,-4.510339748957684e-16,-2.621506314427617e-16,5030,0.20375641779915699,0.4226640159045726,Event study around 2021; 2020 is omitted reference year.,
m12_event_study,C(cause_group)[T.帮助信息网络犯罪活动罪],8.165730977659298e-16,1.0103570892828299e-16,6.370018509253293e-16,6.185467471140231e-16,1.0145994484178364e-15,5030,0.20375641779915699,0.4226640159045726,Event study around 2021; 2020 is omitted reference year.,
m12_event_study,C(cause_group)[T.广告合同纠纷],-0.015760048730554945,0.14974099400532784,0.9161784482637773,-0.30924700399022564,0.2777269065291158,5030,0.20375641779915699,0.4226640159045726,Event study around 2021; 2020 is omitted reference year.,
m12_event_study,C(cause_group)[T.建筑物和物件损害责任纠纷],3.000083466937543e-15,4.5739345994598004e-17,0.0,2.9104359961117148e-15,3.0897309377633715e-15,5030,0.20375641779915699,0.4226640159045726,Event study around 2021; 2020 is omitted reference year.,
m12_event_study,C(cause_group)[T.建设工程合同纠纷],-0.18257717216937328,0.04914831259740769,0.00020334777691211772,-0.2789060947612086,-0.08624824957753796,5030,0.20375641779915699,0.4226640159045726,Event study around 2021; 2020 is omitted reference year.,
m12_event_study,C(cause_group)[T.建设工程施工合同纠纷],0.37362226642444213,0.12401153884912146,0.002588473696237885,0.13056411661277434,0.6166804162361099,5030,0.20375641779915699,0.4226640159045726,Event study around 2021; 2020 is omitted reference year.,
m12_event_study,C(cause_group)[T.开设赌场罪],-2.770293874453441e-15,4.420413782191282e-17,0.0,-2.856932392552035e-15,-2.683655356354847e-15,5030,0.20375641779915699,0.4226640159045726,Event study around 2021; 2020 is omitted reference year.,
m12_event_study,C(cause_group)[T.悬赏广告纠纷],0.7275271477912072,0.057388859631232754,7.915865270042505e-37,0.6150470498001663,0.8400072457822481,5030,0.20375641779915699,0.4226640159045726,Event study around 2021; 2020 is omitted reference year.,
m12_event_study,C(cause_group)[T.房屋买卖合同纠纷],-0.38769288665333734,0.07260924791524216,9.323295728566192e-08,-0.530004397511752,-0.2453813757949227,5030,0.20375641779915699,0.4226640159045726,Event study around 2021; 2020 is omitted reference year.,
m12_event_study,C(cause_group)[T.房屋拆迁安置补偿合同纠纷],-7.335081061157339e-16,1.7436900653049222e-17,0.0,-7.676838033977133e-16,-6.993324088337545e-16,5030,0.20375641779915699,0.4226640159045726,Event study around 2021; 2020 is omitted reference year.,
m12_event_study,C(cause_group)[T.房屋租赁合同纠纷],0.06257234270632146,0.10834869485282,0.5635956837362395,-0.14978719697712606,0.274931882389769,5030,0.20375641779915699,0.4226640159045726,Event study around 2021; 2020 is omitted reference year.,
m12_event_study,C(cause_group)[T.所有权确认纠纷],-0.554246102253501,0.029778079424465653,2.542075596716509e-77,-0.6126100654542269,-0.4958821390527751,5030,0.20375641779915699,0.4226640159045726,Event study around 2021; 2020 is omitted reference year.,
m12_event_study,C(cause_group)[T.所有权纠纷],0.4940090053477286,0.04635883418838678,1.6312725116149312e-26,0.40314735997322637,0.5848706507222309,5030,0.20375641779915699,0.4226640159045726,Event study around 2021; 2020 is omitted reference year.,
m12_event_study,C(cause_group)[T.执行异议之诉],0.07536234014143013,0.2850977429515908,0.7915190140656807,-0.4834189681173459,0.6341436484002062,5030,0.20375641779915699,0.4226640159045726,Event study around 2021; 2020 is omitted reference year.,
m12_event_study,C(cause_group)[T.执行程序中的异议之诉],-2.866406390929991e-15,2.1677091612714283e-27,0.0,-2.86640639093424e-15,-2.8664063909257423e-15,5030,0.20375641779915699,0.4226640159045726,Event study around 2021; 2020 is omitted reference year.,
m12_event_study,C(cause_group)[T.技术合同纠纷],-1.993122359477271e-15,7.361753418436912e-29,0.0,-1.9931223594774154e-15,-1.9931223594771267e-15,5030,0.20375641779915699,0.4226640159045726,Event study around 2021; 2020 is omitted reference year.,
m12_event_study,C(cause_group)[T.技术委托开发合同纠纷],-0.11687643189193182,0.03202180587044893,0.000262341060342553,-0.179638018117945,-0.05411484566591865,5030,0.20375641779915699,0.4226640159045726,Event study around 2021; 2020 is omitted reference year.,
m12_event_study,C(cause_group)[T.技术服务合同纠纷],1.272479942466456e-15,6.273508442644414e-29,0.0,1.2724799424663331e-15,1.2724799424665789e-15,5030,0.20375641779915699,0.4226640159045726,Event study around 2021; 2020 is omitted reference year.,
m12_event_study,C(cause_group)[T.抢劫罪],-3.52555423848131e-15,1.6351130525549266e-28,0.0,-3.5255542384816308e-15,-3.5255542384809895e-15,5030,0.20375641779915699,0.4226640159045726,Event study around 2021; 2020 is omitted reference year.,
m12_event_study,C(cause_group)[T.抢夺罪],1.28404911961464e-15,1.471660387638113e-28,0.0,1.2840491196143515e-15,1.2840491196149286e-15,5030,0.20375641779915699,0.4226640159045726,Event study around 2021; 2020 is omitted reference year.,
m12_event_study,C(cause_group)[T.抵押合同纠纷],0.1766745055332059,0.18974269781990558,0.3517879920163334,-0.19521434852327563,0.5485633595896875,5030,0.20375641779915699,0.4226640159045726,Event study around 2021; 2020 is omitted reference year.,
m12_event_study,C(cause_group)[T.担保物权确认纠纷],-0.19402025547191218,0.05487682001314451,0.0004069127896083564,-0.30157684628376225,-0.08646366466006208,5030,0.20375641779915699,0.4226640159045726,Event study around 2021; 2020 is omitted reference year.,
m12_event_study,C(cause_group)[T.拒不执行判决、裁定罪],1.0264464875035376e-14,3.3763067978415612e-28,0.0,1.0264464875034715e-14,1.0264464875036037e-14,5030,0.20375641779915699,0.4226640159045726,Event study around 2021; 2020 is omitted reference year.,
m12_event_study,C(cause_group)[T.拒不支付劳动报酬罪],4.33325018109394e-16,5.703625201702277e-29,0.0,4.3332501810928223e-16,4.333250181095058e-16,5030,0.20375641779915699,0.4226640159045726,Event study around 2021; 2020 is omitted reference year.,
m12_event_study,C(cause_group)[T.持有、使用假币罪],8.073704081651383e-16,5.050492740082409e-29,0.0,8.073704081650393e-16,8.073704081652373e-16,5030,0.20375641779915699,0.4226640159045726,Event study around 2021; 2020 is omitted reference year.,
m12_event_study,C(cause_group)[T.挪用公款罪],1.4076337685663544e-15,1.622969398369106e-28,0.0,1.4076337685660363e-15,1.4076337685666725e-15,5030,0.20375641779915699,0.4226640159045726,Event study around 2021; 2020 is omitted reference year.,
m12_event_study,C(cause_group)[T.挪用资金罪],8.59046753681289e-17,1.1924250784702128e-28,0.0,8.590467536789519e-17,8.590467536836261e-17,5030,0.20375641779915699,0.4226640159045726,Event study around 2021; 2020 is omitted reference year.,
m12_event_study,C(cause_group)[T.损害公司债权人利益责任纠纷],-0.2498099631091033,0.09477934492062003,0.008396381443974633,-0.4355740656318179,-0.06404586058638875,5030,0.20375641779915699,0.4226640159045726,Event study around 2021; 2020 is omitted reference year.,
m12_event_study,C(cause_group)[T.损害公司利益责任纠纷],-0.26211911235146984,0.05588614808879164,2.728927716703575e-06,-0.3716539498401734,-0.15258427486276627,5030,0.20375641779915699,0.4226640159045726,Event study around 2021; 2020 is omitted reference year.,
m12_event_study,C(cause_group)[T.排除妨害纠纷],0.3906471058337887,0.034289875360246976,4.557692576170926e-30,0.3234401850933372,0.4578540265742402,5030,0.20375641779915699,0.4226640159045726,Event study around 2021; 2020 is omitted reference year.,
m12_event_study,C(cause_group)[T.掩饰、隐瞒犯罪所得、犯罪所得收益],9.814466913160162e-16,7.375210465116217e-29,0.0,9.814466913158717e-16,9.814466913161608e-16,5030,0.20375641779915699,0.4226640159045726,Event study around 2021; 2020 is omitted reference year.,
m12_event_study,C(cause_group)[T.掩饰、隐瞒犯罪所得、犯罪所得收益罪],-6.075967342478723e-16,9.117504809045185e-29,0.0,-6.075967342480509e-16,-6.075967342476936e-16,5030,0.20375641779915699,0.4226640159045726,Event study around 2021; 2020 is omitted reference year.,
m12_event_study,C(cause_group)[T.提供侵入、非法控制计算机信息系统程序、工具],-2.967748577969012e-16,2.3631038072166772e-29,0.0,-2.967748577969475e-16,-2.967748577968549e-16,5030,0.20375641779915699,0.4226640159045726,Event study around 2021; 2020 is omitted reference year.,
m12_event_study,C(cause_group)[T.提供侵入、非法控制计算机信息系统程序、工具罪],3.471913243456194e-16,1.9204319520547908e-29,0.0,3.471913243455818e-16,3.47191324345657e-16,5030,0.20375641779915699,0.4226640159045726,Event study around 2021; 2020 is omitted reference year.,
m12_event_study,C(cause_group)[T.提供劳务者受害责任纠纷],-1.1065449514847925e-15,6.467036981643518e-29,0.0,-1.1065449514849194e-15,-1.1065449514846657e-15,5030,0.20375641779915699,0.4226640159045726,Event study around 2021; 2020 is omitted reference year.,
m12_event_study,C(cause_group)[T.故意伤害罪],6.253780769251911e-16,8.818394629270995e-29,0.0,6.253780769250183e-16,6.25378076925364e-16,5030,0.20375641779915699,0.4226640159045726,Event study around 2021; 2020 is omitted reference year.,
m12_event_study,C(cause_group)[T.故意杀人罪],5.446993551947676e-17,1.4303232033095138e-29,0.0,5.446993551944872e-17,5.446993551950479e-17,5030,0.20375641779915699,0.4226640159045726,Event study around 2021; 2020 is omitted reference year.,
m12_event_study,C(cause_group)[T.故意毁坏财物罪],-1.3284330655029643e-15,6.380388747363415e-29,0.0,-1.3284330655030894e-15,-1.3284330655028393e-15,5030,0.20375641779915699,0.4226640159045726,Event study around 2021; 2020 is omitted reference year.,
m12_event_study,C(cause_group)[T.教育培训合同纠纷],-0.2432179705070235,0.04444395806876287,4.4382037723429964e-08,-0.33032652765220705,-0.15610941336183995,5030,0.20375641779915699,0.4226640159045726,Event study around 2021; 2020 is omitted reference year.,
m12_event_study,C(cause_group)[T.文化行政管理],-1.544764014607423e-16,5.633716731006561e-29,0.0,-1.5447640146085271e-16,-1.5447640146063188e-16,5030,0.20375641779915699,0.4226640159045726,Event study around 2021; 2020 is omitted reference year.,
m12_event_study,C(cause_group)[T.旅游合同纠纷],-0.13520418844509074,0.045655725915951254,0.00306258698026542,-0.22468776692838716,-0.04572060996179432,5030,0.20375641779915699,0.4226640159045726,Event study around 2021; 2020 is omitted reference year.,
m12_event_study,C(cause_group)[T.服务合同纠纷],-0.10430660883715254,0.0671120542030903,0.12013297187024935,-0.2358438180037095,0.027230600329404414,5030,0.20375641779915699,0.4226640159045726,Event study around 2021; 2020 is omitted reference year.,
m12_event_study,C(cause_group)[T.未分类],-0.04829731618236236,0.1992344640610445,0.8084590264848743,-0.4387896902211494,0.3421950578564246,5030,0.20375641779915699,0.4226640159045726,Event study around 2021; 2020 is omitted reference year.,
m12_event_study,C(cause_group)[T.机动车交通事故责任纠纷],0.503729610131789,0.04367256213730711,8.86715505276323e-31,0.4181329612300794,0.5893262590334984,5030,0.20375641779915699,0.4226640159045726,Event study around 2021; 2020 is omitted reference year.,
m12_event_study,C(cause_group)[T.案外人执行异议之诉],-0.28146696706749996,0.054054739594136585,1.9184278902344768e-07,-0.3874123098656989,-0.175521624269301,5030,0.20375641779915699,0.4226640159045726,Event study around 2021; 2020 is omitted reference year.,
m12_event_study,C(cause_group)[T.欺诈客户责任纠纷],-1.8855520342561177e-17,3.8531618365337236e-30,0.0,-1.885552034256873e-17,-1.8855520342553624e-17,5030,0.20375641779915699,0.4226640159045726,Event study around 2021; 2020 is omitted reference year.,
m12_event_study,C(cause_group)[T.民间借贷纠纷],-0.04048819000456411,0.029837353854489518,0.17479291607803393,-0.09896832895334093,0.017991948944212702,5030,0.20375641779915699,0.4226640159045726,Event study around 2021; 2020 is omitted reference year.,
m12_event_study,C(cause_group)[T.民间委托理财合同纠纷],0.1611834304466976,0.04832363953400152,0.000851465924963069,0.06647083735815872,0.2558960235352365,5030,0.20375641779915699,0.4226640159045726,Event study around 2021; 2020 is omitted reference year.,
m12_event_study,C(cause_group)[T.法定继承纠纷],3.770538218711042e-18,9.815452159006737e-31,0.0,3.770538218709118e-18,3.7705382187129656e-18,5030,0.20375641779915699,0.4226640159045726,Event study around 2021; 2020 is omitted reference year.,
m12_event_study,C(cause_group)[T.法律服务合同纠纷],-0.17995017792660203,0.05947819259764375,0.0024823749966462845,-0.2965252932835206,-0.06337506256968344,5030,0.20375641779915699,0.4226640159045726,Event study around 2021; 2020 is omitted reference year.,
m12_event_study,C(cause_group)[T.洗钱罪],0.0,0.0,,0.0,0.0,5030,0.20375641779915699,0.4226640159045726,Event study around 2021; 2020 is omitted reference year.,
m12_event_study,C(cause_group)[T.消费者权益保护民事公益诉讼],0.6275695662576717,0.05644110894100437,1.0138453036175305e-28,0.5169470254858015,0.7381921070295419,5030,0.20375641779915699,0.4226640159045726,Event study around 2021; 2020 is omitted reference year.,
m12_event_study,C(cause_group)[T.清算责任纠纷],0.29757512950002213,0.2903333687118807,0.3053901233424383,-0.2714678166854522,0.8666180756854964,5030,0.20375641779915699,0.4226640159045726,Event study around 2021; 2020 is omitted reference year.,
m12_event_study,C(cause_group)[T.演出合同纠纷],-0.16589485415857294,0.05946598807246115,0.005274981245746698,-0.2824460490856852,-0.049343659231460654,5030,0.20375641779915699,0.4226640159045726,Event study around 2021; 2020 is omitted reference year.,
m12_event_study,C(cause_group)[T.物业服务合同纠纷],-0.3329315006899111,0.06258779750263055,1.0409200256957308e-07,-0.45560132966675293,-0.2102616717130693,5030,0.20375641779915699,0.4226640159045726,Event study around 2021; 2020 is omitted reference year.,
m12_event_study,C(cause_group)[T.物权保护纠纷],0.5670477032832132,0.12426642842277741,5.038917513747979e-06,0.32348997908714494,0.8106054274792814,5030,0.20375641779915699,0.4226640159045726,Event study around 2021; 2020 is omitted reference year.,
m12_event_study,C(cause_group)[T.物权确认纠纷],0.0,0.0,,0.0,0.0,5030,0.20375641779915699,0.4226640159045726,Event study around 2021; 2020 is omitted reference year.,
m12_event_study,C(cause_group)[T.物权纠纷],0.7849981825496218,0.06226432030021954,1.919569514171956e-36,0.6629623572393254,0.9070340078599183,5030,0.20375641779915699,0.4226640159045726,Event study around 2021; 2020 is omitted reference year.,
m12_event_study,C(cause_group)[T.特许经营合同纠纷],-0.218232489731706,0.05894073788743037,0.00021342242269836446,-0.33375421321328497,-0.10271076625012704,5030,0.20375641779915699,0.4226640159045726,Event study around 2021; 2020 is omitted reference year.,
m12_event_study,C(cause_group)[T.生产、销售伪劣产品罪],0.0,0.0,,0.0,0.0,5030,0.20375641779915699,0.4226640159045726,Event study around 2021; 2020 is omitted reference year.,
m12_event_study,C(cause_group)[T.生产、销售有毒、有害食品罪],0.0,0.0,,0.0,0.0,5030,0.20375641779915699,0.4226640159045726,Event study around 2021; 2020 is omitted reference year.,
m12_event_study,C(cause_group)[T.生命权、身体权、健康权纠纷],0.0,0.0,,0.0,0.0,5030,0.20375641779915699,0.4226640159045726,Event study around 2021; 2020 is omitted reference year.,
m12_event_study,C(cause_group)[T.申请诉前停止侵害注册商标专用权],0.0,0.0,,0.0,0.0,5030,0.20375641779915699,0.4226640159045726,Event study around 2021; 2020 is omitted reference year.,
m12_event_study,C(cause_group)[T.电信服务合同纠纷],0.0,0.0,,0.0,0.0,5030,0.20375641779915699,0.4226640159045726,Event study around 2021; 2020 is omitted reference year.,
m12_event_study,C(cause_group)[T.盗伐林木罪],0.0,0.0,,0.0,0.0,5030,0.20375641779915699,0.4226640159045726,Event study around 2021; 2020 is omitted reference year.,
m12_event_study,C(cause_group)[T.盗窃罪],0.0,0.0,,0.0,0.0,5030,0.20375641779915699,0.4226640159045726,Event study around 2021; 2020 is omitted reference year.,
m12_event_study,C(cause_group)[T.相邻关系纠纷],0.0,0.0,,0.0,0.0,5030,0.20375641779915699,0.4226640159045726,Event study around 2021; 2020 is omitted reference year.,
m12_event_study,C(cause_group)[T.破坏计算机信息系统罪],0.0,0.0,,0.0,0.0,5030,0.20375641779915699,0.4226640159045726,Event study around 2021; 2020 is omitted reference year.,
m12_event_study,C(cause_group)[T.确认不侵害著作权纠纷],0.0,0.0,,0.0,0.0,5030,0.20375641779915699,0.4226640159045726,Event study around 2021; 2020 is omitted reference year.,
m12_event_study,C(cause_group)[T.确认合同效力纠纷],0.06966613798003518,0.19855333818195234,0.7256869058997046,-0.319491253866793,0.45882352982686336,5030,0.20375641779915699,0.4226640159045726,Event study around 2021; 2020 is omitted reference year.,
m12_event_study,C(cause_group)[T.确认合同无效纠纷],0.5793827037161465,0.08532837855794784,1.1210610007909587e-11,0.41214215488336897,0.746623252548924,5030,0.20375641779915699,0.4226640159045726,Event study around 2021; 2020 is omitted reference year.,
m12_event_study,C(cause_group)[T.确认合同有效纠纷],0.44988739893086743,0.08383935111432812,8.047299740905197e-08,0.2855652902595763,0.6142095076021585,5030,0.20375641779915699,0.4226640159045726,Event study around 2021; 2020 is omitted reference year.,
m12_event_study,C(cause_group)[T.离婚后财产纠纷],-0.3073438030519706,0.05656307098994816,5.5213527173234535e-08,-0.41820538504725135,-0.1964822210566899,5030,0.20375641779915699,0.4226640159045726,Event study around 2021; 2020 is omitted reference year.,
m12_event_study,C(cause_group)[T.离婚纠纷],0.18959560146701046,0.38520050135757106,0.6225781209909601,-0.565383508020601,0.944574710954622,5030,0.20375641779915699,0.4226640159045726,Event study around 2021; 2020 is omitted reference year.,
m12_event_study,C(cause_group)[T.种植、养殖回收合同纠纷],-0.25656997290200106,0.03433327167236063,7.843140388723267e-14,-0.3238619488512572,-0.18927799695274494,5030,0.20375641779915699,0.4226640159045726,Event study around 2021; 2020 is omitted reference year.,
m12_event_study,C(cause_group)[T.租赁合同纠纷],-0.24798230336789676,0.06609428631443194,0.0001754660965958768,-0.37752472412806193,-0.11843988260773156,5030,0.20375641779915699,0.4226640159045726,Event study around 2021; 2020 is omitted reference year.,
m12_event_study,C(cause_group)[T.窃取、收买、非法提供信用卡信息罪],0.0,0.0,,0.0,0.0,5030,0.20375641779915699,0.4226640159045726,Event study around 2021; 2020 is omitted reference year.,
m12_event_study,C(cause_group)[T.窝藏、包庇罪],0.0,0.0,,0.0,0.0,5030,0.20375641779915699,0.4226640159045726,Event study around 2021; 2020 is omitted reference year.,
m12_event_study,C(cause_group)[T.竞业限制纠纷],-0.21671474825382048,0.06257466778555275,0.0005335962369111172,-0.3393588434580626,-0.09407065304957835,5030,0.20375641779915699,0.4226640159045726,Event study around 2021; 2020 is omitted reference year.,
m12_event_study,C(cause_group)[T.组织、领导传销活动],0.0,0.0,,0.0,0.0,5030,0.20375641779915699,0.4226640159045726,Event study around 2021; 2020 is omitted reference year.,
m12_event_study,C(cause_group)[T.组织、领导传销活动罪],0.0,0.0,,0.0,0.0,5030,0.20375641779915699,0.4226640159045726,Event study around 2021; 2020 is omitted reference year.,
m12_event_study,C(cause_group)[T.组织他人偷越国（边）境罪],0.0,0.0,,0.0,0.0,5030,0.20375641779915699,0.4226640159045726,Event study around 2021; 2020 is omitted reference year.,
m12_event_study,C(cause_group)[T.组织卖淫罪],0.0,0.0,,0.0,0.0,5030,0.20375641779915699,0.4226640159045726,Event study around 2021; 2020 is omitted reference year.,
m12_event_study,C(cause_group)[T.组织淫秽表演罪],0.0,0.0,,0.0,0.0,5030,0.20375641779915699,0.4226640159045726,Event study around 2021; 2020 is omitted reference year.,
m12_event_study,C(cause_group)[T.绑架罪],0.0,0.0,,0.0,0.0,5030,0.20375641779915699,0.4226640159045726,Event study around 2021; 2020 is omitted reference year.,
m12_event_study,C(cause_group)[T.缔约过失责任纠纷],0.3372306847211069,0.2643423045158425,0.20204927209751777,-0.1808707117202641,0.8553320811624778,5030,0.20375641779915699,0.4226640159045726,Event study around 2021; 2020 is omitted reference year.,
m12_event_study,C(cause_group)[T.网络侵害虚拟财产纠纷],0.16452948642430307,0.29494096466295333,0.5769545286621061,-0.41354418188058617,0.7426031547291924,5030,0.20375641779915699,0.4226640159045726,Event study around 2021; 2020 is omitted reference year.,
m12_event_study,C(cause_group)[T.网络侵权责任纠纷],-0.0352172339532514,0.10207719182715735,0.7300899313890217,-0.23528485357746617,0.16485038567096336,5030,0.20375641779915699,0.4226640159045726,Event study around 2021; 2020 is omitted reference year.,
m12_event_study,C(cause_group)[T.网络域名合同纠纷],-0.067259042527807,0.05177854620880214,0.19395247265393156,-0.16874312826890214,0.03422504321328815,5030,0.20375641779915699,0.4226640159045726,Event study around 2021; 2020 is omitted reference year.,
m12_event_study,C(cause_group)[T.网络域名权属纠纷],0.0,0.0,,0.0,0.0,5030,0.20375641779915699,0.4226640159045726,Event study around 2021; 2020 is omitted reference year.,
m12_event_study,C(cause_group)[T.网络服务合同纠纷],-0.14842419759057854,0.06010891667944406,0.013539498353926432,-0.26623550943200786,-0.030612885749149235,5030,0.20375641779915699,0.4226640159045726,Event study around 2021; 2020 is omitted reference year.,
m12_event_study,C(cause_group)[T.职务侵占罪],0.0,0.0,,0.0,0.0,5030,0.20375641779915699,0.4226640159045726,Event study around 2021; 2020 is omitted reference year.,
m12_event_study,C(cause_group)[T.联营合同纠纷],-0.10695075847396346,0.04480189040101724,0.01697757654134527,-0.19476085009926802,-0.019140666848658908,5030,0.20375641779915699,0.4226640159045726,Event study around 2021; 2020 is omitted reference year.,
m12_event_study,C(cause_group)[T.肖像权纠纷],0.0,0.0,,0.0,0.0,5030,0.20375641779915699,0.4226640159045726,Event study around 2021; 2020 is omitted reference year.,
m12_event_study,C(cause_group)[T.股东出资纠纷],-0.31752430548421756,0.06544942694332626,1.2256510220327797e-06,-0.4458028251019225,-0.18924578586651267,5030,0.20375641779915699,0.4226640159045726,Event study around 2021; 2020 is omitted reference year.,
m12_event_study,C(cause_group)[T.股东损害公司债权人利益责任纠纷],-0.15450212352373044,0.17028063757567705,0.36422799068045686,-0.48824604043657527,0.1792417933891144,5030,0.20375641779915699,0.4226640159045726,Event study around 2021; 2020 is omitted reference year.,
m12_event_study,C(cause_group)[T.股东知情权纠纷],0.0,0.0,,0.0,0.0,5030,0.20375641779915699,0.4226640159045726,Event study around 2021; 2020 is omitted reference year.,
m12_event_study,C(cause_group)[T.股东资格确认纠纷],-0.4086744409516546,0.03567402590870296,2.1992790298165476e-30,-0.4785942469162612,-0.33875463498704805,5030,0.20375641779915699,0.4226640159045726,Event study around 2021; 2020 is omitted reference year.,
m12_event_study,C(cause_group)[T.股权转让纠纷],-0.1875577230388918,0.12777850136109542,0.14214911902749947,-0.43799898370514107,0.06288353762735749,5030,0.20375641779915699,0.4226640159045726,Event study around 2021; 2020 is omitted reference year.,
m12_event_study,C(cause_group)[T.著作权合同纠纷],-0.04722683099526651,0.039420972171226996,0.23091201668437356,-0.12449051668642716,0.030036854695894143,5030,0.20375641779915699,0.4226640159045726,Event study around 2021; 2020 is omitted reference year.,
m12_event_study,C(cause_group)[T.著作权权属、侵权纠纷],0.0,0.0,,0.0,0.0,5030,0.20375641779915699,0.4226640159045726,Event study around 2021; 2020 is omitted reference year.,
m12_event_study,C(cause_group)[T.著作权权属纠纷],-0.20583673827247934,0.064046893488324,0.0013097070976503752,-0.3313663428312673,-0.08030713371369139,5030,0.20375641779915699,0.4226640159045726,Event study around 2021; 2020 is omitted reference year.,
m12_event_study,C(cause_group)[T.著作权许可使用合同纠纷],-0.1345119341089633,0.06296764004172334,0.03266251838825694,-0.25792624078222326,-0.011097627435703375,5030,0.20375641779915699,0.4226640159045726,Event study around 2021; 2020 is omitted reference year.,
m12_event_study,C(cause_group)[T.虚假诉讼罪],0.0,0.0,,0.0,0.0,5030,0.20375641779915699,0.4226640159045726,Event study around 2021; 2020 is omitted reference year.,
m12_event_study,C(cause_group)[T.融资租赁合同纠纷],-0.33815759948625956,0.04927150949908639,6.7359971932334546e-12,-0.43472798356839204,-0.2415872154041271,5030,0.20375641779915699,0.4226640159045726,Event study around 2021; 2020 is omitted reference year.,
m12_event_study,C(cause_group)[T.行政],0.0,0.0,,0.0,0.0,5030,0.20375641779915699,0.4226640159045726,Event study around 2021; 2020 is omitted reference year.,
m12_event_study,C(cause_group)[T.行政处罚],0.0,0.0,,0.0,0.0,5030,0.20375641779915699,0.4226640159045726,Event study around 2021; 2020 is omitted reference year.,
m12_event_study,C(cause_group)[T.行政复议],0.0,0.0,,0.0,0.0,5030,0.20375641779915699,0.4226640159045726,Event study around 2021; 2020 is omitted reference year.,
m12_event_study,C(cause_group)[T.行政强制],0.0,0.0,,0.0,0.0,5030,0.20375641779915699,0.4226640159045726,Event study around 2021; 2020 is omitted reference year.,
m12_event_study,C(cause_group)[T.行政强制措施],0.0,0.0,,0.0,0.0,5030,0.20375641779915699,0.4226640159045726,Event study around 2021; 2020 is omitted reference year.,
m12_event_study,C(cause_group)[T.行政拘留],0.0,0.0,,0.0,0.0,5030,0.20375641779915699,0.4226640159045726,Event study around 2021; 2020 is omitted reference year.,
m12_event_study,C(cause_group)[T.行政撤销],0.0,0.0,,0.0,0.0,5030,0.20375641779915699,0.4226640159045726,Event study around 2021; 2020 is omitted reference year.,
m12_event_study,C(cause_group)[T.行政监察],0.0,0.0,,0.0,0.0,5030,0.20375641779915699,0.4226640159045726,Event study around 2021; 2020 is omitted reference year.,
m12_event_study,C(cause_group)[T.行政确认],0.0,0.0,,0.0,0.0,5030,0.20375641779915699,0.4226640159045726,Event study around 2021; 2020 is omitted reference year.,
m12_event_study,C(cause_group)[T.行政非诉执行],0.0,0.0,,0.0,0.0,5030,0.20375641779915699,0.4226640159045726,Event study around 2021; 2020 is omitted reference year.,
m12_event_study,C(cause_group)[T.行纪合同纠纷],0.13444341570576393,0.23166559511821108,0.5616894202111268,-0.3196128071829679,0.5884996385944958,5030,0.20375641779915699,0.4226640159045726,Event study around 2021; 2020 is omitted reference year.,
m12_event_study,C(cause_group)[T.被继承人债务清偿纠纷],-0.1515142372038707,0.11384692760297956,0.18323532633820616,-0.37465011505624957,0.07162164064850818,5030,0.20375641779915699,0.4226640159045726,Event study around 2021; 2020 is omitted reference year.,
m12_event_study,C(cause_group)[T.装饰装修合同纠纷],0.2014988142260857,0.19391298822719213,0.298749050626273,-0.1785636588337504,0.5815612872859218,5030,0.20375641779915699,0.4226640159045726,Event study around 2021; 2020 is omitted reference year.,
m12_event_study,C(cause_group)[T.计算机软件开发合同纠纷],-0.0073659920058390775,0.08252293729856293,0.9288753342948901,-0.16910797700947952,0.1543759929978014,5030,0.20375641779915699,0.4226640159045726,Event study around 2021; 2020 is omitted reference year.,
m12_event_study,C(cause_group)[T.计算机软件著作权许可使用合同纠纷],-0.1324406523090939,0.033194732568604224,6.612644215829226e-05,-0.19750113261999697,-0.06738017199819087,5030,0.20375641779915699,0.4226640159045726,Event study around 2021; 2020 is omitted reference year.,
m12_event_study,C(cause_group)[T.诈骗],0.0,0.0,,0.0,0.0,5030,0.20375641779915699,0.4226640159045726,Event study around 2021; 2020 is omitted reference year.,
m12_event_study,C(cause_group)[T.诈骗罪],0.0,0.0,,0.0,0.0,5030,0.20375641779915699,0.4226640159045726,Event study around 2021; 2020 is omitted reference year.,
m12_event_study,C(cause_group)[T.诬告陷害罪],0.0,0.0,,0.0,0.0,5030,0.20375641779915699,0.4226640159045726,Event study around 2021; 2020 is omitted reference year.,
m12_event_study,C(cause_group)[T.财产保险合同纠纷],-0.10322636310147364,0.032899713673924746,0.0017033324658485675,-0.1677086170040461,-0.038744109198901186,5030,0.20375641779915699,0.4226640159045726,Event study around 2021; 2020 is omitted reference year.,
m12_event_study,C(cause_group)[T.财产损失保险合同纠纷],-0.2722934575152048,0.03265754380534429,7.565823767635627e-17,-0.33630106719721875,-0.20828584783319082,5030,0.20375641779915699,0.4226640159045726,Event study around 2021; 2020 is omitted reference year.,
m12_event_study,C(cause_group)[T.财产损害赔偿纠纷],0.19818875861641805,0.10833947380232689,0.06735003643164353,-0.014152708140163367,0.41053022537299944,5030,0.20375641779915699,0.4226640159045726,Event study around 2021; 2020 is omitted reference year.,
m12_event_study,C(cause_group)[T.贪污罪],0.0,0.0,,0.0,0.0,5030,0.20375641779915699,0.4226640159045726,Event study around 2021; 2020 is omitted reference year.,
m12_event_study,C(cause_group)[T.贷款诈骗罪],0.0,0.0,,0.0,0.0,5030,0.20375641779915699,0.4226640159045726,Event study around 2021; 2020 is omitted reference year.,
m12_event_study,C(cause_group)[T.赌博罪],0.0,0.0,,0.0,0.0,5030,0.20375641779915699,0.4226640159045726,Event study around 2021; 2020 is omitted reference year.,
m12_event_study,C(cause_group)[T.赠与合同纠纷],0.41767059732630696,0.07860632769324598,1.0757042250265971e-07,0.2636050260905914,0.5717361685620226,5030,0.20375641779915699,0.4226640159045726,Event study around 2021; 2020 is omitted reference year.,
m12_event_study,C(cause_group)[T.走私、贩卖、运输、制造毒品],0.0,0.0,,0.0,0.0,5030,0.20375641779915699,0.4226640159045726,Event study around 2021; 2020 is omitted reference year.,
m12_event_study,C(cause_group)[T.走私、贩卖、运输、制造毒品罪],0.0,0.0,,0.0,0.0,5030,0.20375641779915699,0.4226640159045726,Event study around 2021; 2020 is omitted reference year.,
m12_event_study,C(cause_group)[T.走私普通货物、物品罪],0.0,0.0,,0.0,0.0,5030,0.20375641779915699,0.4226640159045726,Event study around 2021; 2020 is omitted reference year.,
m12_event_study,C(cause_group)[T.走私武器、弹药罪],0.0,0.0,,0.0,0.0,5030,0.20375641779915699,0.4226640159045726,Event study around 2021; 2020 is omitted reference year.,
m12_event_study,C(cause_group)[T.走私罪],0.0,0.0,,0.0,0.0,5030,0.20375641779915699,0.4226640159045726,Event study around 2021; 2020 is omitted reference year.,
m12_event_study,C(cause_group)[T.车辆租赁合同纠纷],-0.18390299037565508,0.042272274420393614,1.3586467509446195e-05,-0.26675512578422034,-0.1010508549670898,5030,0.20375641779915699,0.4226640159045726,Event study around 2021; 2020 is omitted reference year.,
m12_event_study,C(cause_group)[T.运输合同纠纷],0.09476872781884565,0.2735670808158183,0.7290281413542109,-0.4414128979359166,0.6309503535736078,5030,0.20375641779915699,0.4226640159045726,Event study around 2021; 2020 is omitted reference year.,
m12_event_study,C(cause_group)[T.运送他人偷越国（边）境罪],0.0,0.0,,0.0,0.0,5030,0.20375641779915699,0.4226640159045726,Event study around 2021; 2020 is omitted reference year.,
m12_event_study,C(cause_group)[T.返还原物纠纷],0.10763049489151143,0.10800935986713857,0.31901100892160483,-0.10406396044130607,0.31932495022432894,5030,0.20375641779915699,0.4226640159045726,Event study around 2021; 2020 is omitted reference year.,
m12_event_study,C(cause_group)[T.追偿权纠纷],-0.23673755146907025,0.10754988461367179,0.02772269374177732,-0.44753145185330545,-0.02594365108483504,5030,0.20375641779915699,0.4226640159045726,Event study around 2021; 2020 is omitted reference year.,
m12_event_study,C(cause_group)[T.追加、变更被执行人异议之诉],-0.4415579254906534,0.03668571295007627,2.291737347697805e-33,-0.5134606016199775,-0.36965524936132926,5030,0.20375641779915699,0.4226640159045726,Event study around 2021; 2020 is omitted reference year.,
m12_event_study,C(cause_group)[T.追索劳动报酬纠纷],0.0,0.0,,0.0,0.0,5030,0.20375641779915699,0.4226640159045726,Event study around 2021; 2020 is omitted reference year.,
m12_event_study,C(cause_group)[T.金融借款合同纠纷],-0.37365330916007644,0.03590083340174903,2.281315238738052e-25,-0.44401764964247714,-0.30328896867767574,5030,0.20375641779915699,0.4226640159045726,Event study around 2021; 2020 is omitted reference year.,
m12_event_study,C(cause_group)[T.铁路运输财产损害责任纠纷],0.4581170804081248,0.031055939094765728,3.0156363911573347e-49,0.39724855827631456,0.5189856025399351,5030,0.20375641779915699,0.4226640159045726,Event study around 2021; 2020 is omitted reference year.,
m12_event_study,C(cause_group)[T.银行卡纠纷],-0.288841755435998,0.056050349394963755,2.560031745781428e-07,-0.3986984215710134,-0.1789850893009826,5030,0.20375641779915699,0.4226640159045726,Event study around 2021; 2020 is omitted reference year.,
m12_event_study,C(cause_group)[T.销售假冒注册商标的商品罪],0.0,0.0,,0.0,0.0,5030,0.20375641779915699,0.4226640159045726,Event study around 2021; 2020 is omitted reference year.,
m12_event_study,C(cause_group)[T.隐私权纠纷],0.0,0.0,,0.0,0.0,5030,0.20375641779915699,0.4226640159045726,Event study around 2021; 2020 is omitted reference year.,
m12_event_study,C(cause_group)[T.集资诈骗罪],0.0,0.0,,0.0,0.0,5030,0.20375641779915699,0.4226640159045726,Event study around 2021; 2020 is omitted reference year.,
m12_event_study,C(cause_group)[T.非法侵入计算机信息系统罪],0.0,0.0,,0.0,0.0,5030,0.20375641779915699,0.4226640159045726,Event study around 2021; 2020 is omitted reference year.,
m12_event_study,C(cause_group)[T.非法出售增值税专用发票罪],0.0,0.0,,0.0,0.0,5030,0.20375641779915699,0.4226640159045726,Event study around 2021; 2020 is omitted reference year.,
m12_event_study,C(cause_group)[T.非法利用信息网络],0.0,0.0,,0.0,0.0,5030,0.20375641779915699,0.4226640159045726,Event study around 2021; 2020 is omitted reference year.,
m12_event_study,C(cause_group)[T.非法利用信息网络罪],0.0,0.0,,0.0,0.0,5030,0.20375641779915699,0.4226640159045726,Event study around 2021; 2020 is omitted reference year.,
m12_event_study,C(cause_group)[T.非法制造、买卖、运输、邮寄、储存枪支、弹药、爆炸物罪],0.0,0.0,,0.0,0.0,5030,0.20375641779915699,0.4226640159045726,Event study around 2021; 2020 is omitted reference year.,
m12_event_study,C(cause_group)[T.非法吸收公众存款],0.0,0.0,,0.0,0.0,5030,0.20375641779915699,0.4226640159045726,Event study around 2021; 2020 is omitted reference year.,
m12_event_study,C(cause_group)[T.非法吸收公众存款罪],0.0,0.0,,0.0,0.0,5030,0.20375641779915699,0.4226640159045726,Event study around 2021; 2020 is omitted reference year.,
m12_event_study,C(cause_group)[T.非法拘禁罪],0.0,0.0,,0.0,0.0,5030,0.20375641779915699,0.4226640159045726,Event study around 2021; 2020 is omitted reference year.,
m12_event_study,C(cause_group)[T.非法持有毒品罪],0.0,0.0,,0.0,0.0,5030,0.20375641779915699,0.4226640159045726,Event study around 2021; 2020 is omitted reference year.,
m12_event_study,C(cause_group)[T.非法种植毒品原植物罪],0.0,0.0,,0.0,0.0,5030,0.20375641779915699,0.4226640159045726,Event study around 2021; 2020 is omitted reference year.,
m12_event_study,C(cause_group)[T.非法获取计算机信息系统数据、非法控制计算机信息系统罪],0.0,0.0,,0.0,0.0,5030,0.20375641779915699,0.4226640159045726,Event study around 2021; 2020 is omitted reference year.,
m12_event_study,C(cause_group)[T.食品、药品监管渎职罪],0.0,0.0,,0.0,0.0,5030,0.20375641779915699,0.4226640159045726,Event study around 2021; 2020 is omitted reference year.,
m12_event_study,C(cause_group)[T.餐饮服务合同纠纷],0.8989961066268791,0.06810329788447338,8.717973235537184e-40,0.7655160955449085,1.0324761177088497,5030,0.20375641779915699,0.4226640159045726,Event study around 2021; 2020 is omitted reference year.,
m12_event_study,event_m6,-0.2792345910431099,0.10325260407324943,0.006843135603199147,-0.4816059763366525,-0.07686320574956731,5030,0.20375641779915699,0.4226640159045726,Event study around 2021; 2020 is omitted reference year.,
m12_event_study,event_m5,-0.1742001048830382,0.05604934648693699,0.0018837244156003946,-0.2840548053544413,-0.06434540441163508,5030,0.20375641779915699,0.4226640159045726,Event study around 2021; 2020 is omitted reference year.,
m12_event_study,event_m4,0.01714014622900311,0.040438070510979224,0.6716667330993551,-0.062117015576807384,0.09639730803481361,5030,0.20375641779915699,0.4226640159045726,Event study around 2021; 2020 is omitted reference year.,
m12_event_study,event_m3,-0.03763173409347487,0.03114414986948157,0.2269287055813406,-0.09867314616677657,0.023409677979826835,5030,0.20375641779915699,0.4226640159045726,Event study around 2021; 2020 is omitted reference year.,
m12_event_study,event_m2,0.08009155158041394,0.024480963632092248,0.0010694646277319964,0.03210974455467826,0.1280733586061496,5030,0.20375641779915699,0.4226640159045726,Event study around 2021; 2020 is omitted reference year.,
m12_event_study,event_p0,0.0358235747809324,0.021528244563881572,0.09610708429722263,-0.006371009214645687,0.07801815877651049,5030,0.20375641779915699,0.4226640159045726,Event study around 2021; 2020 is omitted reference year.,
m12_event_study,event_p1,0.09342117332247374,0.023151480955300084,5.4552621020328866e-05,0.04804510446132061,0.13879724218362688,5030,0.20375641779915699,0.4226640159045726,Event study around 2021; 2020 is omitted reference year.,
m12_event_study,event_p2,0.1292675256032852,0.024783782082329977,1.8301461652826841e-07,0.08069220532122934,0.17784284588534105,5030,0.20375641779915699,0.4226640159045726,Event study around 2021; 2020 is omitted reference year.,
m12_event_study,event_p3,0.16133718530772417,0.023721951804467987,1.0376806792285293e-11,0.11484301412797197,0.20783135648747636,5030,0.20375641779915699,0.4226640159045726,Event study around 2021; 2020 is omitted reference year.,
m12_event_study,log_amount_master,-0.005779609084028818,0.003865747865599337,0.13489310816309225,-0.013356335673916104,0.001797117505858468,5030,0.20375641779915699,0.4226640159045726,Event study around 2021; 2020 is omitted reference year.,
m12_event_study,amount_llm_regex_conflict_flag,-0.07850715941446464,0.03264134560943964,0.016166063279733654,-0.14248302121589096,-0.014531297613038327,5030,0.20375641779915699,0.4226640159045726,Event study around 2021; 2020 is omitted reference year.,
m12_event_study,amount_regex_fallback_flag,0.0,0.0,,0.0,0.0,5030,0.20375641779915699,0.4226640159045726,Event study around 2021; 2020 is omitted reference year.,
